FaceID,X,Y,Z,Heat Flux
1,0.054486535,0.192689774,0.557532674,1367853.534
2,0.055985538,0.187655039,0.535479655,1510151.761
3,0.055958205,0.188603205,0.550180664,1149108.756
4,0.055458235,0.190272675,0.557532674,1149108.756
5,0.057483636,0.182721074,0.513878662,1288169.973
6,0.056970473,0.184825541,0.528353658,1391626.182
7,0.057443139,0.184134405,0.535778992,1170511.447
8,0.057415806,0.185078837,0.550330322,1173221.663
9,0.056915806,0.18671814,0.557605998,1173221.663
10,0.05898357,0.177893504,0.492727671,1192877.154
11,0.058469471,0.179956538,0.506978668,1488257.883
12,0.05894404,0.179288005,0.514406016,1159212.657
13,0.058430871,0.181361404,0.528731344,1179444.653
14,0.05890544,0.180693802,0.536083333,1179444.653
15,0.058877206,0.181631638,0.550482992,1174411.551
16,0.058375304,0.183243673,0.557682332,1174411.551
17,0.060485437,0.173168538,0.472025675,1262441.043
18,0.059971307,0.175193939,0.48605368,1301372.59
19,0.060444945,0.174549871,0.493481008,1152133.824
20,0.059931777,0.176580902,0.507582347,1005714.448
21,0.060408243,0.175936839,0.514934347,1156405.932
22,0.059895074,0.177976339,0.529110006,1169406.589
23,0.060368707,0.177330404,0.536385661,1169406.589
24,0.06034234,0.178261632,0.550634664,1186565.358
25,0.059840473,0.179845403,0.557758667,1186565.358
26,0.061985406,0.168543437,0.451774668,1433268.219
27,0.061473174,0.170531138,0.465577667,1283845.688
28,0.061948678,0.169912542,0.47300768,1154089.727
29,0.061434579,0.171905874,0.486883016,1069027.912
30,0.061911045,0.171286306,0.494235006,1163281.645
31,0.061397877,0.17328624,0.508184998,850824.3211
32,0.061874307,0.172664805,0.515460673,1171727.523
33,0.061358306,0.174669469,0.529485677,1171104.825
34,0.061833805,0.174047068,0.536684998,1171104.825
35,0.06180934,0.174972672,0.550784322,1199326.637
36,0.061307474,0.176526301,0.557834005,1199326.637
37,0.063485376,0.164024704,0.431970673,1517828.862
38,0.062973143,0.165971939,0.445550669,1493212.079
39,0.063448678,0.165378738,0.452979991,1167823.588
40,0.062936446,0.16733164,0.466634003,1022856.517
41,0.063411945,0.166738403,0.473985006,1168849.598
42,0.062900644,0.168699738,0.487710673,856456.8002
43,0.063377074,0.168104635,0.494986674,1172351.733
44,0.062863906,0.170069768,0.508786682,1179024.343
45,0.063339405,0.169471868,0.515988017,1179024.343
46,0.062825306,0.171444504,0.529861328,1183925.572
47,0.063302708,0.170846573,0.536987305,1183925.572
48,0.063278243,0.171763672,0.550934977,1209419.179
49,0.062776376,0.173287206,0.557908325,1209419.179
50,0.06498724,0.159606735,0.412618011,1577605.475
51,0.064475009,0.161516271,0.42597167,1548307.041
52,0.064952409,0.160946604,0.433402995,918981.7368
53,0.064438311,0.162861837,0.446831319,938849.2963
54,0.064915676,0.162290304,0.454186991,1185605.882
55,0.064401543,0.164213969,0.467686666,883022.2818
56,0.064879841,0.163641469,0.47496401,1182437.382
57,0.064366674,0.165570801,0.48853835,0
58,0.064845008,0.164996435,0.495740682,1180892.146
59,0.064330907,0.166932368,0.50939034,1185299.815
60,0.064808308,0.166358002,0.516516337,1185299.815
61,0.064294207,0.168299571,0.53023999,1205914.767
62,0.064771608,0.167723302,0.537289673,1205914.767
63,0.064748076,0.168632868,0.55108667,1221376.33
64,0.064246211,0.170126236,0.55798466,1221376.33
65,0.066488106,0.155293299,0.393718343,1522510.207
66,0.06597684,0.157161402,0.406846008,1615361.437
67,0.066454208,0.156618073,0.414278005,928540.7908
68,0.065942009,0.158493739,0.427481333,893751.9093
69,0.066419408,0.157949504,0.434837331,1189760.58
70,0.065907173,0.159830836,0.448114665,875234.6223
71,0.066385506,0.159284704,0.455392008,1183102.481
72,0.065872307,0.161171672,0.468741679,0
73,0.066350642,0.160623672,0.47594401,1190841.262
74,0.06583651,0.162519104,0.489368673,1193446.67
75,0.066313909,0.161969203,0.49649467,1193446.67
76,0.065799807,0.163872167,0.509992676,1205511.338
77,0.066280039,0.163320404,0.517044006,1205511.338
78,0.06576594,0.16522997,0.53061735,1223438.529
79,0.066246142,0.164676305,0.537590678,1223438.529
80,0.066221642,0.165580236,0.551236348,1229192.964
81,0.065717908,0.167043467,0.558060018,1229192.964
82,0.067989006,0.151082433,0.375267883,1388750.996
83,0.067477707,0.152911967,0.388172343,1691549.735
84,0.067956042,0.152392202,0.39560434,1103710.313
85,0.06744381,0.154230204,0.408582336,892400.3182
86,0.067921209,0.153710439,0.415938334,0
87,0.067409007,0.155554072,0.42899,890765.5105
88,0.067889239,0.155031504,0.436269328,1197085.825
89,0.067377973,0.156880803,0.449394002,0
90,0.067856308,0.156357269,0.456596008,1192392.16
91,0.067342176,0.15821317,0.469796346,1192582.994
92,0.067821442,0.15768777,0.476922343,1192582.994
93,0.067307307,0.15954837,0.490196004,1209135.773
94,0.067787539,0.159020101,0.497245667,1209135.773
95,0.067274373,0.16088917,0.510595662,1227184.143
96,0.067754608,0.160361872,0.51757133,1227184.143
97,0.067240476,0.162239441,0.530993001,1231547.947
98,0.067719742,0.161710241,0.537891337,1231547.947
99,0.067697141,0.162605708,0.551387004,1230213.272
100,0.067193375,0.164038839,0.558134338,1230213.272
101,0.069488073,0.146976105,0.357266378,1281205.452
102,0.068976774,0.148765137,0.369945984,1488542.457
103,0.069455109,0.148271739,0.377378113,1206430.256
104,0.068945676,0.15006927,0.390132009,966601.8493
105,0.069424942,0.149574005,0.397487671,0
106,0.068912707,0.151377172,0.410315999,897733.5307
107,0.069390106,0.150879074,0.417595673,1197076.769
108,0.06887884,0.152689774,0.430497335,0
109,0.069359075,0.152189774,0.437700338,1197231.513
110,0.068847809,0.15400797,0.450674337,1192392.16
111,0.069327075,0.153506104,0.457802348,1196587.496
112,0.06881484,0.155330002,0.470850016,1192582.994
113,0.069294106,0.154826269,0.477901672,1202748.998
114,0.06878094,0.156655767,0.491023661,1221818.469
115,0.069261141,0.156151998,0.498,1221818.469
116,0.068747976,0.157989034,0.511197673,1235339.143
117,0.069229108,0.157483404,0.518097005,1235339.143
118,0.068715007,0.159327042,0.531368998,1235099.746
119,0.069197105,0.158816706,0.538192668,1235099.746
120,0.069175474,0.159706538,0.551538676,1228442.037
121,0.068670774,0.16111234,0.558210673,1228442.037
122,0.070989906,0.142971502,0.339715902,1287113.167
123,0.070477707,0.14472287,0.352170441,1320443.214
124,0.070957909,0.144253036,0.359603414,1219565.414
125,0.070446609,0.146012873,0.37213148,1071525.867
126,0.070926809,0.145541138,0.379487376,0
127,0.070414574,0.147304738,0.392089671,900910.613
128,0.07089384,0.146831136,0.399369008,1191149.681
129,0.070381607,0.148602305,0.412046682,0
130,0.070861842,0.148127736,0.419251017,1196578.24
131,0.070350576,0.149904505,0.432003011,1197231.513
132,0.070832675,0.149427104,0.439130676,1197756.907
133,0.07032044,0.151210505,0.451956014,1196587.496
134,0.070802539,0.150733139,0.45900768,1205326.911
135,0.070288439,0.152525004,0.47190567,1202748.998
136,0.070770541,0.152045705,0.478880992,1218885.095
137,0.070256409,0.153843201,0.491853333,1232552.305
138,0.07073851,0.153361104,0.498753337,1232552.305
139,0.070224375,0.155164271,0.511799337,1237878.559
140,0.070706474,0.154678406,0.518623332,1237878.559
141,0.070193306,0.156487203,0.53174467,1236642.398
142,0.070675407,0.156001333,0.538493022,1236642.398
143,0.070652807,0.156884567,0.551688354,1227614.538
144,0.070149073,0.158260269,0.558286011,1227614.538
145,0.07248984,0.139071416,0.322614604,1316560.951
146,0.071979507,0.140782303,0.334845001,1313398.604
147,0.072459742,0.140336934,0.342277039,1211515.729
148,0.071950343,0.1420563,0.354580912,1119283.684
149,0.072430542,0.141610936,0.361938578,1182379.668
150,0.071918307,0.143335938,0.374316976,868362.6466
151,0.072397573,0.142885839,0.38159727,1193076.545
152,0.07188534,0.144617437,0.394047007,1186112.247
153,0.072367442,0.144167369,0.401252004,1194701.193
154,0.071856176,0.145906499,0.413778341,1196578.24
155,0.072338275,0.145454534,0.420908335,1192173.231
156,0.07182604,0.147198369,0.433508677,1197756.907
157,0.072308139,0.146744537,0.440562012,1205220.384
158,0.071796872,0.148495906,0.453235677,1205326.911
159,0.072278974,0.148040171,0.460210999,1218706.574
160,0.071766741,0.149798106,0.472958323,1218885.095
161,0.072247876,0.149340469,0.479858317,1235155.004
162,0.071733777,0.151105972,0.49268099,1240328.111
163,0.072215876,0.150645538,0.499504659,1240328.111
164,0.071702708,0.152414805,0.512401001,1239022.064
165,0.072186673,0.151952469,0.51915033,1239022.064
166,0.071672541,0.153730199,0.532121012,1235776.814
167,0.072155576,0.153266001,0.538795024,1235776.814
168,0.072135808,0.154139801,0.55183903,1227009.462
169,0.071630173,0.155487233,0.558360352,1227009.462
170,0.07398984,0.135272079,0.305964345,1430243.524
171,0.073479474,0.136946243,0.31796877,1363037.06
172,0.073958743,0.136526296,0.325402669,1248755.869
173,0.073449343,0.1382061,0.33748054,1075390.123
174,0.073931442,0.137784261,0.344838216,1190122.277
175,0.07342204,0.139469732,0.356992381,1171783.893
176,0.073903206,0.139046015,0.364273773,1190064.424
177,0.073390973,0.140737122,0.376500264,1186519.048
178,0.073873075,0.140311518,0.383703328,1197534.646
179,0.073361776,0.142010167,0.39600533,1191149.681
180,0.073843875,0.141584564,0.403135335,1201870.036
181,0.07333164,0.1432898,0.415512004,1192173.231
182,0.073813739,0.142860438,0.422566345,1200203.115
183,0.073302472,0.14457134,0.435016012,1205220.384
184,0.073786474,0.14413914,0.441994008,1213660.588
185,0.073274241,0.145856603,0.45451533,1218706.574
186,0.073757276,0.145423467,0.461415324,1235929.6
187,0.073243144,0.147149399,0.474010986,1235155.004
188,0.073727109,0.146713435,0.480837657,1247158.92
189,0.073213941,0.148444071,0.493508657,1245337.957
190,0.07369794,0.148006241,0.500257996,1245337.957
191,0.07318384,0.149745372,0.513003326,1240035.793
192,0.073667809,0.149303772,0.519677663,1240035.793
193,0.073153676,0.151046672,0.532498678,1233060.204
194,0.073637642,0.150603175,0.53909668,1233060.204
195,0.073616941,0.151471339,0.551990682,1226362.902
196,0.073113207,0.152788635,0.558436686,1226362.902
197,0.075489807,0.13157725,0.289763214,1552817.763
198,0.074979474,0.133210922,0.301543538,1527710.638
199,0.075460609,0.13281545,0.308977468,1222544.147
200,0.074950244,0.13445666,0.320832174,1039911.556
201,0.075432343,0.134059301,0.328189809,1200290.106
202,0.074922941,0.135707097,0.340117981,1169389.177
203,0.075406939,0.135306915,0.347399373,1203654.267
204,0.074896606,0.136960363,0.359401001,1182379.668
205,0.075378708,0.136558299,0.366607025,1197330.919
206,0.074867409,0.138218348,0.378682861,1193076.545
207,0.07534951,0.137814402,0.385812531,1200977.319
208,0.074837275,0.139481969,0.397963003,1194701.193
209,0.075321274,0.139076126,0.40501767,1210475.491
210,0.074809972,0.140749359,0.417244344,1200203.115
211,0.075293973,0.14034166,0.424221344,1208771.1
212,0.074781741,0.142020538,0.436521342,1213660.588
213,0.075264776,0.141610936,0.44342334,1228899.682
214,0.074752543,0.143296402,0.455796,1235929.6
215,0.075236509,0.142884903,0.462621663,1250346.217
216,0.074725207,0.144576004,0.475067657,1247158.92
217,0.075209173,0.144161708,0.481816996,1252929.495
218,0.074695073,0.145861308,0.494336334,1247251.371
219,0.075179075,0.14544514,0.501009338,1247251.371
220,0.074665909,0.147148473,0.513605337,1239631.535
221,0.075151777,0.146728505,0.520204346,1239631.535
222,0.074637642,0.148440308,0.532874674,1231176.203
223,0.075123507,0.14802034,0.539397013,1231176.203
224,0.075103706,0.14888004,0.55214034,1227221.298
225,0.07459714,0.150168172,0.558512004,1227221.298
226,0.076990707,0.127987885,0.274014069,1670627.612
227,0.076481308,0.129582006,0.285567464,1740897.138
228,0.076962476,0.129210073,0.293000427,1188926.998
229,0.07645211,0.130809845,0.304630107,1157796.608
230,0.076936076,0.130437917,0.311987742,1210766.146
231,0.076426674,0.132046163,0.323692739,1183892.48
232,0.076908773,0.131672348,0.330974101,1209669.073
233,0.07639844,0.133285304,0.342752563,1190122.277
234,0.076882408,0.132908671,0.349957662,1210967.458
235,0.076373009,0.134528219,0.361810496,1190064.424
236,0.076856977,0.134148758,0.368940267,1207127.032
237,0.076344777,0.135774892,0.380866465,1197534.646
238,0.076828776,0.135394491,0.387919932,1208720.285
239,0.076317507,0.137028158,0.399920664,1201870.036
240,0.07680334,0.136645869,0.406899007,1221430.243
241,0.076291107,0.138286138,0.418973012,1208771.1
242,0.076774142,0.137901967,0.42587502,1222699.769
243,0.076260043,0.139547887,0.43802535,1228899.682
244,0.076745911,0.139159953,0.444851013,1245234.478
245,0.076234609,0.140811503,0.457074666,1250346.217
246,0.076720474,0.140421672,0.463823995,1255177.664
247,0.07620634,0.142080775,0.476120331,1252929.495
248,0.076692207,0.141689072,0.482794342,1254928.665
249,0.076179042,0.143353836,0.495164012,1247251.371
250,0.076664909,0.142958333,0.501763672,1247336.508
251,0.07615081,0.144629669,0.514208008,1238117.797
252,0.076636676,0.144232305,0.520730672,1238117.797
253,0.076123507,0.145911174,0.533249349,1231849.578
254,0.076609372,0.145511007,0.53969633,1231849.578
255,0.076591474,0.146362203,0.552289998,1230657.023
256,0.076085808,0.14762207,0.558586344,1230657.023
257,0.078489708,0.124499262,0.258712179,1683708.96
258,0.077982208,0.126054784,0.270043365,1799338.39
259,0.078466176,0.125707331,0.277476329,-143393.6909
260,0.077955844,0.127268499,0.288879995,1163977.817
261,0.078439809,0.126919164,0.296239502,1210511.325
262,0.077930407,0.12848881,0.30771757,1194411.489
263,0.078414406,0.128139478,0.31500177,1211803.489
264,0.077902173,0.12971477,0.326553304,1200290.106
265,0.078386141,0.12936073,0.333761241,1213180.314
266,0.077876709,0.130941676,0.345387136,1203654.267
267,0.078362577,0.130587636,0.352516937,1215732.636
268,0.077852244,0.132175171,0.364217234,1197330.919
269,0.078336243,0.131817357,0.3712736,1216572.889
270,0.077824974,0.133410543,0.3830501,1200977.319
271,0.078308973,0.133052729,0.390030172,1219745.271
272,0.077798607,0.134654388,0.401878347,1210475.491
273,0.078284475,0.134292816,0.408780355,1235903.727
274,0.077772242,0.135900126,0.420703023,1222699.769
275,0.078256243,0.135536672,0.427530355,1243245.939
276,0.077744011,0.137150579,0.439528015,1245234.478
277,0.078229876,0.136784297,0.446279012,1253477.196
278,0.077717641,0.138403839,0.458351339,1255177.664
279,0.078203506,0.138035665,0.465027344,1255281.864
280,0.077692207,0.139661794,0.477174011,1254928.665
281,0.078178075,0.139291758,0.483771678,1253795.426
282,0.077663943,0.140923533,0.495991669,1247336.508
283,0.078149811,0.140549733,0.502514994,1246327.778
284,0.077636642,0.142187169,0.514809662,1237347.875
285,0.078124407,0.141810537,0.52125766,1237347.875
286,0.077610306,0.143455505,0.533625651,1234513.882
287,0.07809804,0.14307697,0.539997314,1234513.882
288,0.078080142,0.143920639,0.552439657,1236639.518
289,0.077574509,0.14515037,0.558661662,1236639.518
290,0.079989675,0.121114217,0.243862244,1555145.563
291,0.079482142,0.122630191,0.254966512,1880994.935
292,0.079966143,0.122308169,0.262402313,-152149.8088
293,0.079457677,0.123829788,0.273580943,1164455.014
294,0.079941676,0.123505877,0.28094045,0
295,0.079434141,0.125034086,0.292195343,1193784.929
296,0.079918139,0.124708295,0.299479543,0
297,0.079407806,0.126244041,0.310807902,1210766.146
298,0.079891808,0.125915426,0.318013041,1210414.622
299,0.079382375,0.127456823,0.329414846,1209669.073
300,0.07986821,0.127126322,0.336546509,1215503.036
301,0.079357844,0.128676191,0.348022705,1210967.458
302,0.079843709,0.128343808,0.35507903,1221357.989
303,0.079332441,0.129897441,0.366629628,1207127.032
304,0.079818306,0.129561295,0.37360967,1226869.294
305,0.079306107,0.131123398,0.385233714,1208720.285
306,0.079791974,0.130788193,0.392135549,1235853.865
307,0.079280708,0.132355952,0.403834015,1221430.243
308,0.079766576,0.132016042,0.410659678,1251998.58
309,0.079254344,0.133589452,0.42243335,1243245.939
310,0.079740209,0.13324765,0.429185343,1255082.619
311,0.079227974,0.134828588,0.441033346,1253477.196
312,0.079715706,0.134483963,0.44770934,1255117.379
313,0.079203473,0.136071498,0.459631012,1255281.864
314,0.079692141,0.13572405,0.466230672,1253550.936
315,0.079178042,0.137318181,0.47822467,1253795.426
316,0.079665777,0.136967906,0.484749003,1250396.083
317,0.079151677,0.138567683,0.496819336,1246327.778
318,0.079639409,0.138215515,0.503269338,1244225.706
319,0.079125308,0.139820933,0.515412994,1238237.559
320,0.07961304,0.139466899,0.521784993,1238237.559
321,0.079099874,0.141077967,0.534001322,1238366.274
322,0.079587608,0.140720169,0.540297994,1238366.274
323,0.079571609,0.141555369,0.552590332,1243892.958
324,0.079065976,0.142756836,0.558736003,1243892.958
325,0.081488708,0.117831818,0.229461441,1561731.947
326,0.080981176,0.119309179,0.240343511,1693364.797
327,0.081467044,0.11901163,0.247778376,-136591.9074
328,0.080959544,0.120494647,0.25873291,1170281.598
329,0.081445409,0.120194275,0.266090535,0
330,0.080936007,0.121683886,0.277119446,1207105.367
331,0.081421872,0.121382571,0.284403636,1145178.293
332,0.08091154,0.122878771,0.29550884,1210511.325
333,0.081397408,0.122574636,0.302716756,0
334,0.080888008,0.124075544,0.313892598,1211803.489
335,0.081373876,0.123771408,0.321024272,1217775.386
336,0.08086351,0.12528079,0.332276377,1213180.314
337,0.081349375,0.124972885,0.339332713,1221978.073
338,0.08083994,0.126486036,0.35065917,1215732.636
339,0.081325806,0.126176249,0.357637339,1231413.933
340,0.08081544,0.127697876,0.369037242,1216572.889
341,0.081301308,0.127386202,0.37593928,1241941.545
342,0.080790042,0.128914416,0.387413544,1219745.271
343,0.081275909,0.128600863,0.394241007,1255834.856
344,0.08076371,0.13013473,0.405788676,1235903.727
345,0.081251442,0.129816472,0.412540009,1260443.356
346,0.080740173,0.131355982,0.424163005,1255082.619
347,0.081227905,0.131035833,0.430840668,1257354.756
348,0.080715673,0.132582876,0.442539001,1255117.379
349,0.081203407,0.132260849,0.449138672,1255209.185
350,0.080692108,0.133814489,0.460908671,1253550.936
351,0.081179876,0.133488698,0.467433004,1251620.643
352,0.080667643,0.135047984,0.479279338,1250396.083
353,0.081155411,0.134720311,0.485727346,1247495.171
354,0.080641276,0.136288066,0.497647013,1244225.706
355,0.081129041,0.135956624,0.504019012,1242375.239
356,0.080614906,0.137530039,0.516013336,1240732.981
357,0.081105507,0.137195775,0.522310008,1240732.981
358,0.080591375,0.138774836,0.534378337,1244043.107
359,0.081081009,0.138436793,0.540600342,1244043.107
360,0.081064974,0.13926446,0.552742004,1251254.682
361,0.080559341,0.140437703,0.558812337,1251254.682
362,0.082990575,0.114651103,0.215509766,1629677.515
363,0.082482109,0.116090803,0.226165838,1561731.947
364,0.082967977,0.11581867,0.233601639,-138083.1684
365,0.082460444,0.117262136,0.244332108,1168653.503
366,0.082946309,0.116986234,0.25169161,0
367,0.082438774,0.118435356,0.262495504,1191825.493
368,0.082924639,0.118159457,0.269779683,0
369,0.08241714,0.11961706,0.280658905,1213789.707
370,0.082903008,0.119339292,0.287866842,0
371,0.082393608,0.120800667,0.298819489,1216661.7
372,0.082879476,0.120518188,0.305951162,0
373,0.082369143,0.121988022,0.316980103,1210414.622
374,0.082855008,0.121706484,0.324035502,1229621.12
375,0.082345606,0.123181966,0.335136007,1215503.036
376,0.082831472,0.122895719,0.342115133,1233511.143
377,0.082321106,0.124376851,0.353290009,1221357.989
378,0.08280884,0.124089666,0.360193776,1244460.685
379,0.082299408,0.12557739,0.371443146,1226869.294
380,0.082787175,0.125285494,0.378270742,1261009.331
381,0.082274943,0.126780754,0.38959434,1235853.865
382,0.082762711,0.126486977,0.396347341,1270127.298
383,0.082251409,0.127988828,0.407745341,1251998.58
384,0.082739174,0.127693166,0.414421336,1264628.027
385,0.082226939,0.129200661,0.425893667,1257354.756
386,0.082714706,0.128903114,0.432496002,1255983.989
387,0.082203407,0.13041626,0.444042674,1255209.185
388,0.082693041,0.130114009,0.450567006,1254058.918
389,0.082180809,0.131632807,0.462187337,1251620.643
390,0.082670443,0.131328669,0.468637329,1250919.781
391,0.082157277,0.132856888,0.480331004,1247495.171
392,0.082646909,0.132550868,0.486704671,1245948.304
393,0.082132807,0.13408285,0.498473012,1242375.239
394,0.082622439,0.13377212,0.504771342,1241991.974
395,0.082109273,0.13531163,0.516614014,1244002.942
396,0.082598874,0.134999964,0.522836009,1244002.942
397,0.082084742,0.136546066,0.534754008,1251111.229
398,0.082574343,0.136230632,0.540899658,1251111.229
399,0.082558342,0.137049815,0.552891663,1258429.357
400,0.082052706,0.138192917,0.558887675,1258429.357
401,0.084490509,0.11157397,0.202011037,1812064.643
402,0.083983943,0.11297317,0.212441101,1629677.515
403,0.084469808,0.112725535,0.219875936,-141387.3306
404,0.083962308,0.114131335,0.230380402,1162578.532
405,0.084448174,0.113881803,0.237739934,0
406,0.083939707,0.115293236,0.248320674,1191943.432
407,0.084425573,0.115040901,0.25560581,0
408,0.08391804,0.116458,0.266260925,1209795.174
409,0.084406741,0.116203768,0.273468872,0
410,0.083899208,0.117627457,0.284195567,1215829.291
411,0.084385076,0.117369456,0.29132722,0
412,0.083874743,0.118798813,0.302130168,1223548.825
413,0.084360608,0.118538925,0.309188365,0
414,0.083851206,0.119976763,0.320064758,1217775.386
415,0.084338938,0.119716883,0.327043894,1236984.835
416,0.083828606,0.121160357,0.337993764,1221978.073
417,0.08431634,0.120896711,0.344897573,1244538.079
418,0.083806941,0.122344887,0.355922709,1231413.933
419,0.084296542,0.122077474,0.362751139,1259009.221
420,0.083786209,0.123530357,0.373849803,1241941.545
421,0.084273944,0.123262001,0.380603068,1275039.456
422,0.083762678,0.124723361,0.391777008,1255834.856
423,0.084250409,0.124451241,0.398454671,1275163.611
424,0.083738207,0.125919195,0.409700999,1260443.356
425,0.084227839,0.12564519,0.416301666,1264868.663
426,0.083716573,0.127121615,0.427624339,1255983.989
427,0.084206174,0.126843842,0.434150675,1254842.405
428,0.083693942,0.12832309,0.445546672,1254058.918
429,0.084183576,0.128042493,0.451996663,1252104.611
430,0.08367231,0.129529274,0.46346699,1250919.781
431,0.084162877,0.129247739,0.469840658,1251260.174
432,0.083650642,0.130741114,0.481384664,1245948.304
433,0.084140274,0.130455811,0.487682007,1246506.537
434,0.083626172,0.131954834,0.499300344,1241991.974
435,0.08411674,0.131665761,0.505522349,1243875.678
436,0.083602608,0.133171382,0.517215342,1248287.988
437,0.084092242,0.132879481,0.523361348,1248287.988
438,0.08357811,0.134392629,0.535127665,1257780.17
439,0.084070577,0.134096018,0.541199992,1257780.17
440,0.084056442,0.134905797,0.553042318,1264656.716
441,0.083547974,0.136021591,0.558961995,1264656.716
442,0.085992376,0.108601334,0.188960571,1778632.957
443,0.08548391,0.109961001,0.199165507,1812064.643
444,0.085971642,0.109736903,0.206600337,-143873.3785
445,0.085464106,0.111102236,0.216880702,1194301.345
446,0.085949972,0.110876269,0.224242132,0
447,0.085441538,0.112250036,0.234596898,1194212.506
448,0.085929306,0.112024038,0.241883001,0
449,0.085421806,0.11340347,0.252311172,1219197.687
450,0.085909541,0.113172803,0.259519104,0
451,0.085402008,0.114556002,0.270021688,1219346.321
452,0.085889743,0.114322469,0.277153361,0
453,0.085380343,0.115712234,0.287732198,1221741.79
454,0.085868111,0.115478734,0.294787577,1168372.485
455,0.085358709,0.116876068,0.305440796,1226232.347
456,0.085846441,0.116640701,0.312420858,1175712.497
457,0.085336072,0.118043678,0.323147563,1229621.12
458,0.085825706,0.117803579,0.330051371,1242813.06
459,0.085316307,0.119213137,0.340851512,1233511.143
460,0.085804075,0.118969261,0.347679972,1256233.839
461,0.085293709,0.120385422,0.358554464,1244460.685
462,0.085783343,0.12013872,0.365308533,1271437.021
463,0.085273911,0.121562416,0.376258474,1261009.331
464,0.085761676,0.121313835,0.382936412,1278180.418
465,0.085249441,0.1227413,0.393958669,1270127.298
466,0.085739072,0.122489894,0.400559001,1275165.965
467,0.085229673,0.12392583,0.41165567,1264628.027
468,0.08572024,0.123674423,0.418182007,1263454.466
469,0.085208008,0.12511601,0.42935434,1254842.405
470,0.085697642,0.124859894,0.435804342,1254386.565
471,0.085185443,0.126307129,0.447050669,1252104.611
472,0.085676043,0.126047249,0.453424337,1250517.566
473,0.085164744,0.127501078,0.464743998,1251260.174
474,0.085656242,0.127237429,0.471041341,1249552.985
475,0.085144007,0.128698786,0.482435343,1246506.537
476,0.085633639,0.128433258,0.488657674,1247544.834
477,0.085120473,0.12990121,0.500126343,1243875.678
478,0.085611974,0.129630971,0.506275004,1247430.612
479,0.085097875,0.131103622,0.517817017,1248287.988
480,0.085589376,0.130831502,0.523889689,1253310.951
481,0.08507621,0.13231075,0.535506348,1261910.167
482,0.085567708,0.132034866,0.54150234,1261910.167
483,0.085553607,0.132836166,0.553191996,1268660.628
484,0.085047974,0.133921829,0.55903833,1268660.628
485,0.087493309,0.105731336,0.176360235,1706938.14
486,0.086985776,0.107051435,0.186341034,1778632.957
487,0.087471642,0.106853701,0.193776733,-144027.1572
488,0.086965973,0.108179502,0.2038311,1190464.888
489,0.087453705,0.107978935,0.211192535,1114727.798
490,0.086945239,0.109310369,0.221323201,1215213.766
491,0.087433006,0.109107903,0.228609304,0
492,0.086925507,0.110447805,0.238814336,1220608.6
493,0.087413274,0.110242505,0.246022237,0
494,0.086904808,0.111588071,0.256298833,1217626.386
495,0.087392543,0.111379969,0.263430496,0
496,0.08688501,0.112731168,0.27378244,1216297.716
497,0.087373711,0.112519302,0.280840658,1166028.186
498,0.086866211,0.113877103,0.291266958,1221668.145
499,0.087355843,0.113665237,0.298248912,1171773.448
500,0.086845474,0.115031502,0.308749593,1228985.171
501,0.087333206,0.114814934,0.31565623,1180404.147
502,0.086823807,0.116184034,0.326231303,1236984.835
503,0.087313441,0.115963702,0.33306071,1252722.617
504,0.086803108,0.117339371,0.343709239,1244538.079
505,0.087292742,0.11711997,0.350462372,1269957.932
506,0.086783343,0.118503159,0.361187174,1259009.221
507,0.087272942,0.118279991,0.36786498,1279252.187
508,0.086760707,0.119666972,0.378664276,1275039.456
509,0.087250338,0.119440989,0.385265869,1278384.921
510,0.086740939,0.120836446,0.396138336,1275163.611
511,0.087233406,0.120608579,0.40266334,1272237.902
512,0.086722107,0.12201062,0.413610341,1264868.663
513,0.087211741,0.121778046,0.420062347,1263799.173
514,0.086699509,0.123185733,0.431084015,1254386.565
515,0.087191043,0.122949392,0.437457682,1254315.945
516,0.086679777,0.124363673,0.448551676,1250517.566
517,0.087172211,0.124123566,0.454851013,1249186.703
518,0.086659976,0.125543493,0.466021016,1249552.985
519,0.087151474,0.125301501,0.472245015,1247406.607
520,0.086637372,0.126729909,0.483487671,1247544.834
521,0.08712984,0.126486036,0.489636332,1248741.289
522,0.086617607,0.127919146,0.500954997,1247430.612
523,0.087109108,0.12767056,0.507027323,1252053.249
524,0.086594976,0.129110265,0.518420003,1253310.951
525,0.087087443,0.128860743,0.524416341,1257918.267
526,0.086573341,0.130306096,0.535882019,1264439.682
527,0.087066739,0.13005186,0.541801676,1264439.682
528,0.087052605,0.130845627,0.553341675,1270736.202
529,0.086545105,0.131901164,0.559111674,1270736.202
530,0.088994209,0.102964938,0.164207672,1727389.26
531,0.08848671,0.104246437,0.173964569,1706938.14
532,0.088975375,0.104072238,0.181402135,-143638.7535
533,0.08846784,0.105359403,0.1912335,1173307.897
534,0.088957438,0.105183337,0.198593038,1116060.574
535,0.088448972,0.106477069,0.208497706,1216263.817
536,0.08893674,0.106297236,0.215780975,0
537,0.08842924,0.107596636,0.225761907,1226979.076
538,0.088917007,0.107414904,0.232971705,0
539,0.088408541,0.108720871,0.243027003,1225511.968
540,0.088896276,0.10853727,0.250158671,1168362.868
541,0.088388743,0.109850802,0.260285568,1215527.547
542,0.088879311,0.109664368,0.267342865,1166783.814
543,0.088371811,0.110981669,0.27754601,1212522.847
544,0.088861443,0.110791471,0.284527954,1168765.472
545,0.088352974,0.112117238,0.294804555,1221048.162
546,0.088842606,0.111927971,0.301710236,1178010.507
547,0.088333206,0.113259402,0.312061228,1231759.916
548,0.08882284,0.113065435,0.318889699,1188359.253
549,0.088312475,0.114400635,0.329314107,1242813.06
550,0.088803975,0.114202901,0.33606724,1266152.208
551,0.088294576,0.115546567,0.346566976,1256233.839
552,0.088785144,0.115348801,0.353244802,1279845.698
553,0.088272909,0.116699036,0.363818003,1271437.021
554,0.08876254,0.116494703,0.370420502,1281527.082
555,0.088252205,0.117849675,0.381069071,1278180.418
556,0.088744672,0.117645376,0.387597198,1277600.444
557,0.088235273,0.119008822,0.398319,1275165.965
558,0.088726774,0.118798848,0.404769002,1270050.326
559,0.088214541,0.120166031,0.415565348,1263454.466
560,0.088706042,0.119954173,0.421940013,1263799.173
561,0.088194776,0.121329847,0.432810679,1254315.945
562,0.088687243,0.121116104,0.439108002,1255252.632
563,0.088175944,0.122495542,0.450054342,1249186.703
564,0.088667442,0.122278033,0.456278341,1249086.836
565,0.088155207,0.123664065,0.467299011,1247406.607
566,0.088646739,0.123444672,0.473447337,1247034.32
567,0.088135473,0.124838234,0.484542002,1248741.289
568,0.088628873,0.124614136,0.490614329,1251251.297
569,0.088114741,0.126013351,0.501780986,1252053.249
570,0.088606242,0.125785484,0.507777323,1257882.744
571,0.088093076,0.127193171,0.519019999,1257918.267
572,0.088587443,0.126963422,0.524941671,1262764.843
573,0.088075208,0.128376757,0.53625767,1266743.253
574,0.088568606,0.128142298,0.542101013,1266743.253
575,0.088556338,0.128925707,0.553491353,1271808.802
576,0.088048805,0.129953934,0.559188009,1271808.802
577,0.090494143,0.100299271,0.152509338,1846629.26
578,0.08998851,0.101543104,0.162040003,1727389.26
579,0.090476275,0.101393402,0.169477666,-141201.0775
580,0.08997064,0.102641037,0.179082901,1195087.547
581,0.090458371,0.102488503,0.186444468,1108465.298
582,0.089952705,0.103743637,0.19612324,1200211.986
583,0.090440473,0.103590136,0.203409307,0
584,0.089932973,0.104850004,0.213162374,1237552.45
585,0.090420741,0.104691803,0.220372172,1185513.498
586,0.089912275,0.105957303,0.230200572,1230504.371
587,0.090401876,0.105799103,0.237334101,1176450.658
588,0.089894343,0.107073102,0.247236903,1227657.916
589,0.090384911,0.106913035,0.254293233,1179230.476
590,0.089877411,0.108190768,0.264272298,1219922.729
591,0.090367043,0.108026934,0.271254232,1172392.457
592,0.089858574,0.109310336,0.281306742,1219501.054
593,0.090348206,0.109144636,0.288212413,1175119.786
594,0.089840706,0.110436503,0.298339305,1226838.79
595,0.09033034,0.110267036,0.305168701,1184046.124
596,0.089821874,0.111564537,0.315368103,1238379.964
597,0.090311508,0.111390338,0.322122172,1195215.325
598,0.089803975,0.112693502,0.332396901,1252722.617
599,0.090294543,0.112517436,0.339076569,1276160.567
600,0.08978511,0.113829069,0.349424733,1269957.932
601,0.090274742,0.113651103,0.356027201,1282932.642
602,0.089764407,0.114966502,0.366449768,1279252.187
603,0.090255938,0.114784803,0.372975972,1280635.296
604,0.089746539,0.116108704,0.383474833,1278384.921
605,0.090238973,0.115925105,0.389924632,1274766.754
606,0.089728607,0.117251803,0.400496999,1272237.902
607,0.090220141,0.117063469,0.406870677,1269849.278
608,0.089709808,0.118398656,0.417517344,1263799.173
609,0.090202276,0.118209389,0.423817342,1264729.539
610,0.089690976,0.119551163,0.434537333,1255252.632
611,0.090182477,0.11935719,0.440761332,1257429.406
612,0.089670242,0.120704623,0.451556,1249086.836
613,0.09016364,0.120506887,0.457704671,1249852.116
614,0.089652372,0.121860903,0.468575338,1247034.32
615,0.090146706,0.121661283,0.474647664,1249082.845
616,0.089634473,0.123020953,0.48559199,1251251.297
617,0.090127874,0.122816628,0.491588318,1255618.611
618,0.089613775,0.124181943,0.502606995,1257882.744
619,0.090108109,0.123975733,0.508529663,1263673.693
620,0.089594943,0.125349525,0.519621663,1262764.843
621,0.090091176,0.125139549,0.525467,1267490.283
622,0.089577075,0.126518987,0.536630351,1269467.193
623,0.090072342,0.126305244,0.54240037,1269467.193
624,0.090058207,0.127081123,0.553641032,1273065.501
625,0.089550672,0.128078275,0.559261353,1273065.501
626,0.091994143,0.097738136,0.141259338,1622793.48
627,0.091488477,0.098941503,0.150566004,1846629.26
628,0.091976209,0.098817202,0.158003667,-141576.0802
629,0.09146964,0.100025269,0.167384664,1195694.334
630,0.091959272,0.099897202,0.174745,1120277.627
631,0.091453639,0.101112801,0.18419957,1218225.218
632,0.091944206,0.100984734,0.191482905,0
633,0.091436707,0.102206935,0.20101387,1233527.386
634,0.091926341,0.102075101,0.208223668,1172586.791
635,0.091417875,0.103300102,0.217828903,1237913.292
636,0.091907509,0.103166402,0.224960571,1183762.155
637,0.091399976,0.104399902,0.23463737,1233830.507
638,0.09188961,0.104264336,0.241695602,1179933.013
639,0.091382078,0.105503469,0.251448664,1231688.711
640,0.091873609,0.105364103,0.258430628,1182704.487
641,0.091366074,0.106609835,0.268257131,1230233.882
642,0.091857572,0.106465769,0.275162821,1180760.501
643,0.091348173,0.107717168,0.285065592,1228252.978
644,0.091839706,0.107571203,0.291894989,1181842.098
645,0.091329374,0.108829203,0.301871206,1235947.039
646,0.091820875,0.108679471,0.308625275,1190884.126
647,0.091311475,0.109943105,0.318676839,1248547.75
648,0.091803942,0.109793371,0.325354665,1203546.917
649,0.091294543,0.111064537,0.335479665,1266152.208
650,0.091786044,0.110910103,0.342081207,1281022.887
651,0.091275675,0.112185036,0.352280579,1279845.698
652,0.091769073,0.112026835,0.358805847,1282202.8
653,0.091259672,0.113311203,0.369078674,1281527.082
654,0.091754005,0.113151136,0.375530507,1277715.96
655,0.091242706,0.114441137,0.385877604,1277600.444
656,0.091736107,0.114276337,0.392253306,1273025.003
657,0.091223907,0.115571971,0.402674011,1270050.326
658,0.091717308,0.115404371,0.408974345,1270795.007
659,0.091206009,0.116706601,0.419471008,1264729.539
660,0.091700343,0.116537102,0.425695007,1265391.177
661,0.09118811,0.117845917,0.43626534,1257429.406
662,0.091681511,0.117671717,0.442413015,1259599.527
663,0.091169276,0.118985255,0.453057678,1249852.116
664,0.09166364,0.118807307,0.459132009,1252446.12
665,0.091152339,0.120129318,0.469851329,1249082.845
666,0.091646673,0.119949473,0.475849325,1253086.325
667,0.09113444,0.121277112,0.486641988,1255618.611
668,0.091627841,0.121092557,0.49256366,1261164.124
669,0.091115608,0.122425863,0.503432658,1263673.693
670,0.091609942,0.122240369,0.509277995,1268086.786
671,0.091098676,0.123580264,0.520220337,1267490.283
672,0.091592077,0.12339006,0.525990336,1271375.315
673,0.091079844,0.124735603,0.537007019,1272494.956
674,0.091575111,0.124541636,0.542703674,1272494.956
675,0.091565709,0.125308095,0.553793681,1274071.833
676,0.091056307,0.126277941,0.559337687,1274071.833
677,0.093493141,0.095278669,0.130459335,1573305.575
678,0.092987508,0.096444369,0.139540003,1622793.48
679,0.093477107,0.096344569,0.146977671,-144622.1124
680,0.092971474,0.097514036,0.156134669,1197914.272
681,0.093461105,0.097410436,0.163496002,1109692.464
682,0.092955472,0.098585536,0.172725337,1215652.36
683,0.093445107,0.098481936,0.180010442,1152505.737
684,0.092939473,0.099665535,0.189313441,1246036.355
685,0.093429108,0.099558202,0.196522441,1186244.819
686,0.092923475,0.100745567,0.205901703,1240366.088
687,0.093413109,0.100633502,0.213036204,1181623.59
688,0.092905609,0.101829336,0.222489838,1231783.661
689,0.093398076,0.101715403,0.229546173,1178593.625
690,0.09288961,0.102916903,0.239075139,1233859.644
691,0.093381109,0.102800138,0.246057073,1186003.459
692,0.09287264,0.104008204,0.2556595,1236297.312
693,0.093365105,0.103888603,0.262565165,1188654.433
694,0.092857572,0.105100436,0.272241984,1237681.277
695,0.093350039,0.104978035,0.279072327,1188237.662
696,0.092841573,0.106197403,0.288822561,1237667.513
697,0.093333107,0.106074069,0.295578512,1189976.344
698,0.092822741,0.107298136,0.305405009,1244196.254
699,0.093315175,0.107170102,0.312085673,1198243.595
700,0.092805776,0.108401703,0.321983765,1260414.173
701,0.09329731,0.108271769,0.328585327,1214648.028
702,0.092786977,0.109509003,0.33855777,1276160.567
703,0.093280378,0.109374369,0.345085836,1281392.91
704,0.092772842,0.110617269,0.355134542,1282932.642
705,0.093267174,0.110481702,0.361586365,1279555.766
706,0.092757739,0.111731201,0.371709503,1280635.296
707,0.09324924,0.111591868,0.378085927,1274241.628
708,0.092738907,0.112847003,0.388282633,1274766.754
709,0.093232307,0.11270387,0.394582998,1272826.368
710,0.092722908,0.113965604,0.404854004,1269849.278
711,0.093217242,0.113819669,0.411079671,1272207.676
712,0.092705976,0.115088936,0.421424011,1265391.177
713,0.093199376,0.114940168,0.42757368,1266784.594
714,0.092687144,0.116214134,0.43799235,1259599.527
715,0.093180545,0.116059733,0.444066681,1260947.758
716,0.092669276,0.117339368,0.454561676,1252446.12
717,0.093165507,0.11718307,0.460559672,1257102.867
718,0.092654205,0.118471163,0.471128001,1253086.325
719,0.093150406,0.118311063,0.477049672,1259885.314
720,0.092636274,0.119604818,0.487692668,1261164.124
721,0.093131541,0.119440982,0.493541005,1266939.168
722,0.092617442,0.120743228,0.504257334,1268086.786
723,0.093113675,0.12057751,0.510029327,1272642.96
724,0.092599576,0.121884448,0.520819987,1271375.315
725,0.093094844,0.121712135,0.526516663,1275119.801
726,0.092582611,0.123023781,0.537383667,1275611.38
727,0.093080711,0.122850527,0.543003011,1275611.38
728,0.093071309,0.123608513,0.553943339,1276347.304
729,0.092563807,0.124548225,0.559414001,1276347.304
730,0.09499501,0.09292187,0.120110336,1594447.381
731,0.094488408,0.094047071,0.128966003,1573305.575
732,0.09497804,0.093973605,0.136403671,-125493.2029
733,0.094472371,0.095105403,0.145334671,1239745.215
734,0.094964839,0.095027237,0.152696004,1148685.338
735,0.094459206,0.096162804,0.161700338,1212027.823
736,0.09494884,0.096082771,0.168986338,1153100.955
737,0.094440374,0.097226804,0.178067108,1238788.232
738,0.094931875,0.097144905,0.185276942,1190032.57
739,0.094426242,0.098292704,0.194429276,1241077.74
740,0.094918709,0.098207036,0.201563772,1194019.366
741,0.094411209,0.099360469,0.210791438,1234153.934
742,0.094903676,0.09927197,0.217849635,1185027.224
743,0.094398043,0.100431071,0.227150736,1229014.346
744,0.094889542,0.100340703,0.234133601,1179294.354
745,0.094381073,0.10150827,0.243510971,1231204.226
746,0.094872571,0.101414103,0.250418533,1187675.129
747,0.094365072,0.10258637,0.2598703,1240276.151
748,0.094857539,0.102488469,0.266701609,1195639.359
749,0.094350039,0.103668302,0.276226817,1244457.457
750,0.094843407,0.103567568,0.28297996,1197068.044
751,0.094334941,0.104753967,0.292581421,1247065.692
752,0.094826441,0.104650401,0.299261119,1199263.513
753,0.094317042,0.105842468,0.308938873,1255550.597
754,0.094809476,0.105736069,0.315540436,1209344.595
755,0.094299143,0.106933769,0.325288798,1271079.869
756,0.094792544,0.106823603,0.331814067,1223777.624
757,0.094284111,0.10802697,0.341638662,1281022.887
758,0.094778442,0.107914937,0.348090495,1280570.804
759,0.09426904,0.10912677,0.357989492,1282202.8
760,0.094763372,0.109010938,0.364365997,1276318.851
761,0.094253006,0.110226537,0.374339294,1277715.96
762,0.094746407,0.110106936,0.380639669,1273967.925
763,0.094236041,0.111329135,0.390686666,1273025.003
764,0.094732274,0.111206701,0.396912669,1273855.553
765,0.094222875,0.112435501,0.407034668,1270795.007
766,0.094717242,0.112309334,0.413184001,1272207.676
767,0.094205009,0.113544734,0.423378672,1266784.594
768,0.09469841,0.1134148,0.429451009,1267737.648
769,0.094186178,0.114655833,0.439720347,1260947.758
770,0.094682411,0.114522133,0.445718343,1263370.252
771,0.094173009,0.115769735,0.456062673,1257102.867
772,0.094669207,0.115634135,0.461984334,1263334.843
773,0.094157906,0.11688737,0.472403005,1259885.314
774,0.094653173,0.116748001,0.478251343,1267244.682
775,0.09414094,0.118007858,0.488746348,1266939.168
776,0.094636241,0.117866625,0.494518341,1272689.074
777,0.094123075,0.119134031,0.505084991,1272642.96
778,0.094619308,0.118988085,0.510778646,1276576.047
779,0.094105176,0.120259252,0.521419657,1275119.801
780,0.094602343,0.120107651,0.527039998,1278556.439
781,0.094090111,0.121387281,0.537756348,1278689.864
782,0.094588211,0.1212338,0.543302348,1278689.864
783,0.094576909,0.121983315,0.554093018,1279003.371
784,0.094069407,0.12289478,0.559487345,1279003.371
785,0.096494006,0.090670502,0.110208333,1692183.612
786,0.095990275,0.09175617,0.118840001,1594447.381
787,0.096479907,0.091706238,0.12627567,-118804.2094
788,0.095974274,0.092798472,0.134983673,1143154.966
789,0.096464839,0.092746671,0.142345006,1148209.007
790,0.095961072,0.093843638,0.151126338,1228120.616
791,0.096452606,0.093787137,0.158411336,1179770.22
792,0.095946007,0.094890704,0.167267003,1238738.951
793,0.096435641,0.09483327,0.174476669,1190482.792
794,0.095929975,0.095943438,0.183405838,1235942.133
795,0.096422442,0.095881304,0.190539373,1193399.385
796,0.095916809,0.096997103,0.199544973,1232103.755
797,0.096409276,0.09693307,0.206603175,1191322.184
798,0.095903643,0.098054504,0.215680171,1234020.251
799,0.096395142,0.097985771,0.222661174,1188154.586
800,0.095886673,0.099112869,0.231813502,1228566.807
801,0.096378171,0.099043203,0.238721069,1182402.781
802,0.095872538,0.10017687,0.24794873,1234102.205
803,0.096366872,0.100103404,0.254779099,1192317.65
804,0.095859372,0.101242737,0.26408021,1243046.696
805,0.096350906,0.101167404,0.27083429,1199981.856
806,0.09584244,0.102312403,0.280208832,1251680.598
807,0.096335841,0.102232335,0.286886617,1206604.446
808,0.095828308,0.103383934,0.296337443,1258325.17
809,0.096320775,0.103302002,0.302941803,1210722.866
810,0.095811343,0.104462069,0.312467041,1268236.71
811,0.096304743,0.104375437,0.318995138,1221116.766
812,0.095796277,0.105539271,0.328593801,1278261.238
813,0.096291575,0.10544887,0.335045603,1229909.86
814,0.095782173,0.10662117,0.344717702,1281392.91
815,0.096276505,0.106529836,0.351096069,1277410.63
816,0.095767105,0.107707771,0.360845367,1279555.766
817,0.096263306,0.107611705,0.367147471,1275949.682
818,0.095752973,0.10879527,0.376968475,1274241.628
819,0.096246373,0.10869547,0.383194468,1276005.392
820,0.095736041,0.109884702,0.393091665,1272826.368
821,0.096232274,0.109782069,0.399240997,1276020.564
822,0.095722875,0.1109779,0.409211334,1272207.676
823,0.096217209,0.110872467,0.415285665,1273355.137
824,0.095704976,0.112073967,0.425330668,1267737.648
825,0.096200244,0.111965668,0.431328674,1269383.98
826,0.095689911,0.113172801,0.441447011,1263370.252
827,0.096186109,0.113061668,0.447371674,1267820.272
828,0.095674807,0.114275401,0.457564667,1263334.843
829,0.096171005,0.114159569,0.463413005,1271106.176
830,0.095660673,0.115378934,0.47368101,1267244.682
831,0.096157839,0.115259336,0.479453013,1275071.374
832,0.09564564,0.11648717,0.489795339,1272689.074
833,0.096141874,0.116362905,0.495491994,1278737.079
834,0.095628708,0.117596415,0.505908651,1276576.047
835,0.096126808,0.117468381,0.511528992,1280766.914
836,0.095614576,0.11870845,0.522019328,1278556.439
837,0.096111743,0.11857664,0.527565348,1282104.547
838,0.09559761,0.11982236,0.538132019,1282145.587
839,0.096095711,0.119687714,0.543602702,1282145.587
840,0.096086309,0.120426849,0.554243693,1281867.044
841,0.095576907,0.12131101,0.55956368,1281867.044
842,0.097993037,0.088523603,0.100760335,1846634.987
843,0.097489271,0.089568802,0.109164998,1692183.612
844,0.097981738,0.089543368,0.116600667,-138745.4955
845,0.097476105,0.090595136,0.125079671,-118804.2094
846,0.097968572,0.090567838,0.132442006,1111182.27
847,0.097462939,0.091627139,0.140999339,1158681.241
848,0.09795444,0.091595139,0.148287333,1124652.149
849,0.097447873,0.09265817,0.156917999,1247623.946
850,0.097939374,0.09262427,0.164127665,1216666.888
851,0.097433741,0.093695803,0.172830668,1249502.39
852,0.097926175,0.093658137,0.179964203,1198825.523
853,0.097420542,0.09473347,0.188743739,1233846.126
854,0.097913943,0.09469297,0.195801173,1186613.17
855,0.09740831,0.095776772,0.204655009,1234747.753
856,0.097901708,0.095732506,0.211636973,1189813.539
857,0.097394173,0.096820071,0.220566142,1235125.312
858,0.097885671,0.096773936,0.227471837,1188890.621
859,0.097378138,0.09786997,0.236474436,1235964.405
860,0.097872472,0.097821938,0.243304799,1190445.708
861,0.097366839,0.098921705,0.2523818,1240440.189
862,0.09786024,0.098869904,0.259135905,1196860.68
863,0.097351807,0.09997627,0.268287282,1249237.166
864,0.097845207,0.099921672,0.27496697,1206566.018
865,0.097337708,0.101032738,0.284191762,1260894.54
866,0.097832041,0.10097437,0.290795186,1215549.988
867,0.097322642,0.102092036,0.300094401,1272373.365
868,0.097816043,0.102032738,0.30662441,1224599.149
869,0.097307576,0.103156072,0.315999908,1279633.829
870,0.097802877,0.103092038,0.322453644,1230098.404
871,0.097295341,0.104221003,0.331900675,1281667.241
872,0.097791573,0.104153203,0.338276215,1232914.961
873,0.097282138,0.105289736,0.34779951,1280570.804
874,0.097776471,0.10521817,0.354101644,1232201.033
875,0.097267039,0.106362203,0.363700307,1276318.851
876,0.097762339,0.106287804,0.369924276,1278013.763
877,0.097252007,0.107437505,0.379597432,1273967.925
878,0.097747307,0.10735937,0.385747965,1279162.722
879,0.097237907,0.108514702,0.395494334,1273855.553
880,0.097734108,0.108432767,0.401568339,1276020.564
881,0.097222809,0.109594701,0.411389333,1273355.137
882,0.097719009,0.109509036,0.41739033,1273512.724
883,0.097208677,0.110678502,0.427284668,1269383.98
884,0.097705844,0.110589971,0.43320634,1272223.725
885,0.097193609,0.111766004,0.443175008,1267820.272
886,0.09768984,0.11167187,0.449023336,1274731.873
887,0.097178538,0.112851702,0.459068339,1271106.176
888,0.097676671,0.112755669,0.464840332,1279104.543
889,0.097166306,0.113943937,0.474957001,1275071.374
890,0.097663472,0.113844137,0.480653666,1282949.852
891,0.09715124,0.115035271,0.490846334,1278737.079
892,0.097647474,0.114930771,0.496468333,1284534.454
893,0.097136208,0.116130371,0.506734334,1280766.914
894,0.097634308,0.116024905,0.512280334,1285399.773
895,0.097122075,0.117231105,0.522621012,1282104.547
896,0.097620176,0.117120936,0.528091675,1285769.301
897,0.097107943,0.118331825,0.538506694,1285696.542
898,0.097606043,0.118216924,0.543903015,1285696.542
899,0.097595675,0.118946648,0.554393351,1285492.785
900,0.097088173,0.119800685,0.559638021,1285492.785
901,0.099493037,0.086477537,0.091759338,1998424.875
902,0.098989271,0.08748597,0.099941004,1846634.987
903,0.099481738,0.087484103,0.107375671,-149096.458
904,0.098977971,0.088496302,0.115630671,-138745.4955
905,0.099469472,0.088491603,0.122992004,0
906,0.098965706,0.08951137,0.131324336,1164729.399
907,0.099457207,0.089504804,0.138612335,0
908,0.098951574,0.090529271,0.147018,1210732.166
909,0.099443075,0.090518903,0.154227,1164669.656
910,0.098937442,0.09155087,0.162705999,1244601.912
911,0.099431775,0.091538635,0.169839666,1212088.55
912,0.098926142,0.092574369,0.178394867,1253525.291
913,0.099419543,0.09255837,0.185453171,1198311.366
914,0.098912977,0.093601639,0.194079941,1236859.005
915,0.099406375,0.093583773,0.201061874,1185394.862
916,0.098900739,0.094630839,0.209765071,1237231.189
917,0.09939507,0.094609205,0.216673569,1190764.536
918,0.098887538,0.095664736,0.225451167,1240879.091
919,0.099381872,0.095641202,0.232282435,1193608.38
920,0.098874339,0.09670237,0.241133469,1244283.359
921,0.099367739,0.096674103,0.247889435,1197414.85
922,0.098859273,0.09774187,0.25681487,1249914.899
923,0.099352674,0.097709869,0.263494568,1204252.343
924,0.098847041,0.098783305,0.27249529,1259423.885
925,0.099341375,0.098749405,0.279098704,1215104.848
926,0.098833875,0.099829404,0.288173808,1273470.594
927,0.099328209,0.099791735,0.294701925,1227254.525
928,0.098819776,0.100877403,0.303853312,1285898.604
929,0.099315043,0.100835037,0.310307007,1236932.609
930,0.09880661,0.101926338,0.31953184,1288035.376
931,0.099302808,0.101880203,0.325908335,1236723.269
932,0.098795306,0.102978104,0.335205678,1284023.669
933,0.099291504,0.102931038,0.34150587,1234246.416
934,0.098782104,0.104034571,0.35087854,1277410.63
935,0.099278305,0.10398467,0.357104401,1230817.61
936,0.098767972,0.10509387,0.366551473,1275949.682
937,0.09926324,0.105040204,0.37270104,1278013.763
938,0.098752907,0.106156003,0.382224375,1276005.392
939,0.099249107,0.106097636,0.388300405,1279162.722
940,0.098739708,0.107219068,0.397898,1276020.564
941,0.099235909,0.107156904,0.403895996,1276669.204
942,0.098726509,0.108284938,0.413567332,1273512.724
943,0.099223676,0.108220937,0.419490997,1274483.445
944,0.098713343,0.109356504,0.429235667,1272223.725
945,0.09921051,0.109288704,0.435082998,1277388.192
946,0.098699242,0.110428037,0.444901998,1274731.873
947,0.099197339,0.110354602,0.450676666,1283160.15
948,0.098686071,0.111502401,0.460569997,1279104.543
949,0.099184171,0.111427068,0.466266673,1287749.671
950,0.098671939,0.112580536,0.476233673,1282949.852
951,0.099169072,0.112500504,0.481856008,1290084.234
952,0.09865684,0.113659604,0.491898,1284534.454
953,0.099154973,0.113575803,0.497444,1290504.633
954,0.098643707,0.114741503,0.507560333,1285399.773
955,0.099143707,0.114655802,0.513031342,1290184.546
956,0.098632408,0.115829035,0.523222005,1285769.301
957,0.099132408,0.115736768,0.528616353,1289933.229
958,0.098618276,0.116913767,0.538882345,1289419.02
959,0.099115443,0.116817703,0.544202352,1289419.02
960,0.099105077,0.117537069,0.554543009,1289239.165
961,0.098597542,0.118362857,0.559713338,1289239.165
962,0.100992971,0.084532237,0.083209335,2001381.625
963,0.100489237,0.08550207,0.091165003,1998424.875
964,0.100983571,0.085526538,0.098602671,-133344.9577
965,0.100479838,0.086500137,0.106631673,-149096.458
966,0.100973206,0.086519905,0.113993006,1068621.118
967,0.100466606,0.087499171,0.122098338,1197435.558
968,0.100960007,0.087517072,0.129386337,0
969,0.100454374,0.088502937,0.137568003,1220630.603
970,0.100948708,0.088517072,0.144777674,1162653.629
971,0.100443041,0.08950857,0.153031006,1229417.735
972,0.100937375,0.089520805,0.160164673,1172405.827
973,0.100431742,0.090518903,0.168494334,1234243.476
974,0.100925143,0.090526438,0.17555427,1197929.882
975,0.100418577,0.091530172,0.183957906,1256063.052
976,0.100911975,0.091535807,0.190939707,1202599.194
977,0.100406339,0.09254614,0.199416906,1243566.266
978,0.10090067,0.09254804,0.206324468,1189033.256
979,0.100395037,0.093564039,0.214877935,1243009.912
980,0.100889371,0.093564039,0.2217102,1193957.841
981,0.100383738,0.09458567,0.230337102,1246894.268
982,0.100877139,0.094581904,0.237093074,1198424.057
983,0.100368673,0.095609169,0.245794373,1254653.377
984,0.100862073,0.095603503,0.25247407,1207543.368
985,0.100354541,0.096636436,0.26124883,1261784.877
986,0.100850774,0.096627037,0.267852244,1214240.504
987,0.100343241,0.09766657,0.276701396,1272957.246
988,0.100839475,0.097653369,0.283231364,1225997.601
989,0.100331942,0.098698535,0.292156789,1287045.265
990,0.100827243,0.098680634,0.29861144,1239513.28
991,0.100318776,0.099731468,0.30761027,1295006.751
992,0.100814077,0.099711703,0.313987701,1244368.354
993,0.100306541,0.100769137,0.323060933,1292825.332
994,0.100802773,0.10074747,0.329363078,1241190.93
995,0.100295237,0.10181147,0.338510671,1284099.136
996,0.100791471,0.101785103,0.344736501,1234084.211
997,0.100283938,0.102854769,0.35395756,1277392.38
998,0.100779238,0.102824636,0.360109965,1280814.224
999,0.100268873,0.103900871,0.369406372,1278013.763
1000,0.100764173,0.103866971,0.375482513,1281861.14
1001,0.10025474,0.104947937,0.38485321,1279162.722
1002,0.100752874,0.104909335,0.390854136,1281451.519
1003,0.100243441,0.105996869,0.400299327,1276669.204
1004,0.100741575,0.105955437,0.406223002,1277889.897
1005,0.100231209,0.10705147,0.415743337,1274483.445
1006,0.100728376,0.107007235,0.421591675,1277640.836
1007,0.10021801,0.108108902,0.431186666,1277388.192
1008,0.10071611,0.10805897,0.436958669,1284028.93
1009,0.100206708,0.109165337,0.446629669,1283160.15
1010,0.100704806,0.109113536,0.452326345,1291835.315
1011,0.100193537,0.110227468,0.462070017,1287749.671
1012,0.100691638,0.11017097,0.467689351,1296116.347
1013,0.100179405,0.111290538,0.477508341,1290084.234
1014,0.100678439,0.11123027,0.483056335,1296716.629
1015,0.100166239,0.112356435,0.492950002,1290504.633
1016,0.100666239,0.112292402,0.498419668,1296220.198
1017,0.100154973,0.113426069,0.508384674,1290184.546
1018,0.10065494,0.113357335,0.51378068,1295362.49
1019,0.100143674,0.114494802,0.523821696,1289933.229
1020,0.100643641,0.114422302,0.529141683,1294650.779
1021,0.100129542,0.115568204,0.539256348,1289419.02
1022,0.100628576,0.115491938,0.544503011,1293870.762
1023,0.10062011,0.116201904,0.554693685,1293253.443
1024,0.10011071,0.116997536,0.559787679,1293253.443
1025,0.102494804,0.08269047,0.075108002,2069754.289
1026,0.101991038,0.083620771,0.082839335,2001381.625
1027,0.102484439,0.08366877,0.090277334,-151321.8051
1028,0.101980705,0.084604703,0.098085002,-133344.9577
1029,0.102474106,0.084648003,0.105446671,1012979.619
1030,0.101970339,0.085589605,0.113325673,1183417.911
1031,0.10246184,0.085632004,0.120611674,1133564.603
1032,0.101958107,0.086580205,0.128567006,1239894.591
1033,0.102450574,0.086620705,0.135777003,1181287.886
1034,0.101946808,0.087571706,0.143806005,1242867.508
1035,0.102441142,0.087607473,0.150939667,1178691.053
1036,0.101937375,0.088565074,0.159045003,1227263.626
1037,0.102430776,0.088598974,0.166103333,1173860.588
1038,0.101924177,0.089562241,0.174282939,1234268.662
1039,0.102417575,0.089592372,0.181264771,1191965.984
1040,0.101911939,0.090562205,0.189517904,1255465.214
1041,0.10240627,0.090590436,0.196423604,1205824.901
1042,0.101900637,0.091565938,0.20475297,1253367.699
1043,0.102394971,0.091590436,0.211584269,1197026.699
1044,0.101889338,0.092572538,0.219988032,1250878.257
1045,0.102385572,0.092592303,0.226743998,1198469.726
1046,0.101879005,0.093580037,0.235222137,1255103.999
1047,0.102374306,0.093596036,0.241901805,1206622.369
1048,0.10186584,0.094592237,0.250452438,1265054.662
1049,0.102362073,0.094605403,0.257055873,1217738.137
1050,0.101854541,0.095607269,0.265680918,1276096.962
1051,0.102350774,0.095616702,0.272209025,1227781.783
1052,0.101843241,0.096623268,0.280910319,1287956.193
1053,0.102339475,0.096628901,0.287364044,1239452.433
1054,0.101831009,0.097641101,0.29613974,1297739.557
1055,0.102326276,0.097644867,0.30251531,1249001.079
1056,0.10181781,0.098664635,0.311364441,1300255.211
1057,0.10231591,0.098664635,0.317666545,1249148.885
1058,0.101808408,0.099690036,0.326591949,1294158.084
1059,0.102306506,0.099686269,0.332818715,1242231.548
1060,0.101797104,0.100717336,0.341815674,1284560.674
1061,0.102295204,0.100709803,0.347966166,1235852.39
1062,0.101784871,0.101747437,0.357039398,1280814.224
1063,0.102282038,0.101738004,0.36311554,1286256.136
1064,0.101771706,0.102781303,0.372262248,1281861.14
1065,0.102269806,0.102765302,0.378260284,1285160.202
1066,0.101760406,0.103812368,0.387481476,1281451.519
1067,0.102258507,0.103794467,0.393406006,1282363.251
1068,0.101749107,0.104850001,0.402702342,1277889.897
1069,0.102247208,0.104828336,0.408550344,1280074.337
1070,0.101736842,0.105889537,0.417919342,1277640.836
1071,0.102234009,0.105865036,0.423691335,1283316.233
1072,0.101723643,0.106932803,0.433135671,1284028.93
1073,0.102221776,0.106903603,0.438833008,1291648.027
1074,0.101712341,0.107977969,0.448352681,1291835.315
1075,0.102212341,0.107945969,0.453975016,1299985.648
1076,0.101702906,0.109025037,0.463568014,1296116.347
1077,0.102202906,0.108986437,0.469115672,1303529.455
1078,0.101690671,0.110072103,0.478785004,1296716.629
1079,0.102190671,0.11003257,0.48425767,1302840.087
1080,0.101678439,0.111126704,0.493998667,1296220.198
1081,0.102178439,0.111082438,0.499392995,1302102.005
1082,0.101666206,0.112179403,0.509210002,1295362.49
1083,0.102166206,0.112129501,0.514531006,1300779.417
1084,0.101654907,0.113234934,0.524421672,1294650.779
1085,0.102154907,0.113183136,0.529667318,1299711.754
1086,0.101642675,0.114294238,0.539633993,1293870.762
1087,0.102142675,0.114236804,0.544804321,1298730.577
1088,0.102134209,0.114939237,0.554843669,1297413.06
1089,0.101625743,0.115706637,0.559864014,1297413.06
1090,0.103996671,0.080953204,0.067458674,2458862.55
1091,0.103492905,0.081843005,0.074964005,2069754.289
1092,0.103986305,0.081915504,0.082401672,-147024.7872
1093,0.103481606,0.082810969,0.089983668,-151321.8051
1094,0.103975006,0.082881602,0.097346003,1219752.574
1095,0.10347124,0.083782702,0.105001338,1219501.196
1096,0.103965574,0.083850505,0.112286341,1136213.342
1097,0.103459941,0.084758204,0.120017675,1233908.809
1098,0.103954274,0.084822238,0.127227341,1167227.947
1099,0.103448641,0.085736537,0.135031336,1262095.504
1100,0.103944875,0.085795837,0.142165003,1203536.713
1101,0.103441142,0.086715772,0.150044332,1241747.595
1102,0.103936442,0.086771306,0.157104335,1180351.4
1103,0.103429843,0.087696907,0.165057999,1231217.853
1104,0.103923243,0.087750572,0.172041672,1237186.049
1105,0.103417575,0.08868277,0.180068837,1239354.596
1106,0.103911939,0.088732669,0.18697644,1247175.399
1107,0.10340627,0.089670502,0.195078074,1255226.897
1108,0.103902504,0.089718536,0.201910309,1210135.772
1109,0.103396838,0.090662969,0.210087138,1263916.919
1110,0.103892138,0.090707237,0.216843099,1209159.712
1111,0.103386505,0.09165447,0.225096196,1259405.411
1112,0.103881805,0.091694003,0.23177683,1206432.68
1113,0.103376172,0.092647835,0.240104299,1264656.547
1114,0.10387144,0.092686434,0.246707733,1217662.254
1115,0.103365807,0.093647802,0.255108673,1278326.548
1116,0.103862007,0.093683568,0.261636775,1231085.757
1117,0.103354507,0.094650602,0.270112081,1291246.392
1118,0.103850708,0.094682635,0.276565786,1242751.435
1119,0.103343208,0.095654368,0.285116455,1300914.81
1120,0.103840375,0.095682602,0.291494853,1250725.156
1121,0.103331909,0.096660901,0.300118011,1303868.741
1122,0.103829076,0.096684436,0.306420105,1253804.598
1123,0.103321543,0.097668401,0.315119507,1300770.263
1124,0.103819677,0.097688169,0.321348175,1250293.405
1125,0.103312141,0.098680636,0.330121979,1293207.099
1126,0.103808372,0.098698537,0.336271576,1243956.614
1127,0.103300837,0.099696637,0.345118805,1288169.447
1128,0.103798937,0.099709803,0.351194936,1240634.245
1129,0.103290471,0.100713537,0.360118439,1286256.136
1130,0.103787638,0.100722969,0.366118306,1291641.927
1131,0.103277306,0.101731435,0.375113444,1285160.202
1132,0.103775406,0.101735202,0.381036967,1287150.842
1133,0.103266006,0.102751167,0.390108337,1282363.251
1134,0.103764107,0.102753034,0.395958333,1283487.111
1135,0.103254707,0.103774668,0.405104004,1280074.337
1136,0.103754674,0.103772802,0.410878001,1284801.938
1137,0.103244342,0.104801969,0.420096334,1283316.233
1138,0.103744308,0.104798203,0.425794006,1290766.389
1139,0.103232109,0.105832069,0.435086344,1291648.027
1140,0.103732076,0.10582267,0.440711344,1299760.425
1141,0.103221743,0.106862203,0.450080343,1299985.648
1142,0.10372171,0.106848071,0.455629333,1307068.218
1143,0.103212308,0.107893237,0.465071665,1303529.455
1144,0.103712308,0.107875336,0.470544332,1309559.48
1145,0.103202906,0.108929003,0.480061005,1302840.087
1146,0.103702906,0.108909238,0.485457336,1309090.243
1147,0.103190671,0.109968539,0.49504833,1302102.005
1148,0.103689705,0.109942172,0.500370331,1307596.829
1149,0.103177472,0.11100617,0.510036001,1300779.417
1150,0.103677439,0.110976036,0.515282664,1306559.252
1151,0.103166173,0.112047569,0.525023315,1299711.754
1152,0.10366804,0.112015569,0.530193644,1304993.766
1153,0.103156774,0.113093702,0.540007975,1298730.577
1154,0.103658641,0.113057902,0.545102987,1303781.212
1155,0.103651108,0.113749036,0.554993327,1301899.318
1156,0.103140775,0.114487269,0.559937663,1301899.318
1157,0.105497571,0.07932047,0.060257339,2572737.751
1158,0.104993805,0.080169772,0.067538676,2458862.55
1159,0.105487206,0.080267672,0.074976339,-167607.5195
1160,0.104983472,0.081123604,0.082334005,1115180.645
1161,0.105476873,0.081219671,0.089695669,1248285.022
1162,0.104973106,0.082082204,0.097125671,1219752.574
1163,0.10546744,0.082173538,0.10441067,1284031.401
1164,0.104963674,0.083040738,0.111916005,1258497.852
1165,0.105458008,0.083128306,0.119125005,1179935.933
1166,0.104954241,0.084002106,0.126705007,1250868.531
1167,0.105447642,0.084086838,0.13383934,1191434.667
1168,0.104943909,0.08496627,0.141495341,1254990.625
1169,0.105439209,0.085048172,0.148555339,1205430.783
1170,0.104935476,0.085933273,0.156285004,1243165.057
1171,0.105428876,0.086011439,0.163269002,1188955.151
1172,0.104923243,0.086903137,0.171072006,1237186.049
1173,0.105419441,0.086979436,0.177979604,1248049.596
1174,0.104913806,0.08787677,0.185856873,1247175.399
1175,0.105410004,0.08794927,0.192687337,1254970.003
1176,0.104904371,0.088853203,0.20063914,1256279.311
1177,0.105402471,0.088923836,0.207395106,1262992.946
1178,0.104895905,0.089833438,0.215422236,1273377.343
1179,0.105391172,0.089899338,0.222101934,1222946.924
1180,0.104882706,0.09081267,0.23020343,1269958.641
1181,0.105378906,0.090874804,0.236809667,1220027.331
1182,0.104873273,0.091794736,0.244986501,1277898.33
1183,0.105371373,0.091855003,0.251516469,1231115.74
1184,0.10486574,0.092782468,0.259765803,1291097.038
1185,0.105361974,0.092838036,0.266220449,1245489.587
1186,0.104854441,0.093771169,0.274545125,1305434.08
1187,0.105352542,0.09382297,0.280922577,1256234.58
1188,0.104845975,0.09476267,0.289321635,1309514.775
1189,0.105343142,0.094808805,0.295623728,1258378.526
1190,0.104834709,0.095752271,0.30409904,1304885.34
1191,0.105332809,0.095796539,0.31032487,1255190.305
1192,0.10482531,0.096748472,0.318874603,1298147.734
1193,0.10532341,0.096790871,0.325025136,1250357.763
1194,0.104814008,0.097748469,0.333648305,1295125.261
1195,0.105312106,0.097786135,0.339722534,1247990.846
1196,0.104804571,0.098749369,0.348421936,1293840.151
1197,0.105304537,0.09878137,0.354421773,1247115.276
1198,0.104796071,0.099751236,0.363194641,1291641.927
1199,0.105293238,0.099779503,0.369118245,1295849.997
1200,0.104782906,0.100755002,0.377965434,1287150.842
1201,0.105281006,0.10078137,0.383813802,1289000.626
1202,0.104771606,0.101763435,0.392735331,1283487.111
1203,0.105271606,0.101785103,0.398510335,1287234.537
1204,0.104764074,0.102772835,0.407507334,1284801.938
1205,0.105264074,0.102792603,0.413204997,1291710.697
1206,0.104754641,0.103788803,0.422273336,1290766.389
1207,0.105254641,0.103802905,0.427895335,1300064.563
1208,0.104744275,0.104802905,0.437041005,1299760.425
1209,0.105243342,0.104812337,0.442589996,1307370.322
1210,0.10473111,0.10581797,0.451809326,1307068.218
1211,0.10523111,0.105823603,0.457279327,1313187.303
1212,0.10472171,0.106835803,0.466572001,1309559.48
1213,0.105223577,0.106839569,0.471968343,1315185.445
1214,0.104714175,0.107859337,0.481337006,1309090.243
1215,0.105214139,0.10785747,0.486657003,1314997.528
1216,0.104701904,0.108881004,0.496099335,1307596.829
1217,0.105200938,0.108875336,0.501344004,1313596.196
1218,0.104688705,0.10990637,0.510861664,1306559.252
1219,0.105190605,0.109896001,0.516032003,1312163.001
1220,0.104681206,0.110933668,0.525623332,1304993.766
1221,0.105183105,0.110919568,0.530717346,1310717.08
1222,0.104671806,0.11196567,0.54038267,1303781.212
1223,0.105173673,0.111947772,0.545402344,1309168.251
1224,0.105168007,0.112630404,0.555143005,1306566.493
1225,0.104658607,0.113339437,0.560013672,1306566.493
1226,0.106997538,0.077789436,0.053507004,2553530.176
1227,0.106492839,0.078601072,0.060563339,2572737.751
1228,0.106986239,0.078722539,0.068001007,-129149.4189
1229,0.106484372,0.079539838,0.07513267,1128312.217
1230,0.106978739,0.079659437,0.082494003,1298839.526
1231,0.106474973,0.080483337,0.089699336,1224917.278
1232,0.106969307,0.080600105,0.096985336,1305581.055
1233,0.106465541,0.081427773,0.104266668,1284031.401
1234,0.106961774,0.081539805,0.111476334,1267623.982
1235,0.106458008,0.082373138,0.118829336,1261912.197
1236,0.106953275,0.082483304,0.125964005,1259582.635
1237,0.106446676,0.083323204,0.133394007,1254484.712
1238,0.106941976,0.083429604,0.140454005,1205873.987
1239,0.106438243,0.084275139,0.147959335,1251025.236
1240,0.106934476,0.084378738,0.154943334,1205281.071
1241,0.106428843,0.085229937,0.162523336,1248176.864
1242,0.106925041,0.08532977,0.169429001,1199060.251
1243,0.106421272,0.086187571,0.177082265,1248049.596
1244,0.10691747,0.086285505,0.183913401,1261814.066
1245,0.106411837,0.087149869,0.191641205,1254970.003
1246,0.106908071,0.087244003,0.198397176,1265321.113
1247,0.106404338,0.088114037,0.206199275,1262992.946
1248,0.106901505,0.088203504,0.212880839,1271476.525
1249,0.106394905,0.089079203,0.220756368,1277752.104
1250,0.106890172,0.089164871,0.227361669,1285442.092
1251,0.10638264,0.090047139,0.235313471,1283766.073
1252,0.106880773,0.090129038,0.24184344,1236093.399
1253,0.10637514,0.09101697,0.249869603,1293835.386
1254,0.106873273,0.091095136,0.256321431,1247029.696
1255,0.10636574,0.091988736,0.264422943,1306807.109
1256,0.106863841,0.092062169,0.270800395,1259919.148
1257,0.106358175,0.09296327,0.278975352,1315022.421
1258,0.106855342,0.093034836,0.28527652,1265709.239
1259,0.106346876,0.093940671,0.293525838,1312001.748
1260,0.106844042,0.094008471,0.299754517,1262359.729
1261,0.106338409,0.094920873,0.308078237,1302209.887
1262,0.10683651,0.094986773,0.31422877,1254393.032
1263,0.10632901,0.095904839,0.322625936,1298600.659
1264,0.10682711,0.095964137,0.328702067,1252734.185
1265,0.106319608,0.096887835,0.337175496,1299330.047
1266,0.106817706,0.09694337,0.343177236,1253665.407
1267,0.10631017,0.09787367,0.351724111,1299788.947
1268,0.106810137,0.097926404,0.357649577,1253626.809
1269,0.106301671,0.098862371,0.366270844,1295849.997
1270,0.106798838,0.098912305,0.372121002,1298612.042
1271,0.106288506,0.099855804,0.380816772,1289000.626
1272,0.106788506,0.099901937,0.386590637,1292626.506
1273,0.106281006,0.100849169,0.395362671,1287234.537
1274,0.106782873,0.100890602,0.401062998,1293816.148
1275,0.106273473,0.101846303,0.409908325,1291710.697
1276,0.10677344,0.101884903,0.415529663,1301217.327
1277,0.106264041,0.102845304,0.424448334,1300064.563
1278,0.106765907,0.102877337,0.429997345,1309193.316
1279,0.106255575,0.103844371,0.438993337,1307370.322
1280,0.106754608,0.103873571,0.444466003,1314691.092
1281,0.106242376,0.104847171,0.453532664,1313187.303
1282,0.106744242,0.104873538,0.458929006,1318048.7
1283,0.106234843,0.105853737,0.468072011,1315185.445
1284,0.10673671,0.105875404,0.473393677,1320206.54
1285,0.106225408,0.10685937,0.482610006,1314997.528
1286,0.106727308,0.106875404,0.487855672,1320708.133
1287,0.106215073,0.107867836,0.497147339,1313596.196
1288,0.106716939,0.107881971,0.502319336,1319851.553
1289,0.106204704,0.108879102,0.51168634,1312163.001
1290,0.106706571,0.108886637,0.516782349,1318005.302
1291,0.106194372,0.109889437,0.526222026,1310717.08
1292,0.106696238,0.109896039,0.531242696,1316789.348
1293,0.106186839,0.110908272,0.54075769,1309168.251
1294,0.106688705,0.110911072,0.545703674,1314553.741
1295,0.106683039,0.111582438,0.555292664,1311645.579
1296,0.106175507,0.112262271,0.560087341,1311645.579
1297,0.108496572,0.076361038,0.047207672,2003255.432
1298,0.107992805,0.077133138,0.054039007,2553530.176
1299,0.108486206,0.077279073,0.061476674,1287689.214
1300,0.107984339,0.078056839,0.068382339,1231908.988
1301,0.108480573,0.078200905,0.075743673,1312785.405
1302,0.10797684,0.078986204,0.082723674,1298839.526
1303,0.10847304,0.079126503,0.090009008,1331219.825
1304,0.107969274,0.079916504,0.097065338,1261593.901
1305,0.108464541,0.080053037,0.104277003,1285635.808
1306,0.107960808,0.080848671,0.111406667,1214026.415
1307,0.108456075,0.080980504,0.118540003,1262864.291
1308,0.107952309,0.081781804,0.125744339,1259582.635
1309,0.108447576,0.081911738,0.132804342,1265592.263
1310,0.107943843,0.082719638,0.140084005,1256729.377
1311,0.108440076,0.082845805,0.147067668,1207511.409
1312,0.107934443,0.08365937,0.154421666,1252333.463
1313,0.108430677,0.083782702,0.161329336,1207581.682
1314,0.107926908,0.084601903,0.168756668,1257947.224
1315,0.108425006,0.084721471,0.175588003,1211251.651
1316,0.107919337,0.085547272,0.183091471,1261814.066
1317,0.108414637,0.085665904,0.189847544,1213923.875
1318,0.107909004,0.086498271,0.197425446,1265321.113
1319,0.108406171,0.086610303,0.204106079,1276987.041
1320,0.107902405,0.087445503,0.211759374,1271476.525
1321,0.108399572,0.087555669,0.218362803,1278277.383
1322,0.107893939,0.088399338,0.226089569,1285442.092
1323,0.108390172,0.088505737,0.232617671,1295974.929
1324,0.107884539,0.08935317,0.240419739,1299266.658
1325,0.10838264,0.08945487,0.246872503,1252238.574
1326,0.107877007,0.090308904,0.254748032,1309786.531
1327,0.108375107,0.090408737,0.261125463,1262552.618
1328,0.107869474,0.091268402,0.269076314,1318387.008
1329,0.108367574,0.091363503,0.27538031,1269919.964
1330,0.107859108,0.092228836,0.283405558,1319163.565
1331,0.108356275,0.092321136,0.289631409,1270369.723
1332,0.107849675,0.093194936,0.297731049,1310301.115
1333,0.108349675,0.093283437,0.303883433,1261215.468
1334,0.107842143,0.094162872,0.312057434,1303914.495
1335,0.108340276,0.094247604,0.318133535,1257197.271
1336,0.107832743,0.095130803,0.326381002,1302853.703
1337,0.108332743,0.095210836,0.332382731,1257315.499
1338,0.107825208,0.096099703,0.340705536,1304658.324
1339,0.108325208,0.096177872,0.346631938,1259215.81
1340,0.107817673,0.097074272,0.355029104,1304469.385
1341,0.108317673,0.097148671,0.36087737,1306822.139
1342,0.107807304,0.098050738,0.369348002,1298612.042
1343,0.108306371,0.098120438,0.375122843,1299719.095
1344,0.107797905,0.099028137,0.383669708,1292626.506
1345,0.108299772,0.099094035,0.389368408,1298119.968
1346,0.107792239,0.100009267,0.397989665,1293816.148
1347,0.108292206,0.100071401,0.403612,1302582.795
1348,0.107782806,0.100991336,0.412306671,1301217.327
1349,0.108282806,0.101047803,0.417852671,1310117.309
1350,0.107775307,0.101973404,0.426624674,1309193.316
1351,0.108277173,0.102027072,0.432097005,1316559.211
1352,0.107766808,0.102960205,0.440942342,1314691.092
1353,0.108266774,0.103010104,0.446338664,1319842.647
1354,0.107756442,0.103949837,0.455258667,1318048.7
1355,0.108258341,0.103994102,0.460580668,1322218.782
1356,0.107748009,0.104939471,0.469572673,1320206.54
1357,0.108248009,0.104979004,0.474818339,1324833.511
1358,0.107738609,0.105930972,0.48388501,1320708.133
1359,0.108240476,0.105967705,0.489056346,1326202.448
1360,0.107731041,0.106926272,0.498199005,1319851.553
1361,0.108232908,0.106960139,0.503295664,1325445.422
1362,0.107720673,0.107923373,0.512512004,1318005.302
1363,0.108222575,0.107952538,0.517532674,1324007.611
1364,0.10771034,0.108922404,0.52682369,1316789.348
1365,0.10821504,0.108948769,0.53177002,1322212.09
1366,0.107702805,0.109925204,0.54113501,1314553.741
1367,0.108206538,0.109944969,0.546003988,1319904.079
1368,0.108199938,0.110606903,0.555443319,1316305.21
1369,0.107690539,0.111258504,0.56016333,1316305.21
1370,0.109997472,0.075035273,0.041355672,1576659.792
1371,0.109493739,0.075768773,0.047963674,2304111.101
1372,0.109988073,0.075939206,0.05540034,1265538.212
1373,0.109484306,0.076677406,0.062082006,1287689.214
1374,0.109980507,0.076845006,0.069443339,1350568.495
1375,0.10947864,0.077590739,0.076199341,1312785.405
1376,0.109974874,0.077756472,0.083485341,1342234.978
1377,0.109473007,0.078506938,0.090315008,1331219.825
1378,0.109968274,0.078667005,0.097524673,1299762.431
1379,0.109463575,0.079423103,0.104430339,1238700.193
1380,0.109958875,0.079580338,0.11156367,1279984.709
1381,0.109455109,0.080342105,0.118543671,1215646.425
1382,0.109953209,0.080497472,0.125602005,1271016.236
1383,0.109449443,0.081265806,0.13265834,1265592.263
1384,0.109945676,0.081417404,0.139642339,1269063.371
1385,0.109440043,0.082189504,0.146772003,1261725.53
1386,0.109936277,0.082337336,0.153679667,1267306.245
1387,0.109432543,0.083116969,0.160883001,1258840.501
1388,0.109930641,0.083262901,0.167714335,1215046.759
1389,0.109426872,0.084048203,0.174992004,1267020.855
1390,0.10992497,0.084190404,0.181747838,1223148.222
1391,0.109418404,0.084982305,0.189099909,1273738.096
1392,0.109915571,0.085120738,0.195779505,1228713.001
1393,0.109408971,0.085916369,0.203207774,1276987.041
1394,0.109907071,0.086050069,0.20981307,1285215.925
1395,0.109401438,0.086854169,0.217314804,1278277.383
1396,0.109899539,0.086986003,0.223844803,1291183.76
1397,0.109393906,0.087793902,0.231420904,1295974.929
1398,0.109892006,0.087919136,0.237874603,1308054.665
1399,0.109386373,0.088732671,0.245524134,1314362.853
1400,0.10988634,0.088856972,0.251901606,1325708.16
1401,0.109380707,0.089679003,0.259627406,1322542.27
1402,0.109880707,0.089799535,0.265931407,1273127.427
1403,0.109373207,0.090624369,0.273733459,1324211.985
1404,0.109870374,0.090740171,0.279961192,1274258.285
1405,0.109361908,0.091571604,0.287833893,1317382.771
1406,0.109860942,0.091683637,0.293985372,1268172.814
1407,0.109355309,0.09252167,0.301935272,1310566.43
1408,0.109855309,0.092631838,0.308011403,1262672.4
1409,0.109347809,0.093478338,0.316035665,1307622.799
1410,0.109847776,0.093581904,0.322035533,1261150.83
1411,0.109340243,0.094431203,0.330135132,1308101.281
1412,0.10984021,0.094531003,0.336058736,1262471.368
1413,0.10933271,0.095388804,0.344232737,1309517.324
1414,0.10983271,0.095486738,0.350082906,1263687.674
1415,0.109325208,0.096350204,0.358330373,1306822.139
1416,0.109825172,0.096442469,0.364104268,1306613.964
1417,0.109316704,0.097310636,0.372426107,1299719.095
1418,0.109817604,0.097398204,0.378126638,1303455.1
1419,0.109309138,0.098273903,0.386522074,1298119.968
1420,0.109811005,0.098359568,0.392146342,1306129.031
1421,0.109301605,0.099241834,0.400615011,1302582.795
1422,0.109801605,0.099321869,0.406162679,1312685.932
1423,0.109292206,0.100207904,0.414705668,1310117.309
1424,0.109794072,0.10028417,0.420180003,1319032.047
1425,0.10928654,0.101177737,0.428799337,1316559.211
1426,0.109788406,0.101251203,0.434197673,1323376.13
1427,0.109279007,0.102150436,0.442891663,1319842.647
1428,0.109780907,0.102218236,0.448214661,1324677.041
1429,0.109270574,0.103122169,0.456983663,1322218.782
1430,0.109771507,0.103186203,0.462229004,1327149.36
1431,0.109259275,0.104097669,0.471071676,1324833.511
1432,0.109761141,0.104159803,0.476242004,1329945.279
1433,0.109251742,0.105077871,0.485160004,1326202.448
1434,0.109755475,0.105134371,0.490256663,1331539.395
1435,0.109246076,0.106058072,0.499249664,1325445.422
1436,0.109749842,0.106109838,0.504271332,1331531.629
1437,0.109238576,0.107041069,0.513338003,1324007.611
1438,0.109740443,0.107089101,0.518282338,1330217.131
1439,0.109229141,0.108026934,0.52742334,1322212.09
1440,0.109732875,0.108069303,0.532294352,1328081.888
1441,0.109222506,0.109010902,0.54151001,1319904.079
1442,0.109726275,0.109048569,0.546304688,1325212.422
1443,0.109719706,0.109700167,0.555593343,1321817.537
1444,0.109209338,0.110324435,0.560237996,1321817.537
1445,0.111497439,0.073812139,0.03595667,1387086.741
1446,0.110995572,0.074506106,0.04233667,1533364.231
1447,0.111491806,0.07470194,0.049774338,1270045.842
1448,0.11098804,0.07540154,0.056230006,1284122.288
1449,0.111484273,0.075593605,0.06359167,1331679.683
1450,0.110980507,0.076298871,0.070123337,1256007.369
1451,0.111478607,0.076488136,0.077409337,1351355.977
1452,0.110974841,0.077200005,0.08401534,1342234.978
1453,0.111472008,0.077386436,0.091225337,1304218.391
1454,0.110967308,0.078102971,0.097905004,1299762.431
1455,0.111464475,0.078284704,0.105038671,1293745.64
1456,0.110960742,0.079005971,0.111791672,1279984.709
1457,0.111456975,0.079185837,0.118852005,1284857.694
1458,0.110953209,0.079915571,0.125682337,1225163.977
1459,0.111449409,0.08009167,0.132666336,1275235.094
1460,0.110945643,0.08082517,0.139570002,1226491.311
1461,0.111441877,0.08099747,0.146477666,1275881.267
1462,0.110938143,0.081737536,0.153457667,1267306.245
1463,0.111436241,0.081907969,0.160289001,1274914.536
1464,0.110932472,0.082653702,0.167342336,1268445.025
1465,0.11143057,0.082819435,0.174098338,1225244.336
1466,0.110926837,0.083570836,0.181226171,1277386.625
1467,0.111424004,0.083732803,0.18790594,1234412.389
1468,0.110919304,0.084490804,0.195107203,1283485.548
1469,0.111416471,0.084648969,0.20171347,1238742.859
1470,0.110910838,0.085412603,0.208991069,1285215.925
1471,0.111408938,0.085566068,0.215521072,1297480.189
1472,0.110903272,0.086335368,0.222873072,1291183.76
1473,0.111403272,0.086485102,0.229327738,1305977.502
1474,0.110897639,0.087260971,0.236753169,1308054.665
1475,0.111397639,0.087406906,0.2431306,1319543.201
1476,0.110891973,0.088189372,0.250629506,1325708.16
1477,0.111391973,0.088333438,0.256933512,1332043.321
1478,0.11088634,0.089121569,0.264509613,1330090.463
1479,0.11138634,0.089260902,0.270738261,1330288.649
1480,0.110877874,0.09005467,0.278387787,1322775.526
1481,0.111375041,0.090190236,0.284539235,1273367.032
1482,0.110866575,0.09098777,0.292264119,1314977.239
1483,0.111366542,0.091119603,0.298340251,1267797.908
1484,0.110860909,0.091925639,0.306137634,1312966.532
1485,0.111360909,0.092055606,0.312138428,1266521.554
1486,0.110855275,0.092865372,0.320012065,1312951.709
1487,0.111355242,0.092989637,0.325938466,1266575.301
1488,0.11084771,0.093805969,0.333885539,1313741.897
1489,0.11134771,0.09392837,0.339735677,1267836.739
1490,0.11084021,0.094751338,0.347759043,1312916.316
1491,0.111342077,0.094869039,0.353535746,1265987.011
1492,0.110834541,0.095696704,0.361633504,1306613.964
1493,0.111336408,0.095808769,0.367332041,1307875.961
1494,0.110827939,0.096642103,0.375503337,1303455.1
1495,0.111329806,0.096750404,0.381127441,1309701.499
1496,0.110821337,0.097592171,0.38937501,1306129.031
1497,0.111323237,0.097696671,0.394922679,1315681.329
1498,0.110812904,0.098544103,0.403241679,1312685.932
1499,0.111312904,0.098643903,0.408713338,1322033.432
1500,0.110803472,0.099497935,0.417108673,1319032.047
1501,0.111305339,0.099593969,0.422507009,1326388.198
1502,0.110797806,0.100453669,0.430976674,1323376.13
1503,0.111299706,0.100545003,0.436299672,1328369.824
1504,0.110792206,0.101410337,0.444843669,1324677.041
1505,0.111294072,0.101498838,0.450090007,1329411.482
1506,0.110783707,0.102370771,0.45870634,1327149.36
1507,0.111285573,0.102454569,0.463878672,1331906.236
1508,0.110775241,0.103332136,0.472571665,1329945.279
1509,0.11127994,0.10341217,0.477668671,1334274.183
1510,0.110769574,0.104296338,0.486435669,1331539.395
1511,0.111273308,0.104370738,0.49145634,1336333.753
1512,0.110762975,0.105260536,0.500299001,1331531.629
1513,0.111266741,0.105332102,0.505245341,1336637.351
1514,0.110755475,0.106229436,0.514162008,1330217.131
1515,0.111257342,0.106297236,0.519032664,1335911.835
1516,0.110746043,0.10719927,0.528024007,1328081.888
1517,0.111249776,0.107261403,0.532818685,1333025.209
1518,0.110740377,0.108169103,0.541883708,1325212.422
1519,0.111244143,0.108227501,0.54660203,1330361.985
1520,0.111240377,0.108868734,0.555743022,1326773.952
1521,0.110730042,0.109461934,0.560313354,1326773.952
1522,0.112997406,0.072693504,0.03100767,1361469.966
1523,0.112495539,0.073347939,0.037163671,1355964.594
1524,0.112991773,0.07356827,0.044599335,1303727.23
1525,0.112489906,0.074228305,0.050830002,1308865.855
1526,0.112986107,0.074445803,0.058191335,1336233.246
1527,0.11248424,0.075111504,0.064497335,1257407.209
1528,0.112979507,0.075325269,0.071782333,1325579.894
1529,0.112477641,0.075996635,0.078162669,1231001.549
1530,0.112972908,0.076206637,0.085374339,1305653.273
1531,0.112471041,0.07688457,0.091831004,1304218.391
1532,0.112966309,0.077090769,0.09896667,1301329.815
1533,0.112464442,0.077774368,0.10549467,1293745.64
1534,0.112960676,0.077977768,0.112552002,1293710.379
1535,0.112456942,0.078667969,0.119156336,1284857.694
1536,0.112953143,0.078868502,0.126139999,1285577.403
1537,0.112449376,0.079562469,0.132819667,1236224.81
1538,0.112947477,0.079758303,0.139727,1282971.143
1539,0.112443743,0.080459803,0.146481333,1238551.229
1540,0.112941844,0.08065377,0.153313334,1282622.282
1541,0.112438075,0.08136187,0.160141001,1238362.708
1542,0.112938042,0.081552071,0.166897003,1282962.442
1543,0.112434306,0.082263903,0.173801005,1277901.168
1544,0.112934308,0.082449404,0.180481603,1286297.871
1545,0.112427739,0.083166903,0.187458705,1286493.834
1546,0.112926773,0.083348638,0.194062068,1244138.112
1547,0.112420204,0.084072703,0.20111557,1291203.086
1548,0.112920204,0.084250671,0.207645569,1246804.277
1549,0.112414571,0.084980403,0.214773473,1297480.189
1550,0.112914538,0.085156504,0.221227173,1313368.061
1551,0.112408905,0.085891904,0.228429438,1305977.502
1552,0.112908905,0.086064206,0.234807805,1320509.041
1553,0.112403272,0.08680334,0.242083537,1319543.201
1554,0.112903239,0.086971873,0.248385635,1327944.535
1555,0.112397606,0.087719505,0.255736705,1332043.321
1556,0.112897606,0.087883339,0.261964437,1332602.443
1557,0.112391973,0.088636604,0.269389893,1330288.649
1558,0.11289194,0.088796672,0.275540405,1327279.527
1559,0.112383474,0.089556536,0.283040222,1320336.309
1560,0.112883474,0.089712837,0.289116374,1271837.192
1561,0.112375008,0.090478371,0.296691518,1316476.758
1562,0.112876874,0.090630938,0.302691366,1270050.013
1563,0.112368408,0.091402138,0.310340892,1317261.502
1564,0.112870275,0.09154997,0.316267334,1270984.041
1565,0.112362742,0.092327703,0.323991272,1318928.404
1566,0.112864609,0.092471736,0.32984141,1271924.36
1567,0.112357109,0.09325607,0.337638743,1318032.537
1568,0.112859009,0.093395437,0.343412608,1270755.123
1569,0.112351476,0.094185438,0.351286245,1313149.036
1570,0.112853343,0.094321037,0.356984812,1313194.185
1571,0.11234581,0.095116704,0.364932851,1307875.961
1572,0.112847677,0.095248538,0.370554179,1312628.12
1573,0.112340141,0.096048904,0.378577474,1309701.499
1574,0.112842008,0.096176938,0.384125376,1318460.19
1575,0.112333572,0.096982938,0.392223012,1315681.329
1576,0.112835475,0.09710627,0.397695679,1325770.6
1577,0.112325139,0.097919802,0.405867004,1322033.432
1578,0.112827009,0.098039401,0.41126533,1330716.326
1579,0.11231664,0.098859535,0.41951,1326388.198
1580,0.112820374,0.098976303,0.424832672,1332804.745
1581,0.112310972,0.099802071,0.433152679,1328369.824
1582,0.112814738,0.099914136,0.438399343,1333131.293
1583,0.112305339,0.10074557,0.446792674,1329411.482
1584,0.112809072,0.100853869,0.451963003,1334939.123
1585,0.112299672,0.101690936,0.460432668,1331906.236
1586,0.112803439,0.101792636,0.465528666,1336807.094
1587,0.112294039,0.102636304,0.474071676,1334274.183
1588,0.112797773,0.102734238,0.47909201,1339028.651
1589,0.112287407,0.103584503,0.487709676,1336333.753
1590,0.112791173,0.103678668,0.492656006,1340927.892
1591,0.112280841,0.104536469,0.501349009,1336637.351
1592,0.11278554,0.104625903,0.506220673,1342230.726
1593,0.112273308,0.105489337,0.514987661,1335911.835
1594,0.112777074,0.105575968,0.519782328,1341013.534
1595,0.112264842,0.106446002,0.528622009,1333025.209
1596,0.112770475,0.106526037,0.533342346,1338742.226
1597,0.112259176,0.107399836,0.542257345,1330361.985
1598,0.112761075,0.108107002,0.555893677,1332626.135
1599,0.112764842,0.107475169,0.546904338,1335281.153
1600,0.112251643,0.108672902,0.560387675,1332626.135
1601,0.114497373,0.071676537,0.026505671,1537559.14
1602,0.113995506,0.072292371,0.032437668,1458141.368
1603,0.114490774,0.072536237,0.039875336,1321832.292
1604,0.113988907,0.073157702,0.045881002,1290946.764
1605,0.114486074,0.073397802,0.053243332,1355666.093
1606,0.11398514,0.074025869,0.059322998,1254136.816
1607,0.114482307,0.074264104,0.066608999,1310445.475
1608,0.113978541,0.074897804,0.072762334,1232425.079
1609,0.114475708,0.075131304,0.079972336,1283391.716
1610,0.113971942,0.075768771,0.086204005,1241044.473
1611,0.114470075,0.076000404,0.093340337,1302796.152
1612,0.113966309,0.07664447,0.099646337,1252312.818
1613,0.114464409,0.076872337,0.106704336,1302087.317
1614,0.113960642,0.077522036,0.113082001,1293710.379
1615,0.114458776,0.077748004,0.12006367,1293293.213
1616,0.113955009,0.078404269,0.126517334,1285577.403
1617,0.11445311,0.078624603,0.133424667,1295207.06
1618,0.113949343,0.079284671,0.139954666,1282971.143
1619,0.114449343,0.079502205,0.146787003,1291732.921
1620,0.113945577,0.080169805,0.153391337,1247142.604
1621,0.114445577,0.08038357,0.160147339,1293182.706
1622,0.113941811,0.081057737,0.166825338,1247536.231
1623,0.114440877,0.081267703,0.173507009,1292059.038
1624,0.113937111,0.081947538,0.180259272,1286297.871
1625,0.114434275,0.082152804,0.186864436,1293336.232
1626,0.113930506,0.082836405,0.19369013,1293405.176
1627,0.114427671,0.083037905,0.200220098,1304972.28
1628,0.113923937,0.083728106,0.207122035,1303617.146
1629,0.114422038,0.083928673,0.213576706,1259077.354
1630,0.113918271,0.08462734,0.22055394,1313368.061
1631,0.114416372,0.084823207,0.226932307,1266009.294
1632,0.113912638,0.085524673,0.233983907,1320509.041
1633,0.114412638,0.085713905,0.240286041,1330575.816
1634,0.113908872,0.086421972,0.247412038,1327944.535
1635,0.114408839,0.086610303,0.253639765,1329961.144
1636,0.113903206,0.087324038,0.260841095,1332602.443
1637,0.114403206,0.087507637,0.266992574,1328845.023
1638,0.113897573,0.088227005,0.274266429,1327279.527
1639,0.11439754,0.088406871,0.28034255,1327275.672
1640,0.113891907,0.089132838,0.287692678,1321673.121
1641,0.114390973,0.089308937,0.293694427,1274086.839
1642,0.113884407,0.090041504,0.301117971,1320561.551
1643,0.114383441,0.090212903,0.307043437,1273967.887
1644,0.113877775,0.09095017,0.314543274,1323397.747
1645,0.114377775,0.09111777,0.320393443,1276625.855
1646,0.113872142,0.091861603,0.327967641,1324253.812
1647,0.114374041,0.09202637,0.333741506,1276406.024
1648,0.113868408,0.092775869,0.34138914,1320722.769
1649,0.114370275,0.092935969,0.347088643,1272251.951
1650,0.113862742,0.093691137,0.354810679,1313194.185
1651,0.114364609,0.093847438,0.360434845,1317157.205
1652,0.113857076,0.094609172,0.368230306,1312628.12
1653,0.114358943,0.094761703,0.37378007,1320393.119
1654,0.11385141,0.095529104,0.381651845,1318460.19
1655,0.11435331,0.095675069,0.387126139,1328324.092
1656,0.11384581,0.096446236,0.395072337,1325770.6
1657,0.114347677,0.096590302,0.400470662,1334612.139
1658,0.113839211,0.097369934,0.40849233,1330716.326
1659,0.114341077,0.097510234,0.413814331,1337676.663
1660,0.113832609,0.098296468,0.421910004,1332804.745
1661,0.114334475,0.098433004,0.427156677,1337901.624
1662,0.113826007,0.099224904,0.435326009,1333131.293
1663,0.114327873,0.099354838,0.440498332,1338726.071
1664,0.113820338,0.100152369,0.448741994,1334939.123
1665,0.114324071,0.100277603,0.453838664,1340305.898
1666,0.113816572,0.101080803,0.46215567,1336807.094
1667,0.114320338,0.101202271,0.467178009,1341855.403
1668,0.113810939,0.102012037,0.47557134,1339028.651
1669,0.114314672,0.102129735,0.48051768,1343681.741
1670,0.113805272,0.102946101,0.48898468,1340927.892
1671,0.114309039,0.103060033,0.493856679,1345875.203
1672,0.113799639,0.103882034,0.502399668,1342230.726
1673,0.114303373,0.103992203,0.507195994,1346940.433
1674,0.11379304,0.104822703,0.515811666,1341013.534
1675,0.114296806,0.104929103,0.520533,1346543.328
1676,0.113786474,0.105762403,0.529223999,1338742.226
1677,0.11429114,0.105862203,0.533870667,1343950.608
1678,0.113780807,0.106701169,0.542636007,1335281.153
1679,0.114284574,0.106797236,0.547204692,1341276.786
1680,0.114279874,0.107418704,0.556043355,1338446.306
1681,0.113772341,0.10795447,0.56046401,1338446.306
1682,0.115996373,0.070762271,0.022455007,1716558.149
1683,0.115494507,0.071338504,0.028161006,1237054.22
1684,0.115991674,0.07160687,0.035598668,1310708.673
1685,0.115489807,0.072188769,0.041381002,1321832.292
1686,0.115986974,0.072454302,0.048742671,1357436.254
1687,0.115485107,0.07304187,0.054599335,1235542.595
1688,0.115983208,0.07330647,0.061885335,1309988.424
1689,0.115481341,0.073900637,0.067815333,1238441.184
1690,0.115977575,0.074160505,0.075024333,1273460.692
1691,0.115475708,0.074757472,0.081028,1243490.875
1692,0.115973808,0.075012637,0.088163666,1288899.382
1693,0.115471942,0.075618103,0.094244334,1238849.083
1694,0.115970042,0.075870471,0.101304337,1301412.087
1695,0.115466276,0.076480639,0.107458338,1256604.656
1696,0.115964376,0.076729205,0.114439341,1299144.121
1697,0.115460642,0.07734687,0.120667007,1293293.213
1698,0.115960642,0.077592603,0.127574671,1301891.579
1699,0.115456876,0.078214071,0.133878667,1295207.06
1700,0.115956843,0.07845607,0.140710999,1304446.95
1701,0.115453077,0.079084137,0.147089335,1291732.921
1702,0.115953077,0.07932237,0.153847336,1301602.736
1703,0.115449343,0.079954203,0.160301005,1255774.581
1704,0.11594651,0.080187703,0.166982671,1301859.852
1705,0.115441811,0.080827037,0.173510676,1255851.159
1706,0.115940844,0.08105867,0.180116974,1298954.186
1707,0.115437075,0.081704603,0.18671847,1252917.748
1708,0.11593704,0.08193247,0.193246633,1304083.915
1709,0.115431404,0.082582171,0.199922567,1304972.28
1710,0.115931404,0.082806272,0.206377238,1320643.512
1711,0.115425771,0.083462573,0.21312944,1319696.796
1712,0.115925738,0.083682905,0.219506872,1273790.398
1713,0.115420105,0.084344872,0.226332504,1327979.036
1714,0.115921972,0.084560471,0.23263647,1278122.469
1715,0.115418238,0.085228038,0.239538406,1330575.816
1716,0.115920105,0.08543987,0.245766139,1334443.697
1717,0.115414472,0.08611407,0.252741501,1329961.144
1718,0.115914439,0.086322172,0.25889387,1327408.692
1719,0.115408806,0.087002004,0.265943614,1328845.023
1720,0.115908806,0.087205404,0.272019755,1327360.772
1721,0.115403173,0.087890902,0.279144836,1327275.672
1722,0.115903173,0.088090535,0.285147522,1330446.445
1723,0.115396606,0.088782603,0.292346985,1325619.718
1724,0.115898506,0.088978437,0.298273397,1331816.85
1725,0.115391907,0.08967617,0.305546305,1326861.7
1726,0.115893773,0.089868238,0.311396434,1278804.048
1727,0.115385307,0.090572571,0.318743734,1328936.59
1728,0.115887174,0.090760872,0.324520426,1281157.056
1729,0.115381541,0.091470838,0.331944,1327401.963
1730,0.115883408,0.091654439,0.33764444,1278093.8
1731,0.115377775,0.092370071,0.345141449,1320463.141
1732,0.115879641,0.092549937,0.350765615,1271725.251
1733,0.115374008,0.093272135,0.358336975,1317157.205
1734,0.115875875,0.093446302,0.363885803,1324303.35
1735,0.115368342,0.094174136,0.371533437,1320393.119
1736,0.115870209,0.094345502,0.377007904,1330270.896
1737,0.115362709,0.095079035,0.384728831,1328324.092
1738,0.115864576,0.095244769,0.390127024,1337829.336
1739,0.115357043,0.095984868,0.397922658,1334612.139
1740,0.115860776,0.096148702,0.403245667,1342163.11
1741,0.115353277,0.096894435,0.411115672,1337676.663
1742,0.115857043,0.097052635,0.416364014,1343655.702
1743,0.11534671,0.09780497,0.424309347,1337901.624
1744,0.115850444,0.097958471,0.429481354,1343526.924
1745,0.115340075,0.098716438,0.437501007,1338726.071
1746,0.115843842,0.098866137,0.44259667,1344915.281
1747,0.115335373,0.099629771,0.450690664,1340305.898
1748,0.115839142,0.099775736,0.455711334,1345603.968
1749,0.115331607,0.100545036,0.463881673,1341855.403
1750,0.115835375,0.100687202,0.468828003,1347027.096
1751,0.11532784,0.101462135,0.477070679,1343681.741
1752,0.115831609,0.101598668,0.481940674,1348411.396
1753,0.115322207,0.102380201,0.490259674,1345875.203
1754,0.115825974,0.102512967,0.495056,1350559.484
1755,0.115316538,0.103302968,0.503449331,1346940.433
1756,0.115820305,0.103431035,0.508169332,1351313.514
1757,0.115310905,0.104226669,0.516637329,1346543.328
1758,0.115814672,0.104348134,0.521282328,1351222.575
1759,0.115305239,0.105150368,0.529824666,1343950.608
1760,0.115810872,0.105268069,0.534393005,1349072.281
1761,0.11530054,0.106075971,0.54300769,1341276.786
1762,0.115806206,0.106189906,0.547502035,1346796.406
1763,0.115802439,0.106801971,0.556193034,1344566.415
1764,0.115292074,0.107309504,0.560537354,1344566.415
1765,0.117497274,0.069950638,0.018855998,1875299.529
1766,0.116995407,0.070488271,0.024336334,-138539.7393
1767,0.117492574,0.070782036,0.031774002,1328930.092
1768,0.116990707,0.071324402,0.037330338,1310708.673
1769,0.117488808,0.071614436,0.044692673,1344819.325
1770,0.116986941,0.072162437,0.050322673,1357436.254
1771,0.117485041,0.072449638,0.057608673,1299754.332
1772,0.116983175,0.073006104,0.063314672,1309988.424
1773,0.117481275,0.073290469,0.070524338,1279201.022
1774,0.116977542,0.073850703,0.076304001,1273460.692
1775,0.117475642,0.074130371,0.083437668,1284865.009
1776,0.116973775,0.074695338,0.089293666,1237361.947
1777,0.117473742,0.074973104,0.096351669,1288954.966
1778,0.116971876,0.07554277,0.102281672,1245446.296
1779,0.117469976,0.07581677,0.109263341,1304869.783
1780,0.116966242,0.076393036,0.115267008,1260204.7
1781,0.117466242,0.076663269,0.122172674,1311951.086
1782,0.116964376,0.077245171,0.12825267,1301891.579
1783,0.117464343,0.077510704,0.135085002,1312642.004
1784,0.116960576,0.078100136,0.141239334,1304446.95
1785,0.117458677,0.078361903,0.147995336,1316363.393
1786,0.116954943,0.07895607,0.154225001,1301602.736
1787,0.117454943,0.079214071,0.160906667,1312592.558
1788,0.116950244,0.079813871,0.167210668,1301859.852
1789,0.117449277,0.080069038,0.173815002,1309460.321
1790,0.116944578,0.080674505,0.180193303,1261100.745
1791,0.117444578,0.08092687,0.186721369,1310443.393
1792,0.116940809,0.081538902,0.193173203,1261421.435
1793,0.117440809,0.081785571,0.199626902,1320934.183
1794,0.11693704,0.082403239,0.206155004,1320643.512
1795,0.11743704,0.082645238,0.212535238,1335863.079
1796,0.116931371,0.083268603,0.219134903,1334365.513
1797,0.117431371,0.083506836,0.225438899,1345340.063
1798,0.116927605,0.084136737,0.232114833,1338941.458
1799,0.117429504,0.08437307,0.23834257,1285981.059
1800,0.116925738,0.085008636,0.245091939,1334443.697
1801,0.117425738,0.08524027,0.251243408,1282890.499
1802,0.116920072,0.085879606,0.258069977,1327408.692
1803,0.117420072,0.086107473,0.26414798,1327324.189
1804,0.116914439,0.086753438,0.271048014,1327360.772
1805,0.117416339,0.086977537,0.277049774,1329673.874
1806,0.116910706,0.087629135,0.2840242,1330446.445
1807,0.117412572,0.08784947,0.289950592,1336099.253
1808,0.116906939,0.088506704,0.297000326,1331816.85
1809,0.117408806,0.088723272,0.302850464,1338981.612
1810,0.116902239,0.089387072,0.309973663,1333225.944
1811,0.117404106,0.089599871,0.315747528,1283314.165
1812,0.116897507,0.090269338,0.322946991,1332831.964
1813,0.117399373,0.090474604,0.32864743,1283385.704
1814,0.116890907,0.09114974,0.335921305,1328082.69
1815,0.117392774,0.09135124,0.341545471,1277502.805
1816,0.116887141,0.092035805,0.348892771,1322879.251
1817,0.117390874,0.092233536,0.354440633,1329476.579
1818,0.116885241,0.092921834,0.361862305,1324303.35
1819,0.117387108,0.093115801,0.367336741,1333970.387
1820,0.116879608,0.093811635,0.374834707,1330270.896
1821,0.117381475,0.094003736,0.380232971,1340423.438
1822,0.116873942,0.094703336,0.387804362,1337829.336
1823,0.117377675,0.094889771,0.39312733,1345701.39
1824,0.116872042,0.095595037,0.400773,1342163.11
1825,0.117375809,0.095776772,0.406019674,1347928.361
1826,0.116868309,0.096488637,0.413740682,1343655.702
1827,0.117370176,0.096666603,0.418913015,1348998.771
1828,0.116862643,0.097384102,0.426708354,1343526.924
1829,0.117366376,0.097555468,0.431804342,1350072.675
1830,0.116857943,0.098279536,0.439673004,1344915.281
1831,0.11736171,0.098449969,0.444695669,1350660.393
1832,0.116851377,0.099182536,0.452640004,1345603.968
1833,0.117356043,0.099346369,0.457587341,1351326.318
1834,0.116847577,0.100081736,0.465605001,1347027.096
1835,0.117354144,0.10024087,0.470476664,1352153.433
1836,0.116845711,0.100982869,0.478569661,1348411.396
1837,0.117349477,0.10113917,0.483365997,1353676.505
1838,0.116839142,0.101887736,0.491533335,1350559.484
1839,0.117342875,0.102039337,0.496253672,1354916.48
1840,0.116833473,0.102792636,0.504496338,1351313.514
1841,0.117339109,0.102938571,0.509143351,1355956.86
1842,0.116829707,0.103698435,0.517461344,1351222.575
1843,0.117335342,0.103840604,0.522032003,1355490.751
1844,0.11682594,0.104608004,0.530421326,1349072.281
1845,0.117331573,0.104746407,0.534917318,1354471.38
1846,0.116822172,0.105520406,0.543383341,1346796.406
1847,0.117327805,0.105654139,0.547803345,1352526.288
1848,0.117325938,0.106255839,0.556342692,1351267.614
1849,0.116816538,0.106734172,0.560613688,1351267.614
1850,0.118996307,0.069240669,0.015707326,1275207.6
1851,0.118496307,0.069740636,0.020963328,-104335.5109
1852,0.118994428,0.070058901,0.028399333,1314750.56
1853,0.118492561,0.070562668,0.03372967,1328930.092
1854,0.118990682,0.070877169,0.041092005,1268174.426
1855,0.118488795,0.071386571,0.046498672,1344819.325
1856,0.118986895,0.071699173,0.053784007,1277143.467
1857,0.118485008,0.072214238,0.059264008,1299754.332
1858,0.118985008,0.072522138,0.066473674,1285869.529
1859,0.118483142,0.073041903,0.072028005,1279201.022
1860,0.118981257,0.073346036,0.079161672,1294033.949
1861,0.118477491,0.07387427,0.084791672,1284865.009
1862,0.118977473,0.07417557,0.091851003,1283550.502
1863,0.118475591,0.074709437,0.097555003,1288954.966
1864,0.118975591,0.075006971,0.104536672,1295903.42
1865,0.118471842,0.075544637,0.110315008,1304869.783
1866,0.118971842,0.075838437,0.117222672,1313737.193
1867,0.118469976,0.076380803,0.12307667,1311951.086
1868,0.118969958,0.076670804,0.129909002,1319680.182
1869,0.118466192,0.077218803,0.135837336,1312642.004
1870,0.118964292,0.077506002,0.142595337,1323467.794
1871,0.118460543,0.078059669,0.148599004,1316363.393
1872,0.118960543,0.078344037,0.15528067,1326099.121
1873,0.118458677,0.078904271,0.161358668,1312592.558
1874,0.118957718,0.07918487,0.167965001,1319850.066
1875,0.118453018,0.079749837,0.174117335,1309460.321
1876,0.118952059,0.080023837,0.180647237,1319416.493
1877,0.118448318,0.080595403,0.186872971,1310443.393
1878,0.118948308,0.080865636,0.19332667,1326591.874
1879,0.118444567,0.081443771,0.199628769,1274076.109
1880,0.118946424,0.081712105,0.206009033,1336042.094
1881,0.118442665,0.082295904,0.2123874,1284770.044
1882,0.11894264,0.08255957,0.218689535,1346119.441
1883,0.118437014,0.083147138,0.225141368,1345340.063
1884,0.118938891,0.083407005,0.2313691,1350490.636
1885,0.118435148,0.084003036,0.237894368,1344224.611
1886,0.118937009,0.084259135,0.244045837,1343661.272
1887,0.118431366,0.084860802,0.250645508,1333826.919
1888,0.118933228,0.085110336,0.256723511,1280324.384
1889,0.1184276,0.085717672,0.263399414,1327324.189
1890,0.118929476,0.085964371,0.2694021,1329866.446
1891,0.118423848,0.08657827,0.276152425,1329673.874
1892,0.11892571,0.086820269,0.282078847,1334111.054
1893,0.118420067,0.08743987,0.288902588,1336099.253
1894,0.118921928,0.08767997,0.294752726,1342040.343
1895,0.1184163,0.088306137,0.301650869,1338981.612
1896,0.118918177,0.088539637,0.307426636,1344338.436
1897,0.118412549,0.089169571,0.314400096,1338867.215
1898,0.118916293,0.089399302,0.320099599,1286291.561
1899,0.118409716,0.090034869,0.327147471,1333899.089
1900,0.118911578,0.090259936,0.332771647,1282381.167
1901,0.118403102,0.090901171,0.339895772,1329311.59
1902,0.118907796,0.091125272,0.345446503,1278651.309
1903,0.118401202,0.091773071,0.352644063,1329476.579
1904,0.118904971,0.091991536,0.3581185,1338264.629
1905,0.11839651,0.092645968,0.365389506,1333970.387
1906,0.118900279,0.092860669,0.370788645,1344500.487
1907,0.118392743,0.093522603,0.378134145,1340423.438
1908,0.118896495,0.093732572,0.383456879,1349071.48
1909,0.118388959,0.094400139,0.390878672,1345701.39
1910,0.118892728,0.094603539,0.396127004,1351646.563
1911,0.118385211,0.095274905,0.403622335,1347928.361
1912,0.11888898,0.095474538,0.408794332,1352881.984
1913,0.118381444,0.096154371,0.416364003,1348998.771
1914,0.118885198,0.096350202,0.421462667,1354536.044
1915,0.118377663,0.097033801,0.429107666,1350072.675
1916,0.118883316,0.097225868,0.434130005,1356030.841
1917,0.118375796,0.097917969,0.441849345,1350660.393
1918,0.118879565,0.098106303,0.446796346,1355850.697
1919,0.118370145,0.098802137,0.454590007,1351326.318
1920,0.118875781,0.098983836,0.459460673,1356493.282
1921,0.118368245,0.099687202,0.467329671,1352153.433
1922,0.118873899,0.099865168,0.472125997,1357058.784
1923,0.118363564,0.100575137,0.480069326,1353676.505
1924,0.11886733,0.100749336,0.484790334,1358179.558
1925,0.118356977,0.101464971,0.492807343,1354916.48
1926,0.118863543,0.101634471,0.497454346,1358776.942
1927,0.118355077,0.102354772,0.505547689,1355956.86
1928,0.118861664,0.102520472,0.510120015,1359580.952
1929,0.118351331,0.10324644,0.518286336,1355490.751
1930,0.118857918,0.103408404,0.522780314,1359230.785
1931,0.118347562,0.104140971,0.531021973,1354471.38
1932,0.118853188,0.104297269,0.535440979,1359139.065
1933,0.118342832,0.105036438,0.543756327,1352526.288
1934,0.11885036,0.105188037,0.548101013,1358091.291
1935,0.11884848,0.105779371,0.55649235,1357081.713
1936,0.118339086,0.106229472,0.560687012,1357081.713
1937,0.120496282,0.068635206,0.013006337,1625972.7
1938,0.119996295,0.069094704,0.018039001,-113442.3344
1939,0.120496282,0.069439303,0.025476669,1341434.254
1940,0.119994415,0.069903534,0.030580999,1423906.545
1941,0.120492518,0.070243469,0.037940669,1268318.197
1942,0.119990651,0.070713338,0.043121338,1334254.503
1943,0.120490634,0.071051374,0.050407338,1209644.657
1944,0.119988764,0.071527807,0.05566334,1277143.467
1945,0.120486865,0.07186114,0.062873006,1277162.991
1946,0.119984996,0.072340406,0.068203339,1285869.529
1947,0.120484983,0.072668106,0.07533667,1297663.352
1948,0.119983111,0.073153971,0.080740672,1294033.949
1949,0.120481214,0.073479772,0.087798004,1288071.343
1950,0.119979342,0.073973137,0.093278336,1283550.502
1951,0.120479329,0.074295171,0.100261998,1293106.128
1952,0.11997746,0.074795138,0.105816335,1295903.42
1953,0.120475566,0.075113406,0.11272467,1308598.467
1954,0.119973696,0.075619039,0.118352671,1313737.193
1955,0.120473684,0.075933538,0.125184001,0
1956,0.119971812,0.076442937,0.130886332,1319680.182
1957,0.120471799,0.076752703,0.137642334,0
1958,0.119968046,0.077267769,0.143423004,1323467.794
1959,0.120467097,0.077573802,0.15010467,1333808.362
1960,0.119963343,0.078096402,0.155958669,1326099.121
1961,0.120464277,0.078398636,0.162562002,1333032.498
1962,0.119960518,0.07892687,0.168490336,1319850.066
1963,0.120459564,0.079224403,0.17502034,1330481.523
1964,0.119955805,0.079756404,0.181024907,1319416.493
1965,0.120457677,0.080050171,0.187478511,1335987.829
1966,0.119953921,0.080587837,0.19355454,1326591.874
1967,0.120453913,0.080879738,0.199932943,1290358.966
1968,0.119950157,0.08142587,0.206085337,1284912.405
1969,0.120452034,0.081714002,0.212389338,1346573.303
1970,0.119948275,0.082263903,0.218615168,1291826.22
1971,0.120448265,0.082545438,0.224842906,1350995.023
1972,0.119944506,0.083100972,0.231145004,1296106.293
1973,0.120446378,0.083380638,0.237298335,1349552.602
1974,0.119942624,0.083942769,0.243673899,1343661.272
1975,0.120444496,0.084218669,0.249750036,1343084.488
1976,0.119940742,0.084784569,0.256199977,1333114.397
1977,0.120442614,0.085055771,0.262199814,1335884.97
1978,0.119936976,0.085628237,0.268726034,1329866.446
1979,0.120438848,0.085896571,0.274652456,1278864.164
1980,0.11993321,0.086474703,0.281254944,1334111.054
1981,0.120435081,0.08673837,0.287105092,1340012.214
1982,0.119929443,0.087324036,0.293779134,1342040.343
1983,0.120433197,0.087583903,0.299553009,1346873.16
1984,0.119927559,0.088173337,0.306302368,1344338.436
1985,0.120429428,0.088426638,0.312002797,1345983.248
1986,0.11992379,0.089022669,0.318826569,1340382.064
1987,0.120427544,0.089273135,0.324450734,1339558.426
1988,0.119921908,0.089874835,0.331347941,1333879.246
1989,0.120423782,0.090120603,0.336898641,1281831.724
1990,0.119918147,0.090729805,0.343873077,1333836.496
1991,0.120421903,0.090971771,0.349347544,1341250.55
1992,0.119915321,0.091585704,0.356395406,1338264.629
1993,0.12041625,0.091823936,0.361793569,1348967.616
1994,0.119909668,0.092444471,0.368915802,1344500.487
1995,0.120413422,0.092677971,0.374237701,1353370.541
1996,0.119907784,0.093304138,0.381433278,1349071.48
1997,0.120411537,0.093533872,0.386680735,1355918.882
1998,0.119904017,0.094165705,0.393952667,1351646.563
1999,0.120407773,0.09438887,0.399126994,1356087.077
2000,0.119900253,0.095026337,0.406473328,1352881.984
2001,0.120405891,0.095246671,0.411569326,1357951.323
2002,0.119898371,0.095890704,0.418988993,1354536.044
2003,0.120402125,0.096107269,0.424011658,1359989.205
2004,0.119894605,0.096758835,0.43150767,1356030.841
2005,0.120400241,0.096970703,0.436454,1361290.1
2006,0.119892721,0.097626071,0.444023336,1355850.697
2007,0.120396474,0.09783227,0.448895325,1360838.502
2008,0.119888954,0.098494202,0.456539001,1356493.282
2009,0.120394592,0.098698502,0.461335673,1361400.836
2010,0.119887072,0.099366102,0.46905367,1357058.784
2011,0.120390826,0.099563835,0.473776001,1361733.747
2012,0.119881419,0.100237101,0.481569336,1358179.558
2013,0.120387054,0.100431068,0.486215342,1362183.57
2014,0.119879532,0.101112803,0.494083344,1358776.942
2015,0.120385175,0.101301104,0.498654002,1362323.132
2016,0.119875773,0.101988472,0.506597331,1359580.952
2017,0.120381416,0.102173037,0.511091329,1362677.229
2018,0.119873894,0.102867002,0.519107992,1359230.785
2019,0.120379529,0.103047801,0.523528666,1363051.954
2020,0.119869179,0.103745501,0.531619995,1359139.065
2021,0.120374814,0.10391877,0.535964681,1363535.655
2022,0.119866351,0.104622136,0.544130351,1358091.291
2023,0.120372935,0.104793503,0.548401367,1364024.331
2024,0.120371056,0.105375402,0.556643026,1306264.392
2025,0.119862592,0.105795369,0.560763346,1362951.974
2026,0.121996249,0.068133339,0.010754669,1905561.837
2027,0.121496259,0.068553274,0.015561676,-138023.9072
2028,0.121996249,0.068920507,0.022999344,1354290.962
2029,0.121496259,0.069347038,0.027881673,1341434.254
2030,0.121994364,0.069711436,0.035241002,1247021.97
2031,0.12149249,0.070143636,0.040195669,1268318.197
2032,0.121990595,0.070505236,0.047479004,1213332.427
2033,0.121490606,0.070943105,0.052510005,1265446.07
2034,0.121990595,0.071299037,0.059719671,0
2035,0.121488724,0.071740639,0.06482667,1277162.991
2036,0.121986832,0.072094671,0.071960337,1238427.562
2037,0.12148496,0.072542872,0.077140004,1297663.352
2038,0.12198495,0.072893138,0.084197337,1288988.56
2039,0.121483075,0.073344172,0.089451335,1288071.343
2040,0.121983065,0.073691605,0.096435333,1296399.84
2041,0.121481191,0.074149239,0.101765666,1293106.128
2042,0.121981181,0.074493838,0.108673335,1302896.798
2043,0.121477425,0.074958038,0.114078003,1308598.467
2044,0.121977414,0.075297938,0.120909337,1315022.998
2045,0.121475543,0.075767804,0.126387334,0
2046,0.121977414,0.076103971,0.133143336,0
2047,0.121475543,0.07657947,0.138696004,0
2048,0.121974589,0.076909037,0.145378672,0
2049,0.121469897,0.077388303,0.151006668,1333808.362
2050,0.121968943,0.077716937,0.157613002,0
2051,0.121467077,0.078204669,0.163314336,1333032.498
2052,0.121968943,0.07852857,0.169844335,1342454.32
2053,0.12146519,0.07902007,0.175622004,1330481.523
2054,0.121965174,0.079340205,0.18207667,1346518.709
2055,0.121461421,0.079838305,0.187928609,1335987.829
2056,0.121963292,0.080153737,0.194306905,1348294.092
2057,0.121459541,0.080657504,0.200235209,1340794.336
2058,0.121961413,0.080969203,0.206539205,1349646.776
2059,0.121457662,0.081479568,0.212540939,1346573.303
2060,0.121959529,0.081787468,0.218768636,1350817.336
2061,0.12145389,0.082303436,0.224844772,1295031.951
2062,0.121955757,0.082607572,0.230997172,1349722.533
2063,0.121452003,0.083129239,0.237148636,1294533.06
2064,0.121955757,0.083428673,0.243224767,1347683.631
2065,0.121452003,0.083955971,0.249450602,1343084.488
2066,0.121953875,0.084249738,0.255451406,1344672.392
2067,0.12144824,0.084783638,0.261750676,1335884.97
2068,0.121950111,0.085073639,0.267677104,1340413.035
2069,0.121446358,0.085614105,0.274052663,1334913.213
2070,0.121948229,0.085900337,0.27990564,1340501.118
2071,0.121442591,0.08644647,0.286355581,1340012.214
2072,0.121944463,0.086728002,0.292132284,1344538.479
2073,0.121440707,0.08727977,0.29865567,1346873.16
2074,0.121944463,0.087557538,0.304355164,1347995.033
2075,0.121438822,0.088114972,0.310952932,1345983.248
2076,0.121940694,0.088389005,0.316577098,1344289.453
2077,0.121435054,0.088951136,0.323251129,1339558.426
2078,0.12193881,0.089221369,0.328800893,1341489.258
2079,0.121433174,0.089789136,0.335551198,1337373.59
2080,0.12193693,0.09005467,0.341025665,1343466.337
2081,0.121431295,0.090628103,0.347847575,1341250.55
2082,0.121935048,0.09088987,0.353245768,1350977.896
2083,0.121426585,0.091471771,0.360143901,1348967.616
2084,0.121930339,0.091729772,0.365468628,1357215.243
2085,0.121423757,0.092315437,0.372440196,1353370.541
2086,0.121930339,0.092566836,0.377687775,1359753.417
2087,0.121423757,0.093159103,0.384732737,1355918.882
2088,0.121928454,0.093407705,0.389905009,1360084.852
2089,0.121419991,0.094005638,0.397027334,1356087.077
2090,0.121924688,0.094249504,0.402126007,1360360.602
2091,0.121418109,0.094853071,0.409321665,1357951.323
2092,0.121924688,0.09509317,0.414343994,1362604.106
2093,0.121416224,0.095703336,0.421614319,1359989.205
2094,0.121919978,0.095938736,0.426563324,1364352.023
2095,0.121411514,0.096554537,0.433906993,1361290.1
2096,0.121917152,0.096784271,0.438778666,1365352.037
2097,0.121409632,0.097406637,0.446197662,1313101.987
2098,0.121913389,0.097632637,0.450993998,1365389.345
2099,0.121405869,0.098262571,0.458488332,1313024.434
2100,0.121911507,0.098484805,0.46320934,1365718.985
2101,0.121403984,0.099118469,0.470779012,1313150.529
2102,0.121909622,0.099334101,0.475424683,1365687.068
2103,0.1214021,0.099973434,0.483067678,1312667.049
2104,0.12190774,0.100185303,0.487638011,1365515.175
2105,0.121398338,0.100831238,0.495356333,1312466.545
2106,0.121903979,0.101039337,0.499853333,1365666.959
2107,0.121396459,0.101693769,0.507644999,1312565.893
2108,0.121903979,0.101897168,0.512065002,1365388.305
2109,0.121394572,0.102557236,0.519932007,1312846.052
2110,0.121900208,0.102754969,0.524278666,1366289.031
2111,0.1213908,0.103418803,0.532220011,1314483.369
2112,0.121898323,0.103609937,0.536489339,1367475.622
2113,0.121388921,0.10428127,0.544505025,1311444.814
2114,0.121894562,0.104471469,0.548701681,1368752.23
2115,0.12189268,0.105043968,0.556792684,1311935.972
2116,0.12138516,0.105435669,0.560837687,1368376.955
2117,0.123498098,0.067736003,0.008955332,2170093.656
2118,0.122996226,0.068115471,0.013536001,-150022.9736
2119,0.123496213,0.068507172,0.02097167,1406342.314
2120,0.122996226,0.068892273,0.025628006,1354290.962
2121,0.123496213,0.069282104,0.03298967,1271254.631
2122,0.122994342,0.069674736,0.037720337,1247021.97
2123,0.123494329,0.070060801,0.045006337,0
2124,0.122992457,0.070459101,0.049810338,1213332.427
2125,0.123492444,0.070840469,0.05702034,0
2126,0.122990573,0.071242536,0.061898671,1271686.252
2127,0.12349056,0.071620104,0.069033005,1219544.031
2128,0.122988691,0.072030637,0.073987671,1282721.704
2129,0.123488678,0.072406303,0.081047002,1235695.719
2130,0.122986809,0.072820602,0.086077001,1288988.56
2131,0.123488678,0.073189702,0.093060669,1249868.07
2132,0.122986809,0.07360967,0.098165003,1296399.84
2133,0.123486799,0.073975004,0.105072673,1297860.065
2134,0.122983045,0.074401538,0.110250671,1302896.798
2135,0.123483035,0.074764071,0.117082672,1305745.655
2136,0.12298116,0.075196271,0.12233667,1315022.998
2137,0.123483035,0.075554072,0.129092672,0
2138,0.12298116,0.075991905,0.134421341,0
2139,0.123483035,0.076347839,0.14110201,0
2140,0.122978335,0.076789472,0.146506673,0
2141,0.123477381,0.077138804,0.153112005,0
2142,0.122972682,0.077587003,0.158590337,0
2143,0.123474553,0.077934436,0.165120341,0
2144,0.122972682,0.07838827,0.170673004,1342454.32
2145,0.123474553,0.078730069,0.177126638,1356221.416
2146,0.1229708,0.079190503,0.182752635,1346518.709
2147,0.12347079,0.079530436,0.189129974,1355324.629
2148,0.122967036,0.07999557,0.194832306,1348294.092
2149,0.123468908,0.080331736,0.201136307,1353801.899
2150,0.122967036,0.080801603,0.206914902,1349646.776
2151,0.123468908,0.081134003,0.213142604,1351042.279
2152,0.122965151,0.081609502,0.218994603,1350817.336
2153,0.123467023,0.081937169,0.225147008,1294735.055
2154,0.122963267,0.082419271,0.231073441,1294232.435
2155,0.123465139,0.082741305,0.237149572,1346570.08
2156,0.122961383,0.08322904,0.243149434,1293590.002
2157,0.123463254,0.083546338,0.249151169,1347326.953
2158,0.122959501,0.084039739,0.255227305,1294436.595
2159,0.123461372,0.084354238,0.261152776,1346946.532
2160,0.122957619,0.084854238,0.267303304,1340413.035
2161,0.123461372,0.085165904,0.273155334,1344516.916
2162,0.122955737,0.085671537,0.279382111,1340501.118
2163,0.123457609,0.08597757,0.285157867,1343816.758
2164,0.122951973,0.086487902,0.291458099,1344538.479
2165,0.123455727,0.086790169,0.297157583,1344560.257
2166,0.122951973,0.087308037,0.30353126,1347995.033
2167,0.123455727,0.087605604,0.309155426,1344064.694
2168,0.122950089,0.088129138,0.315603495,1344289.453
2169,0.123453842,0.088422902,0.321154195,0
2170,0.122948204,0.088953003,0.327677561,1341489.258
2171,0.12345196,0.089241102,0.333151998,0
2172,0.122946322,0.089775002,0.339749797,1343466.337
2173,0.123450078,0.090059369,0.345148,1351529.084
2174,0.12294444,0.090600805,0.351822062,1350977.896
2175,0.123448196,0.090880473,0.357143962,1358388.445
2176,0.122942558,0.091427539,0.363892395,1357215.243
2177,0.123448196,0.091703438,0.369140869,1362689.327
2178,0.122942558,0.09225707,0.375964681,1359753.417
2179,0.123446314,0.092529203,0.381136983,1362990.09
2180,0.122938792,0.09308757,0.388032349,1360084.852
2181,0.123442548,0.093354037,0.393129008,1363197.202
2182,0.122936907,0.093918037,0.400100342,1360360.602
2183,0.123442548,0.094181671,0.405124674,1364060.967
2184,0.122936907,0.094753237,0.412172668,1362604.106
2185,0.123440661,0.095011238,0.417118998,1365942.724
2186,0.122932195,0.095586571,0.424239329,1364352.023
2187,0.123435949,0.095840805,0.429109334,1367198.226
2188,0.12292937,0.096422704,0.436305003,1316571.602
2189,0.123435949,0.096673169,0.441101339,1368513.477
2190,0.122927488,0.097260737,0.448371338,1317880.398
2191,0.123434067,0.097506503,0.45309434,1369104.811
2192,0.122925606,0.098100637,0.460438009,1317864.917
2193,0.123432187,0.098340736,0.465084676,1369046.217
2194,0.122923726,0.098940536,0.472501678,1317559.054
2195,0.123430308,0.099175936,0.477074005,1368926.378
2196,0.122921844,0.09978137,0.484567342,1316825.931
2197,0.123428426,0.100011136,0.489064331,1367893.967
2198,0.122919963,0.100623169,0.496631999,1315927.751
2199,0.123428426,0.100851036,0.501052999,1367580.623
2200,0.122919963,0.101470604,0.508694336,1315887.466
2201,0.123425598,0.101692838,0.513039001,1367391.445
2202,0.12291525,0.102317136,0.520756327,1316517.466
2203,0.123420886,0.102533702,0.525027323,1368753.055
2204,0.122913366,0.103162669,0.53281899,1318575.871
2205,0.123420886,0.103374504,0.537013672,1370652.396
2206,0.122911484,0.104011971,0.544880676,1315928.938
2207,0.123417122,0.10422007,0.549001017,1372602.953
2208,0.12341524,0.104779401,0.556942342,1317115.447
2209,0.12290772,0.105143801,0.560913005,1373289.456
2210,0.124999947,0.067440336,0.007605998,1851515.905
2211,0.124498075,0.067782135,0.011960999,-162063.2881
2212,0.12499618,0.068200203,0.019396662,-113442.3344
2213,0.12449619,0.068545771,0.023826665,1304565.896
2214,0.12499618,0.068959104,0.031187998,1250280.961
2215,0.12449619,0.069310336,0.035694667,1208018.448
2216,0.12499618,0.069720868,0.042981003,1249547.578
2217,0.12449619,0.070078702,0.047562007,0
2218,0.12499618,0.070484538,0.054771673,0
2219,0.124494306,0.070848005,0.059426005,0
2220,0.124994296,0.071250071,0.066559336,1211195.637
2221,0.124492421,0.071620104,0.071288005,1219544.031
2222,0.12499147,0.072020271,0.078346003,1222791.138
2223,0.124489596,0.072395938,0.083150335,1279827.182
2224,0.124988645,0.072790469,0.090134333,1247213.247
2225,0.124489596,0.073169935,0.095014669,1300335.133
2226,0.124988645,0.073559769,0.101920339,1246293.447
2227,0.124487717,0.07394487,0.106874008,1297860.065
2228,0.124986766,0.074332804,0.113705338,1300964.782
2229,0.124485837,0.074725471,0.118736003,1305745.655
2230,0.124986766,0.075109673,0.125491999,1313265.431
2231,0.124485837,0.075506073,0.130594671,0
2232,0.124986766,0.075885506,0.137274668,0
2233,0.124485837,0.076289439,0.142453339,0
2234,0.124984881,0.076665138,0.149059336,0
2235,0.124481125,0.077072871,0.154313339,0
2236,0.124980169,0.077442904,0.160843338,0
2237,0.124478297,0.07785627,0.166172007,0
2238,0.124980169,0.078224436,0.172625671,1361434.618
2239,0.124478297,0.078644402,0.178027639,1356221.416
2240,0.124980169,0.079008802,0.184405004,1361536.705
2241,0.124476415,0.079434402,0.189881343,1355324.629
2242,0.124978287,0.079794103,0.196185338,1357444.968
2243,0.124474533,0.080226303,0.201737971,1353801.899
2244,0.124978287,0.080580338,0.207966634,1351943.838
2245,0.124474533,0.081018171,0.213592672,1351042.279
2246,0.124976405,0.081367505,0.219744105,1346008.318
2247,0.124472651,0.081811005,0.225446442,1347893.072
2248,0.124974523,0.08215657,0.231524475,1343025.546
2249,0.124470767,0.082604769,0.237301173,1346570.08
2250,0.124972638,0.082946569,0.243302902,1344803.192
2251,0.124468882,0.083400403,0.249153035,1295951.434
2252,0.124972638,0.083740303,0.255081334,1347858.764
2253,0.124468882,0.084200737,0.261004939,1298655.093
2254,0.124972638,0.084536903,0.266855092,1349200.04
2255,0.124468882,0.08500207,0.27285496,1297881.059
2256,0.124972638,0.085331637,0.278631653,1347013.046
2257,0.124467,0.085801503,0.284707784,1343816.758
2258,0.124968875,0.086128237,0.290408223,1343465.179
2259,0.124463236,0.08660657,0.29655779,1344560.257
2260,0.124966993,0.086928571,0.302181976,1339719.817
2261,0.124463236,0.087409737,0.308405935,1344064.694
2262,0.124966993,0.087727038,0.313956675,0
2263,0.124463236,0.08821667,0.320256866,0
2264,0.124966993,0.088531138,0.325730367,0
2265,0.124461355,0.089025469,0.332102132,0
2266,0.124965111,0.089333371,0.337500336,1353128.146
2267,0.124459473,0.089833371,0.343948405,1351529.084
2268,0.124965111,0.090139407,0.349273142,1358827.285
2269,0.124459473,0.090645073,0.355794637,1358388.445
2270,0.124963226,0.090944506,0.361043101,1363215.982
2271,0.124457588,0.091455805,0.3676409,1362689.327
2272,0.124961342,0.091752406,0.372815908,1365253.187
2273,0.124455706,0.092272171,0.37948818,1362990.09
2274,0.12495946,0.092562172,0.384585876,1365507.365
2275,0.124453824,0.09308567,0.39133134,1363197.202
2276,0.12495946,0.093371905,0.396353668,1366675.282
2277,0.124453824,0.093903905,0.403175669,1364060.967
2278,0.12495946,0.094185473,0.408124003,1367305.099
2279,0.124451937,0.09472124,0.415019338,1365942.724
2280,0.124957573,0.094997139,0.41989033,1368362.488
2281,0.12445005,0.095541372,0.426859996,1319713.779
2282,0.124955691,0.095813505,0.431658335,1369694.004
2283,0.124448168,0.096363403,0.43870401,1321347.707
2284,0.124953809,0.096630803,0.443427012,1371505.643
2285,0.124448168,0.097186335,0.450547343,1322871.72
2286,0.124953809,0.097448069,0.455193339,1372356.595
2287,0.124446289,0.098008336,0.462387004,1322637.11
2288,0.12495193,0.098266337,0.466957672,1372043.427
2289,0.12444441,0.098834137,0.474227671,1322046.51
2290,0.12495193,0.099088369,0.478723999,1371613.606
2291,0.12444441,0.099659935,0.486067322,1320817.726
2292,0.124950045,0.099907567,0.490488322,1370043.905
2293,0.124442525,0.100486636,0.497906331,1319659.284
2294,0.124948161,0.100732371,0.502253011,1369324.695
2295,0.124439697,0.101319005,0.509744344,1319556.153
2296,0.124945333,0.101559105,0.514014343,1369521.973
2297,0.124436869,0.102149503,0.521579997,1320598.568
2298,0.124945333,0.102384903,0.525776672,1371512.634
2299,0.124436869,0.102980937,0.533418681,1322942.839
2300,0.124945333,0.10321257,0.537539022,0
2301,0.124434987,0.103814237,0.545254354,1320489.113
2302,0.124943451,0.104040235,0.549301351,1376386.27
2303,0.124941569,0.104590136,0.557093018,1322545.871
2304,0.124431224,0.10492347,0.560987345,1378636.345
2305,0.12650179,0.067244504,0.006705668,2484320.425
2306,0.125999921,0.067548637,0.01083666,-119852.9253
2307,0.126499908,0.067990237,0.018272664,1251282.401
2308,0.125998039,0.068300003,0.022477666,1288125.13
2309,0.126497086,0.068737836,0.029839005,0
2310,0.125995216,0.069051369,0.034119334,1194788.772
2311,0.126494263,0.069484502,0.041404668,1253666.744
2312,0.125995216,0.06980277,0.045759669,0
2313,0.126494263,0.070233103,0.052967672,1254471.594
2314,0.125995216,0.070557037,0.057398671,0
2315,0.126494263,0.070984505,0.064532003,1265529.48
2316,0.125995216,0.071314072,0.069038335,1211195.637
2317,0.126494263,0.071738703,0.076095673,1219345.155
2318,0.125992391,0.07207487,0.080674672,1222791.138
2319,0.126491437,0.072494804,0.087656672,1234640.425
2320,0.125989566,0.072834737,0.092312002,1247213.247
2321,0.126491437,0.073248103,0.099219671,1243828.555
2322,0.125989566,0.073593669,0.103947673,1294355.12
2323,0.126491437,0.074005137,0.110779007,1251627.678
2324,0.125989566,0.074359172,0.115583003,1300964.782
2325,0.126491437,0.074767838,0.122338669,1260943.611
2326,0.125989566,0.075125671,0.127217,1313265.431
2327,0.126491437,0.075527738,0.133896667,0
2328,0.125989566,0.075891172,0.138851664,0
2329,0.126491437,0.076291336,0.145455999,0
2330,0.125987681,0.076661369,0.150485001,0
2331,0.126489553,0.07705687,0.157014669,0
2332,0.125985797,0.077430672,0.162119003,0
2333,0.126487668,0.077822405,0.168572673,1364028.599
2334,0.125983912,0.078202805,0.173750671,1361434.618
2335,0.126485784,0.078590736,0.180128138,1367817.216
2336,0.125983912,0.078976768,0.185380503,1361536.705
2337,0.126485784,0.079360936,0.191682638,1362322.087
2338,0.125983912,0.07975267,0.197011134,1357444.968
2339,0.126485784,0.080132139,0.203238866,1353993.637
2340,0.125983912,0.080527606,0.208641734,1351943.838
2341,0.126485784,0.080903305,0.214794139,1347271.086
2342,0.12598203,0.081305372,0.220270472,1346008.318
2343,0.126483902,0.081677305,0.226348506,1342236.708
2344,0.125980148,0.082085004,0.231900172,1343025.546
2345,0.126483902,0.082453171,0.237902873,1342854.111
2346,0.125980148,0.082866536,0.243528905,1344803.192
2347,0.126483902,0.083229037,0.249455307,1302544.697
2348,0.125980148,0.083648969,0.255157603,1300637.319
2349,0.126483902,0.084007703,0.261007741,1351439.048
2350,0.125980148,0.084435204,0.266781626,1304548.732
2351,0.126483902,0.084789271,0.272555511,1352637.798
2352,0.125980148,0.085220538,0.27840567,1303373.343
2353,0.126483902,0.08556797,0.284107992,1347976.509
2354,0.125978266,0.086005803,0.290034414,1343465.179
2355,0.12648202,0.086352303,0.295660451,1340605.03
2356,0.125976384,0.086796738,0.301658447,1339719.817
2357,0.126480138,0.087136637,0.30720634,0
2358,0.125974503,0.087585772,0.313280609,0
2359,0.126478256,0.087923805,0.318755035,0
2360,0.125974503,0.088379539,0.324904602,0
2361,0.126478256,0.088711939,0.330302765,0
2362,0.125974503,0.08917144,0.336526733,1353128.146
2363,0.126478256,0.08949914,0.341851471,1362051.806
2364,0.125974503,0.089967107,0.348149811,1358827.285
2365,0.126478256,0.090291039,0.353398275,1365402.792
2366,0.125972618,0.090762772,0.35977007,1363215.982
2367,0.126476372,0.091080104,0.364944163,1366825.147
2368,0.125970734,0.091558439,0.371392202,1365253.187
2369,0.126476372,0.091872004,0.376490936,1368214.849
2370,0.125970734,0.092355972,0.383012339,1365507.365
2371,0.126476372,0.092665738,0.3880348,1369671.741
2372,0.125970734,0.093158173,0.394630666,1366675.282
2373,0.126476372,0.093464205,0.399577993,1371057.19
2374,0.125970734,0.093959506,0.406249329,1367305.099
2375,0.126476372,0.094258939,0.411121328,1371034.782
2376,0.125970734,0.094760806,0.417866994,1368362.488
2377,0.126476372,0.095059273,0.42266333,1371715.014
2378,0.125968852,0.095567739,0.429485006,1324531.819
2379,0.12647449,0.095859639,0.434207011,1373374.968
2380,0.12596697,0.096372805,0.441103343,1326132.681
2381,0.126472605,0.096660004,0.445750336,1375515.344
2382,0.125965085,0.097179736,0.452720001,1327764.486
2383,0.126470721,0.097462234,0.45729067,1375976.943
2384,0.125965085,0.097988569,0.464334676,1327386.786
2385,0.126470721,0.098266368,0.468831675,1375514.658
2386,0.125965085,0.098798368,0.475950999,1326678.874
2387,0.126470721,0.099072367,0.480370656,1374761.047
2388,0.125963201,0.099610001,0.487564657,1325043.209
2389,0.126468836,0.099877401,0.49191099,1373053.024
2390,0.125961316,0.100420703,0.499181335,1323753.784
2391,0.126468836,0.100685303,0.503451335,1372421.355
2392,0.125961316,0.101237071,0.510793009,1323769.919
2393,0.126468836,0.101495069,0.514987671,1372917.14
2394,0.125961316,0.102052503,0.52240568,1324931.869
2395,0.126468836,0.102306735,0.526527018,0
2396,0.125961316,0.102870768,0.534018351,1327401.527
2397,0.126468836,0.103118401,0.538062337,0
2398,0.125961316,0.1036862,0.545630005,1325193.42
2399,0.126468836,0.104470535,0.557242676,1327767.717
2400,0.126468836,0.103930066,0.549600667,0
2401,0.125959435,0.104776571,0.56106368,1383902.293
2402,0.12799988,0.06715317,0.006255341,2110337.605
2403,0.127500829,0.067415871,0.010160339,-198969.4662
2404,0.12799988,0.067881971,0.017596334,1251282.401
2405,0.127500829,0.068152204,0.021577667,1237426.966
2406,0.12799988,0.068615471,0.028938004,0
2407,0.127498006,0.068891337,0.032994339,0
2408,0.127997058,0.069348938,0.040277339,1244667.416
2409,0.127495183,0.069628571,0.044407338,0
2410,0.127997058,0.070082438,0.051615336,1238329.398
2411,0.127495183,0.070368703,0.055820669,1209933.643
2412,0.127997058,0.070820669,0.062955002,0
2413,0.127495183,0.071112536,0.067235336,0
2414,0.127997058,0.071559804,0.074294337,1277581.34
2415,0.127495183,0.071856405,0.078648341,1219345.155
2416,0.127997058,0.07230087,0.085630341,1267847.722
2417,0.127495183,0.072603104,0.090059672,1234640.425
2418,0.127997058,0.073042837,0.096965337,1279188.685
2419,0.127495183,0.073347903,0.101470006,1243828.555
2420,0.127997058,0.073783869,0.108301341,1302643.241
2421,0.127495183,0.074095538,0.112882339,1301928.004
2422,0.127997058,0.074527738,0.119638336,1309142.156
2423,0.127495183,0.074846003,0.12429067,1308625.009
2424,0.127997058,0.075273504,0.130970337,0
2425,0.127495183,0.075597404,0.135698003,0
2426,0.127997058,0.076021105,0.142304337,0
2427,0.127495183,0.076351603,0.147107335,0
2428,0.127997058,0.076771568,0.153637339,0
2429,0.127495183,0.077106801,0.158515671,0
2430,0.127997058,0.077522036,0.164971339,0
2431,0.127493299,0.077863838,0.169924006,1364028.599
2432,0.127995173,0.078276237,0.17630161,1373056.233
2433,0.127491414,0.078622737,0.181327744,1367817.216
2434,0.127995173,0.079030436,0.187631907,1369404.329
2435,0.127491414,0.079382604,0.192734436,1362322.087
2436,0.127995173,0.07978657,0.198962168,1361683.637
2437,0.127491414,0.080144371,0.204138102,1353993.637
2438,0.127995173,0.080541705,0.210290466,1353134.696
2439,0.127491414,0.080905172,0.215543635,1347271.086
2440,0.127995173,0.081299703,0.221621668,1347246.561
2441,0.127491414,0.081669769,0.226950205,1342236.708
2442,0.127995173,0.08205957,0.232951935,1345439.23
2443,0.127491414,0.082435272,0.238352936,1342854.111
2444,0.127995173,0.082821337,0.244278402,1347818.738
2445,0.127491414,0.083201736,0.24975474,1346521.373
2446,0.127995173,0.083583069,0.255606776,1352199.918
2447,0.127491414,0.083969103,0.261157481,1351439.048
2448,0.127995173,0.084346705,0.266931366,1356307.473
2449,0.127491414,0.084739372,0.272555511,1309544.215
2450,0.127995173,0.085113205,0.278255951,1355842.742
2451,0.127491414,0.085510536,0.283958272,1307009.022
2452,0.127995173,0.085877736,0.28958432,1348404.37
2453,0.127491414,0.08628167,0.295360077,1299259.679
2454,0.127995173,0.08664797,0.300907969,0
2455,0.127489532,0.087058502,0.306756236,0
2456,0.127993291,0.087418203,0.312230703,0
2457,0.127487651,0.087834371,0.318155233,0
2458,0.127993291,0.088190305,0.323555298,0
2459,0.127487651,0.088612139,0.329553263,0
2460,0.127993291,0.088961472,0.334877065,0
2461,0.127487651,0.089388972,0.340951304,1362051.806
2462,0.127993291,0.089736404,0.346199768,0
2463,0.127487651,0.090170504,0.352348399,1365402.792
2464,0.127993291,0.090512304,0.357520599,1371087.724
2465,0.127487651,0.09095017,0.363744568,1366825.147
2466,0.127993291,0.091288203,0.368842367,1371782.724
2467,0.127487651,0.091731702,0.375140696,1368214.849
2468,0.127993291,0.092065969,0.380163096,1373624.552
2469,0.127487651,0.092516037,0.386535797,1369671.741
2470,0.127993291,0.092846537,0.391481995,1375732.238
2471,0.127487651,0.093302272,0.397928324,1371057.19
2472,0.127993291,0.093626172,0.402800334,1376688.672
2473,0.127487651,0.09408754,0.409322001,1371034.782
2474,0.127993291,0.094407672,0.414120341,1375951.893
2475,0.127487651,0.094877538,0.420716003,1371715.014
2476,0.127993291,0.095193904,0.425439006,1376610.996
2477,0.127487651,0.095667539,0.432108337,1373374.968
2478,0.127993291,0.095977338,0.43675533,1378252.985
2479,0.127485766,0.096456637,0.443500997,1375515.344
2480,0.127991407,0.096762637,0.448073324,1380109.871
2481,0.127483882,0.097248502,0.454893331,1375976.943
2482,0.127991407,0.097548869,0.45939034,1380722.961
2483,0.127483882,0.0980404,0.466284678,1375514.658
2484,0.127991407,0.098336067,0.470707347,1380404.528
2485,0.127483882,0.098836034,0.477674001,1374761.047
2486,0.127991407,0.099127935,0.482020335,1379564.832
2487,0.127483882,0.099631668,0.489063324,1325043.209
2488,0.127991407,0.099916969,0.493336334,1377297.945
2489,0.127483882,0.100427302,0.500454,1323753.784
2490,0.127991407,0.100709803,0.504649007,0
2491,0.127483882,0.101225802,0.511841003,1323769.919
2492,0.127991407,0.101503571,0.515961344,0
2493,0.127483882,0.102027069,0.52322935,1324931.869
2494,0.127991407,0.102301069,0.527276347,0
2495,0.127483882,0.102828367,0.534618001,1327401.527
2496,0.127991407,0.1030958,0.538588664,0
2497,0.127483882,0.1036297,0.546003662,1330180.334
2498,0.127991407,0.103894267,0.549901001,0
2499,0.127991407,0.104422501,0.557392334,1333168.732
2500,0.127483882,0.104698402,0.561137004,0
2501,0.128998917,0.06715317,0.006255341,2110337.605
2502,0.129498901,0.067415871,0.010160339,-198969.4662
2503,0.128998917,0.067881971,0.017596334,1251282.401
2504,0.129498901,0.068152204,0.021577667,1237426.966
2505,0.128998917,0.068615471,0.028938004,0
2506,0.129498901,0.068891337,0.032994339,0
2507,0.128998917,0.069348938,0.040277339,1244667.416
2508,0.129498901,0.069628571,0.044407338,0
2509,0.128998917,0.070082438,0.051615336,1238329.398
2510,0.129498901,0.070368703,0.055820669,1209933.643
2511,0.128998917,0.070820669,0.062955002,0
2512,0.129498901,0.071112536,0.067235336,0
2513,0.128998917,0.071559804,0.074294337,1277581.34
2514,0.129498901,0.071856405,0.078648341,1219345.155
2515,0.128998917,0.07230087,0.085630341,1267847.722
2516,0.129500783,0.072603104,0.090059672,1234640.425
2517,0.129000799,0.073042837,0.096965337,1279188.685
2518,0.129502665,0.073347903,0.101470006,1243828.555
2519,0.129000799,0.073783869,0.108301341,1302643.241
2520,0.129502665,0.074095538,0.112882339,1301928.004
2521,0.129000799,0.074527738,0.119638336,1309142.156
2522,0.129502665,0.074846003,0.12429067,1308625.009
2523,0.129000799,0.075273504,0.130970337,0
2524,0.129502665,0.075597404,0.135698003,1269347.647
2525,0.129000799,0.076021105,0.142304337,0
2526,0.129502665,0.076351603,0.147107335,1288709.502
2527,0.129000799,0.076771568,0.153637339,0
2528,0.129502665,0.077106801,0.158515671,1304427.242
2529,0.129000799,0.077522036,0.164971339,0
2530,0.129502665,0.077863838,0.169924006,1364028.599
2531,0.129000799,0.078276237,0.17630161,1373056.233
2532,0.129502665,0.078622737,0.181327744,1367817.216
2533,0.129000799,0.079030436,0.187631907,1369404.329
2534,0.129502665,0.079382604,0.192734436,1362322.087
2535,0.129000799,0.07978657,0.198962168,1361683.637
2536,0.129502665,0.080144371,0.204138102,1353993.637
2537,0.129000799,0.080541705,0.210290466,1353134.696
2538,0.129502665,0.080905172,0.215543635,1347271.086
2539,0.129000799,0.081299703,0.221621668,1347246.561
2540,0.129502665,0.081669769,0.226950205,1342236.708
2541,0.129000799,0.08205957,0.232951935,1345439.23
2542,0.129505488,0.082435272,0.238352936,1342854.111
2543,0.129003621,0.082821337,0.244278402,1347818.738
2544,0.129508311,0.083201736,0.24975474,1346521.373
2545,0.129003621,0.083583069,0.255606776,1352199.918
2546,0.129508311,0.083969103,0.261157481,1351439.048
2547,0.129003621,0.084346705,0.266931366,1356307.473
2548,0.129508311,0.084739372,0.272555511,1352637.798
2549,0.129003621,0.085113205,0.278255951,1355842.742
2550,0.129508311,0.085510536,0.283958272,1347976.509
2551,0.129003621,0.085877736,0.28958432,1348404.37
2552,0.129508311,0.08628167,0.295360077,1340605.03
2553,0.129003621,0.08664797,0.300907969,0
2554,0.129508311,0.087058502,0.306756236,0
2555,0.129003621,0.087418203,0.312230703,0
2556,0.129508311,0.087834371,0.318155233,0
2557,0.129003621,0.088190305,0.323555298,0
2558,0.129508311,0.088612139,0.329553263,0
2559,0.129003621,0.088961472,0.334877065,0
2560,0.129508311,0.089388972,0.340951304,1362051.806
2561,0.129003621,0.089736404,0.346199768,0
2562,0.129508311,0.090170504,0.352348399,1365402.792
2563,0.129003621,0.090512304,0.357520599,1371087.724
2564,0.129510198,0.09095017,0.363744568,1366825.147
2565,0.129005508,0.091288203,0.368842367,1371782.724
2566,0.129512085,0.091731702,0.375140696,1368214.849
2567,0.129005508,0.092065969,0.380163096,1373624.552
2568,0.129512085,0.092516037,0.386535797,1369671.741
2569,0.129005508,0.092846537,0.391481995,1375732.238
2570,0.129512085,0.093302272,0.397928324,1371057.19
2571,0.129005508,0.093626172,0.402800334,1376688.672
2572,0.129512085,0.09408754,0.409322001,1371034.782
2573,0.129005508,0.094407672,0.414120341,1375951.893
2574,0.129512085,0.094877538,0.420716003,1371715.014
2575,0.129005508,0.095193904,0.425439006,1376610.996
2576,0.129512085,0.095667539,0.432108337,1369694.004
2577,0.129005508,0.095977338,0.43675533,1378252.985
2578,0.129512085,0.096456637,0.443500997,1371505.643
2579,0.129005508,0.096762637,0.448073324,1380109.871
2580,0.129512085,0.097248502,0.454893331,1372356.595
2581,0.129005508,0.097548869,0.45939034,1380722.961
2582,0.129512085,0.0980404,0.466284678,1372043.427
2583,0.129005508,0.098336067,0.470707347,1380404.528
2584,0.129512085,0.098836034,0.477674001,1371613.606
2585,0.129005508,0.099127935,0.482020335,1379564.832
2586,0.129512085,0.099631668,0.489063324,1370043.905
2587,0.129005508,0.099916969,0.493336334,1377297.945
2588,0.129513972,0.100427302,0.500454,1369324.695
2589,0.129007395,0.100709803,0.504649007,0
2590,0.129515859,0.101225802,0.511841003,1323769.919
2591,0.129007395,0.101503571,0.515961344,0
2592,0.129515859,0.102027069,0.52322935,1324931.869
2593,0.129007395,0.102301069,0.527276347,0
2594,0.129515859,0.102828367,0.534618001,1327401.527
2595,0.129007395,0.1030958,0.538588664,0
2596,0.129515859,0.1036297,0.546003662,1330180.334
2597,0.129007395,0.103894267,0.549901001,0
2598,0.129515859,0.104434736,0.557392334,1333168.732
2599,0.129007395,0.104692736,0.561213338,0
2600,0.130498871,0.067244504,0.006705668,2484320.425
2601,0.130998856,0.067548637,0.01083666,-119852.9253
2602,0.130498871,0.067990237,0.018272664,1352929.097
2603,0.130998856,0.068300003,0.022477666,1406342.314
2604,0.130498871,0.068737836,0.029839005,1247350.15
2605,0.130998856,0.069051369,0.034119334,1194788.772
2606,0.130498871,0.069484502,0.041404668,1253666.744
2607,0.131000743,0.06980277,0.045759669,0
2608,0.130500758,0.070233103,0.052967672,1254471.594
2609,0.13100263,0.070557037,0.057398671,0
2610,0.130500758,0.070984505,0.064532003,1265529.48
2611,0.13100263,0.071314072,0.069038335,1211195.637
2612,0.130500758,0.071738703,0.076095673,1268379.012
2613,0.13100263,0.07207487,0.080674672,1222791.138
2614,0.13050264,0.072494804,0.087656672,1277139.021
2615,0.131004512,0.072834737,0.092312002,1247213.247
2616,0.130504522,0.073248103,0.099219671,1287304.812
2617,0.131004512,0.073593669,0.103947673,1246293.447
2618,0.130504522,0.074005137,0.110779007,1301928.004
2619,0.131006393,0.074359172,0.115583003,1249058.965
2620,0.130506404,0.074767838,0.122338669,1308625.009
2621,0.131008275,0.075125671,0.127217,1264618.538
2622,0.130506404,0.075527738,0.133896667,0
2623,0.131008275,0.075891172,0.138851664,1279353.389
2624,0.130506404,0.076291336,0.145455999,0
2625,0.131008275,0.076661369,0.150485001,1290212.948
2626,0.130506404,0.07705687,0.157014669,0
2627,0.131008275,0.077430672,0.162119003,0
2628,0.130506404,0.077822405,0.168572673,1364028.599
2629,0.131008275,0.078202805,0.173750671,1361434.618
2630,0.130506404,0.078590736,0.180128138,1367817.216
2631,0.131010157,0.078976768,0.185380503,1361536.705
2632,0.130508286,0.079360936,0.191682638,1362322.087
2633,0.131012039,0.07975267,0.197011134,1357444.968
2634,0.130508286,0.080132139,0.203238866,1353993.637
2635,0.131012039,0.080527606,0.208641734,1351943.838
2636,0.130508286,0.080903305,0.214794139,1347271.086
2637,0.131012039,0.081305372,0.220270472,1346008.318
2638,0.130508286,0.081677305,0.226348506,1342236.708
2639,0.131012039,0.082085004,0.231900172,1343025.546
2640,0.130511108,0.082453171,0.237902873,1342854.111
2641,0.131014862,0.082866536,0.243528905,1344803.192
2642,0.130513931,0.083229037,0.249455307,1346521.373
2643,0.13101769,0.083648969,0.255157603,1347858.764
2644,0.130516759,0.084007703,0.261007741,1351439.048
2645,0.131020518,0.084435204,0.266781626,1349200.04
2646,0.130516759,0.084789271,0.272555511,1352637.798
2647,0.131020518,0.085220538,0.27840567,1347013.046
2648,0.130516759,0.08556797,0.284107992,1347976.509
2649,0.131020518,0.086005803,0.290034414,1343465.179
2650,0.130516759,0.086352303,0.295660451,1340605.03
2651,0.131020518,0.086796738,0.301658447,1339719.817
2652,0.130516759,0.087136637,0.30720634,0
2653,0.131020518,0.087585772,0.313280609,0
2654,0.130516759,0.087923805,0.318755035,0
2655,0.1310224,0.088379539,0.324904602,0
2656,0.130518641,0.088711939,0.330302765,0
2657,0.131024282,0.08917144,0.336526733,1353128.146
2658,0.130518641,0.08949914,0.341851471,1362051.806
2659,0.131024282,0.089967107,0.348149811,1358827.285
2660,0.130518641,0.090291039,0.353398275,1365402.792
2661,0.131024282,0.090762772,0.35977007,1320307.861
2662,0.130520528,0.091080104,0.364944163,1366825.147
2663,0.131026169,0.091558439,0.371392202,1321220.492
2664,0.130522415,0.091872004,0.376490936,1368214.849
2665,0.131028056,0.092355972,0.383012339,1322589.164
2666,0.130524302,0.092665738,0.3880348,1369671.741
2667,0.131029943,0.093158173,0.394630666,1323825.502
2668,0.130524302,0.093464205,0.399577993,1371057.19
2669,0.131029943,0.093959506,0.406249329,1323627.533
2670,0.130524302,0.094258939,0.411121328,1371034.782
2671,0.131029943,0.094760806,0.417866994,1323422.439
2672,0.130524302,0.095059273,0.42266333,1371715.014
2673,0.131029943,0.095567739,0.429485006,1324531.819
2674,0.130524302,0.095859639,0.434207011,1373374.968
2675,0.131029943,0.096372805,0.441103343,1326132.681
2676,0.130524302,0.096660004,0.445750336,1375515.344
2677,0.131031825,0.097179736,0.452720001,1327764.486
2678,0.130526184,0.097462234,0.45729067,1375976.943
2679,0.131033707,0.097988569,0.464334676,1327386.786
2680,0.130526184,0.098266368,0.468831675,1375514.658
2681,0.131033707,0.098798368,0.475950999,1326678.874
2682,0.130526184,0.099072367,0.480370656,1374761.047
2683,0.131033707,0.099610001,0.487564657,1325043.209
2684,0.130526184,0.099877401,0.49191099,1373053.024
2685,0.131033707,0.100420703,0.499181335,1323753.784
2686,0.130528071,0.100685303,0.503451335,1372421.355
2687,0.131035594,0.101237071,0.510793009,1323769.919
2688,0.130529958,0.101495069,0.514987671,1372917.14
2689,0.131037476,0.102052503,0.52240568,1324931.869
2690,0.13053184,0.102306735,0.526527018,0
2691,0.131039358,0.102870768,0.534018351,1327401.527
2692,0.13053184,0.103118401,0.538062337,0
2693,0.131039358,0.1036862,0.545630005,1330180.334
2694,0.13053184,0.103930066,0.549600667,0
2695,0.131039358,0.104506335,0.557242676,1327767.717
2696,0.13053184,0.104746437,0.561137004,1383902.293
2697,0.13199883,0.067440336,0.007605998,1851515.905
2698,0.13249882,0.067782135,0.011960999,-162063.2881
2699,0.13199883,0.068200203,0.019396662,1412645.536
2700,0.132500707,0.068545771,0.023826665,1452083.617
2701,0.132000717,0.068959104,0.031187998,1250280.961
2702,0.132502594,0.069310336,0.035694667,1208018.448
2703,0.132002604,0.069720868,0.042981003,1249547.578
2704,0.132504481,0.070078702,0.047562007,0
2705,0.132004491,0.070484538,0.054771673,1278877.804
2706,0.132504481,0.070848005,0.059426005,0
2707,0.132004491,0.071250071,0.066559336,1263727.632
2708,0.132506363,0.071620104,0.071288005,1219544.031
2709,0.132006373,0.072020271,0.078346003,1268195.764
2710,0.132508245,0.072395938,0.083150335,1235695.719
2711,0.132006373,0.072790469,0.090134333,1291243.656
2712,0.132508245,0.073169935,0.095014669,1249868.07
2713,0.132006373,0.073559769,0.101920339,1294355.12
2714,0.132508245,0.07394487,0.106874008,1246158.724
2715,0.132008255,0.074332804,0.113705338,1300964.782
2716,0.132512009,0.074725471,0.118736003,1254049.605
2717,0.132012019,0.075109673,0.125491999,1313265.431
2718,0.132513891,0.075506073,0.130594671,1273583.286
2719,0.132012019,0.075885506,0.137274668,0
2720,0.132513891,0.076289439,0.142453339,1285975.234
2721,0.132012019,0.076665138,0.149059336,0
2722,0.132513891,0.077072871,0.154313339,0
2723,0.132012019,0.077442904,0.160843338,0
2724,0.132515778,0.07785627,0.166172007,0
2725,0.132013906,0.078224436,0.172625671,1361434.618
2726,0.132517665,0.078644402,0.178027639,1356221.416
2727,0.132015788,0.079008802,0.184405004,1361536.705
2728,0.132519547,0.079434402,0.189881343,1355324.629
2729,0.13201767,0.079794103,0.196185338,1357444.968
2730,0.132519547,0.080226303,0.201737971,1353801.899
2731,0.13201767,0.080580338,0.207966634,1351943.838
2732,0.132522369,0.081018171,0.213592672,1351042.279
2733,0.132020493,0.081367505,0.219744105,1346008.318
2734,0.132525192,0.081811005,0.225446442,1347893.072
2735,0.132020493,0.08215657,0.231524475,1343025.546
2736,0.132525192,0.082604769,0.237301173,1346570.08
2737,0.132020493,0.082946569,0.243302902,1344803.192
2738,0.132525192,0.083400403,0.249153035,1347326.953
2739,0.132023321,0.083740303,0.255081334,1347858.764
2740,0.132529902,0.084200737,0.261004939,1346946.532
2741,0.13202803,0.084536903,0.266855092,1349200.04
2742,0.132531784,0.08500207,0.27285496,1344516.916
2743,0.13202803,0.085331637,0.278631653,1347013.046
2744,0.132531784,0.085801503,0.284707784,1343816.758
2745,0.13202803,0.086128237,0.290408223,1343465.179
2746,0.132531784,0.08660657,0.29655779,1344560.257
2747,0.13202803,0.086928571,0.302181976,1339719.817
2748,0.132533666,0.087409737,0.308405935,1344064.694
2749,0.132029912,0.087727038,0.313956675,0
2750,0.132535548,0.08821667,0.320256866,0
2751,0.132031794,0.088531138,0.325730367,0
2752,0.13253743,0.089025469,0.332102132,0
2753,0.132033676,0.089333371,0.337500336,1353128.146
2754,0.13253743,0.089833371,0.343948405,1351529.084
2755,0.132033676,0.090139407,0.349273142,1358827.285
2756,0.132539317,0.090645073,0.355794637,1314932.063
2757,0.132035563,0.090944506,0.361043101,1363215.982
2758,0.132541204,0.091455805,0.3676409,1316539.816
2759,0.132035563,0.091752406,0.372815908,1365253.187
2760,0.132541204,0.092272171,0.37948818,1317266.522
2761,0.13203745,0.092562172,0.384585876,1365507.365
2762,0.132544973,0.09308567,0.39133134,1318052.597
2763,0.132041219,0.093371905,0.396353668,1366675.282
2764,0.132546855,0.093903905,0.403175669,1318655.519
2765,0.132041219,0.094185473,0.408124003,1367305.099
2766,0.132546855,0.09472124,0.415019338,1318722.685
2767,0.132041219,0.094997139,0.41989033,1368362.488
2768,0.132546855,0.095541372,0.426859996,1319713.779
2769,0.132041219,0.095813505,0.431658335,1369694.004
2770,0.132548737,0.096363403,0.43870401,1321347.707
2771,0.132043101,0.096630803,0.443427012,1371505.643
2772,0.132550618,0.097186335,0.450547343,1322871.72
2773,0.132044983,0.097448069,0.455193339,1372356.595
2774,0.1325525,0.098008336,0.462387004,1322637.11
2775,0.132046865,0.098266337,0.466957672,1372043.427
2776,0.1325525,0.098834137,0.474227671,1322046.51
2777,0.132046865,0.099088369,0.478723999,1371613.606
2778,0.132554382,0.099659935,0.486067322,1320817.726
2779,0.132048747,0.099907567,0.490488322,1370043.905
2780,0.132556264,0.100486636,0.497906331,1319659.284
2781,0.132048747,0.100732371,0.502253011,1369324.695
2782,0.132556264,0.101319005,0.509744344,1319556.153
2783,0.132048747,0.101559105,0.514014343,1369521.973
2784,0.132558151,0.102149503,0.521579997,1320598.568
2785,0.132052516,0.102384903,0.525776672,1371512.634
2786,0.13256192,0.102980937,0.533418681,1322942.839
2787,0.132054398,0.10321257,0.537539022,0
2788,0.13256192,0.103814237,0.545254354,1325193.42
2789,0.132054398,0.104040235,0.549301351,1376386.27
2790,0.13256192,0.104647568,0.557093018,1322545.871
2791,0.132054398,0.104869802,0.56106368,1378636.345
2792,0.1334988,0.067736003,0.008955332,2170093.656
2793,0.133998789,0.068115471,0.013536001,-150022.9736
2794,0.133500687,0.068507172,0.02097167,1406342.314
2795,0.134002558,0.068892273,0.025628006,1354290.962
2796,0.133504456,0.069282104,0.03298967,1271254.631
2797,0.13400444,0.069674736,0.037720337,1247021.97
2798,0.133504456,0.070060801,0.045006337,1259781.218
2799,0.13400444,0.070459101,0.049810338,1213332.427
2800,0.133504456,0.070840469,0.05702034,1281606.661
2801,0.134006322,0.071242536,0.061898671,0
2802,0.133508219,0.071620104,0.069033005,1267317.443
2803,0.134010086,0.072030637,0.073987671,1238427.562
2804,0.133510101,0.072406303,0.081047002,1279827.182
2805,0.134010086,0.072820602,0.086077001,1241048.036
2806,0.133510101,0.073189702,0.093060669,1300335.133
2807,0.134011973,0.07360967,0.098165003,1244973.695
2808,0.133511988,0.073975004,0.105072673,1297860.065
2809,0.13401386,0.074401538,0.110250671,1251063.32
2810,0.13351387,0.074764071,0.117082672,1305745.655
2811,0.134017624,0.075196271,0.12233667,1264252.521
2812,0.133517634,0.075554072,0.129092672,0
2813,0.134019506,0.075991905,0.134421341,1279867.493
2814,0.133517634,0.076347839,0.14110201,0
2815,0.134019506,0.076789472,0.146506673,0
2816,0.133517634,0.077138804,0.153112005,0
2817,0.134021388,0.077587003,0.158590337,0
2818,0.133521403,0.077934436,0.165120341,0
2819,0.134025157,0.07838827,0.170673004,1342454.32
2820,0.13352329,0.078730069,0.177126638,1356221.416
2821,0.134025157,0.079190503,0.182752635,1346518.709
2822,0.13352329,0.079530436,0.189129974,1355324.629
2823,0.134027985,0.07999557,0.194832306,1348294.092
2824,0.133526118,0.080331736,0.201136307,1353801.899
2825,0.134030813,0.080801603,0.206914902,1349646.776
2826,0.133528941,0.081134003,0.213142604,1351042.279
2827,0.134033635,0.081609502,0.218994603,1350817.336
2828,0.133531764,0.081937169,0.225147008,1347893.072
2829,0.134035517,0.082419271,0.231073441,1349722.533
2830,0.133533646,0.082741305,0.237149572,1346570.08
2831,0.134037399,0.08322904,0.243149434,1347683.631
2832,0.133533646,0.083546338,0.249151169,1347326.953
2833,0.134037399,0.084039739,0.255227305,1344672.392
2834,0.133535528,0.084354238,0.261152776,1346946.532
2835,0.134041168,0.084854238,0.267303304,1340413.035
2836,0.133539296,0.085165904,0.273155334,1344516.916
2837,0.134043055,0.085671537,0.279382111,1340501.118
2838,0.133539296,0.08597757,0.285157867,1343816.758
2839,0.134043055,0.086487902,0.291458099,1344538.479
2840,0.133539296,0.086790169,0.297157583,1344560.257
2841,0.134044937,0.087308037,0.30353126,1347995.033
2842,0.13354306,0.087605604,0.309155426,1344064.694
2843,0.134048701,0.088129138,0.315603495,1344289.453
2844,0.133544942,0.088422902,0.321154195,0
2845,0.134050583,0.088953003,0.327677561,1341489.258
2846,0.133546824,0.089241102,0.333151998,0
2847,0.134052465,0.089775002,0.339749797,1343466.337
2848,0.133546824,0.090059369,0.345148,1351529.084
2849,0.134052465,0.090600805,0.351822062,1307786.913
2850,0.133548711,0.090880473,0.357143962,1358388.445
2851,0.134056234,0.091427539,0.363892395,1311888.194
2852,0.13355248,0.091703438,0.369140869,1362689.327
2853,0.134058116,0.09225707,0.375964681,1312627.411
2854,0.13355248,0.092529203,0.381136983,1362990.09
2855,0.134058116,0.09308757,0.388032349,1312756.975
2856,0.133554362,0.093354037,0.393129008,1363197.202
2857,0.134061885,0.093918037,0.400100342,1313497.798
2858,0.133558131,0.094181671,0.405124674,1364060.967
2859,0.134063772,0.094753237,0.412172668,1314140.466
2860,0.133558131,0.095011238,0.417118998,1365942.724
2861,0.134063772,0.095586571,0.424239329,1315398.01
2862,0.133558131,0.095840805,0.429109334,1367198.226
2863,0.134065648,0.096422704,0.436305003,1316571.602
2864,0.13356189,0.096673169,0.441101339,1368513.477
2865,0.134069407,0.097260737,0.448371338,1317880.398
2866,0.133563772,0.097506503,0.45309434,1369104.811
2867,0.13407223,0.098100637,0.460438009,1317864.917
2868,0.133566594,0.098340736,0.465084676,1369046.217
2869,0.134075053,0.098940536,0.472501678,1317559.054
2870,0.133566594,0.099175936,0.477074005,1368926.378
2871,0.134075053,0.09978137,0.484567342,1316825.931
2872,0.133568476,0.100011136,0.489064331,1367893.967
2873,0.134078822,0.100623169,0.496631999,1315927.751
2874,0.133572245,0.100851036,0.501052999,1367580.623
2875,0.134080709,0.101470604,0.508694336,1315887.466
2876,0.133572245,0.101692838,0.513039001,1367391.445
2877,0.134080709,0.102317136,0.520756327,1316517.466
2878,0.133574132,0.102533702,0.525027323,1368753.055
2879,0.134084483,0.103162669,0.53281899,1318575.871
2880,0.133577906,0.103374504,0.537013672,1370652.396
2881,0.13408637,0.104011971,0.544880676,1320489.113
2882,0.133577906,0.10422007,0.549001017,1372602.953
2883,0.13408637,0.104864136,0.556942342,1317115.447
2884,0.133577906,0.105065636,0.560987345,1373289.456
2885,0.134998769,0.068133339,0.010754669,1905561.837
2886,0.135500641,0.068553274,0.015561676,-138023.9072
2887,0.135002533,0.068920507,0.022999344,1452083.617
2888,0.135504405,0.069347038,0.027881673,1341434.254
2889,0.135004415,0.069711436,0.035241002,1290785.972
2890,0.135504405,0.070143636,0.040195669,1268318.197
2891,0.135004415,0.070505236,0.047479004,1271925.467
2892,0.135506287,0.070943105,0.052510005,1209644.657
2893,0.135008179,0.071299037,0.059719671,1271686.252
2894,0.13551005,0.071740639,0.06482667,1230060.595
2895,0.135010061,0.072094671,0.071960337,1282721.704
2896,0.135511937,0.072542872,0.077140004,1248269.513
2897,0.135011948,0.072893138,0.084197337,1288988.56
2898,0.135513824,0.073344172,0.089451335,1237361.947
2899,0.135013835,0.073691605,0.096435333,1296399.84
2900,0.135517593,0.074149239,0.101765666,1245446.296
2901,0.135017604,0.074493838,0.108673335,1302896.798
2902,0.135519475,0.074958038,0.114078003,1260204.7
2903,0.135019485,0.075297938,0.120909337,1315022.998
2904,0.135523239,0.075767804,0.126387334,1271672.316
2905,0.135023249,0.076103971,0.133143336,0
2906,0.135525121,0.07657947,0.138696004,0
2907,0.135023249,0.076909037,0.145378672,0
2908,0.135525121,0.077388303,0.151006668,1333808.362
2909,0.135025131,0.077716937,0.157613002,0
2910,0.13552889,0.078204669,0.163314336,1333032.498
2911,0.1350289,0.07852857,0.169844335,1342454.32
2912,0.135530777,0.07902007,0.175622004,1330481.523
2913,0.1350289,0.079340205,0.18207667,1346518.709
2914,0.1355336,0.079838305,0.187928609,1335987.829
2915,0.135034551,0.080153737,0.194306905,1348294.092
2916,0.135539251,0.080657504,0.200235209,1340794.336
2917,0.135037379,0.080969203,0.206539205,1349646.776
2918,0.135541133,0.081479568,0.212540939,1346573.303
2919,0.135039261,0.081787468,0.218768636,1350817.336
2920,0.135543015,0.082303436,0.224844772,1350995.023
2921,0.135041143,0.082607572,0.230997172,1349722.533
2922,0.135546778,0.083129239,0.237148636,1349552.602
2923,0.135044907,0.083428673,0.243224767,1347683.631
2924,0.13554866,0.083955971,0.249450602,1343084.488
2925,0.135044907,0.084249738,0.255451406,1344672.392
2926,0.13554866,0.084783638,0.261750676,1335884.97
2927,0.135046794,0.085073639,0.267677104,1340413.035
2928,0.135552429,0.085614105,0.274052663,1334913.213
2929,0.135050563,0.085900337,0.27990564,1340501.118
2930,0.135554311,0.08644647,0.286355581,1340012.214
2931,0.135050563,0.086728002,0.292132284,1344538.479
2932,0.135556198,0.08727977,0.29865567,1346873.16
2933,0.135054331,0.087557538,0.304355164,1347995.033
2934,0.135559967,0.088114972,0.310952932,1345983.248
2935,0.135056213,0.088389005,0.316577098,1344289.453
2936,0.135561849,0.088951136,0.323251129,1339558.426
2937,0.135059977,0.089221369,0.328800893,1341489.258
2938,0.135565613,0.089789136,0.335551198,1337373.59
2939,0.135061859,0.09005467,0.341025665,1343466.337
2940,0.135567495,0.090628103,0.347847575,1299445.375
2941,0.135063741,0.09088987,0.353245768,1350977.896
2942,0.135569377,0.091471771,0.360143901,1305700.809
2943,0.135065623,0.091729772,0.365468628,1357215.243
2944,0.135573146,0.092315437,0.372440196,1308126.033
2945,0.135069392,0.092566836,0.377687775,1359753.417
2946,0.135575033,0.093159103,0.384732737,1308329.805
2947,0.135069392,0.093407705,0.389905009,1360084.852
2948,0.135575033,0.094005638,0.397027334,1308418.037
2949,0.135071279,0.094249504,0.402126007,1360360.602
2950,0.135578801,0.094853071,0.409321665,1309388.943
2951,0.135075048,0.09509317,0.414343994,1362604.106
2952,0.135580683,0.095703336,0.421614319,1311389.631
2953,0.135075048,0.095938736,0.426563324,1364352.023
2954,0.135583511,0.096554537,0.433906993,1312166.46
2955,0.135079753,0.096784271,0.438778666,1365352.037
2956,0.135588216,0.097406637,0.446197662,1313101.987
2957,0.135081629,0.097632637,0.450993998,1365389.345
2958,0.135590093,0.098262571,0.458488332,1356493.282
2959,0.135086329,0.098484805,0.46320934,1365718.985
2960,0.135594793,0.099118469,0.470779012,1357058.784
2961,0.135089152,0.099334101,0.475424683,1365687.068
2962,0.13559668,0.099973434,0.483067678,1358179.558
2963,0.135091039,0.100185303,0.487638011,1365515.175
2964,0.135598567,0.100831238,0.495356333,1358776.942
2965,0.135092926,0.101039337,0.499853333,1365666.959
2966,0.135602336,0.101693769,0.507644999,1312565.893
2967,0.135096695,0.101897168,0.512065002,1365388.305
2968,0.135604218,0.102557236,0.519932007,1312846.052
2969,0.135096695,0.102754969,0.524278666,1366289.031
2970,0.135606099,0.103418803,0.532220011,1314483.369
2971,0.135100464,0.103609937,0.536489339,1367475.622
2972,0.135609868,0.10428127,0.544505025,1364024.331
2973,0.135102351,0.104471469,0.548701681,1368752.23
2974,0.13561175,0.105149434,0.556792684,1362951.974
2975,0.135104233,0.105334002,0.560913005,1368376.955
2976,0.136499674,0.068635206,0.013006337,1625972.7
2977,0.137001546,0.069094704,0.018039001,-113442.3344
2978,0.136504384,0.069439303,0.025476669,1423485.397
2979,0.137004374,0.069903534,0.030580999,1314750.56
2980,0.136504384,0.070243469,0.037940669,1340387.165
2981,0.137006256,0.070713338,0.043121338,1268174.426
2982,0.136508148,0.071051374,0.050407338,1265446.07
2983,0.13701002,0.071527807,0.05566334,1235542.595
2984,0.13651003,0.07186114,0.062873006,1277162.991
2985,0.137011902,0.072340406,0.068203339,1238441.184
2986,0.136513799,0.072668106,0.07533667,1297663.352
2987,0.137015671,0.073153971,0.080740672,1243490.875
2988,0.136515686,0.073479772,0.087798004,1288071.343
2989,0.137017553,0.073973137,0.093278336,1238849.083
2990,0.13651945,0.074295171,0.100261998,1293106.128
2991,0.137023204,0.074795138,0.105816335,1256604.656
2992,0.136523219,0.075113406,0.11272467,1308598.467
2993,0.137025091,0.075619039,0.118352671,1266113.332
2994,0.136525101,0.075933538,0.125184001,0
2995,0.137028854,0.076442937,0.130886332,1319680.182
2996,0.136528865,0.076752703,0.137642334,0
2997,0.137030736,0.077267769,0.143423004,1323467.794
2998,0.136528865,0.077573802,0.15010467,1333808.362
2999,0.137032623,0.078096402,0.155958669,1326099.121
3000,0.136532639,0.078398636,0.162562002,1333032.498
3001,0.137036397,0.07892687,0.168490336,1319850.066
3002,0.136534526,0.079224403,0.17502034,1330481.523
3003,0.137038279,0.079756404,0.181024907,1319416.493
3004,0.13653923,0.080050171,0.187478511,1335987.829
3005,0.137042984,0.080587837,0.19355454,1326591.874
3006,0.136542053,0.080879738,0.199932943,1340794.336
3007,0.137045807,0.08142587,0.206085337,1336042.094
3008,0.136546758,0.081714002,0.212389338,1346573.303
3009,0.137050512,0.082263903,0.218615168,1346119.441
3010,0.13654864,0.082545438,0.224842906,1350995.023
3011,0.137052399,0.083100972,0.231145004,1350490.636
3012,0.136552409,0.083380638,0.237298335,1349552.602
3013,0.137056168,0.083942769,0.243673899,1343661.272
3014,0.136554291,0.084218669,0.249750036,1343084.488
3015,0.13705805,0.084784569,0.256199977,1333114.397
3016,0.136556173,0.085055771,0.262199814,1335884.97
3017,0.137061808,0.085628237,0.268726034,1329866.446
3018,0.136559931,0.085896571,0.274652456,1334913.213
3019,0.137065567,0.086474703,0.281254944,1334111.054
3020,0.136561813,0.08673837,0.287105092,1340012.214
3021,0.137067454,0.087324036,0.293779134,1342040.343
3022,0.136565587,0.087583903,0.299553009,1346873.16
3023,0.137071228,0.088173337,0.306302368,1344338.436
3024,0.136567474,0.088426638,0.312002797,1345983.248
3025,0.13707311,0.089022669,0.318826569,1340382.064
3026,0.136571238,0.089273135,0.324450734,1339558.426
3027,0.137076874,0.089874835,0.331347941,1333879.246
3028,0.13657312,0.090120603,0.336898641,1337373.59
3029,0.137078756,0.090729805,0.343873077,1333836.496
3030,0.136576884,0.090971771,0.349347544,1341250.55
3031,0.13708252,0.091585704,0.356395406,1297897.865
3032,0.136578766,0.091823936,0.361793569,1348967.616
3033,0.137084407,0.092444471,0.368915802,1302068.064
3034,0.13658254,0.092677971,0.374237701,1353370.541
3035,0.137091003,0.093304138,0.381433278,1304182.161
3036,0.13658725,0.093533872,0.386680735,1355918.882
3037,0.137093826,0.094165705,0.393952667,1304077.15
3038,0.13658725,0.09438887,0.399126994,1356087.077
3039,0.137095713,0.095026337,0.406473328,1304806.804
3040,0.136591019,0.095246671,0.411569326,1357951.323
3041,0.137099482,0.095890704,0.418988993,1307006.229
3042,0.136592901,0.096107269,0.424011658,1359989.205
3043,0.137101364,0.096758835,0.43150767,1350072.675
3044,0.13659761,0.096970703,0.436454,1361290.1
3045,0.137106074,0.097626071,0.444023336,1350660.393
3046,0.136600438,0.09783227,0.448895325,1360838.502
3047,0.137107956,0.098494202,0.456539001,1351326.318
3048,0.136604197,0.098698502,0.461335673,1361400.836
3049,0.137113597,0.099366102,0.46905367,1352153.433
3050,0.136607956,0.099563835,0.473776001,1361733.747
3051,0.137115479,0.100237101,0.481569336,1353676.505
3052,0.136609843,0.100431068,0.486215342,1362183.57
3053,0.137119253,0.101112803,0.494083344,1354916.48
3054,0.136613617,0.101301104,0.498654002,1362323.132
3055,0.13712114,0.101988472,0.506597331,1355956.86
3056,0.136615499,0.102173037,0.511091329,1362677.229
3057,0.137124898,0.102867002,0.519107992,1359230.785
3058,0.136619258,0.103047801,0.523528666,1363051.954
3059,0.137126775,0.103745501,0.531619995,1359139.065
3060,0.13662114,0.10391877,0.535964681,1363535.655
3061,0.137130544,0.104622136,0.544130351,1358091.291
3062,0.136624908,0.104793503,0.548401367,1364024.331
3063,0.137135254,0.105505335,0.556643026,1357081.713
3064,0.136629613,0.105671069,0.560837687,1362951.974
3065,0.137998683,0.069240669,0.015707326,1275207.6
3066,0.138500559,0.069740636,0.020963328,-104335.5109
3067,0.138003413,0.070058901,0.028399333,1423906.545
3068,0.138505295,0.070562668,0.03372967,1248621.293
3069,0.138008128,0.070877169,0.041092005,1334254.503
3070,0.13851001,0.071386571,0.046498672,1290946.764
3071,0.13801001,0.071699173,0.053784007,1277143.467
3072,0.138511876,0.072214238,0.059264008,1254136.816
3073,0.138013758,0.072522138,0.066473674,1285869.529
3074,0.138515625,0.073041903,0.072028005,1232425.079
3075,0.13801564,0.073346036,0.079161672,1294033.949
3076,0.138517522,0.07387427,0.084791672,1241044.473
3077,0.138019419,0.07417557,0.091851003,1283550.502
3078,0.138523168,0.074709437,0.097555003,1252312.818
3079,0.138025055,0.075006971,0.104536672,1295903.42
3080,0.138526922,0.075544637,0.110315008,1259867.301
3081,0.138026942,0.075838437,0.117222672,1313737.193
3082,0.138528824,0.076380803,0.12307667,1311951.086
3083,0.138030726,0.076670804,0.129909002,1319680.182
3084,0.138534475,0.077218803,0.135837336,1312642.004
3085,0.138034475,0.077506002,0.142595337,1323467.794
3086,0.138536341,0.078059669,0.148599004,1316363.393
3087,0.138036362,0.078344037,0.15528067,1326099.121
3088,0.138540131,0.078904271,0.161358668,1312592.558
3089,0.138040151,0.07918487,0.167965001,1319850.066
3090,0.1385439,0.079749837,0.174117335,1309460.321
3091,0.1380439,0.080023837,0.180647237,1319416.493
3092,0.138547648,0.080595403,0.186872971,1310443.393
3093,0.138045781,0.080865636,0.19332667,1326591.874
3094,0.138550481,0.081443771,0.199628769,1320934.183
3095,0.138051437,0.081712105,0.206009033,1336042.094
3096,0.138558004,0.082295904,0.2123874,1335863.079
3097,0.138056127,0.08255957,0.218689535,1346119.441
3098,0.13855987,0.083147138,0.225141368,1345340.063
3099,0.138058014,0.083407005,0.2313691,1350490.636
3100,0.138563655,0.084003036,0.237894368,1344224.611
3101,0.138061798,0.084259135,0.244045837,1343661.272
3102,0.138565552,0.084860802,0.250645508,1333826.919
3103,0.13806368,0.085110336,0.256723511,1333114.397
3104,0.1385693,0.085717672,0.263399414,1327324.189
3105,0.138069305,0.085964371,0.2694021,1329866.446
3106,0.138574946,0.08657827,0.276152425,1329673.874
3107,0.138073085,0.086820269,0.282078847,1334111.054
3108,0.138576848,0.08743987,0.288902588,1336099.253
3109,0.138074972,0.08767997,0.294752726,1342040.343
3110,0.138580602,0.088306137,0.301650869,1338981.612
3111,0.138078725,0.088539637,0.307426636,1344338.436
3112,0.138584366,0.089169571,0.314400096,1338867.215
3113,0.138082504,0.089399302,0.320099599,1340382.064
3114,0.138588145,0.090034869,0.327147471,1333899.089
3115,0.138084386,0.090259936,0.332771647,1333879.246
3116,0.138590012,0.090901171,0.339895772,1329311.59
3117,0.138088135,0.091125272,0.345446503,1333836.496
3118,0.138596593,0.091773071,0.352644063,1329476.579
3119,0.13809285,0.091991536,0.3581185,1338264.629
3120,0.138599426,0.092645968,0.365389506,1294792.571
3121,0.138094737,0.092860669,0.370788645,1344500.487
3122,0.138603216,0.093522603,0.378134145,1298358.136
3123,0.138101349,0.093732572,0.383456879,1349071.48
3124,0.138609807,0.094400139,0.390878672,1299812.626
3125,0.138106038,0.094603539,0.396127004,1351646.563
3126,0.138611674,0.095274905,0.403622335,1300668.274
3127,0.138107925,0.095474538,0.408794332,1352881.984
3128,0.138615458,0.096154371,0.416364003,1302449.971
3129,0.13811171,0.096350202,0.421462667,1354536.044
3130,0.138619222,0.097033801,0.429107666,1343526.924
3131,0.138115458,0.097225868,0.434130005,1356030.841
3132,0.138622971,0.097917969,0.441849345,1344915.281
3133,0.13811734,0.098106303,0.446796346,1355850.697
3134,0.138624873,0.098802137,0.454590007,1345603.968
3135,0.138121124,0.098983836,0.459460673,1356493.282
3136,0.138630524,0.099687202,0.467329671,1347027.096
3137,0.138126755,0.099865168,0.472125997,1357058.784
3138,0.138634272,0.100575137,0.480069326,1348411.396
3139,0.138128637,0.100749336,0.484790334,1358179.558
3140,0.138636175,0.101464971,0.492807343,1350559.484
3141,0.138132426,0.101634471,0.497454346,1358776.942
3142,0.138642761,0.102354772,0.505547689,1351313.514
3143,0.13813711,0.102520472,0.510120015,1359580.952
3144,0.138647461,0.10324644,0.518286336,1355490.751
3145,0.138140889,0.103408404,0.522780314,1359230.785
3146,0.13865124,0.104140971,0.531021973,1354471.38
3147,0.138142766,0.104297269,0.535440979,1359139.065
3148,0.138653107,0.105036438,0.543756327,1352526.288
3149,0.13814652,0.105188037,0.548101013,1358091.291
3150,0.138658758,0.105933805,0.55649235,1351267.614
3151,0.138153127,0.106079737,0.560763346,1357081.713
3152,0.139497706,0.069950638,0.018855998,1875299.529
3153,0.139999608,0.070488271,0.024336334,-138539.7393
3154,0.139504344,0.070782036,0.031774002,1328930.092
3155,0.14000621,0.071324402,0.037330338,1264052.771
3156,0.139509043,0.071614436,0.044692673,1344819.325
3157,0.14001091,0.072162437,0.050322673,1308865.855
3158,0.139513743,0.072449638,0.057608673,1299754.332
3159,0.14001561,0.073006104,0.063314672,1257407.209
3160,0.13951561,0.073290469,0.070524338,1279201.022
3161,0.140017476,0.073850703,0.076304001,1231001.549
3162,0.139519374,0.074130371,0.083437668,1284865.009
3163,0.140023137,0.074695338,0.089293666,1253575.747
3164,0.139525035,0.074973104,0.096351669,1288954.966
3165,0.140028768,0.07554277,0.102281672,1263091.343
3166,0.139528768,0.07581677,0.109263341,1304869.783
3167,0.140030635,0.076393036,0.115267008,1299144.121
3168,0.13953067,0.076663269,0.122172674,1311951.086
3169,0.140034439,0.077245171,0.12825267,1301891.579
3170,0.139536341,0.077510704,0.135085002,1312642.004
3171,0.140040075,0.078100136,0.141239334,1304446.95
3172,0.139540075,0.078361903,0.147995336,1316363.393
3173,0.140043844,0.07895607,0.154225001,1301602.736
3174,0.139543879,0.079214071,0.160906667,1312592.558
3175,0.140047648,0.079813871,0.167210668,1301859.852
3176,0.139547648,0.080069038,0.173815002,1309460.321
3177,0.140051381,0.080674505,0.180193303,1298954.186
3178,0.139551381,0.08092687,0.186721369,1310443.393
3179,0.140056081,0.081538902,0.193173203,1304083.915
3180,0.139557048,0.081785571,0.199626902,1320934.183
3181,0.140063644,0.082403239,0.206155004,1320643.512
3182,0.139563644,0.082645238,0.212535238,1335863.079
3183,0.140067408,0.083268603,0.219134903,1334365.513
3184,0.139565511,0.083506836,0.225438899,1345340.063
3185,0.140069275,0.084136737,0.232114833,1338941.458
3186,0.139569275,0.08437307,0.23834257,1344224.611
3187,0.140074941,0.085008636,0.245091939,1334443.697
3188,0.139573074,0.08524027,0.251243408,1333826.919
3189,0.14007871,0.085879606,0.258069977,1327408.692
3190,0.139576808,0.086107473,0.26414798,1327324.189
3191,0.140082443,0.086753438,0.271048014,1327360.772
3192,0.139580577,0.086977537,0.277049774,1329673.874
3193,0.140086243,0.087629135,0.2840242,1330446.445
3194,0.139584376,0.08784947,0.289950592,1336099.253
3195,0.140090007,0.088506704,0.297000326,1331816.85
3196,0.139588109,0.088723272,0.302850464,1338981.612
3197,0.140095642,0.089387072,0.309973663,1333225.944
3198,0.139593775,0.089599871,0.315747528,1338867.215
3199,0.140099442,0.090269338,0.322946991,1332831.964
3200,0.139595673,0.090474604,0.32864743,1333899.089
3201,0.140102239,0.09114974,0.335921305,1328082.69
3202,0.139600337,0.09135124,0.341545471,1329311.59
3203,0.140108805,0.092035805,0.348892771,1322879.251
3204,0.139606939,0.092233536,0.354440633,1329476.579
3205,0.140115407,0.092921834,0.361862305,1324303.35
3206,0.139611638,0.093115801,0.367336741,1333970.387
3207,0.140117274,0.093811635,0.374834707,1330270.896
3208,0.139613541,0.094003736,0.380232971,1340423.438
3209,0.140121073,0.094703336,0.387804362,1337829.336
3210,0.139619207,0.094889771,0.39312733,1345701.39
3211,0.140126704,0.095595037,0.400773,1342163.11
3212,0.13962294,0.095776772,0.406019674,1347928.361
3213,0.140130473,0.096488637,0.413740682,1337676.663
3214,0.13962674,0.096666603,0.418913015,1348998.771
3215,0.140136139,0.097384102,0.426708354,1337901.624
3216,0.13963237,0.097555468,0.431804342,1350072.675
3217,0.140139872,0.098279536,0.439673004,1338726.071
3218,0.139634237,0.098449969,0.444695669,1350660.393
3219,0.140141774,0.099182536,0.452640004,1340305.898
3220,0.139638041,0.099346369,0.457587341,1351326.318
3221,0.140148376,0.100081736,0.465605001,1341855.403
3222,0.139644608,0.10024087,0.470476664,1352153.433
3223,0.140154943,0.100982869,0.478569661,1343681.741
3224,0.139648376,0.10113917,0.483365997,1353676.505
3225,0.140156845,0.101887736,0.491533335,1345875.203
3226,0.139650279,0.102039337,0.496253672,1354916.48
3227,0.140160614,0.102792636,0.504496338,1346940.433
3228,0.139656845,0.102938571,0.509143351,1355956.86
3229,0.140167175,0.103698435,0.517461344,1351222.575
3230,0.139663442,0.103840604,0.522032003,1355490.751
3231,0.140172841,0.104608004,0.530421326,1349072.281
3232,0.139667211,0.104746407,0.534917318,1354471.38
3233,0.14017661,0.105520406,0.543383341,1346796.406
3234,0.13967098,0.105654139,0.547803345,1352526.288
3235,0.140180379,0.106433805,0.556342692,1344566.415
3236,0.139674744,0.106561872,0.560687012,1351267.614
3237,0.140997706,0.070762271,0.022455007,1716558.149
3238,0.141499573,0.071338504,0.028161006,-119973.5644
3239,0.141003342,0.07160687,0.035598668,1310708.673
3240,0.141505208,0.072188769,0.041381002,1245881.408
3241,0.141009944,0.072454302,0.048742671,1357436.254
3242,0.14151181,0.07304187,0.054599335,1284122.288
3243,0.141014643,0.07330647,0.061885335,1309988.424
3244,0.14151651,0.073900637,0.067815333,1256007.369
3245,0.141019343,0.074160505,0.075024333,1273460.692
3246,0.141523076,0.074757472,0.081028,1245605.07
3247,0.141024974,0.075012637,0.088163666,1288899.382
3248,0.141528737,0.075618103,0.094244334,1302796.152
3249,0.141030635,0.075870471,0.101304337,1301412.087
3250,0.141532501,0.076480639,0.107458338,1302087.317
3251,0.141032501,0.076729205,0.114439341,1299144.121
3252,0.141534368,0.07734687,0.120667007,1293293.213
3253,0.14103627,0.077592603,0.127574671,1301891.579
3254,0.141540039,0.078214071,0.133878667,1295207.06
3255,0.141041941,0.07845607,0.140710999,1304446.95
3256,0.141545675,0.079084137,0.147089335,1291732.921
3257,0.141047577,0.07932237,0.153847336,1301602.736
3258,0.141551346,0.079954203,0.160301005,1293182.706
3259,0.141051381,0.080187703,0.166982671,1301859.852
3260,0.141555115,0.080827037,0.173510676,1292059.038
3261,0.141055115,0.08105867,0.180116974,1298954.186
3262,0.141558848,0.081704603,0.18671847,1293336.232
3263,0.141059814,0.08193247,0.193246633,1304083.915
3264,0.141563578,0.082582171,0.199922567,1304972.28
3265,0.141066442,0.082806272,0.206377238,1320643.512
3266,0.141570206,0.083462573,0.21312944,1319696.796
3267,0.141071172,0.083682905,0.219506872,1334365.513
3268,0.141574905,0.084344872,0.226332504,1327979.036
3269,0.141074905,0.084560471,0.23263647,1338941.458
3270,0.141580541,0.085228038,0.239538406,1330575.816
3271,0.141080577,0.08543987,0.245766139,1334443.697
3272,0.141586212,0.08611407,0.252741501,1329961.144
3273,0.141086212,0.086322172,0.25889387,1327408.692
3274,0.141591843,0.087002004,0.265943614,1328845.023
3275,0.141089976,0.087205404,0.272019755,1327360.772
3276,0.141595606,0.087890902,0.279144836,1327275.672
3277,0.14109374,0.088090535,0.285147522,1330446.445
3278,0.14159937,0.088782603,0.292346985,1325619.718
3279,0.141097504,0.088978437,0.298273397,1331816.85
3280,0.141603139,0.08967617,0.305546305,1326861.7
3281,0.141103175,0.089868238,0.311396434,1333225.944
3282,0.14160881,0.090572571,0.318743734,1328936.59
3283,0.141106944,0.090760872,0.324520426,1332831.964
3284,0.14161351,0.091470838,0.331944,1327401.963
3285,0.141112574,0.091654439,0.33764444,1328082.69
3286,0.141621007,0.092370071,0.345141449,1320463.141
3287,0.141119141,0.092549937,0.350765615,1322879.251
3288,0.141626673,0.093272135,0.358336975,1317157.205
3289,0.141124807,0.093446302,0.363885803,1324303.35
3290,0.141632304,0.094174136,0.371533437,1320393.119
3291,0.14112854,0.094345502,0.377007904,1330270.896
3292,0.141636073,0.095079035,0.384728831,1328324.092
3293,0.141132339,0.095244769,0.390127024,1337829.336
3294,0.141639872,0.095984868,0.397922658,1334612.139
3295,0.141136103,0.096148702,0.403245667,1342163.11
3296,0.141643606,0.096894435,0.411115672,1330716.326
3297,0.141141739,0.097052635,0.416364014,1343655.702
3298,0.141649277,0.09780497,0.424309347,1332804.745
3299,0.14114741,0.097958471,0.429481354,1343526.924
3300,0.141654912,0.098716438,0.437501007,1333131.293
3301,0.141151143,0.098866137,0.44259667,1344915.281
3302,0.141659612,0.099629771,0.450690664,1334939.123
3303,0.141155879,0.099775736,0.455711334,1345603.968
3304,0.141666245,0.100545036,0.463881673,1336807.094
3305,0.141162476,0.100687202,0.468828003,1347027.096
3306,0.141672806,0.101462135,0.477070679,1339028.651
3307,0.141169042,0.101598668,0.481940674,1348411.396
3308,0.141678477,0.102380201,0.490259674,1340927.892
3309,0.141172846,0.102512967,0.495056,1350559.484
3310,0.141682246,0.103302968,0.503449331,1342230.726
3311,0.14117658,0.103431035,0.508169332,1351313.514
3312,0.141687876,0.104226669,0.516637329,1346543.328
3313,0.141182241,0.104348134,0.521282328,1351222.575
3314,0.141691671,0.105150368,0.529824666,1343950.608
3315,0.141186005,0.105268069,0.534393005,1349072.281
3316,0.141695404,0.106075971,0.54300769,1341276.786
3317,0.14119164,0.106189906,0.547502035,1346796.406
3318,0.141701075,0.107003471,0.556193034,1338446.306
3319,0.141195445,0.107113637,0.560613688,1344566.415
3320,0.142499537,0.071676537,0.026505671,1537559.14
3321,0.14300327,0.072292371,0.032437668,1458141.368
3322,0.142505173,0.072536237,0.039875336,1321832.292
3323,0.143007039,0.073157702,0.045881002,1201749.698
3324,0.142508942,0.073397802,0.053243332,1355666.093
3325,0.143010808,0.074025869,0.059322998,1256283.065
3326,0.142515544,0.074264104,0.066608999,1310445.475
3327,0.14301741,0.074897804,0.072762334,1270787.005
3328,0.14252211,0.075131304,0.079972336,1283391.716
3329,0.143023041,0.075768771,0.086204005,1305653.273
3330,0.142527771,0.076000404,0.093340337,1302796.152
3331,0.143029668,0.07664447,0.099646337,1301329.815
3332,0.142532501,0.076872337,0.106704336,1302087.317
3333,0.143034368,0.077522036,0.113082001,1293710.379
3334,0.142536235,0.077748004,0.12006367,1293293.213
3335,0.143040003,0.078404269,0.126517334,1285577.403
3336,0.142541906,0.078624603,0.133424667,1295207.06
3337,0.143045675,0.079284671,0.139954666,1282971.143
3338,0.142547541,0.079502205,0.146787003,1291732.921
3339,0.14305131,0.080169805,0.153391337,1282622.282
3340,0.142553212,0.08038357,0.160147339,1293182.706
3341,0.143056981,0.081057737,0.166825338,1282962.442
3342,0.142558848,0.081267703,0.173507009,1292059.038
3343,0.143062612,0.081947538,0.180259272,1286297.871
3344,0.142562612,0.082152804,0.186864436,1293336.232
3345,0.143066376,0.082836405,0.19369013,1293405.176
3346,0.142566376,0.083037905,0.200220098,1304972.28
3347,0.143072973,0.083728106,0.207122035,1303617.146
3348,0.142573939,0.083928673,0.213576706,1319696.796
3349,0.143080505,0.08462734,0.22055394,1313368.061
3350,0.142580505,0.084823207,0.226932307,1327979.036
3351,0.143086141,0.085524673,0.233983907,1320509.041
3352,0.142586177,0.085713905,0.240286041,1330575.816
3353,0.143091812,0.086421972,0.247412038,1327944.535
3354,0.142591812,0.086610303,0.253639765,1329961.144
3355,0.143097443,0.087324038,0.260841095,1332602.443
3356,0.142597473,0.087507637,0.266992574,1328845.023
3357,0.143103104,0.088227005,0.274266429,1327279.527
3358,0.142603104,0.088406871,0.28034255,1327275.672
3359,0.143108739,0.089132838,0.287692678,1321673.121
3360,0.142606873,0.089308937,0.293694427,1325619.718
3361,0.143112508,0.090041504,0.301117971,1320561.551
3362,0.142610641,0.090212903,0.307043437,1326861.7
3363,0.14311911,0.09095017,0.314543274,1323397.747
3364,0.142617243,0.09111777,0.320393443,1328936.59
3365,0.143125707,0.091861603,0.327967641,1324253.812
3366,0.14262384,0.09202637,0.333741506,1327401.963
3367,0.143132304,0.092775869,0.34138914,1320722.769
3368,0.142630407,0.092935969,0.347088643,1320463.141
3369,0.143137939,0.093691137,0.354810679,1313194.185
3370,0.142636073,0.093847438,0.360434845,1317157.205
3371,0.143143606,0.094609172,0.368230306,1312628.12
3372,0.142641703,0.094761703,0.37378007,1320393.119
3373,0.143149206,0.095529104,0.381651845,1318460.19
3374,0.142647339,0.095675069,0.387126139,1328324.092
3375,0.143154877,0.096446236,0.395072337,1325770.6
3376,0.142651143,0.096590302,0.400470662,1334612.139
3377,0.143158676,0.097369934,0.40849233,1322033.432
3378,0.142654907,0.097510234,0.413814331,1337676.663
3379,0.143165243,0.098296468,0.421910004,1326388.198
3380,0.142661479,0.098433004,0.427156677,1337901.624
3381,0.143171844,0.099224904,0.435326009,1328369.824
3382,0.142667145,0.099354838,0.440498332,1338726.071
3383,0.143177475,0.100152369,0.448741994,1329411.482
3384,0.142673711,0.100277603,0.453838664,1340305.898
3385,0.143184077,0.101080803,0.46215567,1331906.236
3386,0.142680344,0.101202271,0.467178009,1341855.403
3387,0.143189743,0.102012037,0.47557134,1334274.183
3388,0.142685974,0.102129735,0.48051768,1343681.741
3389,0.143195374,0.102946101,0.48898468,1336333.753
3390,0.14269164,0.103060033,0.493856679,1345875.203
3391,0.14320104,0.103882034,0.502399668,1336637.351
3392,0.142697276,0.103992203,0.507195994,1346940.433
3393,0.143206675,0.104822703,0.515811666,1341013.534
3394,0.142702942,0.104929103,0.520533,1346543.328
3395,0.143213272,0.105762403,0.529223999,1338742.226
3396,0.142707637,0.105862203,0.533870667,1343950.608
3397,0.143217972,0.106701169,0.542636007,1335281.153
3398,0.142711405,0.106797236,0.547204692,1341276.786
3399,0.143223607,0.107642804,0.556043355,1332626.135
3400,0.142717041,0.107735105,0.560537354,1338446.306
3401,0.14400327,0.072693504,0.03100767,1361469.966
3402,0.144505137,0.073347939,0.037163671,1355964.594
3403,0.144007004,0.07356827,0.044599335,1303727.23
3404,0.144508906,0.074228305,0.050830002,1170406.596
3405,0.144010808,0.074445803,0.058191335,1336233.246
3406,0.144514577,0.075111504,0.064497335,1265232.803
3407,0.144016444,0.075325269,0.071782333,1325579.894
3408,0.144520208,0.075996635,0.078162669,1351355.977
3409,0.144022105,0.076206637,0.085374339,1305653.273
3410,0.144525869,0.07688457,0.091831004,1304218.391
3411,0.144028702,0.077090769,0.09896667,1301329.815
3412,0.144533401,0.077774368,0.10549467,1293745.64
3413,0.144036235,0.077977768,0.112552002,1293710.379
3414,0.144539968,0.078667969,0.119156336,1284857.694
3415,0.14404187,0.078868502,0.126139999,1285577.403
3416,0.144545639,0.079562469,0.132819667,1275235.094
3417,0.144047541,0.079758303,0.139727,1282971.143
3418,0.144551275,0.080459803,0.146481333,1275881.267
3419,0.144053177,0.08065377,0.153313334,1282622.282
3420,0.144556941,0.08136187,0.160141001,1274914.536
3421,0.144058843,0.081552071,0.166897003,1282962.442
3422,0.144562571,0.082263903,0.173801005,1277901.168
3423,0.144064473,0.082449404,0.180481603,1286297.871
3424,0.144568237,0.083166903,0.187458705,1286493.834
3425,0.14407014,0.083348638,0.194062068,1293405.176
3426,0.144576706,0.084072703,0.20111557,1291203.086
3427,0.144079539,0.084250671,0.207645569,1303617.146
3428,0.144586105,0.084980403,0.214773473,1297480.189
3429,0.144086105,0.085156504,0.221227173,1313368.061
3430,0.144591741,0.085891904,0.228429438,1305977.502
3431,0.144091777,0.086064206,0.234807805,1320509.041
3432,0.144597412,0.08680334,0.242083537,1319543.201
3433,0.144097412,0.086971873,0.248385635,1327944.535
3434,0.144603043,0.087719505,0.255736705,1332043.321
3435,0.144103073,0.087883339,0.261964437,1332602.443
3436,0.144608739,0.088636604,0.269389893,1330288.649
3437,0.144108739,0.088796672,0.275540405,1327279.527
3438,0.144614375,0.089556536,0.283040222,1320336.309
3439,0.144114375,0.089712837,0.289116374,1321673.121
3440,0.14462001,0.090478371,0.296691518,1316476.758
3441,0.14412001,0.090630938,0.302691366,1320561.551
3442,0.144626577,0.091402138,0.310340892,1317261.502
3443,0.144127543,0.09154997,0.316267334,1323397.747
3444,0.14463414,0.092327703,0.323991272,1318928.404
3445,0.144134171,0.092471736,0.32984141,1324253.812
3446,0.144641703,0.09325607,0.337638743,1318032.537
3447,0.144141703,0.093395437,0.343412608,1320722.769
3448,0.144649206,0.094185438,0.351286245,1313149.036
3449,0.144147339,0.094321037,0.356984812,1313194.185
3450,0.144654877,0.095116704,0.364932851,1307875.961
3451,0.14415301,0.095248538,0.370554179,1312628.12
3452,0.144660512,0.096048904,0.378577474,1309701.499
3453,0.14415861,0.096176938,0.384125376,1318460.19
3454,0.144666143,0.096982938,0.392223012,1315681.329
3455,0.144164276,0.09710627,0.397695679,1325770.6
3456,0.144672745,0.097919802,0.405867004,1322033.432
3457,0.144170878,0.098039401,0.41126533,1330716.326
3458,0.144679342,0.098859535,0.41951,1319032.047
3459,0.144177475,0.098976303,0.424832672,1332804.745
3460,0.144685908,0.099802071,0.433152679,1323376.13
3461,0.144184041,0.099914136,0.438399343,1333131.293
3462,0.144691574,0.10074557,0.446792674,1324677.041
3463,0.144189707,0.100853869,0.451963003,1334939.123
3464,0.144699107,0.101690936,0.460432668,1327149.36
3465,0.14419724,0.101792636,0.465528666,1336807.094
3466,0.14470664,0.102636304,0.474071676,1329945.279
3467,0.144202876,0.102734238,0.47909201,1339028.651
3468,0.144712275,0.103584503,0.487709676,1331539.395
3469,0.144208542,0.103678668,0.492656006,1340927.892
3470,0.144718908,0.104536469,0.501349009,1331531.629
3471,0.144215139,0.104625903,0.506220673,1342230.726
3472,0.144725474,0.105489337,0.514987661,1335911.835
3473,0.144220774,0.105575968,0.519782328,1341013.534
3474,0.14473114,0.106446002,0.528622009,1333025.209
3475,0.144227371,0.106526037,0.533342346,1338742.226
3476,0.144737701,0.107399836,0.542257345,1330361.985
3477,0.144233938,0.107475169,0.546904338,1335281.153
3478,0.144745239,0.108356501,0.555893677,1326773.952
3479,0.144241475,0.10842807,0.56046401,1332626.135
3480,0.14550324,0.073812139,0.03595667,1387086.741
3481,0.146005107,0.074506106,0.04233667,1533364.231
3482,0.145508906,0.07470194,0.049774338,1270045.842
3483,0.146010773,0.07540154,0.056230006,1193747.885
3484,0.145514542,0.075593605,0.06359167,1331679.683
3485,0.146016408,0.076298871,0.070123337,1350568.495
3486,0.145520208,0.076488136,0.077409337,1351355.977
3487,0.146022074,0.077200005,0.08401534,1342234.978
3488,0.145525838,0.077386436,0.091225337,1304218.391
3489,0.146029572,0.078102971,0.097905004,1299762.431
3490,0.145534302,0.078284704,0.105038671,1293745.64
3491,0.146039001,0.079005971,0.111791672,1279984.709
3492,0.145541835,0.079185837,0.118852005,1284857.694
3493,0.146045568,0.079915571,0.125682337,1271016.236
3494,0.14554747,0.08009167,0.132666336,1275235.094
3495,0.146051239,0.08082517,0.139570002,1269063.371
3496,0.145553141,0.08099747,0.146477666,1275881.267
3497,0.146056875,0.081737536,0.153457667,1267306.245
3498,0.145558772,0.081907969,0.160289001,1274914.536
3499,0.146064402,0.082653702,0.167342336,1268445.025
3500,0.145566299,0.082819435,0.174098338,1277901.168
3501,0.146071935,0.083570836,0.181226171,1277386.625
3502,0.145571971,0.083732803,0.18790594,1286493.834
3503,0.146077606,0.084490804,0.195107203,1283485.548
3504,0.145580439,0.084648969,0.20171347,1291203.086
3505,0.146087006,0.085412603,0.208991069,1285215.925
3506,0.145589839,0.085566068,0.215521072,1297480.189
3507,0.146093608,0.086335368,0.222873072,1291183.76
3508,0.14559551,0.086485102,0.229327738,1305977.502
3509,0.146101176,0.087260971,0.236753169,1308054.665
3510,0.145603043,0.087406906,0.2431306,1319543.201
3511,0.146108673,0.088189372,0.250629506,1325708.16
3512,0.145608673,0.088333438,0.256933512,1332043.321
3513,0.146114339,0.089121569,0.264509613,1330090.463
3514,0.145614375,0.089260902,0.270738261,1330288.649
3515,0.14612001,0.09005467,0.278387787,1322775.526
3516,0.14562001,0.090190236,0.284539235,1320336.309
3517,0.146125641,0.09098777,0.292264119,1314977.239
3518,0.145625641,0.091119603,0.298340251,1316476.758
3519,0.146134104,0.091925639,0.306137634,1312966.532
3520,0.14563504,0.092055606,0.312138428,1317261.502
3521,0.146143504,0.092865372,0.320012065,1312951.709
3522,0.145641637,0.092989637,0.325938466,1318928.404
3523,0.14614917,0.093805969,0.333885539,1313741.897
3524,0.145649206,0.09392837,0.339735677,1318032.537
3525,0.146156708,0.094751338,0.347759043,1312916.316
3526,0.145656708,0.094869039,0.353535746,1313149.036
3527,0.14616421,0.095696704,0.361633504,1306613.964
3528,0.145664246,0.095808769,0.367332041,1307875.961
3529,0.146171778,0.096642103,0.375503337,1303455.1
3530,0.145669912,0.096750404,0.381127441,1309701.499
3531,0.146177409,0.097592171,0.38937501,1306129.031
3532,0.145675542,0.097696671,0.394922679,1315681.329
3533,0.146184006,0.098544103,0.403241679,1312685.932
3534,0.145683075,0.098643903,0.408713338,1322033.432
3535,0.146191544,0.099497935,0.417108673,1310117.309
3536,0.145689677,0.099593969,0.422507009,1326388.198
3537,0.146199107,0.100453669,0.430976674,1316559.211
3538,0.145697205,0.100545003,0.436299672,1328369.824
3539,0.146206604,0.101410337,0.444843669,1319842.647
3540,0.14570284,0.101498838,0.450090007,1329411.482
3541,0.146212275,0.102370771,0.45870634,1322218.782
3542,0.145710409,0.102454569,0.463878672,1331906.236
3543,0.146219808,0.103332136,0.472571665,1324833.511
3544,0.145717906,0.10341217,0.477668671,1334274.183
3545,0.146228241,0.104296338,0.486435669,1326202.448
3546,0.145726374,0.104370738,0.49145634,1336333.753
3547,0.14623674,0.105260536,0.500299001,1331531.629
3548,0.145733007,0.105332102,0.505245341,1336637.351
3549,0.146243337,0.106229436,0.514162008,1330217.131
3550,0.145739573,0.106297236,0.519032664,1335911.835
3551,0.146250839,0.10719927,0.528024007,1328081.888
3552,0.145747106,0.107261403,0.532818685,1333025.209
3553,0.146258408,0.108169103,0.541883708,1325212.422
3554,0.145752772,0.108227501,0.54660203,1330361.985
3555,0.146264043,0.109140867,0.555743022,1321817.537
3556,0.145760274,0.109194534,0.560387675,1326773.952
3557,0.147003209,0.075035273,0.041355672,1576659.792
3558,0.147505076,0.075768773,0.047963674,2003255.432
3559,0.14700884,0.075939206,0.05540034,1265538.212
3560,0.147510707,0.076677406,0.062082006,1287689.214
3561,0.147014506,0.076845006,0.069443339,1350568.495
3562,0.147518275,0.077590739,0.076199341,1312785.405
3563,0.147022044,0.077756472,0.083485341,1342234.978
3564,0.147525777,0.078506938,0.090315008,1331219.825
3565,0.147029541,0.078667005,0.097524673,1299762.431
3566,0.147533305,0.079423103,0.104430339,1285635.808
3567,0.147038035,0.079580338,0.11156367,1279984.709
3568,0.147541804,0.080342105,0.118543671,1262864.291
3569,0.147046504,0.080497472,0.125602005,1271016.236
3570,0.147550273,0.081265806,0.13265834,1265592.263
3571,0.147053106,0.081417404,0.139642339,1269063.371
3572,0.147556875,0.082189504,0.146772003,1261725.53
3573,0.147058741,0.082337336,0.153679667,1267306.245
3574,0.147562505,0.083116969,0.160883001,1258840.501
3575,0.147066269,0.083262901,0.167714335,1268445.025
3576,0.147571935,0.084048203,0.174992004,1267020.855
3577,0.147075704,0.084190404,0.181747838,1277386.625
3578,0.147579473,0.084982305,0.189099909,1273738.096
3579,0.14708134,0.085120738,0.195779505,1283485.548
3580,0.147585108,0.085916369,0.203207774,1276987.041
3581,0.147087941,0.086050069,0.20981307,1285215.925
3582,0.147594543,0.086854169,0.217314804,1278277.383
3583,0.147097377,0.086986003,0.223844803,1291183.76
3584,0.147603012,0.087793902,0.231420904,1295974.929
3585,0.147104909,0.087919136,0.237874603,1308054.665
3586,0.14761054,0.088732671,0.245524134,1314362.853
3587,0.147112437,0.088856972,0.251901606,1325708.16
3588,0.147618073,0.089679003,0.259627406,1322542.27
3589,0.147119975,0.089799535,0.265931407,1330090.463
3590,0.14762561,0.090624369,0.273733459,1324211.985
3591,0.14712561,0.090740171,0.279961192,1322775.526
3592,0.147631241,0.091571604,0.287833893,1317382.771
3593,0.147131271,0.091683637,0.293985372,1314977.239
3594,0.147639735,0.09252167,0.301935272,1310566.43
3595,0.147142568,0.092631838,0.308011403,1312966.532
3596,0.147651037,0.093478338,0.316035665,1307622.799
3597,0.147151037,0.093581904,0.322035533,1312951.709
3598,0.147656672,0.094431203,0.330135132,1308101.281
3599,0.147156672,0.094531003,0.336058736,1313741.897
3600,0.14766421,0.095388804,0.344232737,1309517.324
3601,0.14716421,0.095486738,0.350082906,1312916.316
3602,0.147671712,0.096350204,0.358330373,1306822.139
3603,0.147171712,0.096442469,0.364104268,1306613.964
3604,0.147681112,0.097310636,0.372426107,1299719.095
3605,0.147181142,0.097398204,0.378126638,1303455.1
3606,0.147689606,0.098273903,0.386522074,1298119.968
3607,0.147187739,0.098359568,0.392146342,1306129.031
3608,0.147696208,0.099241834,0.400615011,1302582.795
3609,0.147194341,0.099321869,0.406162679,1312685.932
3610,0.147704707,0.100207904,0.414705668,1301217.327
3611,0.14720284,0.10028417,0.420180003,1319032.047
3612,0.14771224,0.101177737,0.428799337,1309193.316
3613,0.147210373,0.101251203,0.434197673,1323376.13
3614,0.147719772,0.102150436,0.442891663,1314691.092
3615,0.147217906,0.102218236,0.448214661,1324677.041
3616,0.147727305,0.103122169,0.456983663,1318048.7
3617,0.147225438,0.103186203,0.462229004,1327149.36
3618,0.147735774,0.104097669,0.471071676,1320206.54
3619,0.14723201,0.104159803,0.476242004,1329945.279
3620,0.14774234,0.105077871,0.485160004,1320708.133
3621,0.147240473,0.105134371,0.490256663,1331539.395
3622,0.147752706,0.106058072,0.499249664,1325445.422
3623,0.147250839,0.106109838,0.504271332,1331531.629
3624,0.147760239,0.107041069,0.513338003,1324007.611
3625,0.14725647,0.107089101,0.518282338,1330217.131
3626,0.147767741,0.108026934,0.52742334,1322212.09
3627,0.147265874,0.108069303,0.532294352,1328081.888
3628,0.147777176,0.109010902,0.54151001,1319904.079
3629,0.147273443,0.109048569,0.546304688,1325212.422
3630,0.147783808,0.109998634,0.555593343,1316305.21
3631,0.147280045,0.110032534,0.560313354,1321817.537
3632,0.148502213,0.076361038,0.047207672,2003255.432
3633,0.149003143,0.077133138,0.054039007,2553530.176
3634,0.148507874,0.077279073,0.061476674,1287689.214
3635,0.149011637,0.078056839,0.068382339,1231908.988
3636,0.148518239,0.078200905,0.075743673,1312785.405
3637,0.149021973,0.078986204,0.082723674,1298839.526
3638,0.148525742,0.079126503,0.090009008,1331219.825
3639,0.149029505,0.079916504,0.097065338,1305581.055
3640,0.148533305,0.080053037,0.104277003,1285635.808
3641,0.149037069,0.080848671,0.111406667,1267623.982
3642,0.148540838,0.080980504,0.118540003,1262864.291
3643,0.149044571,0.081781804,0.125744339,1259582.635
3644,0.148549306,0.081911738,0.132804342,1265592.263
3645,0.149054006,0.082719638,0.140084005,1256729.377
3646,0.148558741,0.082845805,0.147067668,1261725.53
3647,0.149062475,0.08365937,0.154421666,1252333.463
3648,0.148564372,0.083782702,0.161329336,1258840.501
3649,0.149070002,0.084601903,0.168756668,1257947.224
3650,0.148573802,0.084721471,0.175588003,1267020.855
3651,0.149079437,0.085547272,0.183091471,1261814.066
3652,0.14858134,0.085665904,0.189847544,1273738.096
3653,0.149086975,0.086498271,0.197425446,1265321.113
3654,0.148588877,0.086610303,0.204106079,1276987.041
3655,0.149094513,0.087445503,0.211759374,1271476.525
3656,0.148597346,0.087555669,0.218362803,1278277.383
3657,0.149103912,0.088399338,0.226089569,1285442.092
3658,0.148606745,0.088505737,0.232617671,1295974.929
3659,0.149112376,0.08935317,0.240419739,1299266.658
3660,0.148614273,0.08945487,0.246872503,1314362.853
3661,0.149119904,0.090308904,0.254748032,1309786.531
3662,0.148621806,0.090408737,0.261125463,1322542.27
3663,0.149129308,0.091268402,0.269076314,1318387.008
3664,0.14863121,0.091363503,0.27538031,1324211.985
3665,0.149136841,0.092228836,0.283405558,1319163.565
3666,0.148636871,0.092321136,0.289631409,1317382.771
3667,0.149145335,0.093194936,0.297731049,1310301.115
3668,0.148648168,0.093283437,0.303883433,1310566.43
3669,0.149156637,0.094162872,0.312057434,1303914.495
3670,0.148656672,0.094247604,0.318133535,1307622.799
3671,0.14916421,0.095130803,0.326381002,1302853.703
3672,0.14866421,0.095210836,0.332382731,1308101.281
3673,0.149171712,0.096099703,0.340705536,1304658.324
3674,0.148671712,0.096177872,0.346631938,1309517.324
3675,0.149181112,0.097074272,0.355029104,1304469.385
3676,0.148681112,0.097148671,0.36087737,1306822.139
3677,0.149188644,0.098050738,0.369348002,1298612.042
3678,0.148688644,0.098120438,0.375122843,1299719.095
3679,0.14919901,0.099028137,0.383669708,1292626.506
3680,0.148699941,0.099094035,0.389368408,1298119.968
3681,0.14920841,0.100009267,0.397989665,1293816.148
3682,0.148706543,0.100071401,0.403612,1302582.795
3683,0.149215942,0.100991336,0.412306671,1291710.697
3684,0.148715973,0.101047803,0.417852671,1310117.309
3685,0.149225372,0.101973404,0.426624674,1300064.563
3686,0.148723506,0.102027072,0.432097005,1316559.211
3687,0.149232905,0.102960205,0.440942342,1307370.322
3688,0.148731038,0.103010104,0.446338664,1319842.647
3689,0.149241404,0.103949837,0.455258667,1313187.303
3690,0.148739538,0.103994102,0.460580668,1322218.782
3691,0.14925177,0.104939471,0.469572673,1315185.445
3692,0.148749873,0.104979004,0.474818339,1324833.511
3693,0.149260208,0.105930972,0.48388501,1314997.528
3694,0.148756439,0.105967705,0.489056346,1326202.448
3695,0.149267741,0.106926272,0.498199005,1319851.553
3696,0.148765874,0.106960139,0.503295664,1325445.422
3697,0.149277176,0.107923373,0.512512004,1318005.302
3698,0.148773407,0.107952538,0.517532674,1324007.611
3699,0.149285639,0.108922404,0.52682369,1316789.348
3700,0.148783742,0.108948769,0.53177002,1322212.09
3701,0.149295975,0.109925204,0.54113501,1314553.741
3702,0.148791275,0.109944969,0.546003988,1319904.079
3703,0.149303507,0.110926137,0.555443319,1311645.579
3704,0.148799774,0.110942136,0.560237996,1316305.21
3705,0.15000031,0.077789436,0.053507004,2553530.176
3706,0.150502177,0.078601072,0.060563339,2572737.751
3707,0.150008774,0.078722539,0.068001007,1231908.988
3708,0.150513474,0.079539838,0.07513267,1202660.859
3709,0.15002007,0.079659437,0.082494003,1298839.526
3710,0.150523839,0.080483337,0.089699336,1248285.022
3711,0.150029505,0.080600105,0.096985336,1305581.055
3712,0.150533274,0.081427773,0.104266668,1284031.401
3713,0.150037038,0.081539805,0.111476334,1267623.982
3714,0.150540771,0.082373138,0.118829336,1261912.197
3715,0.150044535,0.082483304,0.125964005,1259582.635
3716,0.150548304,0.083323204,0.133394007,1254484.712
3717,0.15005304,0.083429604,0.140454005,1256729.377
3718,0.150559642,0.084275139,0.147959335,1251025.236
3719,0.150064341,0.084378738,0.154943334,1252333.463
3720,0.150568075,0.085229937,0.162523336,1248176.864
3721,0.150071838,0.08532977,0.169429001,1257947.224
3722,0.150577469,0.086187571,0.177082265,1248049.596
3723,0.150081268,0.086285505,0.183913401,1261814.066
3724,0.150585037,0.087149869,0.191641205,1254970.003
3725,0.150088842,0.087244003,0.198397176,1265321.113
3726,0.150594477,0.088114037,0.206199275,1262992.946
3727,0.150098246,0.088203504,0.212880839,1271476.525
3728,0.150604813,0.089079203,0.220756368,1277752.104
3729,0.150107646,0.089164871,0.227361669,1285442.092
3730,0.150614243,0.090047139,0.235313471,1283766.073
3731,0.15011614,0.090129038,0.24184344,1299266.658
3732,0.150623672,0.09101697,0.249869603,1293835.386
3733,0.150125539,0.091095136,0.256321431,1309786.531
3734,0.150631175,0.091988736,0.264422943,1306807.109
3735,0.150133041,0.092062169,0.270800395,1318387.008
3736,0.150640574,0.09296327,0.278975352,1315022.421
3737,0.150142471,0.093034836,0.28527652,1319163.565
3738,0.150648137,0.093940671,0.293525838,1312001.748
3739,0.15015097,0.094008471,0.299754517,1310301.115
3740,0.150659439,0.094920873,0.308078237,1302209.887
3741,0.150162272,0.094986773,0.31422877,1303914.495
3742,0.15066981,0.095904839,0.322625936,1298600.659
3743,0.150171712,0.095964137,0.328702067,1302853.703
3744,0.150679214,0.096887835,0.337175496,1299330.047
3745,0.150179214,0.09694337,0.343177236,1304658.324
3746,0.150686712,0.09787367,0.351724111,1299788.947
3747,0.150188609,0.097926404,0.357649577,1304469.385
3748,0.150696142,0.098862371,0.366270844,1295849.997
3749,0.150196177,0.098912305,0.372121002,1298612.042
3750,0.150704646,0.099855804,0.380816772,1289000.626
3751,0.150207479,0.099901937,0.386590637,1292626.506
3752,0.150717809,0.100849169,0.395362671,1287234.537
3753,0.150217809,0.100890602,0.401062998,1293816.148
3754,0.150725342,0.101846303,0.409908325,1291710.697
3755,0.150225342,0.101884903,0.415529663,1301217.327
3756,0.150734741,0.102845304,0.424448334,1290766.389
3757,0.150234741,0.102877337,0.429997345,1309193.316
3758,0.150745107,0.103844371,0.438993337,1299760.425
3759,0.150245138,0.103873571,0.444466003,1314691.092
3760,0.150755468,0.104847171,0.453532664,1307068.218
3761,0.150253601,0.104873538,0.458929006,1318048.7
3762,0.150763936,0.105853737,0.468072011,1309559.48
3763,0.150263972,0.105875404,0.473393677,1320206.54
3764,0.150773376,0.10685937,0.482610006,1314997.528
3765,0.15027151,0.106875404,0.487855672,1320708.133
3766,0.150780909,0.107867836,0.497147339,1313596.196
3767,0.150280909,0.107881971,0.502319336,1319851.553
3768,0.150792211,0.108879102,0.51168634,1312163.001
3769,0.150290344,0.108886637,0.516782349,1318005.302
3770,0.150800674,0.109889437,0.526222026,1310717.08
3771,0.150299739,0.109896039,0.531242696,1316789.348
3772,0.150811941,0.110908272,0.54075769,1309168.251
3773,0.150310074,0.110911072,0.545703674,1314553.741
3774,0.15082134,0.111927038,0.555292664,1306566.493
3775,0.150319473,0.111922338,0.56016333,1311645.579
3776,0.15150028,0.07932047,0.060257339,2572737.751
3777,0.152004044,0.080169772,0.067538676,2458862.55
3778,0.15151064,0.080267672,0.074976339,1202660.859
3779,0.152014404,0.081123604,0.082334005,1128597.968
3780,0.151521006,0.081219671,0.089695669,1248285.022
3781,0.15202474,0.082082204,0.097125671,1219752.574
3782,0.151531342,0.082173538,0.10441067,1284031.401
3783,0.152035075,0.083040738,0.111916005,1258497.852
3784,0.151540741,0.083128306,0.119125005,1261912.197
3785,0.152044505,0.084002106,0.126705007,1250868.531
3786,0.151548304,0.084086838,0.13383934,1254484.712
3787,0.152052073,0.08496627,0.141495341,1254990.625
3788,0.151558675,0.085048172,0.148555339,1251025.236
3789,0.152065241,0.085933273,0.156285004,1243165.057
3790,0.151569941,0.086011439,0.163269002,1248176.864
3791,0.152073675,0.086903137,0.171072006,1237186.049
3792,0.151577438,0.086979436,0.177979604,1248049.596
3793,0.152083104,0.08787677,0.185856873,1247175.399
3794,0.151586904,0.08794927,0.192687337,1254970.003
3795,0.152092539,0.088853203,0.20063914,1256279.311
3796,0.151596308,0.088923836,0.207395106,1262992.946
3797,0.152101944,0.089833438,0.215422236,1273377.343
3798,0.151606679,0.089899338,0.222101934,1277752.104
3799,0.152113246,0.09081267,0.23020343,1269958.641
3800,0.151617976,0.090874804,0.236809667,1283766.073
3801,0.152123606,0.091794736,0.244986501,1277898.33
3802,0.151627406,0.091855003,0.251516469,1293835.386
3803,0.152134908,0.092782468,0.259765803,1291097.038
3804,0.15163681,0.092838036,0.266220449,1306807.109
3805,0.152142441,0.093771169,0.274545125,1305434.08
3806,0.151644338,0.09382297,0.280922577,1315022.421
3807,0.152151871,0.09476267,0.289321635,1309514.775
3808,0.151653773,0.094808805,0.295623728,1312001.748
3809,0.152162242,0.095752271,0.30409904,1304885.34
3810,0.151665075,0.095796539,0.31032487,1302209.887
3811,0.152173508,0.096748472,0.318874603,1298147.734
3812,0.15167541,0.096790871,0.325025136,1298600.659
3813,0.152182912,0.097748469,0.333648305,1295125.261
3814,0.151684814,0.097786135,0.339722534,1299330.047
3815,0.152192312,0.098749369,0.348421936,1293840.151
3816,0.151694209,0.09878137,0.354421773,1299788.947
3817,0.152203608,0.099751236,0.363194641,1291641.927
3818,0.151703644,0.099779503,0.369118245,1295849.997
3819,0.152212112,0.100755002,0.377965434,1287150.842
3820,0.151713079,0.10078137,0.383813802,1289000.626
3821,0.152223409,0.101763435,0.392735331,1283487.111
3822,0.151725306,0.101785103,0.398510335,1287234.537
3823,0.152234706,0.102772835,0.407507334,1284801.938
3824,0.151734741,0.102792603,0.413204997,1291710.697
3825,0.152244141,0.103788803,0.422273336,1283316.233
3826,0.151744141,0.103802905,0.427895335,1300064.563
3827,0.15225354,0.104802905,0.437041005,1291648.027
3828,0.151754506,0.104812337,0.442589996,1307370.322
3829,0.152264872,0.10581797,0.451809326,1299985.648
3830,0.151765803,0.105823603,0.457279327,1313187.303
3831,0.152275208,0.106835803,0.466572001,1303529.455
3832,0.151775208,0.106839569,0.471968343,1315185.445
3833,0.152286509,0.107859337,0.481337006,1309090.243
3834,0.151784643,0.10785747,0.486657003,1314997.528
3835,0.152294042,0.108881004,0.496099335,1307596.829
3836,0.151792175,0.108875336,0.501344004,1313596.196
3837,0.152304408,0.10990637,0.510861664,1306559.252
3838,0.151804443,0.109896001,0.516032003,1312163.001
3839,0.152316676,0.110933668,0.525623332,1304993.766
3840,0.151814774,0.110919568,0.530717346,1310717.08
3841,0.152327006,0.11196567,0.54038267,1303781.212
3842,0.151825109,0.111947772,0.545402344,1309168.251
3843,0.152338308,0.112999537,0.555143005,1301899.318
3844,0.151836405,0.112976003,0.560087341,1306566.493
3845,0.153002141,0.080953204,0.067458674,2458862.55
3846,0.153505875,0.081843005,0.074964005,2069754.289
3847,0.153011541,0.081915504,0.082401672,1128597.968
3848,0.153515274,0.082810969,0.089983668,1127284.97
3849,0.153021871,0.082881602,0.097346003,1219752.574
3850,0.153526571,0.083782702,0.105001338,1219501.196
3851,0.153033173,0.083850505,0.112286341,1258497.852
3852,0.153536942,0.084758204,0.120017675,1233908.809
3853,0.153042608,0.084822238,0.127227341,1250868.531
3854,0.153546371,0.085736537,0.135031336,1262095.504
3855,0.153052038,0.085795837,0.142165003,1254990.625
3856,0.153557673,0.086715772,0.150044332,1241747.595
3857,0.153064275,0.086771306,0.157104335,1243165.057
3858,0.153569906,0.087696907,0.165057999,1231217.853
3859,0.153074605,0.087750572,0.172041672,1237186.049
3860,0.153578369,0.08868277,0.180068837,1239354.596
3861,0.153083104,0.088732669,0.18697644,1247175.399
3862,0.153588771,0.089670502,0.195078074,1255226.897
3863,0.153094406,0.089718536,0.201910309,1256279.311
3864,0.153600042,0.090662969,0.210087138,1263916.919
3865,0.153103811,0.090707237,0.216843099,1273377.343
3866,0.153609477,0.09165447,0.225096196,1259405.411
3867,0.153114176,0.091694003,0.23177683,1269958.641
3868,0.15362264,0.092647835,0.240104299,1264656.547
3869,0.15312734,0.092686434,0.246707733,1277898.33
3870,0.153634872,0.093647802,0.255108673,1278326.548
3871,0.153138641,0.093683568,0.261636775,1291097.038
3872,0.153644277,0.094650602,0.270112081,1291246.392
3873,0.153146174,0.094682635,0.276565786,1305434.08
3874,0.153651805,0.095654368,0.285116455,1300914.81
3875,0.153155604,0.095682602,0.291494853,1309514.775
3876,0.153663106,0.096660901,0.300118011,1303868.741
3877,0.153167842,0.096684436,0.306420105,1304885.34
3878,0.15367631,0.097668401,0.315119507,1300770.263
3879,0.153179143,0.097688169,0.321348175,1298147.734
3880,0.153686676,0.098680636,0.330121979,1293207.099
3881,0.153188543,0.098698537,0.336271576,1295125.261
3882,0.153697978,0.099696637,0.345118805,1288169.447
3883,0.153199844,0.099709803,0.351194936,1293840.151
3884,0.153709274,0.100713537,0.360118439,1286256.136
3885,0.153211141,0.100722969,0.366118306,1291641.927
3886,0.153721507,0.101731435,0.375113444,1285160.202
3887,0.153222443,0.101735202,0.381036967,1287150.842
3888,0.153730906,0.102751167,0.390108337,1282363.251
3889,0.153230906,0.102753034,0.395958333,1283487.111
3890,0.153740306,0.103774668,0.405104004,1280074.337
3891,0.153242208,0.103772802,0.410878001,1284801.938
3892,0.153751607,0.104801969,0.420096334,1283316.233
3893,0.153253504,0.104798203,0.425794006,1290766.389
3894,0.15376387,0.105832069,0.435086344,1284028.93
3895,0.153263906,0.10582267,0.440711344,1299760.425
3896,0.153774241,0.106862203,0.450080343,1299985.648
3897,0.153274241,0.106848071,0.455629333,1307068.218
3898,0.153786474,0.107893237,0.465071665,1303529.455
3899,0.153286509,0.107875336,0.470544332,1309559.48
3900,0.153797775,0.108929003,0.480061005,1302840.087
3901,0.153297775,0.108909238,0.485457336,1309090.243
3902,0.153810008,0.109968539,0.49504833,1302102.005
3903,0.153308141,0.109942172,0.500370331,1307596.829
3904,0.153820374,0.11100617,0.510036001,1300779.417
3905,0.153318507,0.110976036,0.515282664,1306559.252
3906,0.153832642,0.112047569,0.525023315,1299711.754
3907,0.153330775,0.112015569,0.530193644,1304993.766
3908,0.153842041,0.113093702,0.540007975,1298730.577
3909,0.153340174,0.113057902,0.545102987,1303781.212
3910,0.15385144,0.11414167,0.554993327,1297413.06
3911,0.153351471,0.114101204,0.560013672,1301899.318
3912,0.154502075,0.08269047,0.075108002,2069754.289
3913,0.155005844,0.083620771,0.082839335,2001381.625
3914,0.154513377,0.08366877,0.090277334,1127284.97
3915,0.155017141,0.084604703,0.098085002,1129615.14
3916,0.154523738,0.084648003,0.105446671,1219501.196
3917,0.155027507,0.085589605,0.113325673,1183417.911
3918,0.154534108,0.085632004,0.120611674,1233908.809
3919,0.155039744,0.086580205,0.128567006,1239894.591
3920,0.154546341,0.086620705,0.135777003,1262095.504
3921,0.155051971,0.087571706,0.143806005,1242867.508
3922,0.154557638,0.087607473,0.150939667,1241747.595
3923,0.155063273,0.088565074,0.159045003,1227263.626
3924,0.154568939,0.088598974,0.166103333,1231217.853
3925,0.15507457,0.089562241,0.174282939,1234268.662
3926,0.1545793,0.089592372,0.181264771,1239354.596
3927,0.155085871,0.090562205,0.189517904,1255465.214
3928,0.154590607,0.090590436,0.196423604,1255226.897
3929,0.155098109,0.091565938,0.20475297,1253367.699
3930,0.154601908,0.091590436,0.211584269,1263916.919
3931,0.155109411,0.092572538,0.219988032,1250878.257
3932,0.15461321,0.092592303,0.226743998,1259405.411
3933,0.155120707,0.093580037,0.235222137,1255103.999
3934,0.154625437,0.093596036,0.241901805,1264656.547
3935,0.155132004,0.094592237,0.250452438,1265054.662
3936,0.154636739,0.094605403,0.257055873,1278326.548
3937,0.155142375,0.095607269,0.265680918,1276096.962
3938,0.154646144,0.095616702,0.272209025,1291246.392
3939,0.155151774,0.096623268,0.280910319,1287956.193
3940,0.154655538,0.096628901,0.287364044,1300914.81
3941,0.155163071,0.097641101,0.29613974,1297739.557
3942,0.15466684,0.097644867,0.30251531,1303868.741
3943,0.155175308,0.098664635,0.311364441,1300255.211
3944,0.154680044,0.098664635,0.317666545,1300770.263
3945,0.155188512,0.099690036,0.326591949,1294158.084
3946,0.154692312,0.099686269,0.332818715,1293207.099
3947,0.155199809,0.100717336,0.341815674,1284560.674
3948,0.154703608,0.100709803,0.347966166,1288169.447
3949,0.15521111,0.101747437,0.357039398,1280814.224
3950,0.15471491,0.101738004,0.36311554,1286256.136
3951,0.155223343,0.102781303,0.372262248,1281861.14
3952,0.154728073,0.102765302,0.378260284,1285160.202
3953,0.155236542,0.103812368,0.387481476,1281451.519
3954,0.154738439,0.103794467,0.393406006,1282363.251
3955,0.155245941,0.104850001,0.402702342,1277889.897
3956,0.154747808,0.104828336,0.408550344,1280074.337
3957,0.155257207,0.105889537,0.417919342,1277640.836
3958,0.154759104,0.105865036,0.423691335,1283316.233
3959,0.155271337,0.106932803,0.433135671,1284028.93
3960,0.154774206,0.106903603,0.438833008,1291648.027
3961,0.155286443,0.107977969,0.448352681,1291835.315
3962,0.154786443,0.107945969,0.453975016,1299985.648
3963,0.155297709,0.109025037,0.463568014,1296116.347
3964,0.15479774,0.108986437,0.469115672,1303529.455
3965,0.155309041,0.110072103,0.478785004,1296716.629
3966,0.154809041,0.11003257,0.48425767,1302840.087
3967,0.155321243,0.111126704,0.493998667,1296220.198
3968,0.15482221,0.111082438,0.499392995,1302102.005
3969,0.155334442,0.112179403,0.509210002,1295362.49
3970,0.154834473,0.112129501,0.514531006,1300779.417
3971,0.155345739,0.113234934,0.524421672,1294650.779
3972,0.154845774,0.113183136,0.529667318,1299711.754
3973,0.15535704,0.114294238,0.539633993,1293870.762
3974,0.154855174,0.114236804,0.544804321,1298730.577
3975,0.155367406,0.115354469,0.554843669,1293253.443
3976,0.15486554,0.115295135,0.559937663,1297413.06
3977,0.15600204,0.084532237,0.083209335,2001381.625
3978,0.156505809,0.08550207,0.091165003,1998424.875
3979,0.156013377,0.085526538,0.098602671,1129615.14
3980,0.156517141,0.086500137,0.106631673,1142461.013
3981,0.156024673,0.086519905,0.113993006,1183417.911
3982,0.156528407,0.087499171,0.122098338,1197435.558
3983,0.156036875,0.087517072,0.129386337,1239894.591
3984,0.156541575,0.088502937,0.137568003,1220630.603
3985,0.156050074,0.088517072,0.144777674,1242867.508
3986,0.156555705,0.08950857,0.153031006,1229417.735
3987,0.156063238,0.089520805,0.160164673,1227263.626
3988,0.156568873,0.090518903,0.168494334,1234243.476
3989,0.156074539,0.090526438,0.17555427,1234268.662
3990,0.15658017,0.091530172,0.183957906,1256063.052
3991,0.156086772,0.091535807,0.190939707,1255465.214
3992,0.156593343,0.09254614,0.199416906,1243566.266
3993,0.156099945,0.09254804,0.206324468,1253367.699
3994,0.156605576,0.093564039,0.214877935,1243009.912
3995,0.156111242,0.093564039,0.2217102,1250878.257
3996,0.156616877,0.09458567,0.230337102,1246894.268
3997,0.156122543,0.094581904,0.237093074,1255103.999
3998,0.156628174,0.095609169,0.245794373,1254653.377
3999,0.156132904,0.095603503,0.25247407,1265054.662
4000,0.156639506,0.096636436,0.26124883,1261784.877
4001,0.156144241,0.096627037,0.267852244,1276096.962
4002,0.156651774,0.09766657,0.276701396,1272957.246
4003,0.156155538,0.097653369,0.283231364,1287956.193
4004,0.156663071,0.098698535,0.292156789,1287045.265
4005,0.15616684,0.098680634,0.29861144,1297739.557
4006,0.156677175,0.099731468,0.30761027,1295006.751
4007,0.156181875,0.099711703,0.313987701,1300255.211
4008,0.15669221,0.100769137,0.323060933,1292825.332
4009,0.156194112,0.10074747,0.329363078,1294158.084
4010,0.156703512,0.10181147,0.338510671,1284099.136
4011,0.156205409,0.101785103,0.344736501,1284560.674
4012,0.156714808,0.102854769,0.35395756,1277392.38
4013,0.15621671,0.102824636,0.360109965,1280814.224
4014,0.156727076,0.103900871,0.369406372,1278013.763
4015,0.156229909,0.103866971,0.375482513,1281861.14
4016,0.156740275,0.104947937,0.38485321,1279162.722
4017,0.156242177,0.104909335,0.390854136,1281451.519
4018,0.156751607,0.105996869,0.400299327,1276669.204
4019,0.156253474,0.105955437,0.406223002,1277889.897
4020,0.15676474,0.10705147,0.415743337,1274483.445
4021,0.156266607,0.107007235,0.421591675,1277640.836
4022,0.156778839,0.108108902,0.431186666,1277388.192
4023,0.156281672,0.10805897,0.436958669,1284028.93
4024,0.15679391,0.109165337,0.446629669,1283160.15
4025,0.156295812,0.109113536,0.452326345,1291835.315
4026,0.156805211,0.110227468,0.462070017,1287749.671
4027,0.156307109,0.11017097,0.467689351,1296116.347
4028,0.156816508,0.111290538,0.477508341,1290084.234
4029,0.15631841,0.11123027,0.483056335,1296716.629
4030,0.156828776,0.112356435,0.492950002,1290504.633
4031,0.156331609,0.112292402,0.498419668,1296220.198
4032,0.156843842,0.113426069,0.508384674,1290184.546
4033,0.156345708,0.113357335,0.51378068,1295362.49
4034,0.156857005,0.114494802,0.523821696,1289933.229
4035,0.156357005,0.114422302,0.529141683,1294650.779
4036,0.156868306,0.115568204,0.539256348,1289419.02
4037,0.156368306,0.115491938,0.544503011,1293870.762
4038,0.156880539,0.116641637,0.554693685,1289239.165
4039,0.156381505,0.116561602,0.559864014,1293253.443
4040,0.157501073,0.086477537,0.091759338,1998424.875
4041,0.158006744,0.08748597,0.099941004,1846634.987
4042,0.157515244,0.087484103,0.107375671,1142461.013
4043,0.158020874,0.088496302,0.115630671,1183090.6
4044,0.157526505,0.088491603,0.122992004,1197435.558
4045,0.15803214,0.08951137,0.131324336,1164729.399
4046,0.157538742,0.089504804,0.138612335,1220630.603
4047,0.158045344,0.090529271,0.147018,1210732.166
4048,0.157553808,0.090518903,0.154227,1229417.735
4049,0.158059438,0.09155087,0.162705999,1244601.912
4050,0.157566971,0.091538635,0.169839666,1234243.476
4051,0.158072606,0.092574369,0.178394867,1253525.291
4052,0.157580139,0.09255837,0.185453171,1256063.052
4053,0.15808577,0.093601639,0.194079941,1236859.005
4054,0.157592372,0.093583773,0.201061874,1243566.266
4055,0.158098974,0.094630839,0.209765071,1237231.189
4056,0.157605576,0.094609205,0.216673569,1243009.912
4057,0.158111242,0.095664736,0.225451167,1240879.091
4058,0.157616877,0.095641202,0.232282435,1246894.268
4059,0.158122543,0.09670237,0.241133469,1244283.359
4060,0.157628174,0.096674103,0.247889435,1254653.377
4061,0.158135707,0.09774187,0.25681487,1249914.899
4062,0.157642309,0.097709869,0.263494568,1261784.877
4063,0.158150777,0.098783305,0.27249529,1259423.885
4064,0.157655507,0.098749405,0.279098704,1272957.246
4065,0.158163005,0.099829404,0.288173808,1273470.594
4066,0.157666804,0.099791735,0.294701925,1287045.265
4067,0.158174306,0.100877403,0.303853312,1285898.604
4068,0.157680908,0.100835037,0.310307007,1295006.751
4069,0.158191243,0.101926338,0.31953184,1288035.376
4070,0.157697845,0.101880203,0.325908335,1292825.332
4071,0.158205378,0.102978104,0.335205678,1284023.669
4072,0.157709142,0.102931038,0.34150587,1284099.136
4073,0.158216675,0.104034571,0.35087854,1277410.63
4074,0.157720444,0.10398467,0.357104401,1277392.38
4075,0.158229843,0.10509387,0.366551473,1275949.682
4076,0.157734573,0.105040204,0.37270104,1278013.763
4077,0.158244939,0.106156003,0.382224375,1276005.392
4078,0.157747808,0.106097636,0.388300405,1279162.722
4079,0.158257207,0.107219068,0.397898,1276020.564
4080,0.157759104,0.107156904,0.403895996,1276669.204
4081,0.158268504,0.108284938,0.413567332,1273512.724
4082,0.157772273,0.108220937,0.419490997,1274483.445
4083,0.158284475,0.109356504,0.429235667,1272223.725
4084,0.157789174,0.109288704,0.435082998,1277388.192
4085,0.15829951,0.110428037,0.444901998,1274731.873
4086,0.157801412,0.110354602,0.450676666,1283160.15
4087,0.158310811,0.111502401,0.460569997,1279104.543
4088,0.157812709,0.111427068,0.466266673,1287749.671
4089,0.158324005,0.112580536,0.476233673,1282949.852
4090,0.157825907,0.112500504,0.481856008,1290084.234
4091,0.15833814,0.113659604,0.491898,1284534.454
4092,0.157839106,0.113575803,0.497444,1290504.633
4093,0.158351339,0.114741503,0.507560333,1285399.773
4094,0.157853241,0.114655802,0.513031342,1290184.546
4095,0.158366409,0.115829035,0.523222005,1285769.301
4096,0.157868306,0.115736768,0.528616353,1289933.229
4097,0.158380539,0.116913767,0.538882345,1285696.542
4098,0.157880539,0.116817703,0.544202352,1289419.02
4099,0.158392776,0.118003159,0.554543009,1285492.785
4100,0.157892776,0.117903358,0.559787679,1289239.165
4101,0.159002009,0.088523603,0.100760335,1846634.987
4102,0.159508575,0.089568802,0.109164998,1692183.612
4103,0.159018941,0.089543368,0.116600667,1183090.6
4104,0.159522675,0.090595136,0.125079671,1173599.402
4105,0.159030243,0.090567838,0.132442006,1164729.399
4106,0.159533976,0.091627139,0.140999339,1158681.241
4107,0.159042475,0.091595139,0.148287333,1210732.166
4108,0.159548106,0.09265817,0.156917999,1247623.946
4109,0.159056605,0.09262427,0.164127665,1244601.912
4110,0.159562236,0.093695803,0.172830668,1249502.39
4111,0.159070704,0.093658137,0.179964203,1253525.291
4112,0.15957634,0.09473347,0.188743739,1233846.126
4113,0.159083872,0.09469297,0.195801173,1236859.005
4114,0.159589503,0.095776772,0.204655009,1234747.753
4115,0.159098002,0.095732506,0.211636973,1237231.189
4116,0.159604604,0.096820071,0.220566142,1235125.312
4117,0.159111242,0.096773936,0.227471837,1240879.091
4118,0.159618744,0.09786997,0.236474436,1235964.405
4119,0.15912441,0.097821938,0.243304799,1244283.359
4120,0.159631907,0.098921705,0.2523818,1240440.189
4121,0.159137573,0.098869904,0.259135905,1249914.899
4122,0.159645075,0.09997627,0.268287282,1249237.166
4123,0.159151677,0.099921672,0.27496697,1259423.885
4124,0.159660141,0.101032738,0.284191762,1260894.54
4125,0.159166738,0.10097437,0.290795186,1273470.594
4126,0.159674271,0.102092036,0.300094401,1272373.365
4127,0.15917804,0.102032738,0.30662441,1285898.604
4128,0.159687439,0.103156072,0.315999908,1279633.829
4129,0.159194041,0.103092038,0.322453644,1288035.376
4130,0.159704407,0.104221003,0.331900675,1281667.241
4131,0.159209142,0.104153203,0.338276215,1284023.669
4132,0.159716675,0.105289736,0.34779951,1280570.804
4133,0.159220444,0.10521817,0.354101644,1277410.63
4134,0.159729843,0.106362203,0.363700307,1276318.851
4135,0.159235474,0.106287804,0.369924276,1275949.682
4136,0.159745804,0.107437505,0.379597432,1273967.925
4137,0.159250539,0.10735937,0.385747965,1276005.392
4138,0.159760905,0.108514702,0.395494334,1273855.553
4139,0.159264704,0.108432767,0.401568339,1276020.564
4140,0.159774104,0.109594701,0.411389333,1273355.137
4141,0.159276006,0.109509036,0.41739033,1273512.724
4142,0.159788244,0.110678502,0.427284668,1269383.98
4143,0.159292943,0.110589971,0.43320634,1272223.725
4144,0.159805176,0.111766004,0.443175008,1267820.272
4145,0.159307042,0.11167187,0.449023336,1274731.873
4146,0.159818344,0.112851702,0.459068339,1271106.176
4147,0.159320211,0.112755669,0.464840332,1279104.543
4148,0.159831507,0.113943937,0.474957001,1275071.374
4149,0.159333405,0.113844137,0.480653666,1282949.852
4150,0.159845637,0.115035271,0.490846334,1278737.079
4151,0.15934847,0.114930771,0.496468333,1284534.454
4152,0.159860703,0.116130371,0.506734334,1280766.914
4153,0.159362605,0.116024905,0.512280334,1285399.773
4154,0.159873906,0.117231105,0.522621012,1282104.547
4155,0.159375809,0.117120936,0.528091675,1285769.301
4156,0.159889908,0.118331825,0.538506694,1282145.587
4157,0.159392741,0.118216924,0.543903015,1285696.542
4158,0.159904973,0.119434395,0.554393351,1281867.044
4159,0.159405009,0.119316694,0.559713338,1285492.785
4160,0.16050384,0.090670502,0.110208333,1692183.612
4161,0.161009476,0.09175617,0.118840001,1594447.381
4162,0.160517944,0.091706238,0.12627567,1173599.402
4163,0.161021713,0.092798472,0.134983673,1143154.966
4164,0.160530177,0.092746671,0.142345006,1158681.241
4165,0.161035807,0.093843638,0.151126338,1228120.616
4166,0.160545237,0.093787137,0.158411336,1247623.946
4167,0.161050873,0.094890704,0.167267003,1238738.951
4168,0.160559372,0.09483327,0.174476669,1249502.39
4169,0.161065938,0.095943438,0.183405838,1235942.133
4170,0.160574437,0.095881304,0.190539373,1233846.126
4171,0.161080073,0.096997103,0.199544973,1232103.755
4172,0.160587606,0.09693307,0.206603175,1234747.753
4173,0.161095139,0.098054504,0.215680171,1234020.251
4174,0.160603638,0.097985771,0.222661174,1235125.312
4175,0.16111024,0.099112869,0.231813502,1228566.807
4176,0.160618708,0.099043203,0.238721069,1235964.405
4177,0.161126211,0.10017687,0.24794873,1234102.205
4178,0.160633743,0.100103404,0.254779099,1240440.189
4179,0.161139374,0.101242737,0.26408021,1243046.696
4180,0.16064504,0.101167404,0.27083429,1249237.166
4181,0.161153509,0.102312403,0.280208832,1251680.598
4182,0.160662008,0.102232335,0.286886617,1260894.54
4183,0.161172373,0.103383934,0.296337443,1258325.17
4184,0.16067804,0.103302002,0.302941803,1272373.365
4185,0.161185577,0.104462069,0.312467041,1268236.71
4186,0.160691208,0.104375437,0.318995138,1279633.829
4187,0.161201543,0.105539271,0.328593801,1278261.238
4188,0.16070814,0.10544887,0.335045603,1281667.241
4189,0.161216609,0.10662117,0.344717702,1281392.91
4190,0.160720408,0.106529836,0.351096069,1280570.804
4191,0.161229808,0.107707771,0.360845367,1279555.766
4192,0.160735474,0.107611705,0.367147471,1276318.851
4193,0.161244873,0.10879527,0.376968475,1274241.628
4194,0.160749573,0.10869547,0.383194468,1273967.925
4195,0.161259908,0.109884702,0.393091665,1272826.368
4196,0.160766505,0.109782069,0.399240997,1273855.553
4197,0.161277807,0.1109779,0.409211334,1272207.676
4198,0.160781606,0.110872467,0.415285665,1273355.137
4199,0.161291011,0.112073967,0.425330668,1267737.648
4200,0.160795746,0.111965668,0.431328674,1269383.98
4201,0.161307978,0.113172801,0.441447011,1263370.252
4202,0.160812709,0.113061668,0.447371674,1267820.272
4203,0.161322108,0.114275401,0.457564667,1263334.843
4204,0.160825877,0.114159569,0.463413005,1271106.176
4205,0.161337143,0.115378934,0.47368101,1267244.682
4206,0.160840907,0.115259336,0.479453013,1275071.374
4207,0.161353139,0.11648717,0.489795339,1272689.074
4208,0.160855972,0.116362905,0.495491994,1278737.079
4209,0.161368205,0.117596415,0.505908651,1276576.047
4210,0.160870102,0.117468381,0.511528992,1280766.914
4211,0.16138327,0.11870845,0.522019328,1278556.439
4212,0.160885173,0.11857664,0.527565348,1282104.547
4213,0.161399277,0.11982236,0.538132019,1278689.864
4214,0.16090211,0.119687714,0.543602702,1282145.587
4215,0.161416209,0.120940964,0.554243693,1279003.371
4216,0.160916239,0.120802546,0.559638021,1281867.044
4217,0.162004745,0.09292187,0.120110336,1594447.381
4218,0.162508479,0.094047071,0.128966003,1573305.575
4219,0.162016978,0.093973605,0.136403671,1143154.966
4220,0.162523544,0.095105403,0.145334671,1239745.215
4221,0.16203391,0.095027237,0.152696004,1228120.616
4222,0.162539541,0.096162804,0.161700338,1212027.823
4223,0.162047073,0.096082771,0.168986338,1238738.951
4224,0.162552739,0.097226804,0.178067108,1238788.232
4225,0.162063105,0.097144905,0.185276942,1235942.133
4226,0.162571569,0.098292704,0.194429276,1241077.74
4227,0.162080037,0.098207036,0.201563772,1232103.755
4228,0.162585673,0.099360469,0.210791438,1234153.934
4229,0.162093241,0.09927197,0.217849635,1234020.251
4230,0.162600774,0.100431071,0.227150736,1229014.346
4231,0.162109273,0.100340703,0.234133601,1228566.807
4232,0.162617742,0.10150827,0.243510971,1231204.226
4233,0.162126211,0.101414103,0.250418533,1234102.205
4234,0.162633743,0.10258637,0.2598703,1240276.151
4235,0.162139374,0.102488469,0.266701609,1243046.696
4236,0.162646907,0.103668302,0.276226817,1244457.457
4237,0.162155375,0.103567568,0.28297996,1251680.598
4238,0.162665741,0.104753967,0.292581421,1247065.692
4239,0.16217424,0.104650401,0.299261119,1258325.17
4240,0.162681773,0.105842468,0.308938873,1255550.597
4241,0.162187444,0.105736069,0.315540436,1268236.71
4242,0.162694946,0.106933769,0.325288798,1271079.869
4243,0.162203415,0.106823603,0.331814067,1278261.238
4244,0.162713745,0.10802697,0.341638662,1281022.887
4245,0.162220342,0.107914937,0.348090495,1281392.91
4246,0.162729741,0.10912677,0.357989492,1282202.8
4247,0.162235408,0.109010938,0.364365997,1279555.766
4248,0.162744807,0.110226537,0.374339294,1277715.96
4249,0.162248606,0.110106936,0.380639669,1274241.628
4250,0.162758942,0.111329135,0.390686666,1273025.003
4251,0.162265544,0.111206701,0.396912669,1272826.368
4252,0.162777776,0.112435501,0.407034668,1270795.007
4253,0.162283442,0.112309334,0.413184001,1272207.676
4254,0.162792877,0.113544734,0.423378672,1266784.594
4255,0.162296646,0.1134148,0.429451009,1267737.648
4256,0.162806981,0.114655833,0.439720347,1260947.758
4257,0.162313578,0.114522133,0.445718343,1263370.252
4258,0.162825811,0.115769735,0.456062673,1257102.867
4259,0.16232961,0.115634135,0.461984334,1263334.843
4260,0.162840876,0.11688737,0.472403005,1259885.314
4261,0.16234464,0.116748001,0.478251343,1267244.682
4262,0.162858739,0.118007858,0.488746348,1266939.168
4263,0.162363475,0.117866625,0.494518341,1272689.074
4264,0.162875707,0.119134031,0.505084991,1272642.96
4265,0.162377604,0.118988085,0.510778646,1276576.047
4266,0.162888906,0.120259252,0.521419657,1275119.801
4267,0.162392675,0.120107651,0.527039998,1278556.439
4268,0.162906779,0.121387281,0.537756348,1275611.38
4269,0.162411479,0.1212338,0.543302348,1278689.864
4270,0.162925613,0.122519084,0.554093018,1276347.304
4271,0.162427511,0.122360893,0.55956368,1279003.371
4272,0.163504679,0.095278669,0.130459335,1573305.575
4273,0.164008443,0.096444369,0.139540003,1622793.48
4274,0.163518809,0.096344569,0.146977671,1239745.215
4275,0.164025411,0.097514036,0.156134669,1197914.272
4276,0.163535777,0.097410436,0.163496002,1212027.823
4277,0.164041407,0.098585536,0.172725337,1215652.36
4278,0.163550837,0.098481936,0.180010442,1238788.232
4279,0.16405837,0.099665535,0.189313441,1246036.355
4280,0.163568736,0.099558202,0.196522441,1241077.74
4281,0.164077169,0.100745567,0.205901703,1240366.088
4282,0.163585637,0.100633502,0.213036204,1234153.934
4283,0.164091273,0.101829336,0.222489838,1231783.661
4284,0.163598841,0.101715403,0.229546173,1229014.346
4285,0.164106374,0.102916903,0.239075139,1233859.644
4286,0.163616776,0.102800138,0.246057073,1231204.226
4287,0.164125244,0.104008204,0.2556595,1236297.312
4288,0.163633743,0.103888603,0.262565165,1240276.151
4289,0.16414124,0.105100436,0.272241984,1237681.277
4290,0.163648773,0.104978035,0.279072327,1244457.457
4291,0.164158173,0.106197403,0.288822561,1237667.513
4292,0.163666672,0.106074069,0.295578512,1247065.692
4293,0.164175135,0.107298136,0.305405009,1244196.254
4294,0.163681737,0.107170102,0.312085673,1255550.597
4295,0.16418924,0.108401703,0.321983765,1260414.173
4296,0.163696777,0.108271769,0.328585327,1271079.869
4297,0.164206177,0.109509003,0.33855777,1276160.567
4298,0.163714676,0.109374369,0.345085836,1281022.887
4299,0.164225042,0.110617269,0.355134542,1282932.642
4300,0.16373351,0.110481702,0.361586365,1282202.8
4301,0.16424291,0.111731201,0.371709503,1280635.296
4302,0.16374854,0.111591868,0.378085927,1277715.96
4303,0.16425797,0.112847003,0.388282633,1274766.754
4304,0.163764572,0.11270387,0.394582998,1273025.003
4305,0.164276805,0.113965604,0.404854004,1269849.278
4306,0.163783407,0.113819669,0.411079671,1270795.007
4307,0.164294708,0.115088936,0.421424011,1265391.177
4308,0.163798513,0.114940168,0.42757368,1266784.594
4309,0.164307912,0.116214134,0.43799235,1259599.527
4310,0.163812612,0.116059733,0.444066681,1260947.758
4311,0.164324844,0.117339368,0.454561676,1252446.12
4312,0.163831446,0.11718307,0.460559672,1257102.867
4313,0.164342743,0.118471163,0.471128001,1253086.325
4314,0.163848373,0.118311063,0.477049672,1259885.314
4315,0.164360606,0.119604818,0.487692668,1261164.124
4316,0.163867208,0.119440982,0.493541005,1266939.168
4317,0.16437944,0.120743228,0.504257334,1268086.786
4318,0.163883204,0.12057751,0.510029327,1272642.96
4319,0.164394506,0.121884448,0.520819987,1271375.315
4320,0.16389831,0.121712135,0.526516663,1275119.801
4321,0.164412415,0.123023781,0.537383667,1272494.956
4322,0.163917114,0.122850527,0.543003011,1275611.38
4323,0.164431213,0.124170647,0.553943339,1274071.833
4324,0.163935013,0.123992683,0.559487345,1276347.304
4325,0.165004679,0.097738136,0.141259338,1622793.48
4326,0.16551031,0.098941503,0.150566004,1846629.26
4327,0.165020676,0.098817202,0.158003667,1197914.272
4328,0.165528208,0.100025269,0.167384664,1195694.334
4329,0.165038574,0.099897202,0.174745,1215652.36
4330,0.165546071,0.101112801,0.18419957,1218225.218
4331,0.165056437,0.100984734,0.191482905,1246036.355
4332,0.165562073,0.102206935,0.20101387,1233527.386
4333,0.165072439,0.102075101,0.208223668,1240366.088
4334,0.165578074,0.103300102,0.217828903,1237913.292
4335,0.16508844,0.103166402,0.224960571,1231783.661
4336,0.165594111,0.104399902,0.23463737,1233830.507
4337,0.165104477,0.104264336,0.241695602,1233859.644
4338,0.16561201,0.105503469,0.251448664,1231688.711
4339,0.165122375,0.105364103,0.258430628,1236297.312
4340,0.165630844,0.106609835,0.268257131,1230233.882
4341,0.16514121,0.106465769,0.275162821,1237681.277
4342,0.165648707,0.107717168,0.285065592,1228252.978
4343,0.165158137,0.107571203,0.291894989,1237667.513
4344,0.16566567,0.108829203,0.301871206,1235947.039
4345,0.165174169,0.108679471,0.308625275,1244196.254
4346,0.165682602,0.109943105,0.318676839,1248547.75
4347,0.165191071,0.109793371,0.325354665,1260414.173
4348,0.165700475,0.111064537,0.335479665,1266152.208
4349,0.165208043,0.110910103,0.342081207,1276160.567
4350,0.165717478,0.112185036,0.352280579,1279845.698
4351,0.165225978,0.112026835,0.358805847,1282932.642
4352,0.165736313,0.113311203,0.369078674,1281527.082
4353,0.165244776,0.113151136,0.375530507,1280635.296
4354,0.165754176,0.114441137,0.385877604,1277600.444
4355,0.165261739,0.114276337,0.392253306,1274766.754
4356,0.165772074,0.115571971,0.402674011,1270050.326
4357,0.165280538,0.115404371,0.408974345,1269849.278
4358,0.165790873,0.116706601,0.419471008,1264729.539
4359,0.165298442,0.116537102,0.425695007,1265391.177
4360,0.165807846,0.117845917,0.43626534,1257429.406
4361,0.165313512,0.117671717,0.442413015,1259599.527
4362,0.165825745,0.118985255,0.453057678,1249852.116
4363,0.165332377,0.118807307,0.459132009,1252446.12
4364,0.165846476,0.120129318,0.469851329,1249082.845
4365,0.16535024,0.119949473,0.475849325,1253086.325
4366,0.165864339,0.121277112,0.486641988,1255618.611
4367,0.165369075,0.121092557,0.49256366,1261164.124
4368,0.165883174,0.122425863,0.503432658,1263673.693
4369,0.165386937,0.122240369,0.509277995,1268086.786
4370,0.165900106,0.123580264,0.520220337,1267490.283
4371,0.16540391,0.12339006,0.525990336,1271375.315
4372,0.165918045,0.124735603,0.537007019,1269467.193
4373,0.165422745,0.124541636,0.542703674,1272494.956
4374,0.165936844,0.125893771,0.553793681,1273065.501
4375,0.165440613,0.125696035,0.559414001,1274071.833
4376,0.16650651,0.100299271,0.152509338,1846629.26
4377,0.167012141,0.101543104,0.162040003,1727389.26
4378,0.166523473,0.101393402,0.169477666,1195694.334
4379,0.167029109,0.102641037,0.179082901,1195087.547
4380,0.166541341,0.102488503,0.186444468,1218225.218
4381,0.167047908,0.103743637,0.19612324,1200211.986
4382,0.166558273,0.103590136,0.203409307,1233527.386
4383,0.167063939,0.104850004,0.213162374,1237552.45
4384,0.166573374,0.104691803,0.220372172,1237913.292
4385,0.167080907,0.105957303,0.230200572,1230504.371
4386,0.166591278,0.105799103,0.237334101,1233830.507
4387,0.167099747,0.107073102,0.247236903,1227657.916
4388,0.166610113,0.106913035,0.254293233,1231688.711
4389,0.16711761,0.108190768,0.264272298,1219922.729
4390,0.166627975,0.108026934,0.271254232,1230233.882
4391,0.167138341,0.109310336,0.281306742,1219501.054
4392,0.166648707,0.109144636,0.288212413,1228252.978
4393,0.167158106,0.110436503,0.298339305,1226838.79
4394,0.166665639,0.110267036,0.305168701,1235947.039
4395,0.167175039,0.111564537,0.315368103,1238379.964
4396,0.166683502,0.111390338,0.322122172,1248547.75
4397,0.167193837,0.112693502,0.332396901,1252722.617
4398,0.166702342,0.112517436,0.339076569,1266152.208
4399,0.167211777,0.113829069,0.349424733,1269957.932
4400,0.166719345,0.113651103,0.356027201,1279845.698
4401,0.167229675,0.114966502,0.366449768,1279252.187
4402,0.166738144,0.114784803,0.372975972,1281527.082
4403,0.167250341,0.116108704,0.383474833,1278384.921
4404,0.166757909,0.115925105,0.389924632,1277600.444
4405,0.167269206,0.117251803,0.400496999,1272237.902
4406,0.166775808,0.117063469,0.406870677,1270050.326
4407,0.16728804,0.118398656,0.417517344,1263799.173
4408,0.166794642,0.118209389,0.423817342,1264729.539
4409,0.167305944,0.119551163,0.434537333,1255252.632
4410,0.166811579,0.11935719,0.440761332,1257429.406
4411,0.167323812,0.120704623,0.451556,1249086.836
4412,0.166832311,0.120506887,0.457704671,1249852.116
4413,0.167346441,0.121860903,0.468575338,1247034.32
4414,0.166853973,0.121661283,0.474647664,1249082.845
4415,0.167365239,0.123020953,0.48559199,1251251.297
4416,0.166871841,0.122816628,0.491588318,1255618.611
4417,0.167384074,0.124181943,0.502606995,1257882.744
4418,0.166890671,0.123975733,0.508529663,1263673.693
4419,0.167401972,0.125349525,0.519621663,1262764.843
4420,0.166907644,0.125139549,0.525467,1267490.283
4421,0.167421778,0.126518987,0.536630351,1266743.253
4422,0.166928375,0.126305244,0.54240037,1269467.193
4423,0.167442474,0.127690336,0.553641032,1271808.802
4424,0.166946243,0.127472829,0.559337687,1273065.501
4425,0.168005539,0.102964938,0.164207672,1727389.26
4426,0.168511175,0.104246437,0.173964569,1706938.14
4427,0.168023412,0.104072238,0.181402135,1195087.547
4428,0.168529048,0.105359403,0.1912335,1173307.897
4429,0.168041311,0.105183337,0.198593038,1200211.986
4430,0.168549774,0.106477069,0.208497706,1216263.817
4431,0.168062037,0.106297236,0.215780975,1237552.45
4432,0.16856957,0.107596636,0.225761907,1226979.076
4433,0.168079005,0.107414904,0.232971705,1230504.371
4434,0.168586507,0.108720871,0.243027003,1225511.968
4435,0.168096878,0.10853727,0.250158671,1227657.916
4436,0.168605347,0.109850802,0.260285568,1215527.547
4437,0.168115712,0.109664368,0.267342865,1219922.729
4438,0.168625112,0.110981669,0.27754601,1212522.847
4439,0.168137375,0.110791471,0.284527954,1219501.054
4440,0.168647741,0.112117238,0.294804555,1221048.162
4441,0.168158106,0.111927971,0.301710236,1226838.79
4442,0.168665609,0.113259402,0.312061228,1231759.916
4443,0.168175008,0.113065435,0.318889699,1238379.964
4444,0.168685338,0.114400635,0.329314107,1242813.06
4445,0.168195704,0.114202901,0.33606724,1252722.617
4446,0.168706075,0.115546567,0.346566976,1256233.839
4447,0.168213643,0.115348801,0.353244802,1269957.932
4448,0.168723043,0.116699036,0.363818003,1271437.021
4449,0.168231506,0.116494703,0.370420502,1279252.187
4450,0.168743708,0.117849675,0.381069071,1278180.418
4451,0.168254074,0.117645376,0.387597198,1278384.921
4452,0.168765376,0.119008822,0.398319,1275165.965
4453,0.168272939,0.118798848,0.404769002,1272237.902
4454,0.168782338,0.120166031,0.415565348,1263454.466
4455,0.168290838,0.119954173,0.421940013,1263799.173
4456,0.168803075,0.121329847,0.432810679,1254315.945
4457,0.168311579,0.121116104,0.439108002,1255252.632
4458,0.168822845,0.122495542,0.450054342,1249186.703
4459,0.168329442,0.122278033,0.456278341,1249086.836
4460,0.168841675,0.123664065,0.467299011,1247406.607
4461,0.168350174,0.123444672,0.473447337,1247034.32
4462,0.168863342,0.124838234,0.484542002,1248741.289
4463,0.168370875,0.124614136,0.490614329,1251251.297
4464,0.168883108,0.126013351,0.501780986,1252053.249
4465,0.168389704,0.125785484,0.507777323,1257882.744
4466,0.168903839,0.127193171,0.519019999,1257918.267
4467,0.16840951,0.126963422,0.524941671,1262764.843
4468,0.168922679,0.128376757,0.53625767,1264439.682
4469,0.168429276,0.128142298,0.542101013,1266743.253
4470,0.168943375,0.129562228,0.553491353,1270736.202
4471,0.168449977,0.129324008,0.559261353,1271808.802
4472,0.169504542,0.105731336,0.176360235,1706938.14
4473,0.170011113,0.107051435,0.186341034,1778632.957
4474,0.169523382,0.106853701,0.193776733,1173307.897
4475,0.170030914,0.108179502,0.2038311,1190464.888
4476,0.169545044,0.107978935,0.211192535,1216263.817
4477,0.170053507,0.109310369,0.221323201,1215213.766
4478,0.16956577,0.109107903,0.228609304,1226979.076
4479,0.170073303,0.110447805,0.238814336,1220608.6
4480,0.169584605,0.110242505,0.246022237,1225511.968
4481,0.170092107,0.111588071,0.256298833,1217626.386
4482,0.169602478,0.111379969,0.263430496,1215527.547
4483,0.170110947,0.112731168,0.27378244,1216297.716
4484,0.169623215,0.112519302,0.280840658,1212522.847
4485,0.170132614,0.113877103,0.291266958,1221668.145
4486,0.169644877,0.113665237,0.298248912,1221048.162
4487,0.170153341,0.115031502,0.308749593,1228985.171
4488,0.169663706,0.114814934,0.31565623,1231759.916
4489,0.170173106,0.116184034,0.326231303,1236984.835
4490,0.169685338,0.115963702,0.33306071,1242813.06
4491,0.170194738,0.117339371,0.343709239,1244538.079
4492,0.169705109,0.11711997,0.350462372,1256233.839
4493,0.170214513,0.118503159,0.361187174,1259009.221
4494,0.169724879,0.118279991,0.36786498,1271437.021
4495,0.170234278,0.119666972,0.378664276,1275039.456
4496,0.169744644,0.119440989,0.385265869,1278180.418
4497,0.170256877,0.120836446,0.396138336,1275163.611
4498,0.169767242,0.120608579,0.40266334,1275165.965
4499,0.170276672,0.12201062,0.413610341,1264868.663
4500,0.169784205,0.121778046,0.420062347,1263454.466
4501,0.170296438,0.123185733,0.431084015,1254386.565
4502,0.169806808,0.122949392,0.437457682,1254315.945
4503,0.170319046,0.124363673,0.448551676,1250517.566
4504,0.169826579,0.124123566,0.454851013,1249186.703
4505,0.170338811,0.125543493,0.466021016,1249552.985
4506,0.16984731,0.125301501,0.472245015,1247406.607
4507,0.170359543,0.126729909,0.483487671,1247544.834
4508,0.169867076,0.126486036,0.489636332,1248741.289
4509,0.170380239,0.127919146,0.500954997,1247430.612
4510,0.169888738,0.12767056,0.507027323,1252053.249
4511,0.17040097,0.129110265,0.518420003,1253310.951
4512,0.169909475,0.128860743,0.524416341,1257918.267
4513,0.170422643,0.130306096,0.535882019,1261910.167
4514,0.169930176,0.13005186,0.541801676,1264439.682
4515,0.170444275,0.131502864,0.553341675,1268660.628
4516,0.169950877,0.131247691,0.559188009,1270736.202
4517,0.171004512,0.108601334,0.188960571,1778632.957
4518,0.17151298,0.109961001,0.199165507,1812064.643
4519,0.171027115,0.109736903,0.206600337,1190464.888
4520,0.171534648,0.111102236,0.216880702,1194301.345
4521,0.171046911,0.110876269,0.224242132,1215213.766
4522,0.171554443,0.112250036,0.234596898,1194212.506
4523,0.171068573,0.112024038,0.241883001,1220608.6
4524,0.171576106,0.11340347,0.252311172,1219197.687
4525,0.171088338,0.113172803,0.259519104,1217626.386
4526,0.17159584,0.114556002,0.270021688,1219346.321
4527,0.171108078,0.114322469,0.277153361,1216297.716
4528,0.171616547,0.115712234,0.287732198,1221741.79
4529,0.171128815,0.115478734,0.294787577,1221668.145
4530,0.171638214,0.116876068,0.305440796,1226232.347
4531,0.171150477,0.116640701,0.312420858,1228985.171
4532,0.171660807,0.118043678,0.323147563,1229621.12
4533,0.17117307,0.117803579,0.330051371,1236984.835
4534,0.17168247,0.119213137,0.340851512,1233511.143
4535,0.171191905,0.118969261,0.347679972,1244538.079
4536,0.17170224,0.120385422,0.358554464,1244460.685
4537,0.171214478,0.12013872,0.365308533,1259009.221
4538,0.17172671,0.121562416,0.376258474,1261009.331
4539,0.171236145,0.121313835,0.382936412,1275039.456
4540,0.171745575,0.1227413,0.393958669,1270127.298
4541,0.171255941,0.122489894,0.400559001,1275163.611
4542,0.171768173,0.12392583,0.41165567,1264628.027
4543,0.171278539,0.123674423,0.418182007,1264868.663
4544,0.171789841,0.12511601,0.42935434,1254842.405
4545,0.171300207,0.124859894,0.435804342,1254386.565
4546,0.171812444,0.126307129,0.447050669,1252104.611
4547,0.171320913,0.126047249,0.453424337,1250517.566
4548,0.171832214,0.127501078,0.464743998,1251260.174
4549,0.17134258,0.127237429,0.471041341,1249552.985
4550,0.17185671,0.128698786,0.482435343,1246506.537
4551,0.171365173,0.128433258,0.488657674,1247544.834
4552,0.171876439,0.12990121,0.500126343,1243875.678
4553,0.171383972,0.129630971,0.506275004,1247430.612
4554,0.171898071,0.131103622,0.517817017,1248287.988
4555,0.17140657,0.130831502,0.523889689,1253310.951
4556,0.171920675,0.13231075,0.535506348,1257780.17
4557,0.171428243,0.132034866,0.54150234,1261910.167
4558,0.171944244,0.133519765,0.553191996,1264656.716
4559,0.171452744,0.133241999,0.559111674,1268660.628
4560,0.172506378,0.11157397,0.202011037,1812064.643
4561,0.173013911,0.11297317,0.212441101,1796415.324
4562,0.172528046,0.112725535,0.219875936,1194301.345
4563,0.173035578,0.114131335,0.230380402,1162578.532
4564,0.172549713,0.113881803,0.237739934,1194212.506
4565,0.17305721,0.115293236,0.248320674,1191943.432
4566,0.172569473,0.115040901,0.25560581,1219197.687
4567,0.173077937,0.116458,0.266260925,1209795.174
4568,0.172592072,0.116203768,0.273468872,1219346.321
4569,0.173101471,0.117627457,0.284195567,1215829.291
4570,0.172613708,0.117369456,0.29132722,1221741.79
4571,0.173124074,0.118798813,0.302130168,1223548.825
4572,0.172636312,0.118538925,0.309188365,1226232.347
4573,0.173145711,0.119976763,0.320064758,1217775.386
4574,0.172657944,0.119716883,0.327043894,1229621.12
4575,0.17316831,0.121160357,0.337993764,1221978.073
4576,0.172680573,0.120896711,0.344897573,1233511.143
4577,0.173189972,0.122344887,0.355922709,1231413.933
4578,0.172702204,0.122077474,0.362751139,1244460.685
4579,0.173214442,0.123530357,0.373849803,1241941.545
4580,0.17272671,0.123262001,0.380603068,1261009.331
4581,0.173236109,0.124723361,0.391777008,1255834.856
4582,0.172745539,0.124451241,0.398454671,1270127.298
4583,0.173255875,0.125919195,0.409700999,1260443.356
4584,0.172768143,0.12564519,0.416301666,1264628.027
4585,0.173280375,0.127121615,0.427624339,1255983.989
4586,0.172791707,0.126843842,0.434150675,1254842.405
4587,0.17330394,0.12832309,0.445546672,1254058.918
4588,0.172814311,0.128042493,0.451996663,1252104.611
4589,0.173326543,0.129529274,0.46346699,1250919.781
4590,0.172835978,0.129247739,0.469840658,1251260.174
4591,0.173349141,0.130741114,0.481384664,1245948.304
4592,0.172859507,0.130455811,0.487682007,1246506.537
4593,0.173373606,0.131954834,0.499300344,1241991.974
4594,0.172882075,0.131665761,0.505522349,1243875.678
4595,0.173395243,0.133171382,0.517215342,1244002.942
4596,0.172903707,0.132879481,0.523361348,1248287.988
4597,0.173417842,0.134392629,0.535127665,1251111.229
4598,0.17292631,0.134096018,0.541199992,1257780.17
4599,0.173439514,0.135615758,0.553042318,1258429.357
4600,0.17294988,0.135315389,0.55903833,1264656.716
4601,0.174005407,0.114651103,0.215509766,1629677.515
4602,0.174512904,0.116090803,0.226165838,1642291.904
4603,0.174028941,0.11581867,0.233601639,1162578.532
4604,0.174537409,0.117262136,0.244332108,1168653.503
4605,0.174051544,0.116986234,0.25169161,1191943.432
4606,0.174559077,0.118435356,0.262495504,1191825.493
4607,0.174073207,0.118159457,0.269779683,1209795.174
4608,0.174583572,0.11961706,0.280658905,1213789.707
4609,0.174097702,0.119339292,0.287866842,1215829.291
4610,0.174607101,0.120800667,0.298819489,1216661.7
4611,0.174121236,0.120518188,0.305951162,1223548.825
4612,0.174631571,0.121988022,0.316980103,1210414.622
4613,0.174143809,0.121706484,0.324035502,1217775.386
4614,0.174653208,0.123181966,0.335136007,1215503.036
4615,0.174165476,0.122895719,0.342115133,1221978.073
4616,0.174677709,0.124376851,0.353290009,1221357.989
4617,0.174189941,0.124089666,0.360193776,1231413.933
4618,0.174699341,0.12557739,0.371443146,1226869.294
4619,0.174211609,0.125285494,0.378270742,1241941.545
4620,0.17472198,0.126780754,0.38959434,1235853.865
4621,0.174234212,0.126486977,0.396347341,1255834.856
4622,0.174743612,0.127988828,0.407745341,1251998.58
4623,0.174255844,0.127693166,0.414421336,1260443.356
4624,0.174768077,0.129200661,0.425893667,1257354.756
4625,0.17428034,0.128903114,0.432496002,1255983.989
4626,0.174791636,0.13041626,0.444042674,1255209.185
4627,0.174303904,0.130114009,0.450567006,1254058.918
4628,0.174816106,0.131632807,0.462187337,1251620.643
4629,0.174328374,0.131328669,0.468637329,1250919.781
4630,0.174841543,0.132856888,0.480331004,1247495.171
4631,0.174352875,0.132550868,0.486704671,1245948.304
4632,0.174866974,0.13408285,0.498473012,1242375.239
4633,0.17437734,0.13377212,0.504771342,1241991.974
4634,0.174891439,0.13531163,0.516614014,1240732.981
4635,0.174400874,0.134999964,0.522836009,1244002.942
4636,0.174914973,0.136546066,0.534754008,1244043.107
4637,0.174423477,0.136230632,0.540899658,1251111.229
4638,0.174937576,0.137783325,0.552891663,1251254.682
4639,0.174445145,0.137465062,0.558961995,1258429.357
4640,0.175505335,0.117831818,0.229461441,1561731.947
4641,0.176012868,0.119309179,0.240343511,1693364.797
4642,0.175528905,0.11901163,0.247778376,1168653.503
4643,0.176037374,0.120494647,0.25873291,1170281.598
4644,0.175553411,0.120194275,0.266090535,1191825.493
4645,0.176060908,0.121683886,0.277119446,1207105.367
4646,0.17557694,0.121382571,0.284403636,1213789.707
4647,0.17608727,0.122878771,0.29550884,1210511.325
4648,0.175603302,0.122574636,0.302716756,1216661.7
4649,0.176112701,0.124075544,0.313892598,1211803.489
4650,0.175626836,0.123771408,0.321024272,1210414.622
4651,0.176137171,0.12528079,0.332276377,1213180.314
4652,0.175651306,0.124972885,0.339332713,1215503.036
4653,0.176160706,0.126486036,0.35065917,1215732.636
4654,0.17567484,0.126176249,0.357637339,1221357.989
4655,0.176185176,0.127697876,0.369037242,1216572.889
4656,0.175697444,0.127386202,0.37593928,1226869.294
4657,0.176206843,0.128914416,0.387413544,1219745.271
4658,0.175719111,0.128600863,0.394241007,1235853.865
4659,0.176231344,0.13013473,0.405788676,1235903.727
4660,0.175743612,0.129816472,0.412540009,1251998.58
4661,0.176254908,0.131355982,0.424163005,1255082.619
4662,0.175767141,0.131035833,0.430840668,1257354.756
4663,0.17628124,0.132582876,0.442539001,1255117.379
4664,0.175793472,0.132260849,0.449138672,1255209.185
4665,0.176306641,0.133814489,0.460908671,1253550.936
4666,0.175817006,0.133488698,0.467433004,1251620.643
4667,0.176331111,0.135047984,0.479279338,1250396.083
4668,0.175843379,0.134720311,0.485727346,1247495.171
4669,0.176356547,0.136288066,0.497647013,1244225.706
4670,0.17586881,0.135956624,0.504019012,1242375.239
4671,0.176381042,0.137530039,0.516013336,1238237.559
4672,0.175893305,0.137195775,0.522310008,1240732.981
4673,0.176406474,0.138774836,0.534378337,1238366.274
4674,0.175918706,0.138436793,0.540600342,1244043.107
4675,0.17643281,0.140022456,0.552742004,1243892.958
4676,0.175943176,0.139684423,0.558887675,1251254.682
4677,0.177004369,0.121114217,0.243862244,1555145.563
4678,0.177513769,0.122630191,0.254966512,1880994.935
4679,0.177030736,0.122308169,0.262402313,1170281.598
4680,0.177541072,0.123829788,0.273580943,1164455.014
4681,0.177055206,0.123505877,0.28094045,1207105.367
4682,0.177564606,0.125034086,0.292195343,1193784.929
4683,0.177080638,0.124708295,0.299479543,1210511.325
4684,0.177591003,0.126244041,0.310807902,1210766.146
4685,0.177107035,0.125915426,0.318013041,1211803.489
4686,0.177616435,0.127456823,0.329414846,1209669.073
4687,0.177132436,0.127126322,0.336546509,1213180.314
4688,0.177642771,0.128676191,0.348022705,1210967.458
4689,0.177156906,0.128343808,0.35507903,1215732.636
4690,0.177666306,0.129897441,0.366629628,1207127.032
4691,0.17718044,0.129561295,0.37360967,1216572.889
4692,0.177690776,0.131123398,0.385233714,1208720.285
4693,0.17720491,0.130788193,0.392135549,1219745.271
4694,0.177716207,0.132355952,0.403834015,1221430.243
4695,0.177230372,0.132016042,0.410659678,1235903.727
4696,0.177742605,0.133589452,0.42243335,1243245.939
4697,0.177254873,0.13324765,0.429185343,1255082.619
4698,0.177766139,0.134828588,0.441033346,1253477.196
4699,0.177280273,0.134483963,0.44770934,1255117.379
4700,0.177794373,0.136071498,0.459631012,1255281.864
4701,0.177308507,0.13572405,0.466230672,1253550.936
4702,0.177819804,0.137318181,0.47822467,1253795.426
4703,0.177332041,0.136967906,0.484749003,1250396.083
4704,0.177846176,0.138567683,0.496819336,1246327.778
4705,0.177358414,0.138215515,0.503269338,1244225.706
4706,0.177872543,0.139820933,0.515412994,1237347.875
4707,0.177382909,0.139466899,0.521784993,1238237.559
4708,0.177897039,0.141077967,0.534001322,1234513.882
4709,0.17740834,0.140720169,0.540297994,1238366.274
4710,0.177924342,0.142336873,0.552590332,1236639.518
4711,0.177436579,0.141977203,0.558812337,1243892.958
4712,0.178505269,0.124499262,0.258712179,1683708.96
4713,0.179015635,0.126054784,0.270043365,1799338.39
4714,0.17853447,0.125707331,0.277476329,1164455.014
4715,0.179042007,0.127268499,0.288879995,1163977.817
4716,0.178558009,0.126919164,0.296239502,1193784.929
4717,0.179067444,0.12848881,0.30771757,1194411.489
4718,0.178584407,0.128139478,0.31500177,1210766.146
4719,0.179094772,0.12971477,0.326553304,1200290.106
4720,0.178610769,0.12936073,0.333761241,1209669.073
4721,0.179122035,0.130941676,0.345387136,1203654.267
4722,0.178638036,0.130587636,0.352516937,1210967.458
4723,0.179148371,0.132175171,0.364217234,1197330.919
4724,0.178662506,0.131817357,0.3712736,1207127.032
4725,0.179171906,0.133410543,0.3830501,1200977.319
4726,0.17868604,0.133052729,0.390030172,1208720.285
4727,0.179198273,0.134654388,0.401878347,1210475.491
4728,0.178714305,0.134292816,0.408780355,1221430.243
4729,0.179225601,0.135900126,0.420703023,1222699.769
4730,0.178739736,0.135536672,0.427530355,1243245.939
4731,0.179251973,0.137150579,0.439528015,1245234.478
4732,0.178766108,0.136784297,0.446279012,1253477.196
4733,0.17927741,0.138403839,0.458351339,1255177.664
4734,0.17879154,0.138035665,0.465027344,1255281.864
4735,0.179305674,0.139661794,0.477174011,1254928.665
4736,0.178819804,0.139291758,0.483771678,1253795.426
4737,0.179333908,0.140923533,0.495991669,1247336.508
4738,0.178848043,0.140549733,0.502514994,1246327.778
4739,0.179362147,0.142187169,0.514809662,1238117.797
4740,0.17887441,0.141810537,0.52125766,1237347.875
4741,0.179388509,0.143455505,0.533625651,1231849.578
4742,0.178900772,0.14307697,0.539997314,1234513.882
4743,0.17941394,0.144728536,0.552439657,1230657.023
4744,0.178926208,0.144346237,0.558736003,1236639.518
4745,0.180007136,0.127987885,0.274014069,1670627.612
4746,0.180517471,0.129582006,0.285567464,1740897.138
4747,0.180033508,0.129210073,0.293000427,1163977.817
4748,0.180542913,0.130809845,0.304630107,1157796.608
4749,0.180060847,0.130437917,0.311987742,1194411.489
4750,0.180571177,0.132046163,0.323692739,1183892.48
4751,0.18008814,0.131672348,0.330974101,1200290.106
4752,0.18059847,0.133285304,0.342752563,1190122.277
4753,0.180116369,0.132908671,0.349957662,1203654.267
4754,0.180625768,0.134528219,0.361810496,1190064.424
4755,0.180141769,0.134148758,0.368940267,1197330.919
4756,0.18065214,0.135774892,0.380866465,1197534.646
4757,0.180168142,0.135394491,0.387919932,1200977.319
4758,0.180679443,0.137028158,0.399920664,1201870.036
4759,0.18019544,0.136645869,0.406899007,1210475.491
4760,0.180707672,0.138286138,0.418973012,1208771.1
4761,0.180221802,0.137901967,0.42587502,1222699.769
4762,0.180733103,0.139547887,0.43802535,1228899.682
4763,0.18024914,0.139159953,0.444851013,1245234.478
4764,0.180763245,0.140811503,0.457074666,1250346.217
4765,0.180277379,0.140421672,0.463823995,1255177.664
4766,0.180788645,0.142080775,0.476120331,1252929.495
4767,0.180302811,0.141689072,0.482794342,1254928.665
4768,0.18081691,0.143353836,0.495164012,1247251.371
4769,0.180333878,0.142958333,0.501763672,1247336.508
4770,0.180847977,0.144629669,0.514208008,1239631.535
4771,0.180362111,0.144232305,0.520730672,1238117.797
4772,0.180875275,0.145911174,0.533249349,1231176.203
4773,0.180389409,0.145511007,0.53969633,1231849.578
4774,0.180903539,0.147196472,0.552289998,1227221.298
4775,0.180415807,0.146792536,0.558661662,1230657.023
4776,0.181508972,0.13157725,0.289763214,1552817.763
4777,0.182017441,0.133210922,0.301543538,1527710.638
4778,0.181535344,0.13281545,0.308977468,1157796.608
4779,0.182044744,0.13445666,0.320832174,1178495.172
4780,0.181562642,0.134059301,0.328189809,1183892.48
4781,0.182072973,0.135707097,0.340117981,1169389.177
4782,0.181591838,0.135306915,0.347399373,1190122.277
4783,0.182103139,0.136960363,0.359401001,1182379.668
4784,0.181619171,0.136558299,0.366607025,1190064.424
4785,0.182128571,0.138218348,0.378682861,1193076.545
4786,0.181645538,0.137814402,0.385812531,1197534.646
4787,0.182157776,0.139481969,0.397963003,1194701.193
4788,0.18167568,0.139076126,0.40501767,1201870.036
4789,0.182186946,0.140749359,0.417244344,1200203.115
4790,0.181702942,0.14034166,0.424221344,1208771.1
4791,0.182215174,0.142020538,0.436521342,1213660.588
4792,0.181731206,0.141610936,0.44342334,1228899.682
4793,0.182244375,0.143296402,0.455796,1235929.6
4794,0.181760376,0.142884903,0.462621663,1250346.217
4795,0.182274475,0.144576004,0.475067657,1247158.92
4796,0.18178861,0.144161708,0.481816996,1252929.495
4797,0.182302739,0.145861308,0.494336334,1245337.957
4798,0.181816874,0.14544514,0.501009338,1247251.371
4799,0.182331004,0.147148473,0.513605337,1240035.793
4800,0.181845139,0.146728505,0.520204346,1239631.535
4801,0.182359273,0.148440308,0.532874674,1233060.204
4802,0.181875275,0.14802034,0.539397013,1231176.203
4803,0.182388443,0.149737839,0.55214034,1226362.902
4804,0.181902573,0.149314138,0.558586344,1227221.298
4805,0.183008972,0.135272079,0.305964345,1430243.524
4806,0.183519307,0.136946243,0.31796877,1382660.26
4807,0.183037175,0.136526296,0.325402669,1248755.869
4808,0.183548477,0.1382061,0.33748054,1075390.123
4809,0.183066376,0.137784261,0.344838216,1169389.177
4810,0.183576742,0.139469732,0.356992381,1171783.893
4811,0.18309464,0.139046015,0.364273773,1182379.668
4812,0.18360404,0.140737122,0.376500264,1186519.048
4813,0.183121938,0.140311518,0.383703328,1193076.545
4814,0.183632268,0.142010167,0.39600533,1191149.681
4815,0.183151138,0.141584564,0.403135335,1194701.193
4816,0.183663376,0.1432898,0.415512004,1192173.231
4817,0.18318128,0.142860438,0.422566345,1200203.115
4818,0.183692546,0.14457134,0.435016012,1205220.384
4819,0.183210444,0.14413914,0.441994008,1213660.588
4820,0.183722677,0.145856603,0.45451533,1218706.574
4821,0.183240575,0.145423467,0.461415324,1235929.6
4822,0.183754674,0.147149399,0.474010986,1235155.004
4823,0.183272573,0.146713435,0.480837657,1247158.92
4824,0.183786708,0.148444071,0.493508657,1240328.111
4825,0.183302739,0.148006241,0.500257996,1245337.957
4826,0.183816839,0.149745372,0.513003326,1239022.064
4827,0.183330968,0.149303772,0.519677663,1240035.793
4828,0.183844137,0.151046672,0.532498678,1235776.814
4829,0.183358307,0.150603175,0.53909668,1233060.204
4830,0.183874308,0.152354538,0.551990682,1227009.462
4831,0.183388443,0.15190917,0.558512004,1226362.902
4832,0.184510808,0.139071416,0.322614604,1316560.951
4833,0.185020208,0.140782303,0.334845001,1328255.721
4834,0.184540009,0.140336934,0.342277039,1262644.738
4835,0.185049408,0.1420563,0.354580912,1119283.684
4836,0.184568242,0.141610936,0.361938578,1171783.893
4837,0.185078573,0.143335938,0.374316976,1181828.87
4838,0.184596471,0.142885839,0.38159727,1186519.048
4839,0.185107773,0.144617437,0.394047007,1186112.247
4840,0.184625671,0.144167369,0.401252004,1191149.681
4841,0.185137904,0.145906499,0.413778341,1196578.24
4842,0.184656738,0.145454534,0.420908335,1192173.231
4843,0.185170873,0.147198369,0.433508677,1197756.907
4844,0.184688777,0.146744537,0.440562012,1205220.384
4845,0.18520194,0.148495906,0.453235677,1205326.911
4846,0.184717941,0.148040171,0.460210999,1218706.574
4847,0.185232071,0.149798106,0.472958323,1218885.095
4848,0.184750905,0.149340469,0.479858317,1235155.004
4849,0.185265004,0.151105972,0.49268099,1232552.305
4850,0.184782908,0.150645538,0.499504659,1240328.111
4851,0.185296076,0.152414805,0.512401001,1237878.559
4852,0.184813975,0.151952469,0.51915033,1239022.064
4853,0.185328074,0.153730199,0.532121012,1236642.398
4854,0.184844106,0.153266001,0.538795024,1235776.814
4855,0.18535731,0.155049403,0.55183903,1227614.538
4856,0.184873342,0.154581436,0.558436686,1227009.462
4857,0.186009842,0.142971502,0.339715902,1287113.167
4858,0.186519241,0.14472287,0.352170441,1320443.214
4859,0.186039007,0.144253036,0.359603414,1219565.414
4860,0.186549342,0.146012873,0.37213148,1071525.867
4861,0.186070073,0.145541138,0.379487376,1181828.87
4862,0.186582306,0.147304738,0.392089671,1193416.631
4863,0.186102107,0.146831136,0.399369008,1186112.247
4864,0.186613408,0.148602305,0.412046682,1197076.769
4865,0.186131307,0.148127736,0.419251017,1196578.24
4866,0.186643504,0.149904505,0.432003011,1197231.513
4867,0.186164235,0.149427104,0.439130676,1197756.907
4868,0.18667837,0.151210505,0.451956014,1196587.496
4869,0.186198171,0.150733139,0.45900768,1205326.911
4870,0.186709437,0.152525004,0.47190567,1202748.998
4871,0.186227336,0.152045705,0.478880992,1218885.095
4872,0.186741435,0.153843201,0.491853333,1221818.469
4873,0.186260269,0.153361104,0.498753337,1232552.305
4874,0.186774373,0.155164271,0.511799337,1235339.143
4875,0.186292277,0.154678406,0.518623332,1237878.559
4876,0.186805476,0.156487203,0.53174467,1235099.746
4877,0.186323374,0.156001333,0.538493022,1236642.398
4878,0.186837504,0.157818634,0.551688354,1228442.037
4879,0.186355408,0.157330902,0.558360352,1227614.538
4880,0.187509776,0.146976105,0.357266378,1281205.452
4881,0.188019175,0.148765137,0.369945984,1488542.457
4882,0.187538976,0.148271739,0.377378113,1206430.256
4883,0.188051208,0.15006927,0.390132009,966601.8493
4884,0.187573807,0.149574005,0.397487671,1193416.631
4885,0.188085108,0.151377172,0.410315999,897733.5307
4886,0.187604909,0.150879074,0.417595673,1197076.769
4887,0.188116211,0.152689774,0.430497335,1197085.825
4888,0.187636907,0.152189774,0.437700338,1197231.513
4889,0.188149139,0.15400797,0.450674337,1192392.16
4890,0.187669871,0.153506104,0.457802348,1196587.496
4891,0.188184006,0.155330002,0.470850016,1192582.994
4892,0.187703771,0.154826269,0.477901672,1202748.998
4893,0.188216939,0.156655767,0.491023661,1209135.773
4894,0.187736705,0.156151998,0.498,1221818.469
4895,0.188250839,0.157989034,0.511197673,1227184.143
4896,0.187769674,0.157483404,0.518097005,1235339.143
4897,0.188283808,0.159327042,0.531368998,1231547.947
4898,0.187801707,0.158816706,0.538192668,1235099.746
4899,0.18831487,0.160666005,0.551538676,1230213.272
4900,0.187832769,0.160153804,0.558286011,1228442.037
4901,0.189008809,0.151082433,0.375267883,1388750.996
4902,0.189520111,0.152911967,0.388172343,1691549.735
4903,0.189042709,0.152392202,0.39560434,1200791.974
4904,0.189554942,0.154230204,0.408582336,892400.3182
4905,0.189074743,0.153710439,0.415938334,1201684.086
4906,0.189586044,0.155554072,0.42899,890765.5105
4907,0.189107712,0.155031504,0.436269328,1197085.825
4908,0.189621811,0.156880803,0.449394002,1183102.481
4909,0.189142543,0.156357269,0.456596008,1192392.16
4910,0.189654775,0.15821317,0.469796346,1190841.262
4911,0.189175507,0.15768777,0.476922343,1192582.994
4912,0.189689606,0.15954837,0.490196004,1193446.67
4913,0.189211273,0.159020101,0.497245667,1209135.773
4914,0.189724442,0.16088917,0.510595662,1205511.338
4915,0.189244242,0.160361872,0.51757133,1227184.143
4916,0.189758341,0.162239441,0.530993001,1223438.529
4917,0.189279073,0.161710241,0.537891337,1231547.947
4918,0.189795039,0.163591573,0.551387004,1229192.964
4919,0.189312937,0.163057673,0.558210673,1230213.272
4920,0.19050971,0.155293299,0.393718343,1522510.207
4921,0.191021942,0.157161402,0.406846008,1615361.437
4922,0.190544576,0.156618073,0.414278005,1189622.762
4923,0.191056808,0.158493739,0.427481333,893751.9093
4924,0.190578476,0.157949504,0.434837331,1189760.58
4925,0.191091644,0.159830836,0.448114665,875234.6223
4926,0.190613312,0.159284704,0.455392008,1183102.481
4927,0.191127411,0.161171672,0.468741679,1182437.382
4928,0.190648142,0.160623672,0.47594401,1190841.262
4929,0.191162242,0.162519104,0.489368673,1180892.146
4930,0.190682973,0.161969203,0.49649467,1193446.67
4931,0.191197072,0.163872167,0.509992676,1185299.815
4932,0.190716873,0.163320404,0.517044006,1205511.338
4933,0.191230042,0.16522997,0.53061735,1205914.767
4934,0.190751709,0.164676305,0.537590678,1223438.529
4935,0.191265808,0.166591502,0.551236348,1221376.33
4936,0.190788406,0.16603597,0.558134338,1229192.964
4937,0.192009674,0.159606735,0.412618011,1577605.475
4938,0.192521907,0.161516271,0.42597167,1548307.041
4939,0.192046407,0.160946604,0.433402995,1162439.856
4940,0.19255864,0.162861837,0.446831319,938849.2963
4941,0.192082209,0.162290304,0.454186991,1185605.882
4942,0.192593475,0.164213969,0.467686666,883022.2818
4943,0.192117009,0.163641469,0.47496401,1182437.382
4944,0.192629237,0.165570801,0.48853835,1172351.733
4945,0.192153737,0.164996435,0.495740682,1180892.146
4946,0.192667837,0.166932368,0.50939034,1179024.343
4947,0.19219044,0.166358002,0.516516337,1185299.815
4948,0.192704569,0.168299571,0.53023999,1183925.572
4949,0.19222437,0.167723302,0.537289673,1205914.767
4950,0.192739436,0.169670502,0.55108667,1209419.179
4951,0.192259206,0.169092367,0.558060018,1221376.33
4952,0.193509638,0.164024704,0.431970673,1517828.862
4953,0.194023738,0.165971939,0.445550669,1493212.079
4954,0.193548238,0.165378738,0.452979991,1167823.588
4955,0.194061406,0.16733164,0.466634003,1022856.517
4956,0.193583074,0.166738403,0.473985006,1168849.598
4957,0.194096237,0.168699738,0.487710673,856456.8002
4958,0.193618866,0.168104635,0.494986674,1172351.733
4959,0.194132996,0.170069768,0.508786682,1171727.523
4960,0.193657466,0.169471868,0.515988017,1179024.343
4961,0.194173467,0.171444504,0.529861328,1171104.825
4962,0.193697968,0.170846573,0.536987305,1183925.572
4963,0.194212097,0.172827708,0.550934977,1199326.637
4964,0.193733765,0.172227905,0.55798466,1209419.179
4965,0.195011505,0.168543437,0.451774668,1433268.219
4966,0.195525604,0.170531138,0.465577667,1268733.335
4967,0.195051005,0.169912542,0.47300768,1154089.727
4968,0.195562307,0.171905874,0.486883016,1069027.912
4969,0.195085871,0.171286306,0.494235006,1163281.645
4970,0.195600001,0.17328624,0.508184998,850824.3211
4971,0.195124496,0.172664805,0.515460673,1171727.523
4972,0.195638596,0.174669469,0.529485677,1169406.589
4973,0.195163096,0.174047068,0.536684998,1171104.825
4974,0.195679097,0.176062068,0.550784322,1186565.358
4975,0.195203598,0.175440638,0.557908325,1199326.637
4976,0.19651147,0.173168538,0.472025675,1262441.043
4977,0.197024633,0.175193939,0.48605368,1296632.371
4978,0.196550069,0.174549871,0.493481008,1152133.824
4979,0.197063238,0.176580902,0.507582347,1005714.448
4980,0.196589605,0.175936839,0.514934347,1156405.932
4981,0.197103704,0.177976339,0.529110006,1179444.653
4982,0.196628199,0.177330404,0.536385661,1169406.589
4983,0.197142298,0.179377436,0.550634664,1174411.551
4984,0.196668696,0.178731501,0.557834005,1186565.358
4985,0.198012365,0.177893504,0.492727671,1192877.154
4986,0.198525533,0.179956538,0.506978668,1460830.099
4987,0.198050969,0.179288005,0.514406016,1159212.657
4988,0.198565074,0.181361404,0.528731344,1170511.447
4989,0.198091441,0.180693802,0.536083333,1179444.653
4990,0.19860557,0.182773804,0.550482992,1173221.663
4991,0.198131933,0.182103373,0.557758667,1174411.551
4992,0.19951327,0.182721074,0.513878662,1288169.973
4993,0.200026438,0.184825541,0.528353658,1391626.182
4994,0.199552806,0.184134405,0.535778992,1170511.447
4995,0.200068807,0.186246404,0.550330322,1149108.756
4996,0.199595205,0.185553406,0.557682332,1173221.663
4997,0.20101417,0.187655039,0.535479655,1510151.761
4998,0.201528269,0.189798106,0.550180664,1368695.036
4999,0.201056539,0.189080607,0.557605998,1149108.756
5000,0.202514135,0.192689774,0.557532674,1367853.534
5001,0.054440372,0.187446004,0.550102661,1001449.615
5002,0.053880141,0.189381938,0.557527995,1368695.036
5003,0.054279372,0.188154104,0.55009432,1004706.842
5004,0.053741739,0.190092834,0.557524333,1428308.96
5005,0.054179574,0.188870636,0.550090658,1258705.114
5006,0.053662642,0.190810338,0.557524333,1452088.773
5007,0.054138142,0.189592875,0.550090658,1368695.036
5008,0.053642872,0.191534439,0.557524333,1367853.534
5009,0.054159804,0.190316935,0.550090658,1428308.96
5010,0.053684305,0.192256632,0.557524333,1367853.534
5011,0.054241708,0.1910354,0.55009432,1452088.773
5012,0.05378221,0.19297227,0.557527995,1367853.534
5013,0.054380105,0.191744405,0.550102661,1367853.534
5014,0.053940403,0.193677505,0.557532674,1367853.534
5015,0.055935637,0.182413172,0.528124003,994346.0684
5016,0.055376306,0.184313304,0.535394999,1266528.474
5017,0.055769906,0.18311937,0.528110657,988481.2401
5018,0.055233204,0.185024236,0.535384644,1536219.638
5019,0.055665404,0.183837804,0.528103312,1266528.474
5020,0.055149408,0.185745473,0.535379313,1617944.062
5021,0.055622079,0.184561874,0.528101644,1391626.182
5022,0.055127745,0.186469574,0.535379313,1510151.761
5023,0.055643742,0.18528597,0.528103312,1536219.638
5024,0.05517107,0.187191767,0.535380981,1510151.761
5025,0.055729435,0.1860044,0.528106995,1617944.062
5026,0.055275572,0.187908335,0.535386658,1510151.761
5027,0.055875375,0.186714406,0.528119324,1510151.761
5028,0.055439406,0.188613607,0.535401652,1510151.761
5029,0.057429935,0.177486776,0.506597331,1129565.959
5030,0.056866871,0.179350174,0.513716675,1382662.932
5031,0.057252903,0.17819104,0.506583018,1104859.392
5032,0.05671527,0.180060104,0.513706004,1488257.883
5033,0.05714277,0.178908539,0.506576324,1382662.932
5034,0.056629607,0.180781372,0.513699646,1448674.017
5035,0.057099476,0.179634506,0.506571981,1460830.099
5036,0.056607944,0.181507339,0.513697978,1288169.973
5037,0.057121108,0.180360474,0.506574656,1488257.883
5038,0.056651239,0.182231405,0.513702321,1288169.973
5039,0.057210534,0.181079839,0.506581004,1448674.017
5040,0.056761402,0.182947037,0.513708008,1288169.973
5041,0.057366835,0.181787938,0.506590678,1288169.973
5042,0.056934671,0.183651372,0.513722331,1288169.973
5043,0.058926136,0.172662938,0.485519674,1141820.774
5044,0.058358336,0.174492472,0.492489339,1152133.824
5045,0.058736871,0.173364436,0.485503682,1158634.236
5046,0.058194503,0.175199605,0.492478017,1301372.59
5047,0.058616372,0.174081904,0.485496012,1263040.935
5048,0.058102273,0.175921773,0.492471334,1261594.913
5049,0.058570276,0.174809774,0.485491333,1296632.371
5050,0.058080641,0.176649673,0.492468658,1192877.154
5051,0.058594741,0.175537638,0.485493337,1301372.59
5052,0.058126738,0.177375605,0.492473338,1192877.154
5053,0.058690739,0.176259806,0.485501678,1261594.913
5054,0.058244404,0.178093109,0.492481679,1192877.154
5055,0.058858336,0.176966975,0.485514018,1192877.154
5056,0.0584299,0.178794607,0.492496012,1192877.154
5057,0.060417667,0.16793987,0.464892008,1130162.296
5058,0.059846104,0.169733602,0.471712016,1154089.727
5059,0.060214273,0.168640401,0.464876007,1084158.955
5060,0.05967284,0.170441701,0.471698008,1154089.727
5061,0.060084339,0.169357936,0.464866669,1250288.977
5062,0.05957024,0.171162969,0.471690338,1298410.033
5063,0.06003164,0.17008577,0.464862661,1268733.335
5064,0.059545775,0.171892705,0.471688334,1262441.043
5065,0.060059874,0.170817403,0.464864665,1283845.688
5066,0.059598474,0.172622437,0.471692342,1262441.043
5067,0.060164371,0.171540532,0.464872345,1298410.033
5068,0.059724639,0.173339935,0.471701681,1262441.043
5069,0.060346104,0.172246735,0.464885335,1262441.043
5070,0.059926136,0.174040471,0.471717672,1262441.043
5071,0.061911971,0.163319468,0.444714335,1032218.786
5072,0.061331969,0.1650793,0.451383667,1167823.588
5073,0.06168787,0.164017166,0.44469634,1037998.386
5074,0.061141738,0.165784536,0.451368673,1167823.588
5075,0.06154754,0.164736537,0.444685333,1287991.58
5076,0.061031574,0.166508636,0.451361328,1494807.569
5077,0.061489175,0.165466304,0.444681661,1398472.99
5078,0.06100334,0.167238403,0.451359324,1433268.219
5079,0.061519306,0.166197937,0.444683329,1493212.079
5080,0.061061705,0.167970001,0.451362996,1433268.219
5081,0.061636072,0.166923904,0.444692668,1494807.569
5082,0.061200138,0.168689402,0.451374339,1433268.219
5083,0.061831938,0.167629171,0.444708679,1433268.219
5084,0.061417637,0.1693871,0.45139034,1433268.219
5085,0.063403441,0.158799805,0.424985016,1010917.321
5086,0.062817773,0.16052387,0.431504679,1162439.856
5087,0.06315957,0.159496572,0.424966339,1047483.673
5088,0.062609669,0.161230036,0.431488668,1162439.856
5089,0.063005136,0.160217804,0.424954997,1339556.978
5090,0.06248914,0.161956935,0.431479329,1623100.895
5091,0.062943007,0.160953201,0.424951324,1436854.788
5092,0.062459009,0.16269047,0.431477661,1517828.862
5093,0.062975005,0.161686737,0.424953328,1548307.041
5094,0.062521137,0.163422104,0.431481333,1517828.862
5095,0.06310117,0.162412704,0.424960673,1623100.895
5096,0.062673705,0.164142441,0.43149234,1517828.862
5097,0.063317773,0.16311704,0.424978343,1517828.862
5098,0.06291194,0.164838272,0.431513011,1517828.862
5099,0.064894972,0.154387466,0.405706675,1006970.685
5100,0.064300807,0.156072937,0.412074677,1189622.762
5101,0.064628473,0.155077672,0.405685008,1006750.152
5102,0.064072904,0.156777242,0.412057007,1189622.762
5103,0.06445897,0.15579984,0.405673004,1323477
5104,0.063941104,0.157506938,0.412048665,1615361.437
5105,0.064391206,0.156539001,0.405668335,1458617.136
5106,0.063909106,0.158246134,0.412046661,1577605.475
5107,0.064426973,0.157279134,0.405671,1615361.437
5108,0.06397687,0.158982468,0.412051331,1577605.475
5109,0.064564437,0.158006968,0.405681335,1711443.397
5110,0.064142604,0.159701838,0.412062673,1577605.475
5111,0.064800805,0.158708471,0.405698344,1577605.475
5112,0.06440344,0.160393936,0.412082347,1577605.475
5113,0.066388306,0.150078735,0.386880615,1086694.92
5114,0.065784772,0.151728399,0.393096944,1200791.974
5115,0.066096441,0.150765132,0.386856944,1092354.164
5116,0.065534307,0.152428935,0.393077006,1200791.974
5117,0.065909976,0.151487335,0.386840902,1442533.191
5118,0.065390208,0.153158671,0.393064901,1691549.735
5119,0.065835576,0.152228368,0.386834462,1579628.588
5120,0.065354441,0.153901601,0.393062236,1522510.207
5121,0.065874209,0.152974136,0.386838236,1691549.735
5122,0.065428841,0.154644536,0.393068675,1522510.207
5123,0.066026741,0.153706706,0.386851278,1694356.505
5124,0.065612439,0.155365804,0.393083608,1522510.207
5125,0.066285673,0.15440537,0.386872945,1522510.207
5126,0.065895871,0.156053167,0.393106344,1522510.207
5127,0.06787884,0.145870738,0.368504344,1167917.434
5128,0.067267741,0.147483704,0.374571075,1177984.992
5129,0.067564374,0.146552434,0.368477041,1230471.671
5130,0.066996607,0.148184199,0.37454658,1480449.188
5131,0.067361941,0.147276499,0.368460073,1460981.652
5132,0.066837443,0.148915833,0.374534332,1488542.457
5133,0.067280909,0.148022268,0.368454427,1480449.188
5134,0.06679881,0.149663467,0.374530558,1489819.311
5135,0.067323308,0.148773666,0.368456299,1488542.457
5136,0.066879842,0.150411102,0.374536204,1388750.996
5137,0.067486242,0.149509969,0.368470439,1489819.311
5138,0.067078509,0.151135173,0.374555074,1388750.996
5139,0.067767741,0.15020487,0.368494944,1388750.996
5140,0.067389206,0.151815969,0.374580485,1388750.996
5141,0.069368472,0.141764404,0.350576304,1199244.73
5142,0.068747007,0.143341604,0.356492371,1329264.218
5143,0.069027608,0.14243954,0.350549001,1204810.03
5144,0.068456075,0.144037404,0.356466939,1325590.668
5145,0.068812007,0.143165471,0.35052828,1329264.218
5146,0.068285639,0.144772802,0.356451874,1320443.214
5147,0.068723473,0.143918803,0.350521708,1325590.668
5148,0.06824324,0.145528936,0.356450002,1303466.383
5149,0.068769608,0.144677704,0.350526408,1320443.214
5150,0.068331774,0.146281235,0.356456573,1281205.452
5151,0.068945707,0.145414968,0.350540507,1303466.383
5152,0.06854364,0.147006266,0.356474467,1281205.452
5153,0.069247007,0.146108902,0.350566895,1281205.452
5154,0.06887884,0.147682302,0.356502736,1281205.452
5155,0.07085994,0.137761658,0.333098368,1157730.416
5156,0.070228139,0.139301183,0.338862834,1321284.096
5157,0.070491773,0.138433039,0.333066366,1185298.454
5158,0.069912707,0.139994197,0.338836466,1335125.746
5159,0.070258275,0.139160868,0.3330466,1321284.096
5160,0.069729108,0.140734278,0.338820475,1328255.721
5161,0.070162242,0.139918874,0.333038137,1335125.746
5162,0.069682973,0.141496068,0.338815776,1313398.604
5163,0.07021214,0.140682536,0.333041901,1328255.721
5164,0.069779007,0.142254038,0.338824239,1287113.167
5165,0.070404208,0.141422602,0.333058838,1313398.604
5166,0.070008741,0.142980001,0.33884494,1287113.167
5167,0.070728106,0.142113734,0.333088003,1287113.167
5168,0.070368439,0.143651337,0.338875997,1287113.167
5169,0.072350507,0.133860631,0.316070506,1130056.838
5170,0.071710208,0.135364365,0.32168337,1359067.896
5171,0.071957876,0.134527283,0.316035675,1160637.98
5172,0.071371241,0.136056432,0.321654205,1400742.99
5173,0.071705508,0.135256073,0.316014038,1359067.896
5174,0.071171608,0.136799352,0.321636332,1382660.26
5175,0.071601908,0.136021596,0.316004639,1400742.99
5176,0.071121709,0.137567708,0.321632568,1363037.06
5177,0.071655609,0.136791829,0.316010274,1382660.26
5178,0.071225309,0.138329463,0.321641968,1316560.951
5179,0.071861842,0.137535685,0.316027201,1363037.06
5180,0.071473874,0.139057322,0.321661733,1316560.951
5181,0.072210208,0.138223999,0.316057343,1316560.951
5182,0.071859907,0.139723012,0.32169751,1316560.951
5183,0.073842005,0.130065989,0.299493683,0
5184,0.073192307,0.131529236,0.30495401,1381894.882
5185,0.073422073,0.130723226,0.299454142,1078578.965
5186,0.072827942,0.132217539,0.304922943,1499397.283
5187,0.07315184,0.13145578,0.299430613,1381894.882
5188,0.072616041,0.132965164,0.304903178,1545517.533
5189,0.073042572,0.132226954,0.299418376,1499397.283
5190,0.07256234,0.133740107,0.304897542,1527710.638
5191,0.073098139,0.13300472,0.299424978,1545517.533
5192,0.072671608,0.13451033,0.30490978,1430243.524
5193,0.07331944,0.133753281,0.299446615,1527710.638
5194,0.072939974,0.135241002,0.304932343,1430243.524
5195,0.073692307,0.134436879,0.299479543,1430243.524
5196,0.073350507,0.135898239,0.304970011,1430243.524
5197,0.075331607,0.126373039,0.283367889,0
5198,0.074673439,0.127800504,0.288677551,1264174.687
5199,0.074887174,0.127024625,0.283323639,1070007.234
5200,0.074285507,0.1284841,0.288639903,1504370.18
5201,0.074597176,0.127759069,0.283296336,1264174.687
5202,0.07405764,0.129236435,0.288618245,1620373.101
5203,0.074481341,0.12853683,0.283284078,1504370.18
5204,0.074002073,0.130017965,0.288611643,1740897.138
5205,0.074541608,0.129322128,0.283289734,1620373.101
5206,0.074117907,0.130795731,0.288623901,1552817.763
5207,0.074775141,0.13007635,0.28331424,1740897.138
5208,0.074403206,0.13152829,0.28865215,1552817.763
5209,0.075173406,0.13075618,0.283351888,1552817.763
5210,0.074841972,0.132177048,0.288693553,1552817.763
5211,0.076820274,0.122781789,0.267691243,0
5212,0.076152674,0.124171585,0.272849314,1204607.449
5213,0.076350408,0.123425842,0.267645111,0
5214,0.075743075,0.124851418,0.272809774,1511744.582
5215,0.076045341,0.124162168,0.267613098,1204607.449
5216,0.075501109,0.125610344,0.272783396,1698717.619
5217,0.075921074,0.124950289,0.267598969,1511744.582
5218,0.075440842,0.126399409,0.27277774,1799338.39
5219,0.075985074,0.125741234,0.267607442,1698717.619
5220,0.075565109,0.127182818,0.27279187,1670627.612
5221,0.076232709,0.126499219,0.267632863,1799338.39
5222,0.075866442,0.127919149,0.272821065,1670627.612
5223,0.076651741,0.12717717,0.267675242,1670627.612
5224,0.07633064,0.128562261,0.272868154,1670627.612
5225,0.078311775,0.119293167,0.252463704,0
5226,0.077633842,0.120645307,0.257472066,1247887.068
5227,0.077816511,0.11992969,0.252412862,0
5228,0.077200676,0.121320429,0.257427836,1407520.098
5229,0.077492577,0.120666016,0.252379939,1247887.068
5230,0.076944575,0.122082179,0.257400538,1783026.677
5231,0.077359843,0.121464488,0.252363932,1594505.217
5232,0.076880575,0.122884422,0.257392064,1880994.935
5233,0.077428576,0.122265795,0.252371465,1783026.677
5234,0.077013308,0.123673487,0.257408071,1683708.96
5235,0.077693143,0.123025665,0.252401571,1880994.935
5236,0.077332509,0.124409813,0.257441935,1683708.96
5237,0.078133809,0.123699844,0.252444865,1683708.96
5238,0.077819308,0.125047272,0.25748997,1683708.96
5239,0.07980324,0.115908137,0.237686274,0
5240,0.079117775,0.11721977,0.242542068,1343770.774
5241,0.079283508,0.116534302,0.237631632,0
5242,0.078660177,0.117892082,0.242494064,1484826.579
5243,0.078941709,0.117276281,0.237593999,1343770.774
5244,0.078389943,0.118659475,0.2424649,1619576.309
5245,0.078803309,0.11808226,0.237578934,1619576.309
5246,0.07832121,0.11947111,0.242457367,1693364.797
5247,0.078872976,0.118893916,0.237586466,1696435.379
5248,0.07845961,0.120268667,0.242472432,1555145.563
5249,0.079151675,0.119656626,0.237617533,1693364.797
5250,0.078800476,0.121005933,0.242510066,1555145.563
5251,0.079617775,0.120326098,0.237668371,1555145.563
5252,0.079311742,0.121635862,0.242562805,1555145.563
5253,0.081292875,0.112628571,0.223358007,0
5254,0.080598907,0.113901604,0.228064107,1320074.881
5255,0.080750509,0.113245303,0.223299601,0
5256,0.080120575,0.114566368,0.228011332,1469394.977
5257,0.080390808,0.113987269,0.223259099,1320074.881
5258,0.079835274,0.115339401,0.227979335,1602485.574
5259,0.080245806,0.114801735,0.223243103,1602485.574
5260,0.079765607,0.1161614,0.227971802,1642291.904
5261,0.080321142,0.1156247,0.223251567,1675355.615
5262,0.079910609,0.116968366,0.227987798,1561731.947
5263,0.080610209,0.116394,0.2232836,1642291.904
5264,0.080264641,0.117707509,0.228027369,1561731.947
5265,0.081098907,0.11705781,0.22333727,1561731.947
5266,0.08080324,0.118327092,0.228085739,1561731.947
5267,0.082785309,0.109448769,0.209479767,1114727.798
5268,0.082081009,0.110685102,0.214032405,1329410.057
5269,0.082216576,0.110060801,0.209417638,-143873.3785
5270,0.081580043,0.111347969,0.213978734,1460650.799
5271,0.08184181,0.110803736,0.2093762,-143873.3785
5272,0.081282509,0.112121971,0.213944834,1592062.121
5273,0.081688342,0.111623871,0.209358337,-143873.3785
5274,0.081207174,0.112951502,0.213936371,1691817.711
5275,0.081766474,0.112457169,0.209367737,1691817.711
5276,0.081360641,0.113770701,0.213954234,1629677.515
5277,0.08207251,0.113233035,0.209401601,1796415.324
5278,0.08173261,0.114512667,0.213994736,1629677.515
5279,0.082580976,0.113891202,0.209458135,1629677.515
5280,0.082292842,0.115122836,0.2140569,1629677.515
5281,0.084276774,0.106373505,0.196054504,1116060.574
5282,0.083564941,0.107571203,0.200454569,1324555.837
5283,0.083686409,0.106976135,0.195985738,-144027.1572
5284,0.083042343,0.108229401,0.200396169,1486414.484
5285,0.083293742,0.107722801,0.195941467,-144027.1572
5286,0.082729741,0.109009969,0.200360402,1645009.527
5287,0.083133708,0.108552371,0.195921702,-144027.1572
5288,0.082651609,0.109848038,0.200351003,1821117.23
5289,0.083215609,0.10939227,0.195932068,-144027.1572
5290,0.082811643,0.11067377,0.200370768,1812064.643
5291,0.083533841,0.110174703,0.195969737,-144027.1572
5292,0.083200541,0.111420436,0.200414073,1812064.643
5293,0.084064941,0.110829135,0.196030009,1812064.643
5294,0.083785276,0.112020269,0.200480937,1812064.643
5295,0.085772975,0.103398069,0.18307844,-143638.7535
5296,0.085050774,0.104558103,0.187326843,1407234.718
5297,0.085158106,0.103994069,0.183004074,-143638.7535
5298,0.084505575,0.105214404,0.187262904,1578529.553
5299,0.084747576,0.10474457,0.182954168,-143638.7535
5300,0.08417981,0.105999702,0.1872223,1758004.672
5301,0.084580009,0.105581637,0.182931468,-143638.7535
5302,0.084097908,0.106847137,0.187211934,1917429.802
5303,0.084665675,0.106431905,0.182943802,-143638.7535
5304,0.084265475,0.107681371,0.187234634,1963912.481
5305,0.084999908,0.107217171,0.18298617,-143638.7535
5306,0.084672241,0.108429003,0.187282572,1778632.957
5307,0.08555264,0.107868769,0.183052073,-143638.7535
5308,0.085278641,0.109023168,0.187355174,1778632.957
5309,0.087265442,0.100529035,0.170547668,-141201.0775
5310,0.086538508,0.101648567,0.174646337,1441703.317
5311,0.086629842,0.101112801,0.170469335,-141201.0775
5312,0.085971642,0.102298269,0.174578669,1586012.756
5313,0.086201408,0.101867037,0.170417669,-141201.0775
5314,0.085629875,0.103093005,0.174534337,1716409.302
5315,0.086026309,0.102715436,0.170393005,-141201.0775
5316,0.08554421,0.103948936,0.174522003,1844120.622
5317,0.086115743,0.103575104,0.170405334,-141201.0775
5318,0.085719309,0.104792572,0.174546666,1822569.142
5319,0.086463175,0.104366005,0.170449666,-141201.0775
5320,0.086143974,0.105541138,0.174598338,1706938.14
5321,0.087037575,0.105011037,0.170519338,-141201.0775
5322,0.086773908,0.106126836,0.174676671,1706938.14
5323,0.088755976,0.09776167,0.158469671,-141576.0802
5324,0.08802061,0.098843569,0.162414001,1403920.358
5325,0.088100642,0.098337903,0.158385666,-141576.0802
5326,0.087436808,0.099487602,0.162342331,1584126.587
5327,0.087659007,0.099091169,0.158332001,-141576.0802
5328,0.087081807,0.100285136,0.162298004,1777870.589
5329,0.087476339,0.099949936,0.158307343,-141576.0802
5330,0.086992373,0.101154269,0.162285675,1938959.887
5331,0.087569572,0.100820002,0.158319672,-141576.0802
5332,0.087175041,0.102007337,0.162310333,1869689.681
5333,0.087928309,0.101617505,0.158365997,-141576.0802
5334,0.087612877,0.102758705,0.162363998,1727389.26
5335,0.088520576,0.102256838,0.158439336,-141576.0802
5336,0.088264476,0.103334038,0.162446004,1727389.26
5337,0.090250275,0.095098839,0.146843674,-144622.1124
5338,0.089506409,0.096140238,0.150636337,1551289.28
5339,0.089572342,0.095666606,0.146753337,-144622.1124
5340,0.088901942,0.096782372,0.150558334,1705330.056
5341,0.089115674,0.096422671,0.146693003,-144622.1124
5342,0.088536573,0.097581769,0.150510005,1810225.267
5343,0.088926374,0.097288002,0.146666341,-144622.1124
5344,0.088443339,0.098462201,0.150497676,1871666.338
5345,0.089022441,0.098168437,0.146680674,-144622.1124
5346,0.08863264,0.099321905,0.150524338,1907086.529
5347,0.089396273,0.098969739,0.146731669,-144622.1124
5348,0.089086474,0.100078005,0.150582667,1846629.26
5349,0.090006409,0.099606272,0.146811671,-144622.1124
5350,0.089755943,0.100643906,0.150670339,1846629.26
5351,0.091743675,0.092539538,0.135667002,-125493.2029
5352,0.090994141,0.093543304,0.139308004,1597119.032
5353,0.091047806,0.093097936,0.135569,-125493.2029
5354,0.090369873,0.094179838,0.13922167,1725542.802
5355,0.090573273,0.093857803,0.135502335,-125493.2029
5356,0.089989474,0.094984871,0.139168671,1795125.996
5357,0.090377406,0.09472877,0.135473668,-125493.2029
5358,0.089893407,0.095872803,0.139154338,1823193.283
5359,0.090477206,0.095621404,0.135488002,-125493.2029
5360,0.090089274,0.096742839,0.139183004,1822279.573
5361,0.090863274,0.096424573,0.135544668,-125493.2029
5362,0.090560074,0.097498006,0.139249669,1622793.48
5363,0.091494141,0.097058271,0.135633001,-125493.2029
5364,0.091250275,0.098058271,0.139344004,1622793.48
5365,0.093237976,0.090080104,0.12493867,1518712.492
5366,0.092481875,0.091046171,0.128427002,1600352.549
5367,0.092524241,0.090630936,0.124833669,1578944.164
5368,0.091839706,0.091678935,0.128334666,1707552.38
5369,0.092035573,0.091392703,0.124761332,-118804.2094
5370,0.091447072,0.09248967,0.128276332,1775645.861
5371,0.09183314,0.092274971,0.124730998,-118804.2094
5372,0.091347272,0.093387004,0.128261998,1757302.533
5373,0.091935773,0.093175138,0.124746999,-118804.2094
5374,0.091549706,0.094265505,0.128292333,1659649.526
5375,0.09233404,0.09398584,0.124805669,-118804.2094
5376,0.09203554,0.095023473,0.128363002,1573305.575
5377,0.092981842,0.094611071,0.124902669,-118804.2094
5378,0.092743642,0.095572436,0.128467667,1573305.575
5379,0.094731344,0.087727036,0.114662003,1560251.78
5380,0.093969577,0.088652636,0.117997004,1616048.28
5381,0.09400161,0.088267537,0.114547674,1614662.538
5382,0.093312375,0.08927977,0.117896006,1693416.597
5383,0.093497874,0.089032104,0.114471339,1661627.512
5384,0.092905607,0.090097038,0.117835668,1745451.564
5385,0.093286939,0.089922839,0.114439336,1704416.784
5386,0.092802973,0.091003805,0.117819667,1783411.013
5387,0.093395241,0.090832438,0.114455338,-138745.4955
5388,0.093013908,0.091891739,0.117851669,1698826.066
5389,0.093805776,0.091647873,0.114519338,-138745.4955
5390,0.093511976,0.092651606,0.117928004,1594447.381
5391,0.094469577,0.092270271,0.114621338,-138745.4955
5392,0.094237943,0.093192103,0.118038671,1594447.381
5393,0.096224706,0.085475703,0.104832667,1519240.011
5394,0.095457308,0.086363604,0.108016001,1588902.426
5395,0.095477074,0.086007673,0.104713669,1676761.428
5396,0.094783142,0.086986005,0.107910339,1722244.537
5397,0.094961108,0.086774172,0.104631007,1826735.106
5398,0.094365074,0.087808039,0.107843674,1778794.286
5399,0.09474264,0.087673373,0.104596339,1932917.464
5400,0.094256772,0.088723239,0.107827672,1818515.28
5401,0.094852806,0.088591438,0.104615005,1964557.767
5402,0.09447524,0.089619672,0.10786234,1825117.753
5403,0.095277473,0.089413472,0.104681671,-149096.458
5404,0.094989342,0.090382373,0.107942337,1692183.612
5405,0.09595634,0.090030205,0.104791,-149096.458
5406,0.095730375,0.09091437,0.108061335,1692183.612
5407,0.097717138,0.08332697,0.09545634,1456417.67
5408,0.096944071,0.084176305,0.098485336,1589277.699
5409,0.09695444,0.083850507,0.09532634,1659838.599
5410,0.09625484,0.084793973,0.098371338,1776082.611
5411,0.096426206,0.084617905,0.095237671,1892249.061
5412,0.095826406,0.085619771,0.098300669,1966116.761
5413,0.096203972,0.085525604,0.095199,2098179.8
5414,0.09571624,0.086545339,0.098282003,2055668.029
5415,0.09631604,0.086453039,0.095219004,2042454.633
5416,0.095938474,0.087449272,0.098320674,2049322.113
5417,0.09674824,0.087279806,0.095294342,2090886.885
5418,0.096464806,0.088215772,0.098408005,1846634.987
5419,0.097444071,0.087895604,0.095411006,2090886.885
5420,0.097223737,0.088741137,0.098533335,1846634.987
5421,0.099213371,0.081281802,0.086527003,1607983.221
5422,0.098433706,0.08209347,0.089404673,1668736.419
5423,0.098433706,0.081797836,0.086389674,1813376.498
5424,0.097727506,0.082705538,0.089282344,1668736.419
5425,0.097893239,0.082567103,0.086292674,1980914.733
5426,0.09729154,0.083536003,0.089203003,2069007.345
5427,0.097667239,0.083482335,0.08625,2053159.637
5428,0.097179471,0.08447007,0.089182999,2145271.033
5429,0.097781171,0.084420138,0.086272669,2023445.652
5430,0.097405472,0.085383372,0.089225672,2132598.173
5431,0.09822374,0.085249672,0.086353007,2100698.038
5432,0.097944074,0.086149872,0.089320007,1998424.875
5433,0.098933706,0.085859871,0.086479004,2100698.038
5434,0.098717138,0.086669637,0.08945634,1998424.875
5435,0.100708605,0.079338336,0.078046666,1693484.759
5436,0.099925207,0.080112335,0.080769999,1704610.625
5437,0.099917674,0.079847735,0.077897334,1893006.872
5438,0.099205839,0.080721568,0.080639338,1704610.625
5439,0.099363073,0.080619868,0.077796672,2061777.603
5440,0.098756673,0.081557701,0.080557337,1917390.245
5441,0.099130475,0.081545436,0.077752335,2176183.09
5442,0.098642741,0.08250117,0.080534668,2093983.121
5443,0.09924914,0.082488937,0.077774002,2144283
5444,0.098875338,0.083420171,0.080579005,2135475.071
5445,0.099701106,0.083324104,0.07785967,2130623.787
5446,0.099425207,0.084190371,0.080680669,2001381.625
5447,0.100425173,0.083928637,0.077995,2130623.787
5448,0.100213338,0.084697937,0.080826335,2001381.625
5449,0.102202939,0.077499402,0.07001767,1461426.985
5450,0.101414808,0.078233836,0.072586334,1447778.072
5451,0.101396909,0.078000336,0.069855001,1658677.647
5452,0.100683174,0.078840235,0.072442668,1819215.221
5453,0.100832906,0.078774335,0.069744003,1893458.664
5454,0.10022464,0.079680135,0.072356003,2023872.271
5455,0.10059374,0.079706502,0.069698669,2132126.595
5456,0.100105975,0.08063397,0.072334335,2208269.794
5457,0.100714241,0.080662203,0.069722336,2346363.263
5458,0.100345141,0.081561437,0.072379669,2267836.969
5459,0.101177541,0.081499303,0.06981367,2421526.677
5460,0.100907308,0.082330737,0.072488668,2270832.879
5461,0.101914808,0.082101003,0.069961334,2492591.919
5462,0.101708572,0.082832637,0.072646667,2069754.289
5463,0.103700071,0.075762169,0.062438004,1569905.025
5464,0.102904439,0.076459869,0.064853002,1366603.241
5465,0.102879941,0.076256503,0.062263667,1779762.919
5466,0.102160543,0.077062536,0.064697001,1812451.566
5467,0.102306475,0.077035235,0.06214267,2057273.935
5468,0.101692574,0.077907135,0.064602005,2058165.182
5469,0.10206264,0.077973035,0.062093674,2305764.986
5470,0.101572072,0.078866603,0.064578339,2337662.368
5471,0.102185974,0.078936269,0.062119003,2528866.14
5472,0.101815908,0.079804403,0.064627335,2561583.854
5473,0.102655807,0.079779935,0.062217667,2544373.325
5474,0.102386541,0.080575602,0.064746668,2562852.355
5475,0.103406306,0.080375069,0.06237767,2649636.363
5476,0.103204806,0.081069036,0.064917338,2458862.55
5477,0.105200038,0.074129468,0.055306335,1697105.391
5478,0.104399671,0.074788569,0.057567001,1444714.003
5479,0.104365771,0.07461717,0.055119665,1970936.162
5480,0.103641673,0.075387403,0.057401332,1985047.19
5481,0.103781975,0.075395902,0.054988332,2278563.49
5482,0.103166176,0.076237701,0.057296336,2284079.127
5483,0.103532476,0.076343135,0.054933004,2597290.733
5484,0.103042842,0.077206568,0.057271006,2598777.353
5485,0.103658641,0.077313904,0.054963003,2768582.406
5486,0.103292341,0.078150037,0.057326335,2767173.201
5487,0.104139773,0.078162272,0.055069997,2682665.799
5488,0.103873306,0.078924037,0.057452998,2696695.671
5489,0.104899671,0.07875457,0.055241999,2669815.065
5490,0.104701937,0.079409935,0.05763767,2572737.751
5491,0.106696238,0.072600304,0.048624669,1912497.256
5492,0.105894005,0.073221769,0.050730001,1678788.622
5493,0.105853505,0.073079569,0.048420334,2186179.897
5494,0.105125638,0.07381587,0.050549332,2196376.274
5495,0.105259338,0.073858236,0.048280334,2535343.059
5496,0.104639773,0.074668035,0.050437668,2561376.868
5497,0.105005107,0.074814003,0.048220337,2823202.587
5498,0.104513608,0.075647303,0.050407669,2894804.208
5499,0.105133174,0.075795105,0.048250336,2727419.992
5500,0.10476784,0.076598272,0.050467667,2933016.261
5501,0.105621872,0.076646306,0.048368668,2569828.693
5502,0.105360105,0.077374173,0.050607666,2720482.217
5503,0.106393972,0.077234838,0.048554001,2304111.101
5504,0.106200005,0.07785347,0.050805333,2553530.176
5505,0.108192439,0.071174706,0.042392339,1807279.735
5506,0.107387372,0.071758504,0.044341339,1885929.041
5507,0.10734124,0.071646469,0.042171005,1977897.512
5508,0.106609606,0.072346069,0.044144669,2353234.798
5509,0.10673954,0.072426104,0.042014669,2337262.442
5510,0.106117139,0.07320197,0.044021337,2720785.672
5511,0.106481539,0.073387472,0.041949671,2252079.033
5512,0.105989072,0.074189705,0.043991338,2834144.068
5513,0.106611473,0.074378006,0.04198467,1745608.772
5514,0.106247073,0.075150106,0.044056335,2674813.786
5515,0.107106773,0.075233905,0.042112671,1468571.411
5516,0.106846906,0.075926938,0.044207672,2308968.1
5517,0.107886439,0.075818672,0.042317006,1533364.231
5518,0.107695272,0.076398705,0.044424337,2003255.432
5519,0.109689573,0.069848938,0.036609339,1667427.346
5520,0.108881706,0.070396937,0.038402008,1686000.803
5521,0.108829908,0.070316902,0.036368006,1686000.803
5522,0.108094508,0.070982635,0.038188004,1619218.882
5523,0.108220675,0.07109847,0.036197667,1619218.882
5524,0.107597341,0.071842339,0.038050669,1966703.707
5525,0.107960808,0.072066439,0.036123337,1410648.571
5526,0.107467407,0.072835706,0.038015671,1769515.016
5527,0.108090741,0.073061671,0.036162669,1311105.665
5528,0.107727275,0.073801737,0.038090001,1515375.061
5529,0.108592608,0.073922269,0.036305003,1491910.884
5530,0.108336507,0.074582336,0.038256007,1642357.375
5531,0.109381673,0.074504204,0.036526342,1491910.884
5532,0.109191472,0.075047506,0.03849234,1576659.792
5533,0.11118764,0.06862767,0.031276006,1657654.5
5534,0.110377874,0.06913707,0.032909673,1713526.172
5535,0.110324209,0.069087168,0.03101034,1713526.172
5536,0.109584109,0.069719002,0.032676005,1701384.161
5537,0.10970651,0.069870603,0.030824671,1701384.161
5538,0.109078476,0.070584338,0.032526337,1588378.809
5539,0.109442876,0.070847038,0.030743006,1588378.809
5540,0.108948542,0.071585271,0.032487005,1588378.809
5541,0.109576576,0.071848905,0.030785339,1547013.402
5542,0.109212176,0.072556038,0.03256867,1547013.402
5543,0.110082209,0.072712339,0.030942337,1547013.402
5544,0.109826108,0.073338504,0.032751338,1474937.992
5545,0.110877874,0.073292371,0.031185674,1474937.992
5546,0.11068954,0.073798004,0.033009674,1458141.368
5547,0.11268764,0.067510002,0.026391001,1634573.047
5548,0.111875974,0.067981735,0.027866338,1696784.896
5549,0.111820407,0.067962901,0.026095006,1696784.896
5550,0.111078407,0.068558935,0.027605342,1678919.447
5551,0.111199872,0.068747269,0.025888011,1678919.447
5552,0.110568075,0.069427104,0.027441676,1678919.447
5553,0.110931539,0.069731237,0.025799678,1529650.452
5554,0.110434374,0.070437436,0.027399343,1529650.452
5555,0.111066172,0.07074157,0.025845678,1529650.452
5556,0.110702708,0.071414805,0.027487676,1261769.463
5557,0.111578407,0.071605939,0.026019674,1261769.463
5558,0.111322309,0.07219634,0.027691004,1267354.037
5559,0.112375974,0.072182205,0.026291,1267354.037
5560,0.11218764,0.072652072,0.027976669,1237054.22
5561,0.11418664,0.066494003,0.021953339,1936479.051
5562,0.113375008,0.066928103,0.023268667,1452933.023
5563,0.113318509,0.066940338,0.021625336,1452933.023
5564,0.112575574,0.067503403,0.022976339,1452933.023
5565,0.112697042,0.067727503,0.021391673,1293011.583
5566,0.112063339,0.068375336,0.022793009,1293011.583
5567,0.111928706,0.069391337,0.022747009,1161543.898
5568,0.112428708,0.068715271,0.021294006,1293011.583
5569,0.112562408,0.069733136,0.021345673,1161543.898
5570,0.112197039,0.070377169,0.022844676,1283618.691
5571,0.113074608,0.070605036,0.021539673,1283618.691
5572,0.11281944,0.071160571,0.023072673,1255289.77
5573,0.113874975,0.07117657,0.021843007,1255289.77
5574,0.113687607,0.071607803,0.023390004,1377596.272
5575,0.115691307,0.06558257,0.017962677,1861537.347
5576,0.114878708,0.065978971,0.019116343,1828255.262
5577,0.114826942,0.066023239,0.017597677,1861537.347
5578,0.114078377,0.066550507,0.018791341,1828255.262
5579,0.114204544,0.066812271,0.017333679,1663005.4
5580,0.113566144,0.067426203,0.018583008,1970267.01
5581,0.113432444,0.068447871,0.018531342,1416330.337
5582,0.113936178,0.067806636,0.01722168,1566325.477
5583,0.114070844,0.068829206,0.017282013,1416330.337
5584,0.113700811,0.069438405,0.018643341,1355313.59
5585,0.114583076,0.069704872,0.017501343,1355313.59
5586,0.114322243,0.07022747,0.018898671,1355313.59
5587,0.115378708,0.070275505,0.017841339,1512948.638
5588,0.115186607,0.07066907,0.019252675,1474826.808
5589,0.117194074,0.064771871,0.014420003,1906965.512
5590,0.116387141,0.065132505,0.01540801,2057310.4
5591,0.116342875,0.065206871,0.014004008,1906965.512
5592,0.115595276,0.065701205,0.015040009,2057310.4
5593,0.115727109,0.065996839,0.013704671,1994987.962
5594,0.115084943,0.066580638,0.014804677,2086781.944
5595,0.114950277,0.067610769,0.014744344,1509783.118
5596,0.115460642,0.066998703,0.01357667,1578783.052
5597,0.115592443,0.068030703,0.013644338,1392600.422
5598,0.115216743,0.068607905,0.014872345,1308923.06
5599,0.116099009,0.068907305,0.013896678,1392600.422
5600,0.115835375,0.069395073,0.015164347,1308923.06
5601,0.116886175,0.069473239,0.014283671,1563422.364
5602,0.116690341,0.069831072,0.015563334,1456371.798
5603,0.118702527,0.064067535,0.011322327,1756494.735
5604,0.117899328,0.064388636,0.012142334,1820797.823
5605,0.117872027,0.064495036,0.01084667,1756494.735
5606,0.117122508,0.064952637,0.011720337,1820797.823
5607,0.11727034,0.065285004,0.010502004,1814763.336
5608,0.116622541,0.065834872,0.011450338,2058766.259
5609,0.11649074,0.066872538,0.01138267,1359569.504
5610,0.117010473,0.066292506,0.010356344,1490302.278
5611,0.11713854,0.067332036,0.010434336,1490302.278
5612,0.116750608,0.067878136,0.01152833,1359569.504
5613,0.117631927,0.068213336,0.010722331,1194661.022
5614,0.117356028,0.068665304,0.011862671,1348306.836
5615,0.118399328,0.068772669,0.011167002,1347471.126
5616,0.118193108,0.069092837,0.012320333,1160059.647
5617,0.120216629,0.063463933,0.008667338,1680316.056
5618,0.119422862,0.063750201,0.009315002,1682455.018
5619,0.119420982,0.0638877,0.008119008,1680316.056
5620,0.118673347,0.064311434,0.008830668,1682455.018
5621,0.118843778,0.064678635,0.007721334,1947658.406
5622,0.11819029,0.065194603,0.008519002,2022922.124
5623,0.118062223,0.066237905,0.00844101,1221514.166
5624,0.118594241,0.06568987,0.007552002,1425617.206
5625,0.118715711,0.066736038,0.007643341,1425617.206
5626,0.11831176,0.067250137,0.008610341,1221514.166
5627,0.119187462,0.06762207,0.007976674,1202500.178
5628,0.118895561,0.068039169,0.00899467,1297218.368
5629,0.119922849,0.068179471,0.008489339,1202500.178
5630,0.119702515,0.068461004,0.009521332,1297218.368
5631,0.121742017,0.062963036,0.006458333,1564852.907
5632,0.120962374,0.063211601,0.006926341,1492036.758
5633,0.12100663,0.063381104,0.005817006,1564852.907
5634,0.120259005,0.063770935,0.00636201,1492036.758
5635,0.120470863,0.064174868,0.005352671,1978248.143
5636,0.119803271,0.064658834,0.006000336,1742255.404
5637,0.119681801,0.065707769,0.005908997,1742255.404
5638,0.120237343,0.065192701,0.005154999,1208236.545
5639,0.120349393,0.066243535,0.005261332,1208236.545
5640,0.119915321,0.06672377,0.006106669,1091964.021
5641,0.120784416,0.067132436,0.005653005,1133846.609
5642,0.120460508,0.067516637,0.00655601,1313651.693
5643,0.121462364,0.067688004,0.006252004,1133846.609
5644,0.121216606,0.067933739,0.007167338,1313651.693
5645,0.123286237,0.062567568,0.004690999,1163523.959
5646,0.122530134,0.062779437,0.004975332,1409028.315
5647,0.122647832,0.06297997,0.003940664,1163523.959
5648,0.121903971,0.063333071,0.004314331,1409028.315
5649,0.122181742,0.063772804,0.003396332,1293241.992
5650,0.121496259,0.06422477,0.003889669,1657076.785
5651,0.121384209,0.065281235,0.003783335,1657076.785
5652,0.121975533,0.064797269,0.00316567,1657076.785
5653,0.122069692,0.06585657,0.003289998,1262744.419
5654,0.121590418,0.066303802,0.004013997,863472.0572
5655,0.12244633,0.066745405,0.003746663,863472.0572
5656,0.122074399,0.067093803,0.004540334,863472.0572
5657,0.123032005,0.067298136,0.004450002,1042243.653
5658,0.122743879,0.067508135,0.005258667,1164789.547
5659,0.124853996,0.062271901,0.003375336,1068183.406
5660,0.124140264,0.062447968,0.003466003,1133033.204
5661,0.124375664,0.062679601,0.002504669,1133033.204
5662,0.123639336,0.062999736,0.002694997,1133033.204
5663,0.124022568,0.063473368,0.00187267,1133033.204
5664,0.123308835,0.063893336,0.002200338,1763405.068
5665,0.123214676,0.064956403,0.002076009,1763405.068
5666,0.123862495,0.064504435,0.001604014,1763405.068
5667,0.123928408,0.065568436,0.001748342,936940.9196
5668,0.123374748,0.065984637,0.002344666,936940.9196
5669,0.124205236,0.066463903,0.002278666,936940.9196
5670,0.123756091,0.066777438,0.002956665,936940.9196
5671,0.124640251,0.067011904,0.003092,936940.9196
5672,0.124288096,0.067184204,0.003791667,1337022.946
5673,0.126447179,0.062082637,0.002519338,1289926.918
5674,0.12579936,0.062218236,0.002419668,1068183.406
5675,0.126203306,0.06248187,0.001551666,1289926.918
5676,0.125493342,0.062767169,0.001546,1068183.406
5677,0.126020643,0.063279404,0.000846334,1289926.918
5678,0.125286196,0.063665469,0.000982676,1682646.629
5679,0.125220284,0.064734169,0.000838348,1682646.629
5680,0.125930252,0.06431517,0.000544678,2926363.426
5681,0.12595473,0.065385737,0.000702006,2926363.426
5682,0.125310674,0.065768036,0.001140004,1200212.596
5683,0.12608655,0.066282171,0.001289998,372437.6157
5684,0.125534772,0.066561836,0.001832336,1200212.596
5685,0.126299347,0.06682737,0.002193675,372437.6157
5686,0.125853971,0.066963903,0.00277534,1181712.308
5687,0.12799988,0.061998835,0.002140676,1565888.49
5688,0.127446218,0.062098635,0.001859344,1565888.49
5689,0.127945269,0.062396202,0.001135335,1565888.49
5690,0.127350176,0.062643837,0.000927327,1289926.918
5691,0.127903839,0.063190903,0.000399994,2649857.482
5692,0.127284269,0.063541171,0.000324666,2649857.482
5693,0.127259791,0.064614571,0.000167338,2649857.482
5694,0.127879361,0.064226636,8.37E-05,2649857.482
5695,0.127879361,0.065300036,0.000242666,1259528.764
5696,0.127284269,0.065652204,0.000483663,1259528.764
5697,0.127903839,0.066200203,0.000848999,1259528.764
5698,0.127350176,0.066447871,0.001217336,1259528.764
5699,0.127945269,0.066745438,0.001785004,1058961.646
5700,0.127446218,0.066845271,0.002219004,1058961.646
5701,0.129553513,0.062014837,0.002219004,1565888.49
5702,0.129053528,0.06208077,0.001785004,1565888.49
5703,0.129649551,0.062412203,0.001217336,1565888.49
5704,0.129094955,0.062627836,0.000848999,1565888.49
5705,0.129715464,0.063209737,0.000483663,1565888.49
5706,0.129119441,0.063525169,0.000242666,2649857.482
5707,0.129119441,0.064595736,8.37E-05,2649857.482
5708,0.12973995,0.064244537,0.000167338,2649857.482
5709,0.129715464,0.065317937,0.000324666,2649857.482
5710,0.129094955,0.065634303,0.000399994,1259528.764
5711,0.129649551,0.066216237,0.000927327,1259528.764
5712,0.129053528,0.06642997,0.001135335,1259528.764
5713,0.129553513,0.066761436,0.001859344,1259528.764
5714,0.128998917,0.066829236,0.002140676,1259528.764
5715,0.131144806,0.062136302,0.00277534,1068183.406
5716,0.130699432,0.062168302,0.002193675,1289926.918
5717,0.131463069,0.062535535,0.001832336,1068183.406
5718,0.130913172,0.062713504,0.001289998,1289926.918
5719,0.131686223,0.063331202,0.001140004,1068183.406
5720,0.131043111,0.063611804,0.000702006,2926363.426
5721,0.131067596,0.064682371,0.000544678,2926363.426
5722,0.131774734,0.064365069,0.000838348,1682646.629
5723,0.131710709,0.065433769,0.000982676,1682646.629
5724,0.130979085,0.065718137,0.000846334,372437.6157
5725,0.131504496,0.066332069,0.001546,1200212.596
5726,0.130795471,0.066513804,0.001551666,372437.6157
5727,0.131199417,0.066880104,0.002419668,1200212.596
5728,0.130553482,0.066914004,0.002519338,1724348.202
5729,0.132710683,0.062362302,0.003791667,1133033.204
5730,0.132356644,0.062362302,0.003092,1133033.204
5731,0.133238927,0.062768102,0.002956665,1133033.204
5732,0.132790726,0.062909335,0.002278666,1133033.204
5733,0.133620275,0.063560936,0.002344666,1763405.068
5734,0.133065669,0.063804835,0.001748342,1763405.068
5735,0.133129695,0.064868835,0.001604014,1763405.068
5736,0.133777517,0.064589203,0.002076009,1763405.068
5737,0.133684301,0.065652237,0.002200338,936940.9196
5738,0.132972453,0.065899869,0.00187267,936940.9196
5739,0.133356628,0.066545804,0.002694997,936940.9196
5740,0.132620295,0.066693637,0.002504669,1337022.946
5741,0.132856634,0.06709757,0.003466003,1337022.946
5742,0.13214478,0.067102303,0.003375336,1337022.946
5743,0.13425208,0.062689036,0.005258667,1409028.315
5744,0.133963954,0.062659836,0.004450002,1163523.959
5745,0.134921565,0.063103338,0.004540334,1409028.315
5746,0.134550578,0.063211604,0.003746663,1163523.959
5747,0.135406489,0.063893303,0.004013997,1657076.785
5748,0.134924388,0.064101402,0.003289998,1293241.992
5749,0.135609868,0.064916835,0.003783335,1657076.785
5750,0.135017604,0.065160736,0.00316567,1293241.992
5751,0.135499705,0.065972369,0.003889669,863472.0572
5752,0.134814224,0.066184237,0.003396332,1262744.419
5753,0.135091995,0.06686407,0.004314331,1164789.547
5754,0.134346247,0.066978004,0.003940664,1262744.419
5755,0.134463943,0.067417737,0.004975332,1164789.547
5756,0.133710663,0.06738947,0.004690999,1042243.653
5757,0.135778412,0.063119334,0.007167338,1492036.758
5758,0.135531713,0.063057203,0.006252004,1564852.907
5759,0.136533574,0.063539302,0.00655601,1492036.758
5760,0.136211553,0.063614637,0.005653005,1564852.907
5761,0.137081589,0.064330236,0.006106669,1742255.404
5762,0.136647512,0.064500636,0.005261332,1978248.143
5763,0.137313217,0.065344302,0.005908997,1091964.021
5764,0.136757675,0.065552401,0.005154999,1978248.143
5765,0.137191752,0.066396103,0.006000336,1091964.021
5766,0.136526047,0.066572169,0.005352671,1208236.545
5767,0.136737905,0.067284037,0.00636201,1313651.693
5768,0.135989334,0.06736407,0.005817006,1133846.609
5769,0.136031703,0.067842405,0.006926341,1313651.693
5770,0.13525206,0.067782138,0.006458333,1133846.609
5771,0.137293442,0.063656034,0.009521332,1682455.018
5772,0.137074051,0.06356,0.008489339,1680316.056
5773,0.138103205,0.064077901,0.00899467,1682455.018
5774,0.137809428,0.064119334,0.007976674,1680316.056
5775,0.138686996,0.064868835,0.008610341,2022922.124
5776,0.138281179,0.065004402,0.007643341,1947658.406
5777,0.138936529,0.065878204,0.00844101,1221514.166
5778,0.138402644,0.066047704,0.007552002,1947658.406
5779,0.138808462,0.066921504,0.008519002,1221514.166
5780,0.138153112,0.067061803,0.007721334,1425617.206
5781,0.138325424,0.067807536,0.008830668,1297218.368
5782,0.137575923,0.067853704,0.008119008,1202500.178
5783,0.137573095,0.06836687,0.009315002,1387799.184
5784,0.136777445,0.068275538,0.008667338,1202500.178
5785,0.138799998,0.064292569,0.012320333,1820797.823
5786,0.138596629,0.064167336,0.011167002,1756494.735
5787,0.139640869,0.064721003,0.011862671,1820797.823
5788,0.139366837,0.064727603,0.010722331,1756494.735
5789,0.140246272,0.065509104,0.01152833,2058766.259
5790,0.139860209,0.065608905,0.010434336,1814763.336
5791,0.140506139,0.066514704,0.01138267,1359569.504
5792,0.139988276,0.066648438,0.010356344,1490302.278
5793,0.140374339,0.067552371,0.011450338,1359569.504
5794,0.139728409,0.067655937,0.010502004,1490302.278
5795,0.139874374,0.06843367,0.011720337,1348306.836
5796,0.13912674,0.068444969,0.01084667,1194661.022
5797,0.139096603,0.06899677,0.012142334,1160059.647
5798,0.13829246,0.068872503,0.011322327,1347471.126
5799,0.140305603,0.065032705,0.015563334,2057310.4
5800,0.140109772,0.064874504,0.014283671,1906965.512
5801,0.14116154,0.065468638,0.015164347,2057310.4
5802,0.140896006,0.065440371,0.013896678,1906965.512
5803,0.141777339,0.066256737,0.014872345,2086781.944
5804,0.141401637,0.066318871,0.013644338,1994987.962
5805,0.142042872,0.067254837,0.014744344,1509783.118
5806,0.141533437,0.067350871,0.01357667,1578783.052
5807,0.141909139,0.068284004,0.014804677,1308923.06
5808,0.141267904,0.068351771,0.013704671,1578783.052
5809,0.141401637,0.069163439,0.015040009,1308923.06
5810,0.140654037,0.069141772,0.014004008,1392600.422
5811,0.140609772,0.069731239,0.01540801,1456371.798
5812,0.139799973,0.069574938,0.014420003,1563422.364
5813,0.14180747,0.065876338,0.019252675,1828255.262
5814,0.141617269,0.065687106,0.017841339,1861537.347
5815,0.142672806,0.066317006,0.018898671,1828255.262
5816,0.142412908,0.066256739,0.017501343,1861537.347
5817,0.143293279,0.067104172,0.018643341,1970267.01
5818,0.142923243,0.067132436,0.017282013,1663005.4
5819,0.143561646,0.068095703,0.018531342,1416330.337
5820,0.143056976,0.06815597,0.01722168,1566325.477
5821,0.143427012,0.069117338,0.018583008,1355313.59
5822,0.14278861,0.069149338,0.017333679,1355313.59
5823,0.142914775,0.069993004,0.018791341,1474826.808
5824,0.142169037,0.069939339,0.017597677,1264913.135
5825,0.142117269,0.07056737,0.019116343,1474826.808
5826,0.141305603,0.070380938,0.017962677,1512948.638
5827,0.143311203,0.066823568,0.023390004,1452933.023
5828,0.143121002,0.066602303,0.021843007,1452933.023
5829,0.144178406,0.067269903,0.023072673,1452933.023
5830,0.14392041,0.067173838,0.021539673,1293011.583
5831,0.144797979,0.068055171,0.022844676,1293011.583
5832,0.144430745,0.068045771,0.021345673,1293011.583
5833,0.145064443,0.069042002,0.022747009,1161543.898
5834,0.144565379,0.06906367,0.021294006,1161543.898
5835,0.144932612,0.070057037,0.022793009,1283618.691
5836,0.144298915,0.070050438,0.021391673,1283618.691
5837,0.144422277,0.070926104,0.022976339,1255289.77
5838,0.143676539,0.07083667,0.021625336,1255289.77
5839,0.143622869,0.07150237,0.023268667,1377596.272
5840,0.142809336,0.071286736,0.021953339,1255289.77
5841,0.144811172,0.067873436,0.027976669,1696784.896
5842,0.144622838,0.067621101,0.026291,1696784.896
5843,0.145676473,0.068325434,0.027691004,1678919.447
5844,0.145422241,0.068195501,0.026019674,1678919.447
5845,0.146296041,0.069108836,0.027487676,1678919.447
5846,0.145929774,0.06906457,0.025845678,1678919.447
5847,0.146559703,0.070089038,0.027399343,1529650.452
5848,0.146061605,0.070075869,0.025799678,1529650.452
5849,0.146427872,0.071097504,0.027441676,1261769.463
5850,0.145797943,0.071057004,0.025888011,1261769.463
5851,0.145920344,0.071964706,0.027605342,1267354.037
5852,0.145178375,0.071840406,0.026095006,1267354.037
5853,0.145122838,0.072541906,0.027866338,1237054.22
5854,0.14431307,0.072293304,0.026391001,1237054.22
5855,0.146311142,0.06902597,0.033009674,1713526.172
5856,0.146120941,0.068743469,0.031185674,1713526.172
5857,0.147170807,0.069486402,0.032751338,1701384.161
5858,0.146914673,0.069320702,0.030942337,1701384.161
5859,0.147786606,0.070267036,0.03256867,1588378.809
5860,0.147422206,0.070185104,0.030785339,1701384.161
5861,0.148050273,0.071240639,0.032487005,1588378.809
5862,0.147554036,0.071188838,0.030743006,1588378.809
5863,0.147918437,0.072240603,0.032526337,1547013.402
5864,0.14729037,0.072162437,0.030824671,1547013.402
5865,0.147414673,0.073104037,0.032676005,1474937.992
5866,0.146674576,0.072946805,0.03101034,1474937.992
5867,0.146620911,0.073686905,0.032909673,1458141.368
5868,0.145811142,0.073406306,0.031276006,1458141.368
5869,0.147809209,0.070281138,0.03849234,1686000.803
5870,0.147619008,0.06996757,0.036526342,1686000.803
5871,0.148664174,0.070749102,0.038256007,1619218.882
5872,0.148406174,0.070550435,0.036305003,1619218.882
5873,0.149271505,0.071527837,0.038090001,1966703.707
5874,0.148908071,0.071410138,0.036162669,1410648.571
5875,0.149533305,0.072493907,0.038015671,1966703.707
5876,0.149039907,0.072406339,0.036123337,1410648.571
5877,0.149403341,0.073488205,0.038050669,1769515.016
5878,0.148778107,0.07337427,0.036197667,1311105.665
5879,0.148904271,0.07434787,0.038188004,1515375.061
5880,0.148168905,0.074155802,0.036368006,1491910.884
5881,0.148119008,0.074933571,0.038402008,1642357.375
5882,0.147311111,0.074621905,0.036609339,1355964.594
5883,0.149303513,0.071639872,0.044424337,1885929.041
5884,0.149112376,0.071294304,0.042317006,1977897.512
5885,0.150151906,0.072112536,0.044207672,2353234.798
5886,0.149893906,0.071880903,0.042112671,2337262.442
5887,0.150753576,0.072890302,0.044056335,2720785.672
5888,0.150389175,0.072735903,0.04198467,2252079.033
5889,0.151011576,0.073849805,0.043991338,2720785.672
5890,0.15051914,0.073725507,0.041949671,1745608.772
5891,0.15088354,0.074837507,0.044021337,2834144.068
5892,0.150261139,0.074687772,0.042014669,1745608.772
5893,0.150389175,0.075693405,0.044144669,2674813.786
5894,0.149657542,0.075467438,0.042171005,1468571.411
5895,0.14961141,0.076281003,0.044341339,2308968.1
5896,0.148808243,0.075939204,0.042392339,1533364.231
5897,0.15080068,0.07310217,0.050805333,1678788.622
5898,0.150604813,0.072725538,0.048554001,2186179.897
5899,0.151638677,0.073581436,0.050607666,2196376.274
5900,0.151376907,0.073314003,0.048368668,2535343.059
5901,0.152230937,0.074358236,0.050467667,2561376.868
5902,0.151865606,0.074166168,0.048250336,2823202.587
5903,0.152483271,0.075309268,0.050407669,2894804.208
5904,0.151993642,0.075147303,0.048220337,2727419.992
5905,0.152358973,0.076288506,0.050437668,2894804.208
5906,0.151741308,0.076103007,0.048280334,2569828.693
5907,0.151875041,0.07714064,0.050549332,2933016.261
5908,0.151145309,0.076880773,0.048420334,2304111.101
5909,0.151104813,0.077732938,0.050730001,2720482.217
5910,0.150302546,0.077359136,0.048624669,2304111.101
5911,0.152295944,0.074663335,0.05763767,1444714.003
5912,0.152098211,0.074257502,0.055241999,1970936.162
5913,0.153123606,0.075152969,0.057452998,1985047.19
5914,0.15285994,0.074853536,0.055069997,2278563.49
5915,0.153707372,0.075929769,0.057326335,2284079.127
5916,0.153340139,0.075701902,0.054963003,2597290.733
5917,0.153955973,0.076873268,0.057271006,2598777.353
5918,0.153464437,0.076672702,0.054933004,2768582.406
5919,0.15383167,0.077842135,0.057296336,2767173.201
5920,0.153215836,0.077619904,0.054988332,2682665.799
5921,0.153355204,0.07868957,0.057401332,2767173.201
5922,0.152632075,0.078395805,0.055119665,2669815.065
5923,0.152598211,0.079285637,0.057567001,2696695.671
5924,0.15180068,0.078882637,0.055306335,2669815.065
5925,0.153792109,0.076331835,0.064917338,1366603.241
5926,0.153589676,0.075892103,0.06237767,1779762.919
5927,0.154607539,0.076826169,0.064746668,1812451.566
5928,0.154339203,0.076492869,0.062217667,2057273.935
5929,0.155179103,0.077601135,0.064627335,2058165.182
5930,0.154810939,0.077337468,0.062119003,2305764.986
5931,0.155422974,0.078537036,0.064578339,2337662.368
5932,0.154935242,0.078300702,0.062093674,2528866.14
5933,0.155303406,0.079498403,0.064602005,2561583.854
5934,0.154691371,0.079240402,0.06214267,2544373.325
5935,0.154835403,0.080342069,0.064697001,2562852.355
5936,0.154115072,0.080013468,0.062263667,2649636.363
5937,0.15408964,0.080940969,0.064853002,2458862.55
5938,0.153295909,0.080506902,0.062438004,2649636.363
5939,0.155288305,0.078103902,0.072646667,1447778.072
5940,0.155082072,0.077634036,0.069961334,1658677.647
5941,0.156091471,0.078603869,0.072488668,1819215.221
5942,0.155819372,0.078235736,0.06981367,1893458.664
5943,0.156652705,0.079377902,0.072379669,2023872.271
5944,0.156280772,0.079076602,0.069722336,2132126.595
5945,0.156889974,0.080306302,0.072334335,2208269.794
5946,0.15640034,0.080030403,0.069698669,2346363.263
5947,0.156772273,0.081257304,0.072356003,2267836.969
5948,0.156163071,0.080961637,0.069744003,2421526.677
5949,0.156315603,0.082097204,0.072442668,2270832.879
5950,0.15559997,0.081735636,0.069855001,2492591.919
5951,0.155582072,0.082700803,0.072586334,2069754.289
5952,0.154792074,0.082234736,0.07001767,2492591.919
5953,0.156783569,0.079977702,0.080826335,1356447.087
5954,0.156573603,0.079477702,0.077995,1693484.759
5955,0.157572637,0.080486168,0.080680669,1704610.625
5956,0.157296738,0.080082202,0.07785967,1893006.872
5957,0.158122538,0.081255435,0.080579005,1917390.245
5958,0.157750605,0.080919268,0.077774002,2061777.603
5959,0.158357005,0.082177269,0.080534668,2093983.121
5960,0.157868306,0.081865603,0.077752335,2176183.09
5961,0.158240239,0.083120738,0.080557337,2135475.071
5962,0.15763384,0.082788338,0.077796672,2144283
5963,0.157792038,0.083954038,0.080639338,2078539.994
5964,0.157083003,0.083558571,0.077897334,2130623.787
5965,0.157073568,0.084564204,0.080769999,2001381.625
5966,0.156288269,0.084068003,0.078046666,2130623.787
5967,0.158276937,0.081954104,0.08945634,1302672.264
5968,0.158063202,0.081424004,0.086479004,1607983.221
5969,0.159052836,0.082471072,0.089320007,1668736.419
5970,0.158772237,0.082033236,0.086353007,1813376.498
5971,0.159590474,0.083236603,0.089225672,1873263.855
5972,0.159216675,0.082862768,0.086272669,1980914.733
5973,0.159821177,0.084149902,0.089182999,2069007.345
5974,0.15933344,0.08380057,0.08625,2053159.637
5975,0.15970724,0.085083972,0.089203003,2145271.033
5976,0.159102737,0.084715805,0.086292674,2023445.652
5977,0.159266571,0.085915405,0.089282344,2132598.173
5978,0.158562271,0.085486038,0.086389674,2100698.038
5979,0.158562271,0.086530271,0.089404673,1998424.875
5980,0.157782603,0.086003904,0.086527003,2100698.038
5981,0.159771276,0.084034103,0.098533335,1291616.561
5982,0.159551875,0.083472905,0.095411006,1456417.67
5983,0.160532074,0.084558573,0.098408005,1589277.699
5984,0.16024677,0.08408684,0.095294342,1659838.599
5985,0.161056539,0.085324107,0.098320674,1776082.611
5986,0.160680842,0.084911705,0.095219004,1892249.061
5987,0.161280645,0.086227104,0.098282003,1966116.761
5988,0.160794779,0.085839137,0.095199,2098179.8
5989,0.161170476,0.087153605,0.098300669,2055668.029
5990,0.160570674,0.086747772,0.095237671,2090886.885
5991,0.16074204,0.087979406,0.098371338,2049322.113
5992,0.16004244,0.087515205,0.09532634,2090886.885
5993,0.160051875,0.088597104,0.098485336,1846634.987
5994,0.159276006,0.088041537,0.09545634,-133344.9577
5995,0.161267476,0.086217669,0.108061335,1366211.996
5996,0.161041478,0.085625404,0.104791,1676761.428
5997,0.162011312,0.086749672,0.107942337,1588902.426
5998,0.161721308,0.086244039,0.104681671,1826735.106
5999,0.162521673,0.087514239,0.10786234,1722244.537
6000,0.162142207,0.08706604,0.104615005,1932917.464
6001,0.162738241,0.088409706,0.107827672,1778794.286
6002,0.162252375,0.087983172,0.104596339,1964557.767
6003,0.162631841,0.089324938,0.107843674,1818515.28
6004,0.162035807,0.088883339,0.104631007,1976526.172
6005,0.162215642,0.090146973,0.107910339,1825117.753
6006,0.161521678,0.089648872,0.104713669,-149096.458
6007,0.161543345,0.090768438,0.108016001,1692183.612
6008,0.160773142,0.09018087,0.104832667,-149096.458
6009,0.162762711,0.088502935,0.118038671,1442192.389
6010,0.162531077,0.08788147,0.114621338,1614662.538
6011,0.163486776,0.089043404,0.117928004,1616048.28
6012,0.163193008,0.088503871,0.114519338,1661627.512
6013,0.163984904,0.089805171,0.117851669,1693416.597
6014,0.163603572,0.089321172,0.114455338,1704416.784
6015,0.164195836,0.090694005,0.117819667,1745451.564
6016,0.163709971,0.090230738,0.114439336,-138745.4955
6017,0.164091304,0.091599838,0.117835668,1783411.013
6018,0.163499039,0.091120572,0.114471339,-138745.4955
6019,0.163686406,0.092416206,0.117896006,1698826.066
6020,0.162999044,0.091884206,0.114547674,-138745.4955
6021,0.163031047,0.093041438,0.117997004,1594447.381
6022,0.162269313,0.09242377,0.114662003,-138745.4955
6023,0.164257014,0.090891736,0.128467667,1382170.76
6024,0.164018778,0.090240168,0.124902669,1578944.164
6025,0.164962275,0.091442602,0.128363002,1600352.549
6026,0.164661906,0.090867302,0.124805669,1637296.966
6027,0.165446274,0.092200602,0.128292333,1707552.38
6028,0.165063039,0.091678004,0.124746999,-118804.2094
6029,0.165653442,0.093079104,0.128261998,1775645.861
6030,0.165167572,0.092579104,0.124730998,-118804.2094
6031,0.165550807,0.093977371,0.128276332,1757302.533
6032,0.164960403,0.093461372,0.124761332,-118804.2094
6033,0.16515624,0.09478714,0.128334666,1659649.526
6034,0.164474508,0.09422124,0.124833669,-118804.2094
6035,0.164518778,0.095418938,0.128427002,1573305.575
6036,0.16376268,0.094771136,0.12493867,-118804.2094
6037,0.165750412,0.09338324,0.139344004,1341460.024
6038,0.16550651,0.092701505,0.135633001,-125493.2029
6039,0.166437739,0.093943471,0.139249669,1597119.032
6040,0.166131739,0.093336136,0.135544668,-125493.2029
6041,0.166904806,0.09469957,0.139183004,1725542.802
6042,0.166519709,0.094139336,0.135488002,-125493.2029
6043,0.167105377,0.09556867,0.139154338,1795125.996
6044,0.166622345,0.095031036,0.135473668,-125493.2029
6045,0.167007441,0.096456604,0.139168671,1823193.283
6046,0.166421773,0.095902939,0.135502335,-125493.2029
6047,0.166625137,0.097262606,0.13922167,1822279.573
6048,0.165950007,0.096662806,0.135569,-125493.2029
6049,0.16600651,0.097898206,0.139308004,1622793.48
6050,0.165257014,0.097220238,0.135667002,-125493.2029
6051,0.167242844,0.095978271,0.150670339,1282301.879
6052,0.166992376,0.095266439,0.146811671,-144622.1124
6053,0.167912308,0.096544172,0.150582667,1551289.28
6054,0.167601573,0.095902939,0.146731669,-144622.1124
6055,0.168365209,0.097300237,0.150524338,1705330.056
6056,0.167974442,0.096704203,0.146680674,-144622.1124
6057,0.168556346,0.098159935,0.150497676,1810225.267
6058,0.168072378,0.097584635,0.146666341,-144622.1124
6059,0.168463145,0.09904037,0.150510005,1871666.338
6060,0.167881241,0.098449972,0.146693003,-144622.1124
6061,0.16809404,0.099839773,0.150558334,1846629.26
6062,0.167423604,0.099206072,0.146753337,-144622.1124
6063,0.16749234,0.100481939,0.150636337,1846629.26
6064,0.166750376,0.099773872,0.146843674,-144622.1124
6065,0.16873527,0.098675969,0.162446004,1122153.371
6066,0.168478205,0.09793397,0.158439336,-141576.0802
6067,0.169383108,0.099251269,0.162363998,1403920.358
6068,0.169067678,0.098573303,0.158365997,-141576.0802
6069,0.169820943,0.100003604,0.162310333,1584126.587
6070,0.169429209,0.09937177,0.158319672,-141576.0802
6071,0.170004506,0.100857635,0.162285675,1777870.589
6072,0.16952241,0.100241834,0.158307343,-141576.0802
6073,0.169914144,0.101725802,0.162298004,1869689.681
6074,0.169338847,0.101099637,0.158332001,-141576.0802
6075,0.169561076,0.102522372,0.162342331,1727389.26
6076,0.168898173,0.101852905,0.158385666,-141576.0802
6077,0.168977269,0.103166438,0.162414001,1727389.26
6078,0.168241872,0.102429171,0.158469671,-141576.0802
6079,0.170225805,0.101476267,0.174676671,1178698.62
6080,0.169962168,0.100705101,0.170519338,1120277.627
6081,0.170856669,0.102062869,0.174598338,1441703.317
6082,0.170534673,0.101351036,0.170449666,-141201.0775
6083,0.171278544,0.102812403,0.174546666,1586012.756
6084,0.170880244,0.102142937,0.170405334,-141201.0775
6085,0.17145461,0.103657038,0.174522003,1716409.302
6086,0.170970606,0.103003571,0.170393005,-141201.0775
6087,0.171368907,0.104512937,0.174534337,1822569.142
6088,0.17079454,0.10385097,0.170417669,-141201.0775
6089,0.171026174,0.105305738,0.174578669,1706938.14
6090,0.170368006,0.104603305,0.170469335,-141201.0775
6091,0.170462138,0.105954503,0.174646337,1706938.14
6092,0.169734304,0.105187103,0.170547668,-141201.0775
6093,0.171718241,0.104382037,0.187355174,1124539.809
6094,0.171446106,0.103579768,0.183052073,1108465.298
6095,0.172323675,0.104976168,0.187282572,1407234.718
6096,0.171997874,0.104230436,0.18298617,1108465.298
6097,0.17273234,0.105723803,0.187234634,1578529.553
6098,0.172335007,0.105017604,0.182943802,-143638.7535
6099,0.172902807,0.106559003,0.187211934,1917429.802
6100,0.17242071,0.105867905,0.182931468,-143638.7535
6101,0.172818044,0.107405505,0.1872223,1963912.481
6102,0.172250244,0.106704005,0.182954168,-143638.7535
6103,0.172490341,0.108191704,0.187262904,1778632.957
6104,0.171840637,0.107455404,0.183004074,-143638.7535
6105,0.171946106,0.108847102,0.187326843,1778632.957
6106,0.171225774,0.108048635,0.18307844,-143638.7535
6107,0.173209742,0.107389503,0.200480937,1060991.274
6108,0.172930074,0.10655807,0.196030009,1116060.574
6109,0.173793508,0.107993034,0.200414073,1324555.837
6110,0.173459244,0.107213402,0.195969737,1116060.574
6111,0.174182378,0.108736936,0.200370768,1645009.527
6112,0.173781275,0.10799307,0.195932068,1116060.574
6113,0.174347173,0.10956177,0.200351003,1821117.23
6114,0.173866038,0.108833903,0.195921702,-144027.1572
6115,0.174267141,0.11040167,0.200360402,1916121.02
6116,0.173701243,0.10966437,0.195941467,-144027.1572
6117,0.173950745,0.111182203,0.200396169,1812064.643
6118,0.173307643,0.110411036,0.195985738,-144027.1572
6119,0.173430074,0.111840403,0.200454569,1812064.643
6120,0.172718241,0.111012769,0.196054504,1812064.643
6121,0.174701238,0.110500537,0.2140569,1128822.679
6122,0.174413106,0.109638969,0.209458135,1114727.798
6123,0.175262405,0.111110703,0.213994736,1329410.057
6124,0.174922475,0.110296201,0.209401601,1114727.798
6125,0.175634343,0.111851702,0.213954234,1592062.121
6126,0.175228511,0.11107207,0.209367737,1114727.798
6127,0.175788778,0.11266997,0.213936371,1691817.711
6128,0.175308543,0.111903536,0.209358337,-143873.3785
6129,0.175714376,0.113498601,0.213944834,1796415.324
6130,0.175154109,0.112724602,0.2093762,1691817.711
6131,0.175414007,0.114276334,0.213978734,1629677.515
6132,0.17477654,0.113471235,0.209417638,1796415.324
6133,0.174913071,0.114939201,0.214032405,1629677.515
6134,0.174209707,0.114079536,0.209479767,1629677.515
6135,0.17619367,0.113711403,0.228085739,1093229.061
6136,0.175897069,0.112819702,0.22333727,0
6137,0.176730403,0.114330968,0.228027369,1469394.977
6138,0.17638387,0.113483536,0.2232836,0
6139,0.177086304,0.115071068,0.227987798,1602485.574
6140,0.176676707,0.114253736,0.223251567,0
6141,0.177233205,0.115881734,0.227971802,1675355.615
6142,0.176751109,0.115077601,0.223243103,1602485.574
6143,0.177160706,0.116700933,0.227979335,1642291.904
6144,0.176604207,0.115888367,0.223259099,1675355.615
6145,0.176876338,0.117469309,0.228011332,1561731.947
6146,0.176246404,0.116631276,0.223299601,1642291.904
6147,0.176397069,0.118138758,0.228064107,1561731.947
6148,0.175701202,0.117251783,0.223358007,1561731.947
6149,0.177684204,0.117028638,0.242562805,1343770.774
6150,0.177381037,0.116104937,0.237668371,0
6151,0.178198339,0.117653849,0.242510066,1484826.579
6152,0.177844304,0.116771581,0.237617533,0
6153,0.178533539,0.118393008,0.242472432,1619576.309
6154,0.17812207,0.117539927,0.237586466,0
6155,0.178673838,0.119195244,0.242457367,1696435.379
6156,0.17819457,0.118354383,0.237578934,1619576.309
6157,0.178606038,0.120005,0.2424649,1693364.797
6158,0.17805427,0.119155683,0.237593999,1696435.379
6159,0.178335805,0.120768656,0.242494064,1555145.563
6160,0.177714371,0.119894849,0.237631632,1693364.797
6161,0.177880071,0.121441889,0.242542068,1555145.563
6162,0.177192703,0.120523832,0.237686274,1555145.563
6163,0.179172872,0.120448507,0.25748997,1247887.068
6164,0.178861206,0.119495611,0.252444865,0
6165,0.179663472,0.12108315,0.257441935,1407520.098
6166,0.179303772,0.12016509,0.252401571,0
6167,0.179981705,0.121818532,0.257408071,1594505.217
6168,0.179565506,0.120928719,0.252371465,1407520.098
6169,0.180113505,0.1226123,0.257392064,1783026.677
6170,0.179633306,0.121731906,0.252363932,1594505.217
6171,0.180049505,0.12341172,0.257400538,1880994.935
6172,0.179501506,0.122525675,0.252379939,1783026.677
6173,0.179793406,0.12417159,0.257427836,1683708.96
6174,0.179179474,0.123263888,0.252412862,1880994.935
6175,0.179361206,0.124849538,0.257472066,1683708.96
6176,0.178683238,0.123901347,0.252463704,1683708.96
6177,0.180667206,0.123969142,0.272868154,1204607.449
6178,0.180343307,0.122987999,0.267675242,0
6179,0.181129542,0.124616018,0.272821065,1351620.129
6180,0.180761373,0.123664065,0.267632863,0
6181,0.181429906,0.125347641,0.27279187,1511744.582
6182,0.181009939,0.124420169,0.267607442,1351620.129
6183,0.181554174,0.126131991,0.27277774,1698717.619
6184,0.181073939,0.125213936,0.267598969,1511744.582
6185,0.181493907,0.126922938,0.272783396,1799338.39
6186,0.180949671,0.126001116,0.267613098,1698717.619
6187,0.18125384,0.127680926,0.272809774,1670627.612
6188,0.180645574,0.126737445,0.267645111,1799338.39
6189,0.180845174,0.128360758,0.272849314,1670627.612
6190,0.180174739,0.127380554,0.267691243,1670627.612
6191,0.182158671,0.127594294,0.288693553,1264174.687
6192,0.18182724,0.126580193,0.283351888,0
6193,0.182595606,0.128245878,0.28865215,1385134.496
6194,0.182221807,0.127262845,0.28331424,1070007.234
6195,0.182877141,0.128978434,0.288623901,1504370.18
6196,0.18245341,0.128015182,0.283289734,1385134.496
6197,0.182992945,0.129754318,0.288611643,1620373.101
6198,0.182513677,0.128798599,0.283284078,1504370.18
6199,0.182937408,0.130535848,0.288618245,1740897.138
6200,0.182397873,0.129578242,0.283296336,1620373.101
6201,0.182711405,0.131290064,0.288639903,1552817.763
6202,0.182111608,0.13031457,0.283323639,1740897.138
6203,0.18232724,0.131973663,0.288677551,1552817.763
6204,0.181669072,0.130963333,0.283367889,1552817.763
6205,0.183648305,0.131322083,0.304970011,1259497.488
6206,0.183306473,0.130277852,0.299479543,1061636.312
6207,0.184058807,0.131979319,0.304932343,1381894.882
6208,0.183679372,0.130961446,0.299446615,1078578.965
6209,0.184325338,0.13270905,0.30490978,1499397.283
6210,0.183896907,0.131709071,0.299424978,1381894.882
6211,0.184432673,0.133478338,0.304897542,1545517.533
6212,0.183952443,0.132486837,0.299418376,1499397.283
6213,0.184380875,0.134254217,0.304903178,1527710.638
6214,0.183845108,0.133258947,0.299430613,1545517.533
6215,0.184169006,0.135002782,0.304922943,1430243.524
6216,0.183574839,0.133991506,0.299454142,1527710.638
6217,0.183806473,0.135691086,0.30495401,1430243.524
6218,0.183158671,0.134648738,0.299493683,1430243.524
6219,0.185139806,0.135152501,0.32169751,1274833.711
6220,0.184787638,0.134077199,0.316057343,1130056.838
6221,0.185523005,0.135818212,0.321661733,1359067.896
6222,0.185136007,0.134764562,0.316027201,1160637.98
6223,0.185771606,0.136546061,0.321641968,1400742.99
6224,0.185340373,0.135508423,0.316010274,1359067.896
6225,0.18587144,0.137307826,0.321632568,1382660.26
6226,0.185392171,0.13627772,0.316004639,1400742.99
6227,0.185823405,0.138075236,0.321636332,1316560.951
6228,0.185292338,0.137043233,0.316014038,1382660.26
6229,0.185627538,0.138819097,0.321654205,1316560.951
6230,0.185039973,0.137773916,0.316035675,1363037.06
6231,0.185287608,0.139511154,0.32168337,1316560.951
6232,0.184648275,0.138439601,0.316070506,1316560.951
6233,0.186630346,0.139084615,0.338875997,1265306.349
6234,0.186269709,0.137979192,0.333088003,1157730.416
6235,0.18698911,0.139756917,0.33884494,1321284.096
6236,0.186594574,0.138671239,0.333058838,1185298.454
6237,0.187218842,0.140481929,0.338824239,1335125.746
6238,0.186782873,0.1394104,0.333041901,1321284.096
6239,0.187311106,0.141239944,0.338815776,1328255.721
6240,0.186830907,0.140175008,0.333038137,1335125.746
6241,0.187266876,0.142002635,0.338820475,1287113.167
6242,0.186738642,0.140932968,0.3330466,1328255.721
6243,0.187085144,0.14274177,0.338836466,1287113.167
6244,0.186505107,0.141659902,0.333066366,1313398.604
6245,0.186769709,0.143435735,0.338862834,1287113.167
6246,0.186139776,0.142332169,0.333098368,1287113.167
6247,0.188121806,0.143124069,0.356502736,1285152.453
6248,0.187751775,0.141983805,0.350566895,1199244.73
6249,0.188455139,0.143799205,0.356474467,1329264.218
6250,0.188053111,0.142677739,0.350540507,1204810.03
6251,0.18866891,0.14452327,0.356456573,1325590.668
6252,0.188229177,0.143413137,0.350526408,1329264.218
6253,0.188755508,0.145272802,0.356450002,1303466.383
6254,0.188273407,0.144171137,0.350521708,1325590.668
6255,0.18871314,0.146030802,0.356451874,1281205.452
6256,0.188186808,0.144927236,0.35052828,1320443.214
6257,0.188544607,0.146768967,0.356466939,1281205.452
6258,0.187971176,0.145653168,0.350549001,1303466.383
6259,0.18825174,0.147463867,0.356492371,1281205.452
6260,0.18763031,0.146328303,0.350576304,1281205.452
6261,0.189610474,0.147264303,0.374580485,1373252.788
6262,0.189232869,0.146094833,0.368494944,1167917.434
6263,0.189920237,0.147945999,0.374555074,1460981.652
6264,0.189512538,0.146790634,0.368470439,1230471.671
6265,0.190116109,0.148668167,0.374536204,1488542.457
6266,0.18967451,0.147522268,0.368456299,1460981.652
6267,0.190196147,0.149411133,0.374530558,1489819.311
6268,0.189716878,0.1482718,0.368454427,1480449.188
6269,0.190158478,0.15016157,0.374534332,1388750.996
6270,0.189636841,0.149022237,0.368460073,1488542.457
6271,0.190002172,0.150896973,0.37454658,1388750.996
6272,0.189436269,0.149747269,0.368477041,1489819.311
6273,0.189731939,0.151596568,0.374571075,1388750.996
6274,0.189120839,0.150428965,0.368504344,1388750.996
6275,0.191101974,0.151504303,0.393106344,1200791.974
6276,0.19071404,0.150302836,0.386872945,1086694.92
6277,0.191388204,0.152190735,0.393083608,1442533.191
6278,0.190972005,0.151003367,0.386851278,1092354.164
6279,0.191568039,0.152912903,0.393068675,1691549.735
6280,0.191119843,0.151733068,0.386838236,1442533.191
6281,0.191639608,0.153652069,0.393062236,1694356.505
6282,0.191157511,0.152476034,0.386834462,1579628.588
6283,0.191605708,0.154395966,0.393064901,1522510.207
6284,0.191085943,0.153220835,0.386840902,1691549.735
6285,0.191464472,0.155128504,0.393077006,1522510.207
6286,0.190902339,0.153943975,0.386856944,1694356.505
6287,0.191214005,0.155829071,0.393096944,1522510.207
6288,0.190609507,0.154631368,0.386880615,1522510.207
6289,0.19259344,0.155848836,0.412082347,1189622.762
6290,0.192197973,0.154615336,0.405698344,1006970.685
6291,0.192858037,0.156539007,0.412062673,1323477
6292,0.192436203,0.155315872,0.405681335,1006750.152
6293,0.193023768,0.157261205,0.412051331,1615361.437
6294,0.192571803,0.156045603,0.405671,1323477
6295,0.193089701,0.157998469,0.412046661,1711443.397
6296,0.192605703,0.15678477,0.405668335,1458617.136
6297,0.193057668,0.158735769,0.412048665,1577605.475
6298,0.192539769,0.157523,0.405673004,1615361.437
6299,0.192927704,0.159464569,0.412057007,1577605.475
6300,0.192372172,0.158245204,0.405685008,1711443.397
6301,0.192697973,0.160167938,0.412074677,1577605.475
6302,0.192101939,0.158936335,0.405706675,1577605.475
6303,0.194084971,0.160296,0.431513011,1162439.856
6304,0.193681005,0.159030502,0.424978343,1010917.321
6305,0.194326935,0.160991837,0.43149234,1436854.788
6306,0.193899434,0.159733841,0.424960673,1047483.673
6307,0.194479467,0.161711171,0.431481333,1548307.041
6308,0.194025635,0.16046167,0.424953328,1339556.978
6309,0.194541636,0.162444702,0.431477661,1623100.895
6310,0.194057668,0.161197103,0.424951324,1436854.788
6311,0.1945115,0.163178238,0.431479329,1517828.862
6312,0.193995499,0.161930603,0.424954997,1548307.041
6313,0.194390966,0.163904205,0.431488668,1517828.862
6314,0.19384107,0.16265094,0.424966339,1623100.895
6315,0.194181005,0.164610408,0.431504679,1517828.862
6316,0.19359344,0.163346771,0.424985016,1517828.862
6317,0.195577438,0.164848602,0.45139034,1167823.588
6318,0.195165003,0.163549199,0.444708679,1032218.786
6319,0.195798701,0.165547267,0.451374339,1398472.99
6320,0.195364599,0.164255402,0.444692668,1037998.386
6321,0.195937098,0.166264771,0.451362996,1493212.079
6322,0.195479467,0.164978536,0.444683329,1287991.58
6323,0.195993601,0.166994502,0.451359324,1494807.569
6324,0.195509603,0.165710169,0.444681661,1398472.99
6325,0.195967234,0.167726135,0.451361328,1433268.219
6326,0.1954531,0.166441803,0.444685333,1493212.079
6327,0.195857066,0.168451167,0.451368673,1433268.219
6328,0.195310933,0.167161204,0.44469634,1494807.569
6329,0.195665003,0.169157369,0.451383667,1433268.219
6330,0.195084971,0.167859838,0.444714335,1433268.219
6331,0.19707077,0.169503871,0.471717672,1154089.727
6332,0.196650838,0.168172434,0.464885335,1130162.296
6333,0.197274139,0.170203466,0.471701681,1268733.335
6334,0.196834437,0.168877701,0.464872345,1084158.955
6335,0.197402201,0.17092097,0.471692342,1283845.688
6336,0.196938965,0.169599904,0.464864665,1250288.977
6337,0.197453064,0.171648839,0.471688334,1298410.033
6338,0.196965332,0.170329671,0.464862661,1268733.335
6339,0.197428569,0.172378571,0.471690338,1262441.043
6340,0.196914469,0.171059367,0.464866669,1283845.688
6341,0.197327805,0.173102636,0.471698008,1262441.043
6342,0.196784536,0.171778768,0.464876007,1298410.033
6343,0.197150803,0.173809804,0.471712016,1262441.043
6344,0.196577403,0.172478368,0.464892008,1262441.043
6345,0.198566966,0.174259908,0.492496012,1263040.935
6346,0.198138535,0.172894572,0.485514018,1141820.774
6347,0.198751536,0.174962306,0.492481679,1296632.371
6348,0.198307073,0.173602636,0.485501678,1158634.236
6349,0.198869207,0.175679804,0.492473338,1301372.59
6350,0.198404037,0.174323903,0.485493337,1263040.935
6351,0.19891627,0.176405772,0.492468658,1261594.913
6352,0.198428533,0.175051773,0.485491333,1296632.371
6353,0.198893702,0.177133642,0.492471334,1192877.154
6354,0.19838147,0.175779607,0.485496012,1301372.59
6355,0.198801437,0.177854874,0.492478017,1192877.154
6356,0.198261871,0.176497106,0.485503682,1261594.913
6357,0.198640401,0.178562973,0.492489339,1192877.154
6358,0.198072601,0.177199539,0.485519674,1192877.154
6359,0.200063171,0.17911854,0.513722331,1382662.932
6360,0.199630035,0.177721207,0.506590678,1129565.959
6361,0.200235504,0.179821905,0.513708008,1460830.099
6362,0.199785436,0.17842834,0.506581004,1104859.392
6363,0.200344737,0.180539373,0.513702321,1488257.883
6364,0.199872971,0.179150508,0.506574656,1382662.932
6365,0.20038707,0.18126534,0.513697978,1448674.017
6366,0.199895538,0.179876506,0.506571981,1460830.099
6367,0.200367304,0.181989436,0.513699646,1288169.973
6368,0.199853205,0.180600571,0.506576324,1488257.883
6369,0.200280706,0.182709737,0.513706004,1288169.973
6370,0.19974117,0.181318075,0.506583018,1448674.017
6371,0.200129105,0.183418808,0.513716675,1288169.973
6372,0.199567902,0.182021474,0.506597331,1288169.973
6373,0.201560303,0.184078873,0.535401652,1266528.474
6374,0.201122472,0.182647639,0.528119324,994346.0684
6375,0.20172227,0.184786936,0.535386658,1391626.182
6376,0.201268438,0.183358536,0.528106995,988481.2401
6377,0.201826803,0.185503504,0.535380981,1536219.638
6378,0.20135317,0.184077906,0.528103312,1266528.474
6379,0.201867269,0.186227575,0.535379313,1617944.062
6380,0.201372935,0.184803874,0.528101644,1391626.182
6381,0.201846568,0.18695167,0.535379313,1510151.761
6382,0.201332469,0.185526067,0.528103312,1536219.638
6383,0.201766535,0.1876701,0.535384644,1510151.761
6384,0.201228872,0.186242635,0.528110657,1617944.062
6385,0.201622437,0.188380071,0.535394999,1510151.761
6386,0.201062205,0.186947906,0.528124003,1510151.761
6387,0.203058365,0.189147471,0.557532674,1258705.114
6388,0.202618632,0.187680471,0.550102661,1001449.615
6389,0.203216568,0.189853668,0.557527995,1368695.036
6390,0.202758036,0.188391368,0.55009432,1004706.842
6391,0.20331547,0.190570236,0.557524333,1428308.96
6392,0.202838069,0.189110774,0.550090658,1258705.114
6393,0.203355937,0.19129244,0.557524333,1452088.773
6394,0.20285877,0.189834839,0.550090658,1368695.036
6395,0.203336171,0.192016535,0.557524333,1367853.534
6396,0.202818303,0.190557068,0.550090658,1428308.96
6397,0.203256134,0.192734034,0.557524333,1367853.534
6398,0.202718465,0.191272669,0.55009432,1452088.773
6399,0.203118632,0.193444005,0.557527995,1367853.534
6400,0.202560267,0.191978872,0.550102661,1367853.534
6401,0.055998737,0.182178741,0.550180664,1107960.128
6402,0.055499668,0.183844406,0.557532674,1107960.128
6403,0.055998737,0.182178741,0.535479655,873780.6793
6404,0.057497735,0.177255142,0.550330322,739741.8795
6405,0.056997771,0.178884109,0.557605998,739741.8795
6406,0.057497735,0.177255142,0.535778992,1169406.589
6407,0.056997771,0.178884109,0.528353658,1000892.807
6408,0.057497735,0.177255142,0.513878662,1005714.448
6409,0.0589977,0.172430374,0.550480998,730409.2105
6410,0.0584977,0.174028275,0.557682332,730409.2105
6411,0.0589977,0.172430374,0.536079325,723133.345
6412,0.0584977,0.174028275,0.528729329,723133.345
6413,0.0589977,0.172430374,0.514401998,1171727.523
6414,0.0584977,0.174028275,0.506976664,850824.3211
6415,0.0589977,0.172430374,0.492725667,1069027.912
6416,0.0604977,0.167710139,0.550630676,726306.8694
6417,0.0599977,0.169271306,0.557756673,726306.8694
6418,0.0604977,0.167710139,0.536379679,729683.9009
6419,0.0599977,0.169271306,0.529104004,729683.9009
6420,0.0604977,0.167710139,0.514928345,723017.3048
6421,0.0599977,0.169271306,0.507576335,723017.3048
6422,0.0604977,0.167710139,0.493475006,1172351.733
6423,0.0599977,0.169271306,0.486049672,856456.8002
6424,0.0604977,0.167710139,0.472023671,1168849.598
6425,0.061997639,0.163088771,0.550780334,0
6426,0.061497669,0.164618871,0.557832011,0
6427,0.061997639,0.163088771,0.536678996,0
6428,0.061497669,0.164618871,0.529479675,0
6429,0.061997639,0.163088771,0.515452677,0
6430,0.061497669,0.164618871,0.508177022,0
6431,0.061997639,0.163088771,0.494225352,0
6432,0.061497669,0.164618871,0.486875346,0
6433,0.061997639,0.163088771,0.472998006,1182437.382
6434,0.061497669,0.164618871,0.465571665,883022.2818
6435,0.061997639,0.163088771,0.451770671,1185605.882
6436,0.063497608,0.158571935,0.550929993,0
6437,0.062997608,0.160065303,0.557906331,0
6438,0.063497608,0.158571935,0.536978333,0
6439,0.062997608,0.160065303,0.529853333,0
6440,0.063497608,0.158571935,0.515978007,0
6441,0.062997608,0.160065303,0.508776672,0
6442,0.063497608,0.158571935,0.49497467,0
6443,0.062997608,0.160065303,0.487699005,0
6444,0.063497608,0.158571935,0.473973338,1190841.262
6445,0.062997608,0.160065303,0.466622345,0
6446,0.063497608,0.158571935,0.452970011,1183102.481
6447,0.062997608,0.160065303,0.445544678,875234.6223
6448,0.063497608,0.158571935,0.431968679,1189760.58
6449,0.064997606,0.154163366,0.551079997,0
6450,0.064497607,0.155620967,0.557981669,0
6451,0.064997606,0.154163366,0.53727832,0
6452,0.064497607,0.155620967,0.530228333,0
6453,0.064997606,0.154163366,0.516503672,0
6454,0.064497607,0.155620967,0.509378347,0
6455,0.064997606,0.154163366,0.495727346,0
6456,0.064497607,0.155620967,0.488525004,0
6457,0.064997606,0.154163366,0.474949005,0
6458,0.064497607,0.155620967,0.467673004,0
6459,0.064997606,0.154163366,0.454171682,1192392.16
6460,0.064497607,0.155620967,0.446819682,0
6461,0.064997606,0.154163366,0.433393677,1197085.825
6462,0.064497607,0.155620967,0.425968007,890765.5105
6463,0.064997606,0.154163366,0.412616343,1201684.086
6464,0.066499405,0.14985464,0.551230672,0
6465,0.065998505,0.151280202,0.558056335,0
6466,0.066499405,0.14985464,0.537579346,0
6467,0.065998505,0.151280202,0.530603333,0
6468,0.066499405,0.14985464,0.517027344,0
6469,0.065998505,0.151280202,0.509977671,0
6470,0.066499405,0.14985464,0.496476013,0
6471,0.065998505,0.151280202,0.489351013,0
6472,0.066499405,0.14985464,0.475923004,0
6473,0.065998505,0.151280202,0.468723338,0
6474,0.066499405,0.14985464,0.455371328,0
6475,0.065998505,0.151280202,0.448095673,0
6476,0.066499405,0.14985464,0.434818339,0
6477,0.065998505,0.151280202,0.427468343,0
6478,0.066499405,0.14985464,0.414269002,1197076.769
6479,0.065998505,0.151280202,0.406842672,892400.3182
6480,0.066499405,0.14985464,0.393716675,1193416.631
6481,0.068000305,0.145651337,0.551382019,760823.247
6482,0.067500305,0.147040207,0.558132345,760823.247
6483,0.068000305,0.145651337,0.537880676,0
6484,0.067500305,0.147040207,0.530979675,0
6485,0.068000305,0.145651337,0.51755367,0
6486,0.067500305,0.147040207,0.510577352,0
6487,0.068000305,0.145651337,0.497225677,0
6488,0.067500305,0.147040207,0.490174011,0
6489,0.068000305,0.145651337,0.476898336,0
6490,0.067500305,0.147040207,0.469772329,0
6491,0.068000305,0.145651337,0.456572998,0
6492,0.067500305,0.147040207,0.449371663,0
6493,0.068000305,0.145651337,0.436245667,0
6494,0.067500305,0.147040207,0.428967997,0
6495,0.068000305,0.145651337,0.415918335,0
6496,0.067500305,0.147040207,0.408569336,0
6497,0.068000305,0.145651337,0.395593333,1186112.247
6498,0.067500305,0.147040207,0.388167002,966601.8493
6499,0.068000305,0.145651337,0.375264211,1071525.867
6500,0.069500305,0.14154687,0.551532023,764829.272
6501,0.069000305,0.142904668,0.558207682,764829.272
6502,0.069500305,0.14154687,0.538180359,759869.8255
6503,0.069000305,0.142904668,0.531354675,759869.8255
6504,0.069500305,0.14154687,0.518077332,756178.4174
6505,0.069000305,0.142904668,0.511177327,756178.4174
6506,0.069500305,0.14154687,0.497974996,749644.8475
6507,0.069000305,0.142904668,0.490999664,749644.8475
6508,0.069500305,0.14154687,0.477871663,0
6509,0.069000305,0.142904668,0.470822001,0
6510,0.069500305,0.14154687,0.457771332,0
6511,0.069000305,0.142904668,0.450648336,0
6512,0.069500305,0.14154687,0.437671997,0
6513,0.069000305,0.142904668,0.430470662,0
6514,0.069500305,0.14154687,0.41756899,719365.344
6515,0.069000305,0.142904668,0.410294332,719365.344
6516,0.069500305,0.14154687,0.397469004,701638.5652
6517,0.069000305,0.142904668,0.390117004,701638.5652
6518,0.069500305,0.14154687,0.377365,1186519.048
6519,0.069000305,0.142904668,0.369938538,1071525.867
6520,0.069500305,0.14154687,0.357262604,1119283.684
6521,0.071000239,0.13754509,0.551682678,768764.1395
6522,0.070500272,0.138867081,0.558282349,768764.1395
6523,0.071000239,0.13754509,0.538480672,766686.3463
6524,0.070500272,0.138867081,0.531728678,766686.3463
6525,0.071000239,0.13754509,0.518602671,765031.594
6526,0.070500272,0.138867081,0.511777008,765031.594
6527,0.071000239,0.13754509,0.498727336,759533.0023
6528,0.070500272,0.138867081,0.491825328,759533.0023
6529,0.071000239,0.13754509,0.478848989,751932.0599
6530,0.070500272,0.138867081,0.471870656,751932.0599
6531,0.071000239,0.13754509,0.458970998,742814.4073
6532,0.070500272,0.138867081,0.451921336,742814.4073
6533,0.071000239,0.13754509,0.439096008,733184.4427
6534,0.070500272,0.138867081,0.431969666,733184.4427
6535,0.071000239,0.13754509,0.419218669,724480.6207
6536,0.070500272,0.138867081,0.412019328,724480.6207
6537,0.071000239,0.13754509,0.399343669,715534.2582
6538,0.070500272,0.138867081,0.392068003,715534.2582
6539,0.071000239,0.13754509,0.379465505,0
6540,0.070500272,0.138867081,0.372114502,0
6541,0.071000239,0.13754509,0.359588328,1182379.668
6542,0.070500272,0.138867081,0.352162893,1119283.684
6543,0.071000239,0.13754509,0.339712128,1075390.123
6544,0.072500206,0.133648768,0.551832336,774606.1512
6545,0.072000206,0.134935933,0.558358337,774606.1512
6546,0.072500206,0.133648768,0.538781006,773540.5221
6547,0.072000206,0.134935933,0.532105001,773540.5221
6548,0.072500206,0.133648768,0.519127004,772188.1675
6549,0.072000206,0.134935933,0.512376668,772188.1675
6550,0.072500206,0.133648768,0.499476674,768252.7845
6551,0.072000206,0.134935933,0.492653005,768252.7845
6552,0.072500206,0.133648768,0.479827332,761748.6671
6553,0.072000206,0.134935933,0.472925323,761748.6671
6554,0.072500206,0.133648768,0.460173319,751630.358
6555,0.072000206,0.134935933,0.453197327,751630.358
6556,0.072500206,0.133648768,0.440521667,740607.7262
6557,0.072000206,0.134935933,0.433470011,740607.7262
6558,0.072500206,0.133648768,0.420868347,731058.8774
6559,0.072000206,0.134935933,0.413743347,731058.8774
6560,0.072500206,0.133648768,0.401217346,725214.7191
6561,0.072000206,0.134935933,0.394017008,725214.7191
6562,0.072500206,0.133648768,0.381566243,721208.0924
6563,0.072000206,0.134935933,0.374290405,721208.0924
6564,0.072500206,0.133648768,0.361915039,0
6565,0.072000206,0.134935933,0.354563965,875464.1056
6566,0.072500206,0.133648768,0.342263865,0
6567,0.072000206,0.134935933,0.334837463,1075390.123
6568,0.072500206,0.133648768,0.32261084,1039911.556
6569,0.074000206,0.129858836,0.551982015,781158.8161
6570,0.073500206,0.131110219,0.558432007,781158.8161
6571,0.074000206,0.129858836,0.539080343,779735.5029
6572,0.073500206,0.131110219,0.532479004,779735.5029
6573,0.074000206,0.129858836,0.519653341,777543.6423
6574,0.073500206,0.131110219,0.512977346,777543.6423
6575,0.074000206,0.129858836,0.50022701,773626.9656
6576,0.073500206,0.131110219,0.493476674,773626.9656
6577,0.074000206,0.129858836,0.480801005,767279.4945
6578,0.073500206,0.131110219,0.473975332,767279.4945
6579,0.074000206,0.129858836,0.461374003,761208.7905
6580,0.073500206,0.131110219,0.454473999,761208.7905
6581,0.074000206,0.129858836,0.441947998,754206.665
6582,0.073500206,0.131110219,0.434971659,754206.665
6583,0.074000206,0.129858836,0.422519999,738645.7285
6584,0.073500206,0.131110219,0.415468343,738645.7285
6585,0.074000206,0.129858836,0.403093007,0
6586,0.073500206,0.131110219,0.39596701,0
6587,0.074000206,0.129858836,0.383667043,0
6588,0.073500206,0.131110219,0.376466614,721208.0924
6589,0.074000206,0.129858836,0.364242676,0
6590,0.073500206,0.131110219,0.356966939,0
6591,0.074000206,0.129858836,0.344814667,0
6592,0.073500206,0.131110219,0.337462667,867230.8916
6593,0.074000206,0.129858836,0.325385732,0
6594,0.073500206,0.131110219,0.317960307,1039911.556
6595,0.074000206,0.129858836,0.305959646,923038.3159
6596,0.07550014,0.126166829,0.55213269,786346.8743
6597,0.075000173,0.127387141,0.558508016,786346.8743
6598,0.07550014,0.126166829,0.539380697,785069.959
6599,0.075000173,0.127387141,0.53285435,785069.959
6600,0.07550014,0.126166829,0.520176676,781582.1233
6601,0.075000173,0.127387141,0.513577006,781582.1233
6602,0.07550014,0.126166829,0.500976685,776278.3826
6603,0.075000173,0.127387141,0.494302684,776278.3826
6604,0.07550014,0.126166829,0.481776683,770911.1474
6605,0.075000173,0.127387141,0.47502534,770911.1474
6606,0.07550014,0.126166829,0.462572673,766887.281
6607,0.075000173,0.127387141,0.455747009,766887.281
6608,0.07550014,0.126166829,0.443370677,762797.6248
6609,0.075000173,0.127387141,0.43647167,762797.6248
6610,0.07550014,0.126166829,0.424171661,757285.3829
6611,0.075000173,0.127387141,0.41719633,757285.3829
6612,0.07550014,0.126166829,0.404969666,0
6613,0.075000173,0.127387141,0.397917999,0
6614,0.07550014,0.126166829,0.385767527,0
6615,0.075000173,0.127387141,0.378642568,0
6616,0.07550014,0.126166829,0.366565603,0
6617,0.075000173,0.127387141,0.35936614,0
6618,0.07550014,0.126166829,0.347363566,0
6619,0.075000173,0.127387141,0.34008783,0
6620,0.07550014,0.126166829,0.32816156,0
6621,0.075000173,0.127387141,0.320811462,0
6622,0.07550014,0.126166829,0.308961466,0
6623,0.075000173,0.127387141,0.301535075,923038.3159
6624,0.07550014,0.126166829,0.28975945,881328.5376
6625,0.07699824,0.122579346,0.552282674,790418.5186
6626,0.076499173,0.123762932,0.558582682,790418.5186
6627,0.07699824,0.122579346,0.539680339,789067.0661
6628,0.076499173,0.123762932,0.533228353,789067.0661
6629,0.07699824,0.122579346,0.520702006,784929.0834
6630,0.076499173,0.123762932,0.514176676,784929.0834
6631,0.07699824,0.122579346,0.501727,779981.1561
6632,0.076499173,0.123762932,0.495126678,779981.1561
6633,0.07699824,0.122579346,0.48275235,774606.1684
6634,0.076499173,0.123762932,0.476076355,774606.1684
6635,0.07699824,0.122579346,0.463774353,770219.7751
6636,0.076499173,0.123762932,0.457022013,770219.7751
6637,0.07699824,0.122579346,0.444795349,770342.7597
6638,0.076499173,0.123762932,0.437969676,770342.7597
6639,0.07699824,0.122579346,0.425820343,766894.8866
6640,0.076499173,0.123762932,0.418921336,766894.8866
6641,0.07699824,0.122579346,0.406845337,0
6642,0.076499173,0.123762932,0.399868998,0
6643,0.07699824,0.122579346,0.387866394,0
6644,0.076499173,0.123762932,0.380816589,0
6645,0.07699824,0.122579346,0.368890391,0
6646,0.076499173,0.123762932,0.361764364,0
6647,0.07699824,0.122579346,0.349914368,0
6648,0.076499173,0.123762932,0.342713033,0
6649,0.07699824,0.122579346,0.330937398,0
6650,0.076499173,0.123762932,0.323661662,0
6651,0.07699824,0.122579346,0.311961365,0
6652,0.076499173,0.123762932,0.304611267,0
6653,0.07699824,0.122579346,0.292984416,0
6654,0.076499173,0.123762932,0.28555899,881328.5376
6655,0.07699824,0.122579346,0.274009359,832446.1274
6656,0.078497241,0.119096367,0.552432332,793194.3933
6657,0.077997274,0.120246063,0.558658,793194.3933
6658,0.078497241,0.119096367,0.539980672,791326.5675
6659,0.077997274,0.120246063,0.533604004,791326.5675
6660,0.078497241,0.119096367,0.521228343,788525.8936
6661,0.077997274,0.120246063,0.51477833,788525.8936
6662,0.078497241,0.119096367,0.502478333,783583.67
6663,0.077997274,0.120246063,0.495952332,783583.67
6664,0.078497241,0.119096367,0.483725667,777986.4167
6665,0.077997274,0.120246063,0.477126007,777986.4167
6666,0.078497241,0.119096367,0.464973674,776661.8889
6667,0.077997274,0.120246063,0.458298014,776661.8889
6668,0.078497241,0.119096367,0.446222005,775196.9159
6669,0.077997274,0.120246063,0.43947168,775196.9159
6670,0.078497241,0.119096367,0.427472005,773328.2745
6671,0.077997274,0.120246063,0.420646342,766894.8866
6672,0.078497241,0.119096367,0.408721008,770943.632
6673,0.077997274,0.120246063,0.40181901,0
6674,0.078497241,0.119096367,0.389966248,0
6675,0.077997274,0.120246063,0.38298997,0
6676,0.078497241,0.119096367,0.37121524,0
6677,0.077997274,0.120246063,0.364165466,0
6678,0.078497241,0.119096367,0.352465139,0
6679,0.077997274,0.120246063,0.345340068,0
6680,0.078497241,0.119096367,0.333714172,0
6681,0.077997274,0.120246063,0.326512838,0
6682,0.078497241,0.119096367,0.314960368,0
6683,0.077997274,0.120246063,0.307684631,0
6684,0.078497241,0.119096367,0.296210337,0
6685,0.077997274,0.120246063,0.288860219,0
6686,0.078497241,0.119096367,0.277460317,0
6687,0.077997274,0.120246063,0.270034882,832446.1274
6688,0.078497241,0.119096367,0.258708405,846482.8034
6689,0.079997208,0.115717005,0.552582011,795318.196
6690,0.079497208,0.116831838,0.55873234,795318.196
6691,0.079997208,0.115717005,0.540280009,793991.698
6692,0.079497208,0.116831838,0.533978678,793991.698
6693,0.079997208,0.115717005,0.521752014,791176.1657
6694,0.079497208,0.116831838,0.515378347,791176.1657
6695,0.079997208,0.115717005,0.503228007,786152.0671
6696,0.079497208,0.116831838,0.496778005,786152.0671
6697,0.079997208,0.115717005,0.484701335,783741.3095
6698,0.079497208,0.116831838,0.478174998,783741.3095
6699,0.079997208,0.115717005,0.466175334,782860.1086
6700,0.079497208,0.116831838,0.459573669,782860.1086
6701,0.079997208,0.115717005,0.447647664,780613.7003
6702,0.079497208,0.116831838,0.440971659,780613.7003
6703,0.079997208,0.115717005,0.429121663,778573.0542
6704,0.079497208,0.116831838,0.422372335,773328.2745
6705,0.079997208,0.115717005,0.410595673,775541.518
6706,0.079497208,0.116831838,0.403770009,770943.632
6707,0.079997208,0.115717005,0.39206955,770759.0155
6708,0.079497208,0.116831838,0.385167786,0
6709,0.079997208,0.115717005,0.373540944,774543.1807
6710,0.079497208,0.116831838,0.366564677,0
6711,0.079997208,0.115717005,0.355015004,0
6712,0.079497208,0.116831838,0.34796524,0
6713,0.079997208,0.115717005,0.336489034,0
6714,0.079497208,0.116831838,0.329363037,0
6715,0.079997208,0.115717005,0.317963135,0
6716,0.079497208,0.116831838,0.3107618,0
6717,0.079997208,0.115717005,0.299435323,0
6718,0.079497208,0.116831838,0.292159597,0
6719,0.079997208,0.115717005,0.280909363,0
6720,0.079497208,0.116831838,0.273560201,800082.2808
6721,0.079997208,0.115717005,0.262383428,713129.996
6722,0.079497208,0.116831838,0.254957067,846482.8034
6723,0.079997208,0.115717005,0.243856572,953886.5175
6724,0.081497208,0.11243837,0.552731669,797647.2453
6725,0.080997208,0.113520271,0.558807678,797647.2453
6726,0.081497208,0.11243837,0.540579671,796146.9429
6727,0.080997208,0.113520271,0.534353678,796146.9429
6728,0.081497208,0.11243837,0.522277669,792937.1576
6729,0.080997208,0.113520271,0.515977336,792937.1576
6730,0.081497208,0.11243837,0.503976664,790719.5439
6731,0.080997208,0.113520271,0.497601003,790719.5439
6732,0.081497208,0.11243837,0.485674672,789955.4546
6733,0.080997208,0.113520271,0.479225006,789955.4546
6734,0.081497208,0.11243837,0.467375,788023.7059
6735,0.080997208,0.113520271,0.460851664,788023.7059
6736,0.081497208,0.11243837,0.449076009,785627.4388
6737,0.080997208,0.113520271,0.442473674,780613.7003
6738,0.081497208,0.11243837,0.430771342,782912.1575
6739,0.080997208,0.113520271,0.424095337,778573.0542
6740,0.081497208,0.11243837,0.41246934,780486.0399
6741,0.080997208,0.113520271,0.405719004,775541.518
6742,0.081497208,0.11243837,0.394168335,777656.1284
6743,0.080997208,0.113520271,0.387344543,770759.0155
6744,0.081497208,0.11243837,0.375868479,781952.3384
6745,0.080997208,0.113520271,0.368966644,0
6746,0.081497208,0.11243837,0.357563904,777827.1947
6747,0.080997208,0.113520271,0.350588531,0
6748,0.081497208,0.11243837,0.339263936,770878.4284
6749,0.080997208,0.113520271,0.332214203,0
6750,0.081497208,0.11243837,0.320963074,0
6751,0.080997208,0.113520271,0.313838003,0
6752,0.081497208,0.11243837,0.302662181,0
6753,0.080997208,0.113520271,0.295460836,0
6754,0.081497208,0.11243837,0.284360341,0
6755,0.080997208,0.113520271,0.277084595,0
6756,0.081497208,0.11243837,0.266060369,0
6757,0.080997208,0.113520271,0.258708364,0
6758,0.081497208,0.11243837,0.247757599,0
6759,0.080997208,0.113520271,0.240332169,953886.5175
6760,0.081497208,0.11243837,0.22945577,906304.3421
6761,0.082997142,0.109264203,0.552882324,799460.8923
6762,0.082497175,0.110310336,0.558881999,799460.8923
6763,0.082997142,0.109264203,0.540881653,797645.4058
6764,0.082497175,0.110310336,0.534729329,797645.4058
6765,0.082997142,0.109264203,0.522802999,796575.4112
6766,0.082497175,0.110310336,0.516577332,796575.4112
6767,0.082997142,0.109264203,0.504727336,796491.9447
6768,0.082497175,0.110310336,0.498427002,796491.9447
6769,0.082997142,0.109264203,0.486651347,794979.9744
6770,0.082497175,0.110310336,0.480274679,794979.9744
6771,0.082997142,0.109264203,0.468574687,792373.8969
6772,0.082497175,0.110310336,0.462124674,792373.8969
6773,0.082997142,0.109264203,0.450500671,790098.7445
6774,0.082497175,0.110310336,0.443975342,785627.4388
6775,0.082997142,0.109264203,0.432423014,787549.318
6776,0.082497175,0.110310336,0.42582135,782912.1575
6777,0.082997142,0.109264203,0.414345011,785268.3739
6778,0.082497175,0.110310336,0.407669006,780486.0399
6779,0.082997142,0.109264203,0.396268331,783859.761
6780,0.082497175,0.110310336,0.389517995,777656.1284
6781,0.082997142,0.109264203,0.37819337,786618.5046
6782,0.082497175,0.110310336,0.371367645,774543.1807
6783,0.082997142,0.109264203,0.360117513,783667.7385
6784,0.082497175,0.110310336,0.353215607,0
6785,0.082997142,0.109264203,0.342038839,779584.2986
6786,0.082497175,0.110310336,0.335062541,0
6787,0.082997142,0.109264203,0.323962046,771304.7895
6788,0.082497175,0.110310336,0.316912313,0
6789,0.082997142,0.109264203,0.30588621,757663.6452
6790,0.082497175,0.110310336,0.298761149,0
6791,0.082997142,0.109264203,0.2878113,748072.037
6792,0.082497175,0.110310336,0.280611837,0
6793,0.082997142,0.109264203,0.269736399,0
6794,0.082497175,0.110310336,0.262460678,713129.996
6795,0.082997142,0.109264203,0.251659607,0
6796,0.082497175,0.110310336,0.244308533,0
6797,0.082997142,0.109264203,0.233581863,0
6798,0.082497175,0.110310336,0.226154531,906304.3421
6799,0.082997142,0.109264203,0.21550413,909272.4176
6800,0.084497108,0.106191806,0.553032003,800479.747
6801,0.083997108,0.107204938,0.558958333,800479.747
6802,0.084497108,0.106191806,0.541182007,800255.5171
6803,0.083997108,0.107204938,0.535107666,800255.5171
6804,0.084497108,0.106191806,0.523331004,801154.5351
6805,0.083997108,0.107204938,0.51717866,801154.5351
6806,0.084497108,0.106191806,0.505476664,801014.5814
6807,0.083997108,0.107204938,0.499251007,801014.5814
6808,0.084497108,0.106191806,0.48762501,798408.9854
6809,0.083997108,0.107204938,0.481325684,798408.9854
6810,0.084497108,0.106191806,0.469775004,796038.8297
6811,0.083997108,0.107204938,0.463400675,796038.8297
6812,0.084497108,0.106191806,0.451923665,794281.0927
6813,0.083997108,0.107204938,0.445473674,790098.7445
6814,0.084497108,0.106191806,0.434073669,792106.6742
6815,0.083997108,0.107204938,0.42754834,787549.318
6816,0.084497108,0.106191806,0.416222005,789903.3182
6817,0.083997108,0.107204938,0.409620341,785268.3739
6818,0.084497108,0.106191806,0.398370005,788421.1131
6819,0.083997108,0.107204938,0.391694,783859.761
6820,0.084497108,0.106191806,0.380517263,789962.2776
6821,0.083997108,0.107204938,0.373766968,781952.3384
6822,0.084497108,0.106191806,0.362666402,788219.772
6823,0.083997108,0.107204938,0.355842672,777827.1947
6824,0.084497108,0.106191806,0.344816569,786230.1477
6825,0.083997108,0.107204938,0.337914642,770878.4284
6826,0.084497108,0.106191806,0.326961975,781185.1871
6827,0.083997108,0.107204938,0.319985677,0
6828,0.084497108,0.106191806,0.309111176,769376.3725
6829,0.083997108,0.107204938,0.302061442,0
6830,0.084497108,0.106191806,0.291261322,760354.2904
6831,0.083997108,0.107204938,0.284136241,0
6832,0.084497108,0.106191806,0.273409546,752362.7895
6833,0.083997108,0.107204938,0.266209167,0
6834,0.084497108,0.106191806,0.255558746,0
6835,0.083997108,0.107204938,0.248284907,0
6836,0.084497108,0.106191806,0.237708867,0
6837,0.083997108,0.107204938,0.230356898,0
6838,0.084497108,0.106191806,0.219854299,0
6839,0.083997108,0.107204938,0.212428864,909272.4176
6840,0.084497108,0.106191806,0.202004435,873793.985
6841,0.086000842,0.103222003,0.553181661,802702.2212
6842,0.085498975,0.104200338,0.559031677,802702.2212
6843,0.086000842,0.103222003,0.541481323,803908.3555
6844,0.085498975,0.104200338,0.535481344,803908.3555
6845,0.086000842,0.103222003,0.523855347,805020.4015
6846,0.085498975,0.104200338,0.517779348,805020.4015
6847,0.086000842,0.103222003,0.50622701,803567.3187
6848,0.085498975,0.104200338,0.50007667,803567.3187
6849,0.086000842,0.103222003,0.488600342,801087.4919
6850,0.085498975,0.104200338,0.482374339,801087.4919
6851,0.086000842,0.103222003,0.470974345,799569.4436
6852,0.085498975,0.104200338,0.464674337,796038.8297
6853,0.086000842,0.103222003,0.453350006,798514.7092
6854,0.085498975,0.104200338,0.446973663,794281.0927
6855,0.086000842,0.103222003,0.435723338,796737.3719
6856,0.085498975,0.104200338,0.429273336,792106.6742
6857,0.086000842,0.103222003,0.418097341,794545.7807
6858,0.085498975,0.104200338,0.41157134,789903.3182
6859,0.086000842,0.103222003,0.400469004,792142.7869
6860,0.085498975,0.104200338,0.393869334,788421.1131
6861,0.086000842,0.103222003,0.382843068,793856.0201
6862,0.085498975,0.104200338,0.376167002,786618.5046
6863,0.086000842,0.103222003,0.365216237,792671.9642
6864,0.085498975,0.104200338,0.358465932,783667.7385
6865,0.086000842,0.103222003,0.347591441,791175.5079
6866,0.085498975,0.104200338,0.340765808,779584.2986
6867,0.086000842,0.103222003,0.329965678,788696.8978
6868,0.085498975,0.104200338,0.323063772,771304.7895
6869,0.086000842,0.103222003,0.312338969,777729.1056
6870,0.085498975,0.104200338,0.305362671,757663.6452
6871,0.086000842,0.103222003,0.29471226,771956.3336
6872,0.085498975,0.104200338,0.287660645,748072.037
6873,0.086000842,0.103222003,0.277084605,770310.5501
6874,0.085498975,0.104200338,0.269958588,0
6875,0.086000842,0.103222003,0.259457906,762145.9293
6876,0.085498975,0.104200338,0.252258443,0
6877,0.086000842,0.103222003,0.241834005,745277.6098
6878,0.085498975,0.104200338,0.234558268,0
6879,0.086000842,0.103222003,0.224207301,0
6880,0.085498975,0.104200338,0.216855301,0
6881,0.086000842,0.103222003,0.206580602,0
6882,0.085498975,0.104200338,0.199155172,873793.985
6883,0.086000842,0.103222003,0.188956838,897478.7022
6884,0.087500842,0.100356735,0.553332316,805757.1976
6885,0.087001775,0.101300201,0.559107992,805757.1976
6886,0.087500842,0.100356735,0.541781982,807442.1262
6887,0.087001775,0.101300201,0.53585732,807442.1262
6888,0.087500842,0.100356735,0.524381002,807384.8767
6889,0.087001775,0.101300201,0.518379008,807384.8767
6890,0.087500842,0.100356735,0.506976339,805481.9343
6891,0.087001775,0.101300201,0.50090034,805481.9343
6892,0.087500842,0.100356735,0.489575999,803877.0741
6893,0.087001775,0.101300201,0.483426341,803877.0741
6894,0.087500842,0.100356735,0.472176005,803284.2335
6895,0.087001775,0.101300201,0.465950012,799569.4436
6896,0.087500842,0.100356735,0.454773336,802802.2518
6897,0.087001775,0.101300201,0.448473338,798514.7092
6898,0.087500842,0.100356735,0.437372996,801131.6988
6899,0.087001775,0.101300201,0.430999339,796737.3719
6900,0.087500842,0.100356735,0.419973002,798741.5378
6901,0.087001775,0.101300201,0.413521006,794545.7807
6902,0.087500842,0.100356735,0.402568339,796048.4921
6903,0.087001775,0.101300201,0.396042338,792142.7869
6904,0.087500842,0.100356735,0.385167837,797460.4481
6905,0.087001775,0.101300201,0.378568237,789962.2776
6906,0.087500842,0.100356735,0.367767039,796453.538
6907,0.087001775,0.101300201,0.361091105,788219.772
6908,0.087500842,0.100356735,0.350366302,795648.1984
6909,0.087001775,0.101300201,0.343616943,786230.1477
6910,0.087500842,0.100356735,0.332966543,792510.0536
6911,0.087001775,0.101300201,0.32614091,781185.1871
6912,0.087500842,0.100356735,0.315563934,784472.0198
6913,0.087001775,0.101300201,0.3086639,769376.3725
6914,0.087500842,0.100356735,0.298163198,782425.2928
6915,0.087001775,0.101300201,0.291187856,760354.2904
6916,0.087500842,0.100356735,0.28076062,782166.3775
6917,0.087001775,0.101300201,0.273708984,752362.7895
6918,0.087500842,0.100356735,0.263357997,774467.5862
6919,0.087001775,0.101300201,0.256232936,0
6920,0.087500842,0.100356735,0.245958237,760499.737
6921,0.087001775,0.101300201,0.238758769,0
6922,0.087500842,0.100356735,0.2285575,735454.3153
6923,0.087001775,0.101300201,0.221281769,0
6924,0.087500842,0.100356735,0.211156769,-80426.41428
6925,0.087001775,0.101300201,0.203807602,733642.3744
6926,0.087500842,0.100356735,0.193757004,645404.9519
6927,0.087001775,0.101300201,0.18633167,897478.7022
6928,0.087500842,0.100356735,0.176354604,994817.8126
6929,0.088999842,0.09759407,0.553481995,809285.1953
6930,0.088499875,0.09850367,0.559182332,809285.1953
6931,0.088999842,0.09759407,0.542081319,809749.6097
6932,0.088499875,0.09850367,0.536231323,809749.6097
6933,0.088999842,0.09759407,0.524906657,808241.9462
6934,0.088499875,0.09850367,0.518980998,808241.9462
6935,0.088999842,0.09759407,0.507728658,806820.4793
6936,0.088499875,0.09850367,0.501725993,806820.4793
6937,0.088999842,0.09759407,0.490549327,806555.9245
6938,0.088499875,0.09850367,0.484475332,806555.9245
6939,0.088999842,0.09759407,0.47337501,806875.4462
6940,0.088499875,0.09850367,0.467225342,803284.2335
6941,0.088999842,0.09759407,0.456199015,806325.2837
6942,0.088499875,0.09850367,0.449973002,802802.2518
6943,0.088999842,0.09759407,0.439022339,804715.965
6944,0.088499875,0.09850367,0.432722331,801131.6988
6945,0.088999842,0.09759407,0.421848002,802161.3142
6946,0.088499875,0.09850367,0.415472331,798741.5378
6947,0.088999842,0.09759407,0.404671,799311.2237
6948,0.088499875,0.09850367,0.398219004,796048.4921
6949,0.088999842,0.09759407,0.387494303,800685.4222
6950,0.088499875,0.09850367,0.380969137,793856.0201
6951,0.088999842,0.09759407,0.370318766,799499.6427
6952,0.088499875,0.09850367,0.363716268,792671.9642
6953,0.088999842,0.09759407,0.353139303,798376.7943
6954,0.088499875,0.09850367,0.346465271,791175.5079
6955,0.088999842,0.09759407,0.335964569,795231.1555
6956,0.088499875,0.09850367,0.3292152,788696.8978
6957,0.088999842,0.09759407,0.3187889,790931.0842
6958,0.088499875,0.09850367,0.311963267,777729.1056
6959,0.088999842,0.09759407,0.301612284,791055.4348
6960,0.088499875,0.09850367,0.29471225,771956.3336
6961,0.088999842,0.09759407,0.284437551,789702.1441
6962,0.088499875,0.09850367,0.277461263,770310.5501
6963,0.088999842,0.09759407,0.26726,782960.5396
6964,0.088499875,0.09850367,0.260208369,762145.9293
6965,0.088999842,0.09759407,0.250084305,769151.1757
6966,0.088499875,0.09850367,0.242959234,745277.6098
6967,0.088999842,0.09759407,0.232910502,751276.1816
6968,0.088499875,0.09850367,0.225708237,0
6969,0.088999842,0.09759407,0.215732936,728222.8561
6970,0.088499875,0.09850367,0.208457199,0
6971,0.088999842,0.09759407,0.1985563,-70820.46509
6972,0.088499875,0.09850367,0.191205271,713396.1561
6973,0.088999842,0.09759407,0.181378606,683259.8822
6974,0.088499875,0.09850367,0.173953273,994817.8126
6975,0.088999842,0.09759407,0.164202006,991272.243
6976,0.090499809,0.094936872,0.553631673,811595.9991
6977,0.089999809,0.095810671,0.55925767,811595.9991
6978,0.090499809,0.094936872,0.542381673,810672.3224
6979,0.089999809,0.095810671,0.536606995,810672.3224
6980,0.090499809,0.094936872,0.525431335,808995.0579
6981,0.089999809,0.095810671,0.519580994,808995.0579
6982,0.090499809,0.094936872,0.508478668,808620.5887
6983,0.089999809,0.095810671,0.502551992,808620.5887
6984,0.090499809,0.094936872,0.491524994,809221.8689
6985,0.089999809,0.095810671,0.485524994,806555.9245
6986,0.090499809,0.094936872,0.474574331,809682.6041
6987,0.089999809,0.095810671,0.468498342,806875.4462
6988,0.090499809,0.094936872,0.457623678,808868.6515
6989,0.089999809,0.095810671,0.451474019,806325.2837
6990,0.090499809,0.094936872,0.440673686,807128.5146
6991,0.089999809,0.095810671,0.434448018,804715.965
6992,0.090499809,0.094936872,0.423723348,804806.7261
6993,0.089999809,0.095810671,0.41742334,802161.3142
6994,0.090499809,0.094936872,0.40677301,802402.6837
6995,0.089999809,0.095810671,0.400396342,799311.2237
6996,0.090499809,0.094936872,0.389820211,800685.4222
6997,0.089999809,0.095810671,0.383370168,797460.4481
6998,0.090499809,0.094936872,0.372870534,803015.0451
6999,0.089999809,0.095810671,0.366344299,796453.538
7000,0.090499809,0.094936872,0.355917033,800674.4669
7001,0.089999809,0.095810671,0.349314535,795648.1984
7002,0.090499809,0.094936872,0.338965464,798082.8834
7003,0.089999809,0.095810671,0.33228953,792510.0536
7004,0.090499809,0.094936872,0.322014832,796762.8264
7005,0.089999809,0.095810671,0.31526357,784472.0198
7006,0.090499809,0.094936872,0.305063273,796615.5807
7007,0.089999809,0.095810671,0.29823762,782425.2928
7008,0.090499809,0.094936872,0.28811261,794724.1743
7009,0.089999809,0.095810671,0.281212575,782166.3775
7010,0.090499809,0.094936872,0.271161957,786842.1928
7011,0.089999809,0.095810671,0.264185669,774467.5862
7012,0.090499809,0.094936872,0.254211304,794436.7215
7013,0.089999809,0.095810671,0.24716157,760499.737
7014,0.090499809,0.094936872,0.237261602,775711.6009
7015,0.089999809,0.095810671,0.230135605,735454.3153
7016,0.090499809,0.094936872,0.220308141,736607.9381
7017,0.089999809,0.095810671,0.213107737,704590.9028
7018,0.090499809,0.094936872,0.203356567,717377.2891
7019,0.089999809,0.095810671,0.196080866,691288.5274
7020,0.090499809,0.094936872,0.186404236,-70495.1527
7021,0.089999809,0.095810671,0.179053004,720211.6506
7022,0.090499809,0.094936872,0.169454336,673990.7216
7023,0.089999809,0.095810671,0.162028671,991272.243
7024,0.090499809,0.094936872,0.152503672,1034429.635
7025,0.091999809,0.092379473,0.553781352,813806.4522
7026,0.091499809,0.093221273,0.559332011,813806.4522
7027,0.091999809,0.092379473,0.54268101,812098.1127
7028,0.091499809,0.093221273,0.536981669,812098.1127
7029,0.091999809,0.092379473,0.525957336,810940.6898
7030,0.091499809,0.093221273,0.520181681,810940.6898
7031,0.091999809,0.092379473,0.509229014,811046.5428
7032,0.091499809,0.093221273,0.503376343,811046.5428
7033,0.091999809,0.092379473,0.492499003,812012.5182
7034,0.091499809,0.093221273,0.486574331,809221.8689
7035,0.091999809,0.092379473,0.475773997,812253.878
7036,0.091499809,0.093221273,0.469773997,809682.6041
7037,0.091999809,0.092379473,0.459047333,811423.9818
7038,0.091499809,0.093221273,0.452973002,808868.6515
7039,0.091999809,0.092379473,0.442322673,809544.0953
7040,0.091499809,0.093221273,0.436173014,807128.5146
7041,0.091999809,0.092379473,0.425596344,807472.1349
7042,0.091499809,0.093221273,0.419372345,804806.7261
7043,0.091999809,0.092379473,0.408871674,805890.8187
7044,0.091499809,0.093221273,0.402572347,802402.6837
7045,0.091999809,0.092379473,0.392145976,804433.7992
7046,0.091499809,0.093221273,0.385770508,800685.4222
7047,0.091999809,0.092379473,0.375419434,806404.8911
7048,0.091499809,0.093221273,0.368969503,799499.6427
7049,0.091999809,0.092379473,0.358694773,803607.764
7050,0.091499809,0.093221273,0.352168538,798376.7943
7051,0.091999809,0.092379473,0.341967275,802162.4269
7052,0.091499809,0.093221273,0.335366699,795231.1555
7053,0.091999809,0.092379473,0.325242666,801472.1897
7054,0.091499809,0.093221273,0.318566732,790931.0842
7055,0.091999809,0.092379473,0.308516103,800414.6359
7056,0.091499809,0.093221273,0.301763906,791055.4348
7057,0.091999809,0.092379473,0.291787679,796155.3633
7058,0.091499809,0.093221273,0.284962036,789702.1441
7059,0.091999809,0.092379473,0.275061137,789021.9739
7060,0.091499809,0.093221273,0.268161092,782960.5396
7061,0.091999809,0.092379473,0.258334569,803337.6263
7062,0.091499809,0.093221273,0.251361069,769151.1757
7063,0.091999809,0.092379473,0.241609904,786715.596
7064,0.091499809,0.093221273,0.23456017,752575.4277
7065,0.091999809,0.092379473,0.224883372,766491.41
7066,0.091499809,0.093221273,0.217757339,736146.7296
7067,0.091999809,0.092379473,0.208155874,748240.1135
7068,0.091499809,0.093221273,0.200955505,719933.8719
7069,0.091999809,0.092379473,0.191431137,725487.668
7070,0.091499809,0.093221273,0.184155568,0
7071,0.091999809,0.092379473,0.174704671,-64846.64145
7072,0.091499809,0.093221273,0.16735467,713790.7274
7073,0.091999809,0.092379473,0.157980006,692743.2986
7074,0.091499809,0.093221273,0.150554672,1034429.635
7075,0.091999809,0.092379473,0.141253672,1105633.469
7076,0.093499743,0.089925669,0.55393101,815511.9607
7077,0.092999776,0.090731672,0.559407349,815511.9607
7078,0.093499743,0.089925669,0.542980347,814303.6197
7079,0.092999776,0.090731672,0.537356344,814303.6197
7080,0.093499743,0.089925669,0.526480001,813607.8675
7081,0.092999776,0.090731672,0.520780334,813607.8675
7082,0.093499743,0.089925669,0.509980001,813785.721
7083,0.092999776,0.090731672,0.504204336,813785.721
7084,0.093499743,0.089925669,0.493477671,814170.2367
7085,0.092999776,0.090731672,0.48762501,812012.5182
7086,0.093499743,0.089925669,0.476974345,814305.3157
7087,0.092999776,0.090731672,0.471048004,812253.878
7088,0.093499743,0.089925669,0.460473674,813471.9575
7089,0.092999776,0.090731672,0.454473002,811423.9818
7090,0.093499743,0.089925669,0.443972341,811607.0889
7091,0.092999776,0.090731672,0.437896342,809544.0953
7092,0.093499743,0.089925669,0.427472005,810217.2033
7093,0.092999776,0.090731672,0.421321665,807472.1349
7094,0.093499743,0.089925669,0.410970662,809244.0905
7095,0.092999776,0.090731672,0.40474467,805890.8187
7096,0.093499743,0.089925669,0.394469676,808352.0345
7097,0.092999776,0.090731672,0.388170308,804433.7992
7098,0.093499743,0.089925669,0.377970072,806404.8911
7099,0.092999776,0.090731672,0.371594666,803015.0451
7100,0.093499743,0.089925669,0.361469666,808012.9289
7101,0.092999776,0.090731672,0.355019704,800674.4669
7102,0.093499743,0.089925669,0.344969076,806474.6593
7103,0.092999776,0.090731672,0.338442881,798082.8834
7104,0.093499743,0.089925669,0.328465708,804855.5437
7105,0.092999776,0.090731672,0.321866069,796762.8264
7106,0.093499743,0.089925669,0.311965169,802395.1793
7107,0.092999776,0.090731672,0.305291138,796615.5807
7108,0.093499743,0.089925669,0.295463674,797633.8862
7109,0.092999776,0.090731672,0.288712413,794724.1743
7110,0.093499743,0.089925669,0.278961212,818862.3253
7111,0.092999776,0.090731672,0.272135579,786842.1928
7112,0.093499743,0.089925669,0.262460668,808952.9998
7113,0.092999776,0.090731672,0.255559703,776795.9225
7114,0.093499743,0.089925669,0.245961034,797177.9181
7115,0.092999776,0.090731672,0.238984736,765688.8613
7116,0.093499743,0.089925669,0.229459534,782792.6287
7117,0.092999776,0.090731672,0.222407903,754386.2796
7118,0.093499743,0.089925669,0.212957072,782172.4667
7119,0.092999776,0.090731672,0.205831075,751419.0612
7120,0.093499743,0.089925669,0.196455607,764205.5484
7121,0.092999776,0.090731672,0.189256037,728088.8024
7122,0.093499743,0.089925669,0.179954803,719820.5259
7123,0.092999776,0.090731672,0.172679006,0
7124,0.093499743,0.089925669,0.163453339,-60581.11835
7125,0.092999776,0.090731672,0.15610434,715919.032
7126,0.093499743,0.089925669,0.146953003,719512.0913
7127,0.092999776,0.090731672,0.139527669,1105633.469
7128,0.093499743,0.089925669,0.130452667,1127692.821
7129,0.09499971,0.087577334,0.554081665,817840.8833
7130,0.09449971,0.088348501,0.559481669,817840.8833
7131,0.09499971,0.087577334,0.54328066,817176.8156
7132,0.09449971,0.088348501,0.537730001,817176.8156
7133,0.09499971,0.087577334,0.52700533,816663.0874
7134,0.09449971,0.088348501,0.521379333,816663.0874
7135,0.09499971,0.087577334,0.510728994,816518.2265
7136,0.09449971,0.088348501,0.505029327,813785.721
7137,0.09499971,0.087577334,0.494455332,816376.9944
7138,0.09449971,0.088348501,0.488679342,814170.2367
7139,0.09499971,0.087577334,0.47817868,816201.8455
7140,0.09449971,0.088348501,0.472326345,814305.3157
7141,0.09499971,0.087577334,0.461901011,815396.2435
7142,0.09449971,0.088348501,0.455974681,813471.9575
7143,0.09499971,0.087577334,0.445625682,814046.0894
7144,0.09449971,0.088348501,0.439624013,811607.0889
7145,0.09499971,0.087577334,0.429349345,813058.6147
7146,0.09449971,0.088348501,0.423273336,810217.2033
7147,0.09499971,0.087577334,0.413072998,812534.3034
7148,0.09449971,0.088348501,0.406920664,809244.0905
7149,0.09499971,0.087577334,0.396793671,812192.6674
7150,0.09449971,0.088348501,0.390568675,808352.0345
7151,0.09499971,0.087577334,0.380517975,810171.0765
7152,0.09449971,0.088348501,0.37421874,806404.8911
7153,0.09499971,0.087577334,0.364242635,808012.9289
7154,0.09449971,0.088348501,0.357868968,803607.764
7155,0.09499971,0.087577334,0.347968068,810855.5517
7156,0.09449971,0.088348501,0.341518138,802162.4269
7157,0.09499971,0.087577334,0.331690674,807492.161
7158,0.09449971,0.088348501,0.325164439,801472.1897
7159,0.09499971,0.087577334,0.315413269,803998.5822
7160,0.09449971,0.088348501,0.308813639,800414.6359
7161,0.09499971,0.087577334,0.299138733,826249.0452
7162,0.09449971,0.088348501,0.292462799,796155.3633
7163,0.09499971,0.087577334,0.282862264,819262.8708
7164,0.09449971,0.088348501,0.276111938,789021.9739
7165,0.09499971,0.087577334,0.266586741,811584.9524
7166,0.09449971,0.088348501,0.259761103,783887.2526
7167,0.09499971,0.087577334,0.250310303,803880.8706
7168,0.09449971,0.088348501,0.243411199,777492.4575
7169,0.09499971,0.087577334,0.2340357,794076.8843
7170,0.09449971,0.088348501,0.227060333,770339.133
7171,0.09499971,0.087577334,0.217759232,792013.8664
7172,0.09449971,0.088348501,0.210707601,766798.7142
7173,0.09499971,0.087577334,0.201482768,784057.5967
7174,0.09449971,0.088348501,0.194356771,751156.4794
7175,0.09499971,0.087577334,0.185207204,752599.2725
7176,0.09449971,0.088348501,0.178004807,724961.2244
7177,0.09499971,0.087577334,0.168929672,718745.2127
7178,0.09449971,0.088348501,0.161654002,0
7179,0.09499971,0.087577334,0.152655334,-60058.02623
7180,0.09449971,0.088348501,0.145303335,681976.2042
7181,0.09499971,0.087577334,0.136379003,725154.7624
7182,0.09449971,0.088348501,0.128953669,1127692.821
7183,0.09499971,0.087577334,0.12010467,1194227.925
7184,0.096497772,0.085329768,0.554231344,820399.0246
7185,0.095998741,0.086067968,0.559558004,820399.0246
7186,0.096497772,0.085329768,0.543581014,820282.5031
7187,0.095998741,0.086067968,0.538106669,820282.5031
7188,0.096497772,0.085329768,0.527529663,819965.1021
7189,0.095998741,0.086067968,0.521978984,819965.1021
7190,0.096497772,0.085329768,0.511479319,819433.7768
7191,0.095998741,0.086067968,0.505855326,816518.2265
7192,0.096497772,0.085329768,0.495428996,818972.7573
7193,0.095998741,0.086067968,0.489728668,816376.9944
7194,0.096497772,0.085329768,0.479377665,818367.139
7195,0.095998741,0.086067968,0.473603668,816201.8455
7196,0.096497772,0.085329768,0.463326996,817563.7786
7197,0.095998741,0.086067968,0.457476674,815396.2435
7198,0.096497772,0.085329768,0.447275675,816714.9076
7199,0.095998741,0.086067968,0.441351013,814046.0894
7200,0.096497772,0.085329768,0.431224345,816150.879
7201,0.095998741,0.086067968,0.425224345,813058.6147
7202,0.096497772,0.085329768,0.415173676,816184.8131
7203,0.095998741,0.086067968,0.409098338,812534.3034
7204,0.096497772,0.085329768,0.399121002,815748.1617
7205,0.095998741,0.086067968,0.392968669,812192.6674
7206,0.096497772,0.085329768,0.383069702,814382.9575
7207,0.095998741,0.086067968,0.376844004,810171.0765
7208,0.096497772,0.085329768,0.367019399,812907.5925
7209,0.095998741,0.086067968,0.360717265,808012.9289
7210,0.096497772,0.085329768,0.350968933,810855.5517
7211,0.095998741,0.086067968,0.344593404,806474.6593
7212,0.096497772,0.085329768,0.334918508,807492.161
7213,0.095998741,0.086067968,0.328465708,804855.5437
7214,0.096497772,0.085329768,0.318866109,803998.5822
7215,0.095998741,0.086067968,0.312339905,802395.1793
7216,0.096497772,0.085329768,0.302815674,827314.9025
7217,0.095998741,0.086067968,0.296214132,797633.8862
7218,0.096497772,0.085329768,0.286763306,821247.9651
7219,0.095998741,0.086067968,0.280087372,793558.0695
7220,0.096497772,0.085329768,0.270711884,816443.2276
7221,0.095998741,0.086067968,0.263961578,790054.0413
7222,0.096497772,0.085329768,0.254660477,811888.3771
7223,0.095998741,0.086067968,0.247834839,787679.0561
7224,0.096497772,0.085329768,0.238610006,807650.0353
7225,0.095998741,0.086067968,0.231709971,784517.9145
7226,0.096497772,0.085329768,0.22255954,802527.3212
7227,0.095998741,0.086067968,0.215584167,774912.8283
7228,0.096497772,0.085329768,0.206509069,786501.5012
7229,0.095998741,0.086067968,0.1994593,759707.3764
7230,0.096497772,0.085329768,0.190457504,777061.836
7231,0.095998741,0.086067968,0.183331406,756390.3706
7232,0.096497772,0.085329768,0.174406011,761866.6654
7233,0.095998741,0.086067968,0.167206675,726545.5749
7234,0.096497772,0.085329768,0.158355672,696613.7607
7235,0.095998741,0.086067968,0.151080002,655825.7529
7236,0.096497772,0.085329768,0.142305339,-52636.73971
7237,0.095998741,0.086067968,0.13495634,644090.185
7238,0.096497772,0.085329768,0.126255005,0
7239,0.095998741,0.086067968,0.118828669,1194227.925
7240,0.096497772,0.085329768,0.110202667,1179955.344
7241,0.097996803,0.083184769,0.554381022,822968.6094
7242,0.097496803,0.083888168,0.559631348,822968.6094
7243,0.097996803,0.083184769,0.543880351,823087.8729
7244,0.097496803,0.083888168,0.538480347,823087.8729
7245,0.097996803,0.083184769,0.52805601,822842.1492
7246,0.097496803,0.083888168,0.522579671,822842.1492
7247,0.097996803,0.083184769,0.512228668,822353.2559
7248,0.097496803,0.083888168,0.506678996,819433.7768
7249,0.097996803,0.083184769,0.496404338,821647.4711
7250,0.097496803,0.083888168,0.49077833,818972.7573
7251,0.097996803,0.083184769,0.480577006,820757.8296
7252,0.097496803,0.083888168,0.474876668,818367.139
7253,0.097996803,0.083184769,0.464751668,819859.8511
7254,0.097496803,0.083888168,0.458975993,817563.7786
7255,0.097996803,0.083184769,0.448925334,819364.66
7256,0.097496803,0.083888168,0.443075338,816714.9076
7257,0.097996803,0.083184769,0.433100006,819458.1887
7258,0.097496803,0.083888168,0.427173676,816150.879
7259,0.097996803,0.083184769,0.417272675,819572.6604
7260,0.097496803,0.083888168,0.411272675,816184.8131
7261,0.097996803,0.083184769,0.401448008,818987.3024
7262,0.097496803,0.083888168,0.395371674,815748.1617
7263,0.097996803,0.083184769,0.385620605,818540.0555
7264,0.097496803,0.083888168,0.379470968,814382.9575
7265,0.097996803,0.083184769,0.369796204,817867.4775
7266,0.097496803,0.083888168,0.363570333,812907.5925
7267,0.097996803,0.083184769,0.353968862,814551.4134
7268,0.097496803,0.083888168,0.347669596,810855.5517
7269,0.097996803,0.083184769,0.33814443,809497.1692
7270,0.097496803,0.083888168,0.33176887,807492.161
7271,0.097996803,0.083184769,0.322317098,806275.5049
7272,0.097496803,0.083888168,0.315867137,803998.5822
7273,0.097996803,0.083184769,0.306491628,830252.722
7274,0.097496803,0.083888168,0.29996637,801243.0527
7275,0.097996803,0.083184769,0.290665263,826336.4837
7276,0.097496803,0.083888168,0.284063741,798575.4915
7277,0.097996803,0.083184769,0.274837972,822603.1753
7278,0.097496803,0.083888168,0.268162048,796210.5703
7279,0.097996803,0.083184769,0.259012543,819999.8023
7280,0.097496803,0.083888168,0.252261276,794838.9451
7281,0.097996803,0.083184769,0.243186172,819387.1349
7282,0.097496803,0.083888168,0.23636054,792600.7378
7283,0.097996803,0.083184769,0.227360738,814280.5531
7284,0.097496803,0.083888168,0.220459773,784686.481
7285,0.097996803,0.083184769,0.211534368,803200.358
7286,0.097496803,0.083888168,0.204559036,776960.6424
7287,0.097996803,0.083184769,0.195709869,794554.1366
7288,0.097496803,0.083888168,0.188658106,766774.8933
7289,0.097996803,0.083184769,0.179883336,783337.0038
7290,0.097496803,0.083888168,0.172757339,744505.7141
7291,0.097996803,0.083184769,0.164059006,741306.1891
7292,0.097496803,0.083888168,0.156856674,710803.7526
7293,0.097996803,0.083184769,0.148231669,679781.8049
7294,0.097496803,0.083888168,0.140956004,665130.6829
7295,0.097996803,0.083184769,0.132407338,-53131.98145
7296,0.097496803,0.083888168,0.125055339,735269.0472
7297,0.097996803,0.083184769,0.116580002,0
7298,0.097496803,0.083888168,0.109153666,1179955.344
7299,0.097996803,0.083184769,0.100754669,988846.5215
7300,0.099496803,0.081142436,0.554531677,825566.0889
7301,0.098996803,0.081811902,0.559707682,825566.0889
7302,0.099496803,0.081142436,0.544180684,825594.2322
7303,0.098996803,0.081811902,0.538856018,825594.2322
7304,0.099496803,0.081142436,0.528579346,825433.0849
7305,0.098996803,0.081811902,0.523179342,825433.0849
7306,0.099496803,0.081142436,0.512979014,825140.6031
7307,0.098996803,0.081811902,0.507504679,822353.2559
7308,0.099496803,0.081142436,0.497378011,824441.6967
7309,0.098996803,0.081811902,0.491827342,821647.4711
7310,0.099496803,0.081142436,0.481776672,823338.3169
7311,0.098996803,0.081811902,0.476152344,820757.8296
7312,0.099496803,0.081142436,0.466175344,822434.884
7313,0.098996803,0.081811902,0.460475006,819859.8511
7314,0.099496803,0.081142436,0.450574005,822341.4193
7315,0.098996803,0.081811902,0.444800008,819364.66
7316,0.099496803,0.081142436,0.434973348,822918.9214
7317,0.098996803,0.081811902,0.429123342,819458.1887
7318,0.099496803,0.081142436,0.419372009,822865.5053
7319,0.098996803,0.081811902,0.413447673,819572.6604
7320,0.099496803,0.081142436,0.403770671,822272.0064
7321,0.098996803,0.081811902,0.397771006,818987.3024
7322,0.099496803,0.081142436,0.388170441,822521.4781
7323,0.098996803,0.081811902,0.382096375,818540.0555
7324,0.099496803,0.081142436,0.372569234,821820.6963
7325,0.098996803,0.081811902,0.366418701,817867.4775
7326,0.099496803,0.081142436,0.356967875,817780.4234
7327,0.098996803,0.081811902,0.350743907,814551.4134
7328,0.099496803,0.081142436,0.341367503,812081.7723
7329,0.098996803,0.081811902,0.335067291,809497.1692
7330,0.099496803,0.081142436,0.325766195,809460.8872
7331,0.098996803,0.081811902,0.319391561,806275.5049
7332,0.099496803,0.081142436,0.310164836,834740.5837
7333,0.098996803,0.081811902,0.303714864,804988.1478
7334,0.099496803,0.081142436,0.294564412,832257.0204
7335,0.098996803,0.081811902,0.28804007,803934.0847
7336,0.099496803,0.081142436,0.278964976,829701.6238
7337,0.098996803,0.081811902,0.2723644,802299.2662
7338,0.099496803,0.081142436,0.263363673,827931.1719
7339,0.098996803,0.081811902,0.256687739,800828.8296
7340,0.099496803,0.081142436,0.247761373,826642.2174
7341,0.098996803,0.081811902,0.241011073,797018.4135
7342,0.099496803,0.081142436,0.232160039,821862.0165
7343,0.098996803,0.081811902,0.225335337,790916.8514
7344,0.099496803,0.081142436,0.216560572,816860.4848
7345,0.098996803,0.081811902,0.209660568,788451.3191
7346,0.099496803,0.081142436,0.2009602,810564.8207
7347,0.098996803,0.081811902,0.193984833,776102.3458
7348,0.099496803,0.081142436,0.185358068,792972.6047
7349,0.098996803,0.081811902,0.178308334,753547.4207
7350,0.099496803,0.081142436,0.169756668,765856.7256
7351,0.098996803,0.081811902,0.162633336,735927.9737
7352,0.099496803,0.081142436,0.154158005,748586.0995
7353,0.098996803,0.081811902,0.146958669,735839.2972
7354,0.099496803,0.081142436,0.138556666,724548.7263
7355,0.098996803,0.081811902,0.131281001,0
7356,0.099496803,0.081142436,0.122955338,-54794.48265
7357,0.098996803,0.081811902,0.115606339,0
7358,0.099496803,0.081142436,0.107354004,0
7359,0.098996803,0.081811902,0.09992867,988846.5215
7360,0.099496803,0.081142436,0.09175267,1095501.775
7361,0.100996737,0.079203702,0.554681335,827972.7277
7362,0.10049677,0.079838336,0.559782003,827972.7277
7363,0.100996737,0.079203702,0.544480998,827925.1707
7364,0.10049677,0.079838336,0.539230672,827925.1707
7365,0.100996737,0.079203702,0.529105672,827825.7486
7366,0.10049677,0.079838336,0.523779012,825433.0849
7367,0.100996737,0.079203702,0.513728668,827794.7254
7368,0.10049677,0.079838336,0.508328674,825140.6031
7369,0.100996737,0.079203702,0.498353678,827190.3697
7370,0.10049677,0.079838336,0.49287735,824441.6967
7371,0.100996737,0.079203702,0.482976685,826255.2909
7372,0.10049677,0.079838336,0.477426676,823338.3169
7373,0.100996737,0.079203702,0.46760201,825461.2197
7374,0.10049677,0.079838336,0.461975006,822434.884
7375,0.100996737,0.079203702,0.452224009,825734.0355
7376,0.10049677,0.079838336,0.446523346,822341.4193
7377,0.100996737,0.079203702,0.436848348,826415.127
7378,0.10049677,0.079838336,0.431072347,822918.9214
7379,0.100996737,0.079203702,0.421472005,826194.8744
7380,0.10049677,0.079838336,0.415621674,822865.5053
7381,0.100996737,0.079203702,0.40609667,826086.59
7382,0.10049677,0.079838336,0.400170003,822272.0064
7383,0.100996737,0.079203702,0.39071933,826147.6304
7384,0.10049677,0.079838336,0.384719432,822521.4781
7385,0.100996737,0.079203702,0.375345072,824832.4103
7386,0.10049677,0.079838336,0.369268941,821820.6963
7387,0.100996737,0.079203702,0.359967845,820465.5349
7388,0.10049677,0.079838336,0.353817312,817780.4234
7389,0.100996737,0.079203702,0.344592478,815841.769
7390,0.10049677,0.079838336,0.338366638,812081.7723
7391,0.100996737,0.079203702,0.329215261,813705.1088
7392,0.10049677,0.079838336,0.322915029,809460.8872
7393,0.100996737,0.079203702,0.313839895,839238.4408
7394,0.10049677,0.079838336,0.307464335,808943.056
7395,0.100996737,0.079203702,0.298463593,838329.8132
7396,0.10049677,0.079838336,0.292013641,808880.6157
7397,0.100996737,0.079203702,0.283088236,836928.1395
7398,0.10049677,0.079838336,0.276563914,808432.2584
7399,0.100996737,0.079203702,0.267711975,835626.8922
7400,0.10049677,0.079838336,0.26111231,806199.3654
7401,0.100996737,0.079203702,0.252335673,832484.3475
7402,0.10049677,0.079838336,0.24566067,801527.4016
7403,0.100996737,0.079203702,0.236959371,827957.0432
7404,0.10049677,0.079838336,0.23020904,796648.299
7405,0.100996737,0.079203702,0.221583069,826372.3969
7406,0.10049677,0.079838336,0.214759303,794784.0623
7407,0.100996737,0.079203702,0.206208669,819787.9082
7408,0.10049677,0.079838336,0.19930957,781351.051
7409,0.100996737,0.079203702,0.190832199,800687.8119
7410,0.10049677,0.079838336,0.183856064,763727.6056
7411,0.100996737,0.079203702,0.17545433,784292.7065
7412,0.10049677,0.079838336,0.168404668,757042.6014
7413,0.100996737,0.079203702,0.16008167,785896.2116
7414,0.10049677,0.079838336,0.152958338,761098.8314
7415,0.100996737,0.079203702,0.144709005,778808.0473
7416,0.10049677,0.079838336,0.137506668,754056.5489
7417,0.100996737,0.079203702,0.129329,766802.7842
7418,0.10049677,0.079838336,0.122053335,0
7419,0.100996737,0.079203702,0.113953669,0
7420,0.10049677,0.079838336,0.106603338,0
7421,0.100996737,0.079203702,0.098578003,0
7422,0.10049677,0.079838336,0.091152669,1095501.775
7423,0.100996737,0.079203702,0.083203669,1136081.241
7424,0.102496704,0.077369469,0.55483134,830432.385
7425,0.101996704,0.077969269,0.55985734,830432.385
7426,0.102496704,0.077369469,0.54478068,830197.4373
7427,0.101996704,0.077969269,0.539606344,830197.4373
7428,0.102496704,0.077369469,0.529632019,830344.7417
7429,0.101996704,0.077969269,0.524381673,827825.7486
7430,0.102496704,0.077369469,0.514481008,830242.8458
7431,0.101996704,0.077969269,0.509154663,827794.7254
7432,0.102496704,0.077369469,0.499330332,829944.6691
7433,0.101996704,0.077969269,0.493929342,827190.3697
7434,0.102496704,0.077369469,0.484178009,829284.4885
7435,0.101996704,0.077969269,0.478701681,826255.2909
7436,0.102496704,0.077369469,0.469026672,828978.7573
7437,0.101996704,0.077969269,0.46347701,825461.2197
7438,0.102496704,0.077369469,0.453875346,829508.3589
7439,0.101996704,0.077969269,0.448249349,825734.0355
7440,0.102496704,0.077369469,0.438724019,829775.4668
7441,0.101996704,0.077969269,0.433023682,826415.127
7442,0.102496704,0.077369469,0.423572673,830020.0247
7443,0.101996704,0.077969269,0.417796997,826194.8744
7444,0.102496704,0.077369469,0.408422323,830045.3729
7445,0.101996704,0.077969269,0.402572327,826086.59
7446,0.102496704,0.077369469,0.393270996,829679.8735
7447,0.101996704,0.077969269,0.387344666,826147.6304
7448,0.102496704,0.077369469,0.378119771,827247.7364
7449,0.101996704,0.077969269,0.372120076,824832.4103
7450,0.102496704,0.077369469,0.362969615,822955.1504
7451,0.101996704,0.077969269,0.356893514,820465.5349
7452,0.102496704,0.077369469,0.34781838,819936.5002
7453,0.101996704,0.077969269,0.341667877,815841.769
7454,0.102496704,0.077369469,0.332669006,819257.1217
7455,0.101996704,0.077969269,0.32644223,813705.1088
7456,0.102496704,0.077369469,0.317516836,844197.9645
7457,0.101996704,0.077969269,0.311214732,813483.7997
7458,0.102496704,0.077369469,0.302365601,844173.5799
7459,0.101996704,0.077969269,0.295990021,813850.7339
7460,0.102496704,0.077369469,0.287214335,843455.1066
7461,0.101996704,0.077969269,0.280762502,813212.0109
7462,0.102496704,0.077369469,0.27206308,842064.2505
7463,0.101996704,0.077969269,0.265536875,811327.8726
7464,0.102496704,0.077369469,0.256911845,838376.0755
7465,0.101996704,0.077969269,0.250310308,806913.4379
7466,0.102496704,0.077369469,0.241761536,834923.8175
7467,0.101996704,0.077969269,0.235085602,804329.2286
7468,0.102496704,0.077369469,0.22661027,833192.6117
7469,0.101996704,0.077969269,0.219858068,799174.7227
7470,0.102496704,0.077369469,0.211459,824535.8436
7471,0.101996704,0.077969269,0.204633367,786191.9927
7472,0.102496704,0.077369469,0.196308701,807909.0008
7473,0.101996704,0.077969269,0.189406631,774154.5631
7474,0.102496704,0.077369469,0.181157166,801647.8514
7475,0.101996704,0.077969269,0.174181,777118.5225
7476,0.102496704,0.077369469,0.166005341,809164.8653
7477,0.101996704,0.077969269,0.158955673,780070.7359
7478,0.102496704,0.077369469,0.150856008,803919.3843
7479,0.101996704,0.077969269,0.143732671,771632.5523
7480,0.102496704,0.077369469,0.135704671,797056.8623
7481,0.101996704,0.077969269,0.128503337,760263.0106
7482,0.102496704,0.077369469,0.120551671,752538.5702
7483,0.101996704,0.077969269,0.113277669,0
7484,0.102496704,0.077369469,0.105404007,734657.8291
7485,0.101996704,0.077969269,0.098054672,0
7486,0.102496704,0.077369469,0.090253672,0
7487,0.101996704,0.077969269,0.082828003,1136081.241
7488,0.102496704,0.077369469,0.075102336,1134229.438
7489,0.104000437,0.075634135,0.554981344,832909.4893
7490,0.103498571,0.076201902,0.559932007,832909.4893
7491,0.104000437,0.075634135,0.545080668,832786.3071
7492,0.103498571,0.076201902,0.539980672,832786.3071
7493,0.104000437,0.075634135,0.530156006,832735.4087
7494,0.103498571,0.076201902,0.524981689,830344.7417
7495,0.104000437,0.075634135,0.515230682,832738.5162
7496,0.103498571,0.076201902,0.509980347,830242.8458
7497,0.104000437,0.075634135,0.50030367,832577.0555
7498,0.103498571,0.076201902,0.494980001,829944.6691
7499,0.104000437,0.075634135,0.485378337,832626.0075
7500,0.103498571,0.076201902,0.479977336,829284.4885
7501,0.104000437,0.075634135,0.470450002,832917.9462
7502,0.103498571,0.076201902,0.464975667,828978.7573
7503,0.104000437,0.075634135,0.455525004,833105.6349
7504,0.103498571,0.076201902,0.449974345,829508.3589
7505,0.104000437,0.075634135,0.440598012,833370.3902
7506,0.103498571,0.076201902,0.434973684,829775.4668
7507,0.104000437,0.075634135,0.425672679,833744.7909
7508,0.103498571,0.076201902,0.419972005,830020.0247
7509,0.104000437,0.075634135,0.410747335,833923.0288
7510,0.103498571,0.076201902,0.404973328,830045.3729
7511,0.104000437,0.075634135,0.395822001,832552.2676
7512,0.103498571,0.076201902,0.389969666,829679.8735
7513,0.104000437,0.075634135,0.380894602,829437.288
7514,0.103498571,0.076201902,0.374971039,827247.7364
7515,0.104000437,0.075634135,0.365971405,825816.5999
7516,0.103498571,0.076201902,0.359969676,822955.1504
7517,0.104000437,0.075634135,0.351044301,824513.0684
7518,0.103498571,0.076201902,0.344969106,819936.5002
7519,0.104000437,0.075634135,0.336119975,824910.2428
7520,0.103498571,0.076201902,0.329970378,819257.1217
7521,0.104000437,0.075634135,0.321194702,849553.4315
7522,0.103498571,0.076201902,0.314967936,819293.6287
7523,0.104000437,0.075634135,0.306266642,849892.5249
7524,0.103498571,0.076201902,0.29996641,818908.5024
7525,0.104000437,0.075634135,0.291341359,849156.0551
7526,0.103498571,0.076201902,0.284964864,817836.2418
7527,0.104000437,0.075634135,0.276414205,846880.9132
7528,0.103498571,0.076201902,0.269964254,814874.1292
7529,0.104000437,0.075634135,0.261488912,843772.373
7530,0.103498571,0.076201902,0.254962708,813194.3667
7531,0.104000437,0.075634135,0.246561773,841947.3557
7532,0.103498571,0.076201902,0.239962138,811386.7774
7533,0.104000437,0.075634135,0.231636505,839386.1439
7534,0.103498571,0.076201902,0.224960571,804690.3531
7535,0.104000437,0.075634135,0.216709335,829746.1385
7536,0.103498571,0.076201902,0.209959966,792618.031
7537,0.104000437,0.075634135,0.201784098,816132.4721
7538,0.103498571,0.076201902,0.194958466,784362.1737
7539,0.104000437,0.075634135,0.186857066,815742.8997
7540,0.103498571,0.076201902,0.179957835,790101.4719
7541,0.104000437,0.075634135,0.171931671,823996.8063
7542,0.103498571,0.076201902,0.164955343,794804.9923
7543,0.104000437,0.075634135,0.157003672,820516.0284
7544,0.103498571,0.076201902,0.149954005,788216.9949
7545,0.104000437,0.075634135,0.142078334,817986.2208
7546,0.103498571,0.076201902,0.134952337,782962.2869
7547,0.104000437,0.075634135,0.127153005,770202.2034
7548,0.103498571,0.076201902,0.119953674,752538.5702
7549,0.104000437,0.075634135,0.112230672,745133.4632
7550,0.103498571,0.076201902,0.104955007,734657.8291
7551,0.104000437,0.075634135,0.097305339,756044.2075
7552,0.103498571,0.076201902,0.089953339,-54908.0847
7553,0.104000437,0.075634135,0.082378001,0
7554,0.103498571,0.076201902,0.074952667,1134229.438
7555,0.104000437,0.075634135,0.067453003,1021742.24
7556,0.105502304,0.074004234,0.555131002,835553.1482
7557,0.105002304,0.074535301,0.560007345,835553.1482
7558,0.105502304,0.074004234,0.545380005,835070.3245
7559,0.105002304,0.074535301,0.540355672,835070.3245
7560,0.105502304,0.074004234,0.530680664,834952.5538
7561,0.105002304,0.074535301,0.525580994,832735.4087
7562,0.105502304,0.074004234,0.515980337,835030.2407
7563,0.105002304,0.074535301,0.510804342,832738.5162
7564,0.105502304,0.074004234,0.501279012,835370.6749
7565,0.105002304,0.074535301,0.496028676,832577.0555
7566,0.105502304,0.074004234,0.486577677,835978.7883
7567,0.105002304,0.074535301,0.481251007,832626.0075
7568,0.105502304,0.074004234,0.471875682,836618.069
7569,0.105002304,0.074535301,0.466475677,832917.9462
7570,0.105502304,0.074004234,0.457174683,836735.7537
7571,0.105002304,0.074535301,0.451698344,833105.6349
7572,0.105502304,0.074004234,0.442472677,836786.0261
7573,0.105002304,0.074535301,0.436923004,833370.3902
7574,0.105502304,0.074004234,0.427774343,837224.9039
7575,0.105002304,0.074535301,0.422148346,833744.7909
7576,0.105502304,0.074004234,0.413073018,836802.0305
7577,0.105002304,0.074535301,0.407372681,833923.0288
7578,0.105502304,0.074004234,0.398373678,834715.0534
7579,0.105002304,0.074535301,0.392597005,832552.2676
7580,0.105502304,0.074004234,0.383669566,831591.5466
7581,0.105002304,0.074535301,0.377819499,829437.288
7582,0.105502304,0.074004234,0.368970398,829445.4397
7583,0.105002304,0.074535301,0.363045868,825816.5999
7584,0.105502304,0.074004234,0.3542683,829040.8094
7585,0.105002304,0.074535301,0.348268463,824513.0684
7586,0.105502304,0.074004234,0.339568095,830042.1551
7587,0.105002304,0.074535301,0.333494802,824910.2428
7588,0.105502304,0.074004234,0.324869741,830374.102
7589,0.105002304,0.074535301,0.318719238,825187.7442
7590,0.105502304,0.074004234,0.310167633,855323.2567
7591,0.105002304,0.074535301,0.303941803,824260.5643
7592,0.105502304,0.074004234,0.295466471,853981.182
7593,0.105002304,0.074535301,0.28916626,821849.2179
7594,0.105502304,0.074004234,0.280764384,850835.6608
7595,0.105002304,0.074535301,0.274388824,819064.887
7596,0.105502304,0.074004234,0.266063202,848255.2019
7597,0.105002304,0.074535301,0.259613241,818132.028
7598,0.105502304,0.074004234,0.251362035,847850.442
7599,0.105002304,0.074535301,0.244836772,817532.8583
7600,0.105502304,0.074004234,0.236661835,845470.8013
7601,0.105002304,0.074535301,0.230061203,811833.6109
7602,0.105502304,0.074004234,0.221961568,836931.7478
7603,0.105002304,0.074535301,0.215285634,802473.4597
7604,0.105502304,0.074004234,0.207260432,825564.8197
7605,0.105002304,0.074535301,0.200508265,794637.0694
7606,0.105502304,0.074004234,0.19255837,823539.4244
7607,0.105002304,0.074535301,0.185732803,797791.4732
7608,0.105502304,0.074004234,0.177857234,833262.6466
7609,0.105002304,0.074535301,0.170955332,804071.4287
7610,0.105502304,0.074004234,0.163156001,832469.0715
7611,0.105002304,0.074535301,0.156180669,800665.1015
7612,0.105502304,0.074004234,0.148457667,803633.7151
7613,0.105002304,0.074535301,0.141404999,794414.0271
7614,0.105502304,0.074004234,0.133755335,790398.8546
7615,0.105002304,0.074535301,0.126629339,770202.2034
7616,0.105502304,0.074004234,0.119056005,774415.2163
7617,0.105002304,0.074535301,0.111856669,745133.4632
7618,0.105502304,0.074004234,0.104355001,767679.9492
7619,0.105002304,0.074535301,0.097079336,811215.8511
7620,0.105502304,0.074004234,0.089653005,767649.3004
7621,0.105002304,0.074535301,0.08230367,-56802.36712
7622,0.105502304,0.074004234,0.074952672,0
7623,0.105002304,0.074535301,0.067527339,1021742.24
7624,0.105502304,0.074004234,0.060251673,1139222.972
7625,0.106502271,0.072976936,0.560081665,838085.4256
7626,0.107002238,0.072480705,0.555281657,838085.4256
7627,0.106502271,0.072976936,0.540730326,837448.1793
7628,0.107002238,0.072480705,0.545681315,837448.1793
7629,0.106502271,0.072976936,0.526179667,834952.5538
7630,0.107002238,0.072480705,0.531204997,837133.0872
7631,0.106502271,0.072976936,0.511628998,835030.2407
7632,0.107002238,0.072480705,0.516728658,837332.3154
7633,0.106502271,0.072976936,0.497078684,835370.6749
7634,0.107002238,0.072480705,0.502252675,838069.4727
7635,0.106502271,0.072976936,0.482527018,835978.7883
7636,0.107002238,0.072480705,0.48777769,839058.5979
7637,0.106502271,0.072976936,0.467974681,836618.069
7638,0.107002238,0.072480705,0.473299347,839827.207
7639,0.106502271,0.072976936,0.453425354,836735.7537
7640,0.107002238,0.072480705,0.458825348,839975.7472
7641,0.106502271,0.072976936,0.438873678,836786.0261
7642,0.107002238,0.072480705,0.444350016,840043.7549
7643,0.106502271,0.072976936,0.424325012,837224.9039
7644,0.107002238,0.072480705,0.429874674,839782.5658
7645,0.106502271,0.072976936,0.409774679,836802.0305
7646,0.107002238,0.072480705,0.415400675,838746.3595
7647,0.106502271,0.072976936,0.395222005,834715.0534
7648,0.107002238,0.072480705,0.400922668,836751.9264
7649,0.106502271,0.072976936,0.380670634,831591.5466
7650,0.107002238,0.072480705,0.386446401,834561.2705
7651,0.106502271,0.072976936,0.366119273,829445.4397
7652,0.107002238,0.072480705,0.371969442,833215.2396
7653,0.106502271,0.072976936,0.3515678,829040.8094
7654,0.107002238,0.072480705,0.357494242,833404.3299
7655,0.106502271,0.072976936,0.337017303,830042.1551
7656,0.107002238,0.072480705,0.343017171,834447.5892
7657,0.106502271,0.072976936,0.322467733,830374.102
7658,0.107002238,0.072480705,0.328542002,834566.1999
7659,0.106502271,0.072976936,0.30791627,828674.4846
7660,0.107002238,0.072480705,0.314065867,859591.8394
7661,0.106502271,0.072976936,0.293364817,825642.2641
7662,0.107002238,0.072480705,0.299588786,857900.5104
7663,0.106502271,0.072976936,0.278815267,823045.6624
7664,0.107002238,0.072480705,0.285115489,854682.4193
7665,0.106502271,0.072976936,0.264263794,822279.7733
7666,0.107002238,0.072480705,0.270640299,852617.8531
7667,0.106502271,0.072976936,0.249712367,821353.7531
7668,0.107002238,0.072480705,0.256164164,851600.297
7669,0.106502271,0.072976936,0.23516187,819685.2497
7670,0.107002238,0.072480705,0.241687139,850073.6069
7671,0.106502271,0.072976936,0.220612264,813947.0511
7672,0.107002238,0.072480705,0.227211934,845871.611
7673,0.106502271,0.072976936,0.206060837,806836.4273
7674,0.107002238,0.072480705,0.212736735,837129.7945
7675,0.106502271,0.072976936,0.191509405,805290.8604
7676,0.107002238,0.072480705,0.198259705,831892.5096
7677,0.106502271,0.072976936,0.176956904,811625.9062
7678,0.107002238,0.072480705,0.183783508,839637.8772
7679,0.106502271,0.072976936,0.162406336,809155.2413
7680,0.107002238,0.072480705,0.169305339,840806.1
7681,0.106502271,0.072976936,0.147858002,803633.7151
7682,0.107002238,0.072480705,0.15483134,808183.6291
7683,0.106502271,0.072976936,0.133308004,790398.8546
7684,0.107002238,0.072480705,0.140358002,804415.5429
7685,0.106502271,0.072976936,0.118756668,774415.2163
7686,0.107002238,0.072480705,0.12588267,796712.2167
7687,0.106502271,0.072976936,0.104204336,815876.6802
7688,0.107002238,0.072480705,0.111406667,793320.8389
7689,0.106502271,0.072976936,0.089653005,797249.4885
7690,0.107002238,0.072480705,0.09692867,777719.0175
7691,0.106502271,0.072976936,0.075102341,-55130.65674
7692,0.107002238,0.072480705,0.082453339,757102.6483
7693,0.106502271,0.072976936,0.060552007,1139222.972
7694,0.107002238,0.072480705,0.067977341,0
7695,0.107002238,0.072480705,0.053501338,1272201.011
7696,0.108001272,0.071520274,0.560158,840351.5535
7697,0.108500338,0.071056074,0.555431335,840351.5535
7698,0.108001272,0.071520274,0.541106995,839795.8483
7699,0.108500338,0.071056074,0.545980672,839795.8483
7700,0.108001272,0.071520274,0.526780334,837133.0872
7701,0.108500338,0.071056074,0.531731344,839389.8634
7702,0.108001272,0.071520274,0.512452657,837332.3154
7703,0.108500338,0.071056074,0.517479004,839743.5328
7704,0.108001272,0.071520274,0.498127675,838069.4727
7705,0.108500338,0.071056074,0.503227997,840533.7555
7706,0.108001272,0.071520274,0.483803345,839058.5979
7707,0.108500338,0.071056074,0.48897934,841756.3173
7708,0.108001272,0.071520274,0.469474681,839827.207
7709,0.108500338,0.071056074,0.474728007,842434.9248
7710,0.108001272,0.071520274,0.455150014,839975.7472
7711,0.108500338,0.071056074,0.460474681,842827.7236
7712,0.108001272,0.071520274,0.440825684,840043.7549
7713,0.108500338,0.071056074,0.446225688,842685.5849
7714,0.108001272,0.071520274,0.42650001,839782.5658
7715,0.108500338,0.071056074,0.431974681,841935.4821
7716,0.108001272,0.071520274,0.412173665,838746.3595
7717,0.108500338,0.071056074,0.417723338,840305.3509
7718,0.108001272,0.071520274,0.397847331,836751.9264
7719,0.108500338,0.071056074,0.403472331,838877.5288
7720,0.108001272,0.071520274,0.383520935,834561.2705
7721,0.108500338,0.071056074,0.389221202,837670.8223
7722,0.108001272,0.071520274,0.36919455,833215.2396
7723,0.108500338,0.071056074,0.374970276,837117.2471
7724,0.108001272,0.071520274,0.35486908,833404.3299
7725,0.108500338,0.071056074,0.360719218,837355.9532
7726,0.108001272,0.071520274,0.340544545,834447.5892
7727,0.108500338,0.071056074,0.346470011,838342.9607
7728,0.108001272,0.071520274,0.326216268,834566.1999
7729,0.108500338,0.071056074,0.332218943,838139.671
7730,0.108001272,0.071520274,0.311890798,832947.3518
7731,0.108500338,0.071056074,0.317966929,863127.0503
7732,0.108001272,0.071520274,0.297563426,829870.7233
7733,0.108500338,0.071056074,0.303715841,861469.3557
7734,0.108001272,0.071520274,0.283239817,827621.2751
7735,0.108500338,0.071056074,0.289463786,858894.0877
7736,0.108001272,0.071520274,0.268917175,826179.7438
7737,0.108500338,0.071056074,0.275216471,856976.2961
7738,0.108001272,0.071520274,0.254588867,825544.9923
7739,0.108500338,0.071056074,0.260965373,855056.1298
7740,0.108001272,0.071520274,0.240263438,825306.5159
7741,0.108500338,0.071056074,0.246713369,854125.1999
7742,0.108001272,0.071520274,0.225936071,823863.2373
7743,0.108500338,0.071056074,0.232462306,853478.9445
7744,0.108001272,0.071520274,0.211610606,818530.5732
7745,0.108500338,0.071056074,0.218210271,847785.4291
7746,0.108001272,0.071520274,0.197284205,815257.1307
7747,0.108500338,0.071056074,0.203959208,841538.1171
7748,0.108001272,0.071520274,0.182957606,816655.6011
7749,0.108500338,0.071056074,0.189708003,842849.4332
7750,0.108001272,0.071520274,0.168632009,814805.9135
7751,0.108500338,0.071056074,0.175457672,820533.6312
7752,0.108001272,0.071520274,0.154305008,808183.6291
7753,0.108500338,0.071056074,0.161206675,814458.4439
7754,0.108001272,0.071520274,0.139982335,804415.5429
7755,0.108500338,0.071056074,0.146956004,810480.3704
7756,0.108001272,0.071520274,0.125658671,834988.1702
7757,0.108500338,0.071056074,0.132708338,810437.0742
7758,0.108001272,0.071520274,0.111330668,838340.7258
7759,0.108500338,0.071056074,0.11845667,803352.5939
7760,0.108001272,0.071520274,0.097005005,814585.9216
7761,0.108500338,0.071056074,0.104204671,798307.0305
7762,0.108001272,0.071520274,0.082677338,783269.4981
7763,0.108500338,0.071056074,0.089953339,774747.5748
7764,0.108001272,0.071520274,0.068353007,792073.2088
7765,0.108500338,0.071056074,0.075702006,751331.531
7766,0.108001272,0.071520274,0.054026672,1272201.011
7767,0.108500338,0.071056074,0.061453008,827925.6998
7768,0.108500338,0.071056074,0.047201004,1629103.229
7769,0.109499372,0.070162506,0.560231344,842865.8211
7770,0.109999339,0.069733139,0.555581014,842865.8211
7771,0.109499372,0.070162506,0.541479675,842444.7656
7772,0.109999339,0.069733139,0.546280009,842444.7656
7773,0.109499372,0.070162506,0.527380025,839389.8634
7774,0.109999339,0.069733139,0.532254679,842276.0287
7775,0.109499372,0.070162506,0.513278676,839743.5328
7776,0.109999339,0.069733139,0.518228689,842375.6252
7777,0.109499372,0.070162506,0.499177338,840533.7555
7778,0.109999339,0.069733139,0.50420167,843158.749
7779,0.109499372,0.070162506,0.485079997,841756.3173
7780,0.109999339,0.069733139,0.490177673,844065.765
7781,0.109499372,0.070162506,0.470978333,842434.9248
7782,0.109999339,0.069733139,0.476154327,845002.8366
7783,0.109499372,0.070162506,0.456876017,842827.7236
7784,0.109999339,0.069733139,0.462126343,845461.5706
7785,0.109499372,0.070162506,0.442774679,842685.5849
7786,0.109999339,0.069733139,0.448100342,845194.0635
7787,0.109499372,0.070162506,0.42867335,841935.4821
7788,0.109999339,0.069733139,0.434073344,843720.1189
7789,0.109499372,0.070162506,0.414572001,840305.3509
7790,0.109999339,0.069733139,0.420047343,842250.7453
7791,0.109499372,0.070162506,0.400471334,838877.5288
7792,0.109999339,0.069733139,0.406021332,841247.6113
7793,0.109499372,0.070162506,0.38637087,837670.8223
7794,0.109999339,0.069733139,0.391996002,841006.1925
7795,0.109499372,0.070162506,0.372269775,837117.2471
7796,0.109999339,0.069733139,0.377970103,841046.2638
7797,0.109499372,0.070162506,0.358170308,837355.9532
7798,0.109999339,0.069733139,0.36394514,841494.0411
7799,0.109499372,0.070162506,0.344070811,838342.9607
7800,0.109999339,0.069733139,0.34992097,841826.4226
7801,0.109499372,0.070162506,0.329969472,838139.671
7802,0.109999339,0.069733139,0.335895874,841377.1697
7803,0.109499372,0.070162506,0.315868103,836586.5154
7804,0.109999339,0.069733139,0.321867971,866073.3308
7805,0.109499372,0.070162506,0.301766703,834002.6951
7806,0.109999339,0.069733139,0.307842834,864304.2368
7807,0.109499372,0.070162506,0.287664398,832059.6162
7808,0.109999339,0.069733139,0.293814901,862915.289
7809,0.109499372,0.070162506,0.273564901,830370.1859
7810,0.109999339,0.069733139,0.279788859,861130.7479
7811,0.109499372,0.070162506,0.259463542,829851.184
7812,0.109999339,0.069733139,0.265763774,859419.1615
7813,0.109499372,0.070162506,0.24536407,830443.2322
7814,0.109999339,0.069733139,0.251737737,858660.0506
7815,0.109499372,0.070162506,0.2312627,830635.0132
7816,0.109999339,0.069733139,0.237714533,858706.1663
7817,0.109499372,0.070162506,0.217160405,827005.9182
7818,0.109999339,0.069733139,0.2236866,854756.1744
7819,0.109499372,0.070162506,0.203059041,823618.774
7820,0.109999339,0.069733139,0.209660573,849997.5406
7821,0.109499372,0.070162506,0.18895757,822795.3849
7822,0.109999339,0.069733139,0.195633606,848720.9904
7823,0.109499372,0.070162506,0.174858002,820533.6312
7824,0.109999339,0.069733139,0.181607503,827133.2187
7825,0.109499372,0.070162506,0.160756673,814458.4439
7826,0.109999339,0.069733139,0.167582336,823054.1308
7827,0.109499372,0.070162506,0.14665567,810480.3704
7828,0.109999339,0.069733139,0.153554672,818741.9516
7829,0.109499372,0.070162506,0.13255867,842072.3329
7830,0.109999339,0.069733139,0.139532333,816321.4758
7831,0.109499372,0.070162506,0.11845667,839529.0342
7832,0.109999339,0.069733139,0.125509003,809525.0175
7833,0.109499372,0.070162506,0.104355337,836220.0074
7834,0.109999339,0.069733139,0.111481333,801734.5096
7835,0.109499372,0.070162506,0.090253672,774747.5748
7836,0.109999339,0.069733139,0.097456004,794325.5745
7837,0.109499372,0.070162506,0.076152339,751331.531
7838,0.109999339,0.069733139,0.083428004,776830.1957
7839,0.109499372,0.070162506,0.062052673,827925.6998
7840,0.109999339,0.069733139,0.069403005,770959.3174
7841,0.109499372,0.070162506,0.04795134,1629103.229
7842,0.109999339,0.069733139,0.055376673,820346.1814
7843,0.109999339,0.069733139,0.041350006,1609237.607
7844,0.110999306,0.068910172,0.560307678,845333.4558
7845,0.111499306,0.068516571,0.555733663,845333.4558
7846,0.110999306,0.068910172,0.541855347,842444.7656
7847,0.111499306,0.068516571,0.546582336,845173.5203
7848,0.110999306,0.068910172,0.527979675,842276.0287
7849,0.111499306,0.068516571,0.532780009,845222.2559
7850,0.110999306,0.068910172,0.514102681,842375.6252
7851,0.111499306,0.068516571,0.518979014,845356.5142
7852,0.110999306,0.068910172,0.500226349,843158.749
7853,0.111499306,0.068516571,0.505177348,845670.7023
7854,0.110999306,0.068910172,0.486352671,844065.765
7855,0.111499306,0.068516571,0.491377014,846233.3023
7856,0.110999306,0.068910172,0.472477336,845002.8366
7857,0.111499306,0.068516571,0.477578003,847063.3319
7858,0.110999306,0.068910172,0.458601013,845461.5706
7859,0.111499306,0.068516571,0.463776011,847622.785
7860,0.110999306,0.068910172,0.444725667,845194.0635
7861,0.111499306,0.068516571,0.449976013,847286.9745
7862,0.110999306,0.068910172,0.430848338,843720.1189
7863,0.111499306,0.068516571,0.436174998,845972.6719
7864,0.110999306,0.068910172,0.416972015,842250.7453
7865,0.111499306,0.068516571,0.422373016,844697.5417
7866,0.110999306,0.068910172,0.403097666,841247.6113
7867,0.111499306,0.068516571,0.408573008,844001.2385
7868,0.110999306,0.068910172,0.389221334,841006.1925
7869,0.111499306,0.068516571,0.394773,844071.6313
7870,0.110999306,0.068910172,0.37534494,841046.2638
7871,0.111499306,0.068516571,0.380971039,844733.1461
7872,0.110999306,0.068910172,0.361469666,841494.0411
7873,0.111499306,0.068516571,0.367169139,845264.8927
7874,0.110999306,0.068910172,0.347596161,841826.4226
7875,0.111499306,0.068516571,0.353370026,845099.4312
7876,0.110999306,0.068910172,0.333720764,841377.1697
7877,0.111499306,0.068516571,0.339570892,844269.1653
7878,0.110999306,0.068910172,0.31984257,839853.7002
7879,0.111499306,0.068516571,0.325768962,869337.8719
7880,0.110999306,0.068910172,0.305967173,838291.7808
7881,0.111499306,0.068516571,0.311967041,867825.504
7882,0.110999306,0.068910172,0.292091777,836356.1716
7883,0.111499306,0.068516571,0.298167918,866566.9421
7884,0.110999306,0.068910172,0.278213572,834836.042
7885,0.111499306,0.068516571,0.284365987,865192.4267
7886,0.110999306,0.068910172,0.264338206,834477.6318
7887,0.111499306,0.068516571,0.270564046,863988.149
7888,0.110999306,0.068910172,0.250464701,835628.3267
7889,0.111499306,0.068516571,0.256764938,864076.0218
7890,0.110999306,0.068910172,0.236588369,836001.0363
7891,0.111499306,0.068516571,0.242964869,864303.9572
7892,0.110999306,0.068910172,0.222713003,833393.8739
7893,0.111499306,0.068516571,0.229162938,861429.5297
7894,0.110999306,0.068910172,0.208835734,830877.0606
7895,0.111499306,0.068516571,0.215361969,857889.5085
7896,0.110999306,0.068910172,0.194959407,830063.5592
7897,0.111499306,0.068516571,0.201560003,856341.4726
7898,0.110999306,0.068910172,0.181084167,827133.2187
7899,0.111499306,0.068516571,0.187760035,834569.0863
7900,0.110999306,0.068910172,0.16720667,823054.1308
7901,0.111499306,0.068516571,0.173959,831879.4823
7902,0.110999306,0.068910172,0.153330668,852318.2789
7903,0.111499306,0.068516571,0.160157003,828850.9254
7904,0.110999306,0.068910172,0.139458003,847923.0206
7905,0.111499306,0.068516571,0.146357335,825338.0956
7906,0.110999306,0.068910172,0.125583333,840322.4971
7907,0.111499306,0.068516571,0.13255867,818159.5836
7908,0.110999306,0.068910172,0.111707331,839031.5916
7909,0.111499306,0.068516571,0.118756999,808391.3737
7910,0.110999306,0.068910172,0.097829671,794325.5745
7911,0.111499306,0.068516571,0.104955002,804369.5822
7912,0.110999306,0.068910172,0.083954336,776830.1957
7913,0.111499306,0.068516571,0.091153671,799316.478
7914,0.110999306,0.068910172,0.070078339,770959.3174
7915,0.111499306,0.068516571,0.077354004,800436.4062
7916,0.110999306,0.068910172,0.056200673,820346.1814
7917,0.111499306,0.068516571,0.063552007,775471.9251
7918,0.110999306,0.068910172,0.042325338,1609237.607
7919,0.111499306,0.068516571,0.049750671,824905.4212
7920,0.111499306,0.068516571,0.035951004,1588346.742
7921,0.112499306,0.067762337,0.560383993,847650.9857
7922,0.112999306,0.067401703,0.555883321,847650.9857
7923,0.112499306,0.067762337,0.542231995,845173.5203
7924,0.112999306,0.067401703,0.54688265,847781.4847
7925,0.112499306,0.067762337,0.528579671,845222.2559
7926,0.112999306,0.067401703,0.533304667,847997.9666
7927,0.112499306,0.067762337,0.514928335,845356.5142
7928,0.112999306,0.067401703,0.519728658,848200.1234
7929,0.112499306,0.067762337,0.501279012,845670.7023
7930,0.112999306,0.067401703,0.506153666,848172.4985
7931,0.112499306,0.067762337,0.487628682,846233.3023
7932,0.112999306,0.067401703,0.492579681,848324.7674
7933,0.112499306,0.067762337,0.473977346,847063.3319
7934,0.112999306,0.067401703,0.479003682,848747.7315
7935,0.112499306,0.067762337,0.460325348,847622.785
7936,0.112999306,0.067401703,0.465426015,849287.2619
7937,0.112499306,0.067762337,0.44667568,847286.9745
7938,0.112999306,0.067401703,0.451850016,849087.4598
7939,0.112499306,0.067762337,0.433024343,845972.6719
7940,0.112999306,0.067401703,0.438274679,848164.0655
7941,0.112499306,0.067762337,0.419374013,844697.5417
7942,0.112999306,0.067401703,0.42469868,847114.8268
7943,0.112499306,0.067762337,0.40572467,844001.2385
7944,0.112999306,0.067401703,0.411124674,846692.4512
7945,0.112499306,0.067762337,0.392073334,844071.6313
7946,0.112999306,0.067401703,0.397549662,846934.4354
7947,0.112499306,0.067762337,0.378421305,844733.1461
7948,0.112999306,0.067401703,0.383971934,847758.3192
7949,0.112499306,0.067762337,0.364769938,845264.8927
7950,0.112999306,0.067401703,0.370396006,848489.9424
7951,0.112499306,0.067762337,0.351118663,845099.4312
7952,0.112999306,0.067401703,0.356819102,848157.2153
7953,0.112499306,0.067762337,0.337469259,844269.1653
7954,0.112999306,0.067401703,0.343243164,846936.7873
7955,0.112499306,0.067762337,0.323816996,842979.3569
7956,0.112999306,0.067401703,0.329667165,872242.2279
7957,0.112499306,0.067762337,0.310167643,841834.6462
7958,0.112999306,0.067401703,0.316091207,870953.2786
7959,0.112499306,0.067762337,0.29651826,840597.4644
7960,0.112999306,0.067401703,0.302518117,869663.8964
7961,0.112499306,0.067762337,0.282866018,839398.9643
7962,0.112999306,0.067401703,0.288942149,868812.2175
7963,0.112499306,0.067762337,0.269214752,839178.8989
7964,0.112999306,0.067401703,0.275364309,868503.7631
7965,0.112499306,0.067762337,0.255565338,840379.77
7966,0.112999306,0.067401703,0.261789312,869474.274
7967,0.112499306,0.067762337,0.241913101,840663.7365
7968,0.112999306,0.067401703,0.248213333,869610.5142
7969,0.112499306,0.067762337,0.228263738,838641.9401
7970,0.112999306,0.067401703,0.2346374,866765.2913
7971,0.112499306,0.067762337,0.214612437,836938.2577
7972,0.112999306,0.067401703,0.22106427,863465.0463
7973,0.112499306,0.067762337,0.2009602,836178.167
7974,0.112999306,0.067401703,0.207486399,841212.1066
7975,0.112499306,0.067762337,0.187310867,834569.0863
7976,0.112999306,0.067401703,0.193910436,840719.8283
7977,0.112499306,0.067762337,0.173659668,831879.4823
7978,0.112999306,0.067401703,0.180335668,839382.8514
7979,0.112499306,0.067762337,0.160007334,859678.5014
7980,0.112999306,0.067401703,0.16675767,837878.7136
7981,0.112499306,0.067762337,0.146357335,853985.9834
7982,0.112999306,0.067401703,0.153181,834495.2849
7983,0.112499306,0.067762337,0.132708338,844841.5125
7984,0.112999306,0.067401703,0.139607671,827610.9906
7985,0.112499306,0.067762337,0.119056335,808391.3737
7986,0.112999306,0.067401703,0.126032338,815320.7032
7987,0.112499306,0.067762337,0.105404002,804369.5822
7988,0.112999306,0.067401703,0.112455668,808301.6469
7989,0.112499306,0.067762337,0.091753672,799316.478
7990,0.112999306,0.067401703,0.098878672,811823.4262
7991,0.112499306,0.067762337,0.078103338,800436.4062
7992,0.112999306,0.067401703,0.08530367,816792.9301
7993,0.112499306,0.067762337,0.06445134,775471.9251
7994,0.112999306,0.067401703,0.071727005,802494.8756
7995,0.112499306,0.067762337,0.050802668,845169.1904
7996,0.112999306,0.067401703,0.058152003,799476.757
7997,0.112499306,0.067762337,0.037152339,1588346.742
7998,0.112999306,0.067401703,0.044578669,813554.6402
7999,0.112999306,0.067401703,0.031002004,1639555.991
8000,0.113999273,0.066715268,0.560457336,850002.1407
8001,0.11449924,0.066389468,0.556033,850002.1407
8002,0.113999273,0.066715268,0.542605672,847781.4847
8003,0.11449924,0.066389468,0.547182007,850269.0832
8004,0.113999273,0.066715268,0.529180664,847997.9666
8005,0.11449924,0.066389468,0.533831014,850733.769
8006,0.113999273,0.066715268,0.515754323,848200.1234
8007,0.11449924,0.066389468,0.520481333,850768.4887
8008,0.113999273,0.066715268,0.502329,848172.4985
8009,0.11449924,0.066389468,0.507129333,850786.0775
8010,0.113999273,0.066715268,0.48890567,848324.7674
8011,0.11449924,0.066389468,0.493780334,850507.2324
8012,0.113999273,0.066715268,0.47547935,848747.7315
8013,0.11449924,0.066389468,0.480430339,850373.215
8014,0.113999273,0.066715268,0.462050354,849287.2619
8015,0.11449924,0.066389468,0.467077352,850052.0674
8016,0.113999273,0.066715268,0.44862501,849087.4598
8017,0.11449924,0.066389468,0.453724681,849967.5768
8018,0.113999273,0.066715268,0.435199687,848164.0655
8019,0.11449924,0.066389468,0.440375682,849699.9034
8020,0.113999273,0.066715268,0.42177301,847114.8268
8021,0.11449924,0.066389468,0.427023682,849582.0353
8022,0.113999273,0.066715268,0.40834967,846692.4512
8023,0.11449924,0.066389468,0.41367334,849417.1421
8024,0.113999273,0.066715268,0.394924662,846934.4354
8025,0.11449924,0.066389468,0.400324666,849837.7134
8026,0.113999273,0.066715268,0.381496399,847758.3192
8027,0.11449924,0.066389468,0.386972799,850304.1109
8028,0.113999273,0.066715268,0.368071208,848489.9424
8029,0.11449924,0.066389468,0.373620972,850707.783
8030,0.113999273,0.066715268,0.354645905,848157.2153
8031,0.11449924,0.066389468,0.360271942,850261.0445
8032,0.113999273,0.066715268,0.341217773,846936.7873
8033,0.11449924,0.066389468,0.346920074,849138.9536
8034,0.113999273,0.066715268,0.327791534,845757.5167
8035,0.11449924,0.066389468,0.333568237,848021.5784
8036,0.113999273,0.066715268,0.314368113,844750.3173
8037,0.11449924,0.066389468,0.320218272,874171.6474
8038,0.113999273,0.066715268,0.30094281,844037.1134
8039,0.11449924,0.066389468,0.306869242,873056.821
8040,0.113999273,0.066715268,0.287516571,843756.5781
8041,0.11449924,0.066389468,0.293517375,872412.3184
8042,0.113999273,0.066715268,0.274091268,844065.2332
8043,0.11449924,0.066389468,0.280167399,873096.5541
8044,0.113999273,0.066715268,0.260663142,844913.5835
8045,0.11449924,0.066389468,0.266815542,874427.3767
8046,0.113999273,0.066715268,0.247236903,844408.8148
8047,0.11449924,0.066389468,0.253462738,874661.1543
8048,0.113999273,0.066715268,0.23381163,842392.6645
8049,0.11449924,0.066389468,0.240110901,871752.728
8050,0.113999273,0.066715268,0.220388199,841462.7553
8051,0.11449924,0.066389468,0.226761897,868933.4541
8052,0.113999273,0.066715268,0.206961934,841212.1066
8053,0.11449924,0.066389468,0.213411901,845493.0727
8054,0.113999273,0.066715268,0.193534739,840719.8283
8055,0.11449924,0.066389468,0.200060038,845975.1827
8056,0.113999273,0.066715268,0.180109675,870314.0949
8057,0.11449924,0.066389468,0.186709178,845900.583
8058,0.113999273,0.066715268,0.166683334,868001.6796
8059,0.11449924,0.066389468,0.173359339,845049.1318
8060,0.113999273,0.066715268,0.153255335,862663.9515
8061,0.11449924,0.066389468,0.160007334,842229.4851
8062,0.113999273,0.066715268,0.13983167,827610.9906
8063,0.11449924,0.066389468,0.14665567,836292.4328
8064,0.113999273,0.066715268,0.126408005,815320.7032
8065,0.11449924,0.066389468,0.133308004,827243.6707
8066,0.113999273,0.066715268,0.112980006,808301.6469
8067,0.11449924,0.066389468,0.11995634,822215.8589
8068,0.113999273,0.066715268,0.099554672,811823.4262
8069,0.11449924,0.066389468,0.10660434,820188.2356
8070,0.113999273,0.066715268,0.086129669,816792.9301
8071,0.11449924,0.066389468,0.093255671,822148.6425
8072,0.113999273,0.066715268,0.072700338,802494.8756
8073,0.11449924,0.066389468,0.079902669,816644.1065
8074,0.113999273,0.066715268,0.059277334,799476.757
8075,0.11449924,0.066389468,0.066550003,818146.8017
8076,0.113999273,0.066715268,0.045853673,813554.6402
8077,0.11449924,0.066389468,0.053203003,808713.6247
8078,0.113999273,0.066715268,0.032425669,1045245.538
8079,0.11449924,0.066389468,0.039851008,812769.668
8080,0.11449924,0.066389468,0.026499339,1677117.229
8081,0.115499207,0.065771802,0.560533671,852235.7969
8082,0.115999207,0.065479937,0.556182678,852235.7969
8083,0.115499207,0.065771802,0.542981344,850269.0832
8084,0.115999207,0.065479937,0.547481344,852694.2294
8085,0.115499207,0.065771802,0.529780355,850733.769
8086,0.115999207,0.065479937,0.53435435,852983.2082
8087,0.115499207,0.065771802,0.516582001,850768.4887
8088,0.115999207,0.065479937,0.521230672,853190.5039
8089,0.115499207,0.065771802,0.503381002,850786.0775
8090,0.115999207,0.065479937,0.508106659,853041.4763
8091,0.115499207,0.065771802,0.49017867,850507.2324
8092,0.115999207,0.065479937,0.494979004,852707.5231
8093,0.115499207,0.065771802,0.476979329,850373.215
8094,0.115999207,0.065479937,0.481852997,851936.0295
8095,0.115499207,0.065771802,0.463776011,850052.0674
8096,0.115999207,0.065479937,0.468727,851181.0626
8097,0.115499207,0.065771802,0.450574005,849967.5768
8098,0.115999207,0.065479937,0.455598338,850798.3442
8099,0.115499207,0.065771802,0.437376678,849699.9034
8100,0.115999207,0.065479937,0.442475332,851149.7051
8101,0.115499207,0.065771802,0.424174683,849582.0353
8102,0.115999207,0.065479937,0.429351685,851760.7088
8103,0.115499207,0.065771802,0.410973002,849417.1421
8104,0.115999207,0.065479937,0.416223674,852197.3513
8105,0.115499207,0.065771802,0.39777301,849837.7134
8106,0.115999207,0.065479937,0.403097677,852730.3367
8107,0.115499207,0.065771802,0.384571838,850304.1109
8108,0.115999207,0.065479937,0.389972046,852818.5625
8109,0.115499207,0.065771802,0.371371501,850707.783
8110,0.115999207,0.065479937,0.376845968,852767.0295
8111,0.115499207,0.065771802,0.35817217,850261.0445
8112,0.115999207,0.065479937,0.363721965,852089.2353
8113,0.115499207,0.065771802,0.344970937,849138.9536
8114,0.115999207,0.065479937,0.350596995,851289.6472
8115,0.115499207,0.065771802,0.33176884,848021.5784
8116,0.115999207,0.065479937,0.337469238,850347.8446
8117,0.115499207,0.065771802,0.318569539,847401.7721
8118,0.115999207,0.065479937,0.324343404,877529.9599
8119,0.115499207,0.065771802,0.305367401,847139.7382
8120,0.115999207,0.065479937,0.311217539,876596.6688
8121,0.115499207,0.065771802,0.29216806,847491.4926
8122,0.115999207,0.065479937,0.298091654,876279.4328
8123,0.115499207,0.065771802,0.278967804,848323.2756
8124,0.115999207,0.065479937,0.284967662,877379.3832
8125,0.115499207,0.065771802,0.265765666,848918.1996
8126,0.115999207,0.065479937,0.271841797,879107.6338
8127,0.115499207,0.065771802,0.252562571,848007.1725
8128,0.115999207,0.065479937,0.258713099,879365.4322
8129,0.115499207,0.065771802,0.239361369,846255.6175
8130,0.115999207,0.065479937,0.245587204,877059.5604
8131,0.115499207,0.065771802,0.226162099,845255.2681
8132,0.115999207,0.065479937,0.232462301,848522.9044
8133,0.115499207,0.065771802,0.212961838,845493.0727
8134,0.115999207,0.065479937,0.219338338,848954.6939
8135,0.115499207,0.065771802,0.19976061,845975.1827
8136,0.115999207,0.065479937,0.206212443,850000.5876
8137,0.115499207,0.065771802,0.186558543,876741.7017
8138,0.115999207,0.065479937,0.193084676,850732.7524
8139,0.115499207,0.065771802,0.173359339,874763.0947
8140,0.115999207,0.065479937,0.17995904,850117.9525
8141,0.115499207,0.065771802,0.160157003,870100.0979
8142,0.115999207,0.065479937,0.166833003,847812.9953
8143,0.115499207,0.065771802,0.146957672,836292.4328
8144,0.115999207,0.065479937,0.153707006,842853.0909
8145,0.115499207,0.065771802,0.133758336,827243.6707
8146,0.115999207,0.065479937,0.140584005,835831.9731
8147,0.115499207,0.065771802,0.120556005,822215.8589
8148,0.115999207,0.065479937,0.127458003,831480.9426
8149,0.115499207,0.065771802,0.107355006,820188.2356
8150,0.115999207,0.065479937,0.114330338,828875.5971
8151,0.115499207,0.065771802,0.094154668,822148.6425
8152,0.115999207,0.065479937,0.101204336,827954.7902
8153,0.115499207,0.065771802,0.080954671,816644.1065
8154,0.115999207,0.065479937,0.088080668,818578.8521
8155,0.115499207,0.065771802,0.067751338,818146.8017
8156,0.115999207,0.065479937,0.074953674,826543.2378
8157,0.115499207,0.065771802,0.054552338,808713.6247
8158,0.115999207,0.065479937,0.061828003,817732.5756
8159,0.115499207,0.065771802,0.041350006,812769.668
8160,0.115999207,0.065479937,0.048702006,820813.5194
8161,0.115499207,0.065771802,0.028149007,1102910.909
8162,0.115999207,0.065479937,0.035574336,851065.8607
8163,0.115999207,0.065479937,0.022449341,1853054.253
8164,0.11699824,0.064930072,0.560607015,854913.1713
8165,0.117497274,0.064672071,0.556332357,854913.1713
8166,0.11699824,0.064930072,0.54335435,852694.2294
8167,0.117497274,0.064672071,0.547781026,855234.2244
8168,0.11699824,0.064930072,0.530380005,852983.2082
8169,0.117497274,0.064672071,0.534880005,855421.6098
8170,0.11699824,0.064930072,0.51740566,853190.5039
8171,0.117497274,0.064672071,0.521980998,855652.9865
8172,0.11699824,0.064930072,0.504429667,853041.4763
8173,0.117497274,0.064672071,0.509079997,855560.7453
8174,0.11699824,0.064930072,0.491453339,852707.5231
8175,0.117497274,0.064672071,0.496178345,855123.9183
8176,0.11699824,0.064930072,0.478477336,851936.0295
8177,0.117497274,0.064672071,0.483277344,854032.8802
8178,0.11699824,0.064930072,0.465499339,851181.0626
8179,0.117497274,0.064672071,0.470376007,852976.8571
8180,0.11699824,0.064930072,0.452523997,850798.3442
8181,0.117497274,0.064672071,0.457474009,852335.5643
8182,0.11699824,0.064930072,0.439550659,851149.7051
8183,0.117497274,0.064672071,0.444574992,852772.0526
8184,0.11699824,0.064930072,0.426574677,851760.7088
8185,0.117497274,0.064672071,0.431674998,853752.42
8186,0.11699824,0.064930072,0.413598674,852197.3513
8187,0.117497274,0.064672071,0.418772675,854933.1561
8188,0.11699824,0.064930072,0.400622335,852730.3367
8189,0.117497274,0.064672071,0.40587266,855501.0407
8190,0.11699824,0.064930072,0.387647044,852818.5625
8191,0.117497274,0.064672071,0.392972666,855579.9327
8192,0.11699824,0.064930072,0.374670898,852767.0295
8193,0.117497274,0.064672071,0.380071767,854848.0783
8194,0.11699824,0.064930072,0.361696594,852089.2353
8195,0.117497274,0.064672071,0.367171061,854077.2341
8196,0.11699824,0.064930072,0.348721334,851289.6472
8197,0.117497274,0.064672071,0.354271139,853213.7629
8198,0.11699824,0.064930072,0.335743306,850347.8446
8199,0.117497274,0.064672071,0.341369344,852569.5179
8200,0.11699824,0.064930072,0.322768107,850062.0505
8201,0.117497274,0.064672071,0.328467611,880832.1848
8202,0.11699824,0.064930072,0.309791941,850138.6134
8203,0.117497274,0.064672071,0.315568644,880255.6829
8204,0.11699824,0.064930072,0.296815796,851073.763
8205,0.117497274,0.064672071,0.302665944,880356.4878
8206,0.11699824,0.064930072,0.283841512,852154.0441
8207,0.117497274,0.064672071,0.289766052,881668.2458
8208,0.11699824,0.064930072,0.270865367,852774.6104
8209,0.117497274,0.064672071,0.276865224,883283.7393
8210,0.11699824,0.064930072,0.257890162,851424.9782
8211,0.117497274,0.064672071,0.263966298,883346.63
8212,0.11699824,0.064930072,0.244912069,849564.6813
8213,0.117497274,0.064672071,0.251064499,852858.6613
8214,0.11699824,0.064930072,0.231938772,848522.9044
8215,0.117497274,0.064672071,0.238162704,851732.279
8216,0.11699824,0.064930072,0.218964508,848954.6939
8217,0.117497274,0.064672071,0.22526474,852114.8598
8218,0.11699824,0.064930072,0.20598644,883300.2506
8219,0.117497274,0.064672071,0.212362005,853292.904
8220,0.11699824,0.064930072,0.193011241,882877.9913
8221,0.117497274,0.064672071,0.199461171,854802.0961
8222,0.11699824,0.064930072,0.18003537,881121.8679
8223,0.117497274,0.064672071,0.186561437,854419.1085
8224,0.11699824,0.064930072,0.167057002,847812.9953
8225,0.117497274,0.064672071,0.173659668,852091.4579
8226,0.11699824,0.064930072,0.154082672,842853.0909
8227,0.117497274,0.064672071,0.160756668,847806.2318
8228,0.11699824,0.064930072,0.141109339,835831.9731
8229,0.117497274,0.064672071,0.147858673,843391.9869
8230,0.11699824,0.064930072,0.128131337,831480.9426
8231,0.117497274,0.064672071,0.134957006,840569.0385
8232,0.11699824,0.064930072,0.115156001,828875.5971
8233,0.117497274,0.064672071,0.122055003,837496.0976
8234,0.11699824,0.064930072,0.102180003,827954.7902
8235,0.117497274,0.064672071,0.109156336,834071.1138
8236,0.11699824,0.064930072,0.089205668,818578.8521
8237,0.117497274,0.064672071,0.096255335,828475.909
8238,0.11699824,0.064930072,0.076229675,826543.2378
8239,0.117497274,0.064672071,0.083355672,823956.2134
8240,0.11699824,0.064930072,0.063253337,817732.5756
8241,0.117497274,0.064672071,0.070452672,817569.8061
8242,0.11699824,0.064930072,0.050278336,820813.5194
8243,0.117497274,0.064672071,0.057554001,815830.2551
8244,0.11699824,0.064930072,0.037300334,851065.8607
8245,0.117497274,0.064672071,0.044652334,830284.4327
8246,0.11699824,0.064930072,0.024325002,1092597.956
8247,0.117497274,0.064672071,0.031750666,920156.5906
8248,0.117497274,0.064672071,0.018850332,1921511.906
8249,0.118496307,0.064192769,0.56068335,857670.1795
8250,0.118996307,0.063971469,0.556483012,857670.1795
8251,0.118496307,0.064192769,0.543731344,855234.2244
8252,0.118996307,0.063971469,0.548082336,857612.0739
8253,0.118496307,0.064192769,0.530979004,855421.6098
8254,0.118996307,0.063971469,0.535403666,857755.3231
8255,0.118496307,0.064192769,0.518231669,855652.9865
8256,0.118996307,0.063971469,0.522729675,857884.1078
8257,0.118496307,0.064192769,0.50547934,855560.7453
8258,0.118996307,0.063971469,0.510055674,857752.9512
8259,0.118496307,0.064192769,0.492727346,855123.9183
8260,0.118996307,0.063971469,0.497378011,857190.7333
8261,0.118496307,0.064192769,0.47997701,854032.8802
8262,0.118996307,0.063971469,0.484702006,856177.8683
8263,0.118496307,0.064192769,0.467227346,852976.8571
8264,0.118996307,0.063971469,0.472028341,855211.1881
8265,0.118496307,0.064192769,0.454475016,852335.5643
8266,0.118996307,0.063971469,0.459351685,854555.0685
8267,0.118496307,0.064192769,0.441725667,852772.0526
8268,0.118996307,0.063971469,0.44667568,854702.9213
8269,0.118496307,0.064192769,0.428973663,853752.42
8270,0.118996307,0.063971469,0.434,855533.3677
8271,0.118496307,0.064192769,0.41622167,854933.1561
8272,0.118996307,0.063971469,0.421322337,856971.1711
8273,0.118496307,0.064192769,0.403473328,855501.0407
8274,0.118996307,0.063971469,0.408648336,857937.6371
8275,0.118496307,0.064192769,0.390722992,855579.9327
8276,0.118996307,0.063971469,0.395973328,858209.694
8277,0.118496307,0.064192769,0.377971995,854848.0783
8278,0.118996307,0.063971469,0.383297597,857438.1453
8279,0.118496307,0.064192769,0.365220072,854077.2341
8280,0.118996307,0.063971469,0.370620138,856393.815
8281,0.118496307,0.064192769,0.352469879,853213.7629
8282,0.118996307,0.063971469,0.357944346,855193.1798
8283,0.118496307,0.064192769,0.339719686,852569.5179
8284,0.118996307,0.063971469,0.345270416,854571.3828
8285,0.118496307,0.064192769,0.326968577,852507.6189
8286,0.118996307,0.063971469,0.332594615,854530.2403
8287,0.118496307,0.064192769,0.314218404,853121.9141
8288,0.118996307,0.063971469,0.319918833,884320.7374
8289,0.118496307,0.064192769,0.301466349,854412.721
8290,0.118996307,0.063971469,0.307242106,884981.5142
8291,0.118496307,0.064192769,0.288714294,855559.7079
8292,0.118996307,0.063971469,0.294564443,858656.0766
8293,0.118496307,0.064192769,0.275966003,855924.8505
8294,0.118996307,0.063971469,0.281890533,887263.2974
8295,0.118496307,0.064192769,0.263216766,854649.2401
8296,0.118996307,0.063971469,0.269216614,887027.9288
8297,0.118496307,0.064192769,0.250464701,852858.6613
8298,0.118996307,0.063971469,0.256540833,855804.0032
8299,0.118496307,0.064192769,0.237712636,851732.279
8300,0.118996307,0.063971469,0.243862203,854861.0165
8301,0.118496307,0.064192769,0.224962474,852114.8598
8302,0.118996307,0.063971469,0.231186437,855181.8945
8303,0.118496307,0.064192769,0.212212301,889028.2928
8304,0.118996307,0.063971469,0.218512538,856424.2062
8305,0.118496307,0.064192769,0.199461171,888728.2302
8306,0.118996307,0.063971469,0.205836736,858198.6357
8307,0.118496307,0.064192769,0.186712072,886618.0213
8308,0.118996307,0.063971469,0.193161875,858409.364
8309,0.118496307,0.064192769,0.173959,852091.4579
8310,0.118996307,0.063971469,0.180485336,856051.9102
8311,0.118496307,0.064192769,0.161208669,847806.2318
8312,0.118996307,0.063971469,0.167808334,851649.5414
8313,0.118496307,0.064192769,0.148458674,843391.9869
8314,0.118996307,0.063971469,0.155134674,848415.8374
8315,0.118496307,0.064192769,0.13570634,840569.0385
8316,0.118996307,0.063971469,0.142458674,847514.6592
8317,0.118496307,0.064192769,0.122955338,837496.0976
8318,0.118996307,0.063971469,0.129781006,844658.1439
8319,0.118496307,0.064192769,0.110205338,834071.1138
8320,0.118996307,0.063971469,0.117105337,837387.9181
8321,0.118496307,0.064192769,0.097457006,828475.909
8322,0.118996307,0.063971469,0.104430674,837375.6485
8323,0.118496307,0.064192769,0.084704671,823956.2134
8324,0.118996307,0.063971469,0.091756337,837763.5102
8325,0.118496307,0.064192769,0.071952672,817569.8061
8326,0.118996307,0.063971469,0.079078674,820086.6639
8327,0.118496307,0.064192769,0.059203669,815830.2551
8328,0.118996307,0.063971469,0.066403005,807218.837
8329,0.118496307,0.064192769,0.046452667,830284.4327
8330,0.118996307,0.063971469,0.053728338,822501.5606
8331,0.118496307,0.064192769,0.033701665,920156.5906
8332,0.118996307,0.063971469,0.041051666,836456.8653
8333,0.118496307,0.064192769,0.020950999,1084409.145
8334,0.118996307,0.063971469,0.028376668,-71119.31315
8335,0.118996307,0.063971469,0.015700663,1589335.485
8336,0.119996295,0.063559967,0.56075767,860239.9074
8337,0.120496282,0.063369766,0.55663267,894689.246
8338,0.119996295,0.063559967,0.544105998,894693.2843
8339,0.120496282,0.063369766,0.548381673,859970.4343
8340,0.119996295,0.063559967,0.531578654,896810.0314
8341,0.120496282,0.063369766,0.535929993,859966.6136
8342,0.119996295,0.063559967,0.519054688,896649.7194
8343,0.120496282,0.063369766,0.523479004,859899.7855
8344,0.119996295,0.063559967,0.506528676,896178.1667
8345,0.120496282,0.063369766,0.511029683,859669.4398
8346,0.119996295,0.063559967,0.494003337,895511.3441
8347,0.120496282,0.063369766,0.498577667,859008.3063
8348,0.119996295,0.063559967,0.481477336,894840.3152
8349,0.120496282,0.063369766,0.486128001,858214.6896
8350,0.119996295,0.063559967,0.46895401,894307.0597
8351,0.120496282,0.063369766,0.473678009,857450.4089
8352,0.119996295,0.063559967,0.456427012,894070.2673
8353,0.120496282,0.063369766,0.461228343,857047.6924
8354,0.119996295,0.063559967,0.443899679,894205.2274
8355,0.120496282,0.063369766,0.448774343,857014.5459
8356,0.119996295,0.063559967,0.431375,855533.3677
8357,0.120496282,0.063369766,0.436324666,857577.0682
8358,0.119996295,0.063559967,0.418848674,856971.1711
8359,0.120496282,0.063369766,0.423875,858647.5403
8360,0.119996295,0.063559967,0.406323344,857937.6371
8361,0.120496282,0.063369766,0.411423014,859694.7112
8362,0.119996295,0.063559967,0.39379834,858209.694
8363,0.120496282,0.063369766,0.398973348,860114.7489
8364,0.119996295,0.063559967,0.381272339,857438.1453
8365,0.120496282,0.063369766,0.386522746,859620.5954
8366,0.119996295,0.063559967,0.368744446,856393.815
8367,0.120496282,0.063369766,0.374071045,858722.8807
8368,0.119996295,0.063559967,0.35621935,855193.1798
8369,0.120496282,0.063369766,0.361619385,857614.8278
8370,0.119996295,0.063559967,0.34369514,854571.3828
8371,0.120496282,0.063369766,0.349169607,857027.3199
8372,0.119996295,0.063559967,0.331171844,854530.2403
8373,0.120496282,0.063369766,0.336721639,857078.4383
8374,0.119996295,0.063559967,0.318642965,855602.2251
8375,0.120496282,0.063369766,0.324269938,858038.9495
8376,0.119996295,0.063559967,0.306115967,857315.431
8377,0.120496282,0.063369766,0.311816396,859707.3077
8378,0.119996295,0.063559967,0.293590841,858656.0766
8379,0.120496282,0.063369766,0.299366608,861184.5969
8380,0.119996295,0.063559967,0.281064748,858797.6008
8381,0.120496282,0.063369766,0.286914907,891107.0232
8382,0.119996295,0.063559967,0.268541484,857382.8072
8383,0.120496282,0.063369766,0.274465088,860066.1447
8384,0.119996295,0.063559967,0.25601447,855804.0032
8385,0.120496282,0.063369766,0.262015274,858532.1139
8386,0.119996295,0.063559967,0.243488403,854861.0165
8387,0.120496282,0.063369766,0.24956454,857511.7957
8388,0.119996295,0.063559967,0.230960434,892923.434
8389,0.120496282,0.063369766,0.237112834,857918.9584
8390,0.119996295,0.063559967,0.218436269,893997.677
8391,0.120496282,0.063369766,0.224660202,859267.4911
8392,0.119996295,0.063559967,0.20591301,893906.3999
8393,0.120496282,0.063369766,0.212212306,860717.5711
8394,0.119996295,0.063559967,0.193386907,858409.364
8395,0.120496282,0.063369766,0.199762477,895165.032
8396,0.119996295,0.063559967,0.180859004,856051.9102
8397,0.120496282,0.063369766,0.187310771,858631.5691
8398,0.119996295,0.063559967,0.168334005,851649.5414
8399,0.120496282,0.063369766,0.174858337,854614.7031
8400,0.119996295,0.063559967,0.155810674,848415.8374
8401,0.120496282,0.063369766,0.162410339,850989.8502
8402,0.119996295,0.063559967,0.143284673,847514.6592
8403,0.120496282,0.063369766,0.149960673,850245.7282
8404,0.119996295,0.063559967,0.130757339,844658.1439
8405,0.120496282,0.063369766,0.137508672,849320.4865
8406,0.119996295,0.063559967,0.118230672,837387.9181
8407,0.120496282,0.063369766,0.125057007,845754.3602
8408,0.119996295,0.063559967,0.10570634,837375.6485
8409,0.120496282,0.063369766,0.112606339,841976.2032
8410,0.119996295,0.063559967,0.093180008,837763.5102
8411,0.120496282,0.063369766,0.100156342,843454.9572
8412,0.119996295,0.063559967,0.080654007,820086.6639
8413,0.120496282,0.063369766,0.087703674,837169.9962
8414,0.119996295,0.063559967,0.068129008,807218.837
8415,0.120496282,0.063369766,0.075254008,819399.0361
8416,0.119996295,0.063559967,0.055603007,822501.5606
8417,0.120496282,0.063369766,0.062804342,812478.6066
8418,0.119996295,0.063559967,0.043077001,836456.8653
8419,0.120496282,0.063369766,0.050352671,861680.0147
8420,0.119996295,0.063559967,0.030551671,940721.4273
8421,0.120496282,0.063369766,0.037902003,881661.4425
8422,0.119996295,0.063559967,0.018026672,1135103.191
8423,0.120496282,0.063369766,0.025452011,-69814.43818
8424,0.120496282,0.063369766,0.013000671,1740148.92
8425,0.121496259,0.063025167,0.560833008,863150.3163
8426,0.121996249,0.062870768,0.556782349,897147.5303
8427,0.121496259,0.063025167,0.544480672,896914.3493
8428,0.121996249,0.062870768,0.54868101,862729.0529
8429,0.121496259,0.063025167,0.532180339,898480.4764
8430,0.121996249,0.062870768,0.536455343,862464.8744
8431,0.121496259,0.063025167,0.51988033,898013.6644
8432,0.121996249,0.062870768,0.524230326,862241.116
8433,0.121496259,0.063025167,0.507578674,897536.1234
8434,0.121996249,0.062870768,0.512005005,861900.6885
8435,0.121496259,0.063025167,0.495276326,897167.6204
8436,0.121996249,0.062870768,0.499776326,861359.8218
8437,0.121496259,0.063025167,0.482979329,896847.9717
8438,0.121996249,0.062870768,0.487553324,860844.7873
8439,0.121496259,0.063025167,0.470679006,896532.2846
8440,0.121996249,0.062870768,0.475329661,860330.7162
8441,0.121496259,0.063025167,0.458377004,896347.4416
8442,0.121996249,0.062870768,0.463103668,860076.2641
8443,0.121496259,0.063025167,0.446074005,896360.4
8444,0.121996249,0.062870768,0.450875336,859946.3877
8445,0.121496259,0.063025167,0.433773997,896554.6599
8446,0.121996249,0.062870768,0.438648671,860224.8299
8447,0.121496259,0.063025167,0.421475667,858647.5403
8448,0.121996249,0.062870768,0.426424998,860785.7552
8449,0.121496259,0.063025167,0.409173676,859694.7112
8450,0.121996249,0.062870768,0.414200002,861589.0761
8451,0.121496259,0.063025167,0.396871684,860114.7489
8452,0.121996249,0.062870768,0.401972341,862076.3348
8453,0.121496259,0.063025167,0.384573751,859620.5954
8454,0.121996249,0.062870768,0.389747681,861988.0204
8455,0.121496259,0.063025167,0.372271647,858722.8807
8456,0.121996249,0.062870768,0.377523946,861517.6046
8457,0.121496259,0.063025167,0.359969706,857614.8278
8458,0.121996249,0.062870768,0.365295369,860621.4515
8459,0.121496259,0.063025167,0.347669637,857027.3199
8460,0.121996249,0.062870768,0.353069702,860182.1751
8461,0.121496259,0.063025167,0.335369507,857078.4383
8462,0.121996249,0.062870768,0.340843038,860096.6973
8463,0.121496259,0.063025167,0.323070333,858038.9495
8464,0.121996249,0.062870768,0.328620107,860879.9519
8465,0.121496259,0.063025167,0.310767466,859707.3077
8466,0.121996249,0.062870768,0.31639443,862049.6477
8467,0.121496259,0.063025167,0.298467377,861184.5969
8468,0.121996249,0.062870768,0.304167806,863461.0788
8469,0.121496259,0.063025167,0.286165385,861317.9067
8470,0.121996249,0.062870768,0.291942088,863869.9048
8471,0.121496259,0.063025167,0.273865295,860066.1447
8472,0.121996249,0.062870768,0.279715434,863067.6374
8473,0.121496259,0.063025167,0.261565211,858532.1139
8474,0.121996249,0.062870768,0.267491628,861818.9079
8475,0.121496259,0.063025167,0.249265106,893852.7409
8476,0.121996249,0.062870768,0.255264974,860756.1989
8477,0.121496259,0.063025167,0.236963135,895604.6097
8478,0.121996249,0.062870768,0.243039271,860884.3331
8479,0.121496259,0.063025167,0.224662099,897210.7952
8480,0.121996249,0.062870768,0.230812632,862128.435
8481,0.121496259,0.063025167,0.21236201,860717.5711
8482,0.121996249,0.062870768,0.21858787,863428.6757
8483,0.121496259,0.063025167,0.200061905,860554.1803
8484,0.121996249,0.062870768,0.206362142,863113.1397
8485,0.121496259,0.063025167,0.187759939,858631.5691
8486,0.121996249,0.062870768,0.194135503,861276.2428
8487,0.121496259,0.063025167,0.175460002,854614.7031
8488,0.121996249,0.062870768,0.181909836,858774.9399
8489,0.121496259,0.063025167,0.16316067,850989.8502
8490,0.121996249,0.062870768,0.169686,855723.3809
8491,0.121496259,0.063025167,0.150860672,850245.7282
8492,0.121996249,0.062870768,0.157461004,853521.1403
8493,0.121496259,0.063025167,0.13855867,849320.4865
8494,0.121996249,0.062870768,0.14523467,851592.6854
8495,0.121496259,0.063025167,0.126256673,845754.3602
8496,0.121996249,0.062870768,0.133007004,849217.7071
8497,0.121496259,0.063025167,0.113958338,841976.2032
8498,0.121996249,0.062870768,0.120782338,846072.3227
8499,0.121496259,0.063025167,0.101656342,843454.9572
8500,0.121996249,0.062870768,0.108558339,844450.8932
8501,0.121496259,0.063025167,0.089353673,837169.9962
8502,0.121996249,0.062870768,0.096330007,841962.526
8503,0.121496259,0.063025167,0.07705334,819399.0361
8504,0.121996249,0.062870768,0.084103338,836865.6207
8505,0.121496259,0.063025167,0.064755341,812478.6066
8506,0.121996249,0.062870768,0.071879339,855280.8706
8507,0.121496259,0.063025167,0.052453339,825921.2018
8508,0.121996249,0.062870768,0.059654673,847400.7548
8509,0.121496259,0.063025167,0.040151337,881661.4425
8510,0.121996249,0.062870768,0.047427002,849830.7341
8511,0.121496259,0.063025167,0.027851344,-69814.43818
8512,0.121996249,0.062870768,0.035200338,889351.5136
8513,0.121496259,0.063025167,0.015551341,1209583.765
8514,0.121996249,0.062870768,0.022976674,-63049.68259
8515,0.121996249,0.062870768,0.01075,1762317.734
8516,0.12299811,0.062596769,0.560907349,866135.3057
8517,0.123499982,0.062477168,0.556933024,899443.419
8518,0.12299811,0.062596769,0.54485435,898929.6177
8519,0.123499982,0.062477168,0.548981364,865593.7276
8520,0.12299811,0.062596769,0.532780334,900196.0906
8521,0.123499982,0.062477168,0.536979004,865045.2387
8522,0.12299811,0.062596769,0.520705994,899511.2905
8523,0.123499982,0.062477168,0.524980998,864604.6461
8524,0.12299811,0.062596769,0.508629333,899013.6048
8525,0.123499982,0.062477168,0.512980326,864078.1878
8526,0.12299811,0.062596769,0.496551331,898761.5095
8527,0.123499982,0.062477168,0.500978007,863694.2879
8528,0.12299811,0.062596769,0.484477987,898663.9442
8529,0.123499982,0.062477168,0.488975993,863451.7047
8530,0.12299811,0.062596769,0.472404999,898588.9469
8531,0.123499982,0.062477168,0.476979329,863269.6542
8532,0.12299811,0.062596769,0.460327667,898487.5174
8533,0.123499982,0.062477168,0.464978343,863131.6463
8534,0.12299811,0.062596769,0.44825,898432.0071
8535,0.123499982,0.062477168,0.452975667,863051.4572
8536,0.12299811,0.062596769,0.436174347,898362.5916
8537,0.123499982,0.062477168,0.440974345,863173.7957
8538,0.12299811,0.062596769,0.424099335,898168.6904
8539,0.123499982,0.062477168,0.428974009,863280.549
8540,0.12299811,0.062596769,0.412024994,861589.0761
8541,0.123499982,0.062477168,0.416974996,863640.0204
8542,0.12299811,0.062596769,0.399947001,862076.3348
8543,0.123499982,0.062477168,0.404973328,863936.1766
8544,0.12299811,0.062596769,0.387872009,861988.0204
8545,0.123499982,0.062477168,0.392970673,864096.3142
8546,0.12299811,0.062596769,0.375798004,861517.6046
8547,0.123499982,0.062477168,0.380972137,863957.7898
8548,0.12299811,0.062596769,0.363721965,860621.4515
8549,0.123499982,0.062477168,0.3689723,863609.9112
8550,0.12299811,0.062596769,0.351644094,860182.1751
8551,0.123499982,0.062477168,0.356970693,863494.1371
8552,0.12299811,0.062596769,0.339567139,860096.6973
8553,0.123499982,0.062477168,0.344968129,863573.4708
8554,0.12299811,0.062596769,0.327493968,860879.9519
8555,0.123499982,0.062477168,0.332967468,864155.653
8556,0.12299811,0.062596769,0.315420797,862049.6477
8557,0.123499982,0.062477168,0.320970561,864878.488
8558,0.12299811,0.062596769,0.30334201,863461.0788
8559,0.123499982,0.062477168,0.308968038,865512.042
8560,0.12299811,0.062596769,0.291266012,863869.9048
8561,0.123499982,0.062477168,0.296965505,865923.4401
8562,0.12299811,0.062596769,0.279191905,863067.6374
8563,0.123499982,0.062477168,0.28496578,865766.3743
8564,0.12299811,0.062596769,0.267117818,861818.9079
8565,0.123499982,0.062477168,0.272967957,865235.3262
8566,0.12299811,0.062596769,0.255038971,895418.9379
8567,0.123499982,0.062477168,0.260965398,864639.7715
8568,0.12299811,0.062596769,0.242963008,896549.3487
8569,0.123499982,0.062477168,0.24896284,864667.5258
8570,0.12299811,0.062596769,0.230888901,898126.5813
8571,0.123499982,0.062477168,0.23696314,865242.8681
8572,0.12299811,0.062596769,0.218813873,863428.6757
8573,0.123499982,0.062477168,0.224964371,898699.347
8574,0.12299811,0.062596769,0.206735972,863113.1397
8575,0.123499982,0.062477168,0.212961843,865825.8888
8576,0.12299811,0.062596769,0.194659973,861276.2428
8577,0.123499982,0.062477168,0.200960205,863932.3604
8578,0.12299811,0.062596769,0.182584971,858774.9399
8579,0.123499982,0.062477168,0.188959544,861257.5777
8580,0.12299811,0.062596769,0.170511668,855723.3809
8581,0.123499982,0.062477168,0.176960805,859792.6812
8582,0.12299811,0.062596769,0.158434667,853521.1403
8583,0.123499982,0.062477168,0.164960002,858771.1426
8584,0.12299811,0.062596769,0.146358668,851592.6854
8585,0.123499982,0.062477168,0.152958333,855504.2503
8586,0.12299811,0.062596769,0.134282003,849217.7071
8587,0.123499982,0.062477168,0.140957667,851348.6164
8588,0.12299811,0.062596769,0.122208003,846072.3227
8589,0.123499982,0.062477168,0.128957336,849125.3639
8590,0.12299811,0.062596769,0.110132004,844450.8932
8591,0.123499982,0.062477168,0.116957667,845885.745
8592,0.12299811,0.062596769,0.098055003,841962.526
8593,0.123499982,0.062477168,0.104955002,842631.2941
8594,0.12299811,0.062596769,0.085979004,836865.6207
8595,0.123499982,0.062477168,0.092954336,841938.1266
8596,0.12299811,0.062596769,0.073904668,829569.6085
8597,0.123499982,0.062477168,0.080954336,865893.4654
8598,0.12299811,0.062596769,0.061827672,819240.3842
8599,0.123499982,0.062477168,0.068953669,863716.6755
8600,0.12299811,0.062596769,0.049751668,849830.7341
8601,0.123499982,0.062477168,0.056951004,845990.2271
8602,0.12299811,0.062596769,0.037676,889351.5136
8603,0.123499982,0.062477168,0.044951665,846199.6582
8604,0.12299811,0.062596769,0.025601669,-63049.68259
8605,0.123499982,0.062477168,0.032952001,820751.4269
8606,0.12299811,0.062596769,0.013524668,1019109.57
8607,0.123499982,0.062477168,0.020951004,943321.0478
8608,0.123499982,0.062477168,0.008948669,1645943.378
8609,0.124501841,0.062271901,0.560983683,869279.037
8610,0.125001829,0.062186236,0.557082682,0
8611,0.124501841,0.062271901,0.545231018,900979.5325
8612,0.125001829,0.062186236,0.549281677,868647.5751
8613,0.124501841,0.062271901,0.533380005,0
8614,0.125001829,0.062186236,0.537505005,867883.1063
8615,0.124501841,0.062271901,0.521529989,901926.9614
8616,0.125001829,0.062186236,0.525730326,867227.5017
8617,0.124501841,0.062271901,0.509680003,901429.2634
8618,0.125001829,0.062186236,0.513954661,866654.1794
8619,0.124501841,0.062271901,0.497827342,901262.7693
8620,0.125001829,0.062186236,0.502178345,866364.6457
8621,0.124501841,0.062271901,0.485977,901263.777
8622,0.125001829,0.062186236,0.490401672,866261.655
8623,0.124501841,0.062271901,0.474128001,901370.936
8624,0.125001829,0.062186236,0.478627665,866286.6078
8625,0.124501841,0.062271901,0.462277018,901449.9642
8626,0.125001829,0.062186236,0.466852346,866318.9982
8627,0.124501841,0.062271901,0.450426005,901443.9708
8628,0.125001829,0.062186236,0.455076681,866324.9148
8629,0.124501841,0.062271901,0.438575012,901219.5869
8630,0.125001829,0.062186236,0.443301005,866388.8456
8631,0.124501841,0.062271901,0.426724345,900767.8091
8632,0.125001829,0.062186236,0.43152535,866250.0898
8633,0.124501841,0.062271901,0.414873332,863640.0204
8634,0.125001829,0.062186236,0.419748006,866149.6656
8635,0.124501841,0.062271901,0.403023997,863936.1766
8636,0.125001829,0.062186236,0.407973999,866078.8245
8637,0.124501841,0.062271901,0.391171336,864096.3142
8638,0.125001829,0.062186236,0.396198334,866190.6655
8639,0.124501841,0.062271901,0.379320536,863957.7898
8640,0.125001829,0.062186236,0.384421071,866319.1066
8641,0.124501841,0.062271901,0.367471405,863609.9112
8642,0.125001829,0.062186236,0.372645508,866448.8864
8643,0.124501841,0.062271901,0.355621368,863494.1371
8644,0.125001829,0.062186236,0.360871745,866780.153
8645,0.124501841,0.062271901,0.343768524,863573.4708
8646,0.125001829,0.062186236,0.349095164,867142.2949
8647,0.124501841,0.062271901,0.331918528,864155.653
8648,0.125001829,0.062186236,0.337318593,867719.174
8649,0.124501841,0.062271901,0.320070404,864878.488
8650,0.125001829,0.062186236,0.325544871,868059.4937
8651,0.124501841,0.062271901,0.30821757,865512.042
8652,0.125001829,0.062186236,0.313770172,868262.5875
8653,0.124501841,0.062271901,0.296365702,865923.4401
8654,0.125001829,0.062186236,0.30199174,867936.1006
8655,0.124501841,0.062271901,0.284515706,865766.3743
8656,0.125001829,0.062186236,0.290216136,867738.1014
8657,0.124501841,0.062271901,0.272667572,897230.2982
8658,0.125001829,0.062186236,0.278441447,868240.0835
8659,0.124501841,0.062271901,0.260815669,897204.6688
8660,0.125001829,0.062186236,0.266667704,868599.8194
8661,0.124501841,0.062271901,0.24896284,897756.3315
8662,0.125001829,0.062186236,0.254889242,869095.1112
8663,0.124501841,0.062271901,0.237112839,865242.8681
8664,0.125001829,0.062186236,0.243112707,869526.1159
8665,0.124501841,0.062271901,0.22526474,866174.3561
8666,0.125001829,0.062186236,0.231338969,869548.0176
8667,0.124501841,0.062271901,0.213411906,865825.8888
8668,0.125001829,0.062186236,0.219564306,868559.5968
8669,0.124501841,0.062271901,0.201560008,863932.3604
8670,0.125001829,0.062186236,0.207785838,866828.7397
8671,0.124501841,0.062271901,0.189709976,861257.5777
8672,0.125001829,0.062186236,0.196010208,864416.1399
8673,0.124501841,0.062271901,0.177860809,859792.6812
8674,0.125001829,0.062186236,0.184235408,862681.7871
8675,0.124501841,0.062271901,0.166009003,858771.1426
8676,0.125001829,0.062186236,0.172460673,863141.8119
8677,0.124501841,0.062271901,0.154158,855504.2503
8678,0.125001829,0.062186236,0.160683334,861515.6681
8679,0.124501841,0.062271901,0.142307002,851348.6164
8680,0.125001829,0.062186236,0.148907669,856667.0852
8681,0.124501841,0.062271901,0.130458003,849125.3639
8682,0.125001829,0.062186236,0.137132004,851555.8932
8683,0.124501841,0.062271901,0.118607335,845885.745
8684,0.125001829,0.062186236,0.125358337,847453.7232
8685,0.124501841,0.062271901,0.106754333,842631.2941
8686,0.125001829,0.062186236,0.113581004,842706.023
8687,0.124501841,0.062271901,0.094905004,841938.1266
8688,0.125001829,0.062186236,0.101805003,865944.7775
8689,0.124501841,0.062271901,0.083056005,843214.4372
8690,0.125001829,0.062186236,0.090031342,866934.1699
8691,0.124501841,0.062271901,0.071203003,863716.6755
8692,0.125001829,0.062186236,0.078255671,871252.6304
8693,0.124501841,0.062271901,0.059350337,845990.2271
8694,0.125001829,0.062186236,0.066476339,863445.9064
8695,0.124501841,0.062271901,0.047503332,846199.6582
8696,0.125001829,0.062186236,0.054702667,855512.5664
8697,0.124501841,0.062271901,0.035653336,853846.756
8698,0.125001829,0.062186236,0.042929001,0
8699,0.124501841,0.062271901,0.023800339,-68062.42931
8700,0.125001829,0.062186236,0.031152339,810111.0208
8701,0.124501841,0.062271901,0.011948669,1106877.044
8702,0.125001829,0.062186236,0.019374003,1135103.191
8703,0.125001829,0.062186236,0.007600332,1723684.658
8704,0.126001803,0.062050636,0.561057007,872372.1407
8705,0.12650179,0.062000702,0.55723234,0
8706,0.126001803,0.062050636,0.545604675,0
8707,0.12650179,0.062000702,0.549581014,871683.9352
8708,0.126001803,0.062050636,0.533980672,0
8709,0.12650179,0.062000702,0.538029683,870830.8109
8710,0.126001803,0.062050636,0.522355326,0
8711,0.12650179,0.062000702,0.526480672,869987.7895
8712,0.126001803,0.062050636,0.510729665,0
8713,0.12650179,0.062000702,0.514929993,869329.5414
8714,0.126001803,0.062050636,0.499104004,904573.9438
8715,0.12650179,0.062000702,0.503380666,869013.3776
8716,0.126001803,0.062050636,0.48747701,904590.6665
8717,0.12650179,0.062000702,0.491828339,868916.9572
8718,0.126001803,0.062050636,0.475853007,904751.6222
8719,0.12650179,0.062000702,0.480277679,869050.5284
8720,0.126001803,0.062050636,0.46422701,904992.186
8721,0.12650179,0.062000702,0.468728007,869293.8242
8722,0.126001803,0.062050636,0.452602346,905082.5577
8723,0.12650179,0.062000702,0.457177348,869502.3871
8724,0.126001803,0.062050636,0.440975342,904852.4935
8725,0.12650179,0.062000702,0.445626007,869622.2693
8726,0.126001803,0.062050636,0.429349345,904304.6153
8727,0.12650179,0.062000702,0.434073344,869429.9259
8728,0.126001803,0.062050636,0.417722677,866149.6656
8729,0.12650179,0.062000702,0.42252301,869074.2143
8730,0.126001803,0.062050636,0.406098338,866078.8245
8731,0.12650179,0.062000702,0.410972341,868637.7846
8732,0.126001803,0.062050636,0.394474335,866190.6655
8733,0.12650179,0.062000702,0.399424337,868528.4689
8734,0.126001803,0.062050636,0.382845734,866319.1066
8735,0.12650179,0.062000702,0.387871999,868713.5621
8736,0.126001803,0.062050636,0.37121994,866448.8864
8737,0.12650179,0.062000702,0.376319631,869156.6372
8738,0.126001803,0.062050636,0.359595907,866780.153
8739,0.12650179,0.062000702,0.364769999,869787.9023
8740,0.126001803,0.062050636,0.347970907,867142.2949
8741,0.12650179,0.062000702,0.353221273,870586.7432
8742,0.126001803,0.062050636,0.336345001,867719.174
8743,0.12650179,0.062000702,0.341670675,871488.9145
8744,0.126001803,0.062050636,0.324719106,868059.4937
8745,0.12650179,0.062000702,0.330119171,871641.927
8746,0.126001803,0.062050636,0.313094137,868262.5875
8747,0.12650179,0.062000702,0.318568604,871198.3842
8748,0.126001803,0.062050636,0.301468201,867936.1006
8749,0.12650179,0.062000702,0.307017995,870611.0107
8750,0.126001803,0.062050636,0.289842316,898693.271
8751,0.12650179,0.062000702,0.295468343,870206.5106
8752,0.126001803,0.062050636,0.278215464,899205.5923
8753,0.12650179,0.062000702,0.283915904,870427.3872
8754,0.126001803,0.062050636,0.266591441,899981.9349
8755,0.12650179,0.062000702,0.272365326,871220.5563
8756,0.126001803,0.062050636,0.25496551,900917.1764
8757,0.12650179,0.062000702,0.260815674,872905.63
8758,0.126001803,0.062050636,0.243338704,869526.1159
8759,0.12650179,0.062000702,0.249265106,905418.4007
8760,0.126001803,0.062050636,0.231714666,869548.0176
8761,0.12650179,0.062000702,0.237714533,873693.5987
8762,0.126001803,0.062050636,0.220088771,868559.5968
8763,0.12650179,0.062000702,0.226164902,871764.1248
8764,0.126001803,0.062050636,0.208461904,866828.7397
8765,0.12650179,0.062000702,0.214612437,869283.9846
8766,0.126001803,0.062050636,0.196836004,864416.1399
8767,0.12650179,0.062000702,0.203061869,867527.2448
8768,0.126001803,0.062050636,0.185211838,862681.7871
8769,0.12650179,0.062000702,0.191512202,866303.5296
8770,0.126001803,0.062050636,0.173585002,863141.8119
8771,0.12650179,0.062000702,0.179961568,866345.8797
8772,0.126001803,0.062050636,0.161959005,861515.6681
8773,0.12650179,0.062000702,0.168409002,865536.6964
8774,0.126001803,0.062050636,0.150333338,856667.0852
8775,0.12650179,0.062000702,0.156859339,862871.4428
8776,0.126001803,0.062050636,0.138708338,851555.8932
8777,0.12650179,0.062000702,0.145309006,859482.7059
8778,0.126001803,0.062050636,0.12708434,847453.7232
8779,0.12650179,0.062000702,0.13376034,851281.1866
8780,0.126001803,0.062050636,0.115455673,842706.023
8781,0.12650179,0.062000702,0.122208008,869045.2707
8782,0.126001803,0.062050636,0.103830338,841168.3188
8783,0.12650179,0.062000702,0.110654338,864380.9915
8784,0.126001803,0.062050636,0.09220634,866934.1699
8785,0.12650179,0.062000702,0.099105337,865608.5315
8786,0.126001803,0.062050636,0.080580673,871252.6304
8787,0.12650179,0.062000702,0.087556005,873492.9973
8788,0.126001803,0.062050636,0.068952006,863445.9064
8789,0.12650179,0.062000702,0.076003672,0
8790,0.126001803,0.062050636,0.057328003,855512.5664
8791,0.12650179,0.062000702,0.06445134,839222.197
8792,0.126001803,0.062050636,0.045703669,832096.8312
8793,0.12650179,0.062000702,0.052903336,0
8794,0.126001803,0.062050636,0.034077006,833608.2534
8795,0.12650179,0.062000702,0.041352671,0
8796,0.126001803,0.062050636,0.022451335,-65735.29337
8797,0.12650179,0.062000702,0.029802338,0
8798,0.126001803,0.062050636,0.010825328,829764.4917
8799,0.12650179,0.062000702,0.018250997,771144.34
8800,0.12650179,0.062000702,0.006700002,0
8801,0.127500829,0.061932902,0.561133341,875731.533
8802,0.12799988,0.061915037,0.557381999,0
8803,0.127500829,0.061932902,0.545980347,0
8804,0.12799988,0.061915037,0.54988033,875004.5025
8805,0.127500829,0.061932902,0.534580688,0
8806,0.12799988,0.061915037,0.538555013,874182.8008
8807,0.127500829,0.061932902,0.523179667,0
8808,0.12799988,0.061915037,0.527230672,873434.2472
8809,0.127500829,0.061932902,0.511779663,0
8810,0.12799988,0.061915037,0.515903992,872861.9175
8811,0.127500829,0.061932902,0.500381663,904573.9438
8812,0.12799988,0.061915037,0.504580332,872582.0702
8813,0.127500829,0.061932902,0.488979004,904590.6665
8814,0.12799988,0.061915037,0.493255666,872446.8403
8815,0.127500829,0.061932902,0.477577352,904751.6222
8816,0.12799988,0.061915037,0.481927348,872526.258
8817,0.127500829,0.061932902,0.466178345,869293.8242
8818,0.12799988,0.061915037,0.470603017,872761.7544
8819,0.127500829,0.061932902,0.454778015,869502.3871
8820,0.12799988,0.061915037,0.459278015,873033.0285
8821,0.127500829,0.061932902,0.443374339,869622.2693
8822,0.12799988,0.061915037,0.447951345,873215.5373
8823,0.127500829,0.061932902,0.43197168,869429.9259
8824,0.12799988,0.061915037,0.436622009,873011.2896
8825,0.127500829,0.061932902,0.420574015,869074.2143
8826,0.12799988,0.061915037,0.425298686,872622.3008
8827,0.127500829,0.061932902,0.409173004,868637.7846
8828,0.12799988,0.061915037,0.413974345,872026.9584
8829,0.127500829,0.061932902,0.39777301,868528.4689
8830,0.12799988,0.061915037,0.402647675,871786.3618
8831,0.127500829,0.061932902,0.386371999,868713.5621
8832,0.12799988,0.061915037,0.391323008,871997.5905
8833,0.127500829,0.061932902,0.374970296,869156.6372
8834,0.12799988,0.061915037,0.379996399,872472.9438
8835,0.127500829,0.061932902,0.363570394,869787.9023
8836,0.12799988,0.061915037,0.368671,873186.893
8837,0.127500829,0.061932902,0.352171407,870586.7432
8838,0.12799988,0.061915037,0.357346436,873991.3343
8839,0.127500829,0.061932902,0.340771444,871488.9145
8840,0.12799988,0.061915037,0.34602181,874996.6001
8841,0.127500829,0.061932902,0.329368734,871641.927
8842,0.12799988,0.061915037,0.334695333,875280.1032
8843,0.127500829,0.061932902,0.317966929,871198.3842
8844,0.12799988,0.061915037,0.323366994,874847.7763
8845,0.127500829,0.061932902,0.306568868,0
8846,0.12799988,0.061915037,0.312043335,874024.2795
8847,0.127500829,0.061932902,0.295167979,0
8848,0.12799988,0.061915037,0.300718709,873558.2569
8849,0.127500829,0.061932902,0.283766184,902145.3703
8850,0.12799988,0.061915037,0.289392232,873751.9435
8851,0.127500829,0.061932902,0.272365326,903334.4862
8852,0.12799988,0.061915037,0.278065745,874149.2045
8853,0.127500829,0.061932902,0.260965403,872905.63
8854,0.12799988,0.061915037,0.26674117,876108.1417
8855,0.127500829,0.061932902,0.24956454,874011.0177
8856,0.12799988,0.061915037,0.255414673,878212.2121
8857,0.127500829,0.061932902,0.238164602,873693.5987
8858,0.12799988,0.061915037,0.244088206,878168.4658
8859,0.127500829,0.061932902,0.226764699,871764.1248
8860,0.12799988,0.061915037,0.232764531,876657.3086
8861,0.127500829,0.061932902,0.215361969,869283.9846
8862,0.12799988,0.061915037,0.2214381,873662.7316
8863,0.127500829,0.061932902,0.203962036,867527.2448
8864,0.12799988,0.061915037,0.210111603,871123.2693
8865,0.127500829,0.061932902,0.192563034,866303.5296
8866,0.12799988,0.061915037,0.198787003,870216.0049
8867,0.127500829,0.061932902,0.181161235,866345.8797
8868,0.12799988,0.061915037,0.187462336,869968.6621
8869,0.127500829,0.061932902,0.169759333,865536.6964
8870,0.12799988,0.061915037,0.176135,869084.7562
8871,0.127500829,0.061932902,0.158358337,862871.4428
8872,0.12799988,0.061915037,0.164808334,866994.4575
8873,0.127500829,0.061932902,0.146960673,859482.7059
8874,0.12799988,0.061915037,0.153484004,866400.6313
8875,0.127500829,0.061932902,0.135560008,851281.1866
8876,0.12799988,0.061915037,0.142159673,861815.2902
8877,0.127500829,0.061932902,0.124157008,842613.4188
8878,0.12799988,0.061915037,0.130833008,850604.9584
8879,0.127500829,0.061932902,0.112756002,839549.8655
8880,0.12799988,0.061915037,0.119506337,840259.0612
8881,0.127500829,0.061932902,0.101355001,865608.5315
8882,0.12799988,0.061915037,0.108181666,840888.8149
8883,0.127500829,0.061932902,0.089955338,873492.9973
8884,0.12799988,0.061915037,0.096855337,851542.4706
8885,0.127500829,0.061932902,0.078554337,0
8886,0.12799988,0.061915037,0.08553067,852123.0968
8887,0.127500829,0.061932902,0.067152674,862434.9698
8888,0.12799988,0.061915037,0.074204005,850026.0101
8889,0.127500829,0.061932902,0.055751673,853125.3772
8890,0.12799988,0.061915037,0.062877675,0
8891,0.127500829,0.061932902,0.044353668,824488.0589
8892,0.12799988,0.061915037,0.051553004,826358.711
8893,0.127500829,0.061932902,0.032954005,811048.3598
8894,0.12799988,0.061915037,0.04022967,0
8895,0.127500829,0.061932902,0.021551331,-70852.85888
8896,0.12799988,0.061915037,0.028903336,0
8897,0.127500829,0.061932902,0.010149343,952966.1469
8898,0.12799988,0.061915037,0.017575002,771144.34
8899,0.12799988,0.061915037,0.00625001,0
8900,0.128998917,0.061915037,0.561206665,875731.533
8901,0.128998917,0.061915037,0.54988033,875004.5025
8902,0.129498901,0.061932902,0.557381999,0
8903,0.128998917,0.061915037,0.538555013,874182.8008
8904,0.129498901,0.061932902,0.545980347,0
8905,0.128998917,0.061915037,0.527230672,873434.2472
8906,0.129498901,0.061932902,0.534580688,0
8907,0.128998917,0.061915037,0.515903992,872861.9175
8908,0.129498901,0.061932902,0.523179667,0
8909,0.128998917,0.061915037,0.504580332,872582.0702
8910,0.129498901,0.061932902,0.511779663,0
8911,0.128998917,0.061915037,0.493255666,872446.8403
8912,0.129498901,0.061932902,0.500381663,866364.6457
8913,0.128998917,0.061915037,0.481927348,872526.258
8914,0.129498901,0.061932902,0.488979004,866261.655
8915,0.128998917,0.061915037,0.470603017,872761.7544
8916,0.129498901,0.061932902,0.477577352,866286.6078
8917,0.128998917,0.061915037,0.459278015,873033.0285
8918,0.129498901,0.061932902,0.466178345,866318.9982
8919,0.128998917,0.061915037,0.447951345,873215.5373
8920,0.129498901,0.061932902,0.454778015,866324.9148
8921,0.128998917,0.061915037,0.436622009,873011.2896
8922,0.129498901,0.061932902,0.443374339,866388.8456
8923,0.128998917,0.061915037,0.425298686,872622.3008
8924,0.129498901,0.061932902,0.43197168,866250.0898
8925,0.128998917,0.061915037,0.413974345,872026.9584
8926,0.129498901,0.061932902,0.420574015,869074.2143
8927,0.128998917,0.061915037,0.402647675,871786.3618
8928,0.129498901,0.061932902,0.409173004,868637.7846
8929,0.128998917,0.061915037,0.391323008,871997.5905
8930,0.129498901,0.061932902,0.39777301,868528.4689
8931,0.128998917,0.061915037,0.379996399,872472.9438
8932,0.129498901,0.061932902,0.386371999,868713.5621
8933,0.128998917,0.061915037,0.368671,873186.893
8934,0.129498901,0.061932902,0.374970296,869156.6372
8935,0.128998917,0.061915037,0.357346436,873991.3343
8936,0.129498901,0.061932902,0.363570394,869787.9023
8937,0.128998917,0.061915037,0.34602181,874996.6001
8938,0.129498901,0.061932902,0.352171407,870586.7432
8939,0.128998917,0.061915037,0.334695333,875280.1032
8940,0.129498901,0.061932902,0.340771444,871488.9145
8941,0.128998917,0.061915037,0.323366994,874847.7763
8942,0.129498901,0.061932902,0.329368734,871641.927
8943,0.128998917,0.061915037,0.312043335,874024.2795
8944,0.129498901,0.061932902,0.317966929,871198.3842
8945,0.128998917,0.061915037,0.300718709,873558.2569
8946,0.129498901,0.061932902,0.306568868,870611.0107
8947,0.128998917,0.061915037,0.289392232,873751.9435
8948,0.129498901,0.061932902,0.295167979,870206.5106
8949,0.128998917,0.061915037,0.278065745,874149.2045
8950,0.129498901,0.061932902,0.283766184,870427.3872
8951,0.128998917,0.061915037,0.26674117,876108.1417
8952,0.129498901,0.061932902,0.272365326,871220.5563
8953,0.128998917,0.061915037,0.255414673,878212.2121
8954,0.129498901,0.061932902,0.260965403,872905.63
8955,0.128998917,0.061915037,0.244088206,878168.4658
8956,0.129498901,0.061932902,0.24956454,874011.0177
8957,0.128998917,0.061915037,0.232764531,876657.3086
8958,0.129498901,0.061932902,0.238164602,873693.5987
8959,0.128998917,0.061915037,0.2214381,873662.7316
8960,0.129498901,0.061932902,0.226764699,871764.1248
8961,0.128998917,0.061915037,0.210111603,871123.2693
8962,0.129498901,0.061932902,0.215361969,869283.9846
8963,0.128998917,0.061915037,0.198787003,870216.0049
8964,0.129498901,0.061932902,0.203962036,867527.2448
8965,0.128998917,0.061915037,0.187462336,869968.6621
8966,0.129498901,0.061932902,0.192563034,866303.5296
8967,0.128998917,0.061915037,0.176135,869084.7562
8968,0.129498901,0.061932902,0.181161235,866345.8797
8969,0.128998917,0.061915037,0.164808334,866994.4575
8970,0.129498901,0.061932902,0.169759333,865536.6964
8971,0.128998917,0.061915037,0.153484004,866400.6313
8972,0.129498901,0.061932902,0.158358337,0
8973,0.128998917,0.061915037,0.142159673,861815.2902
8974,0.129498901,0.061932902,0.146960673,0
8975,0.128998917,0.061915037,0.130833008,850604.9584
8976,0.129498901,0.061932902,0.135560008,877780.7119
8977,0.128998917,0.061915037,0.119506337,840259.0612
8978,0.129498901,0.061932902,0.124157008,842613.4188
8979,0.128998917,0.061915037,0.108181666,840888.8149
8980,0.129498901,0.061932902,0.112756002,839549.8655
8981,0.128998917,0.061915037,0.096855337,851542.4706
8982,0.129498901,0.061932902,0.101355001,865608.5315
8983,0.128998917,0.061915037,0.08553067,852123.0968
8984,0.129498901,0.061932902,0.089955338,873492.9973
8985,0.128998917,0.061915037,0.074204005,850026.0101
8986,0.129498901,0.061932902,0.078554337,0
8987,0.128998917,0.061915037,0.062877675,0
8988,0.129498901,0.061932902,0.067152674,862434.9698
8989,0.128998917,0.061915037,0.051553004,826358.711
8990,0.129498901,0.061932902,0.055751673,853125.3772
8991,0.128998917,0.061915037,0.04022967,0
8992,0.129498901,0.061932902,0.044353668,824488.0589
8993,0.128998917,0.061915037,0.028903336,0
8994,0.129498901,0.061932902,0.032954005,811048.3598
8995,0.128998917,0.061915037,0.017575002,771144.34
8996,0.129498901,0.061932902,0.021551331,-70852.85888
8997,0.128998917,0.061915037,0.00625001,0
8998,0.129498901,0.061932902,0.010149343,952966.1469
8999,0.130498871,0.062000702,0.561133341,872372.1407
9000,0.130498871,0.062000702,0.549581014,871683.9352
9001,0.130998856,0.062050636,0.55723234,0
9002,0.130498871,0.062000702,0.538029683,870830.8109
9003,0.130998856,0.062050636,0.545604675,0
9004,0.130498871,0.062000702,0.526480672,869987.7895
9005,0.130998856,0.062050636,0.533980672,0
9006,0.130498871,0.062000702,0.514929993,869329.5414
9007,0.130998856,0.062050636,0.522355326,0
9008,0.130498871,0.062000702,0.503380666,869013.3776
9009,0.130998856,0.062050636,0.510729665,0
9010,0.130498871,0.062000702,0.491828339,868916.9572
9011,0.130998856,0.062050636,0.499104004,904573.9438
9012,0.130498871,0.062000702,0.480277679,869050.5284
9013,0.130998856,0.062050636,0.48747701,904590.6665
9014,0.130498871,0.062000702,0.468728007,869293.8242
9015,0.130998856,0.062050636,0.475853007,904751.6222
9016,0.130498871,0.062000702,0.457177348,869502.3871
9017,0.130998856,0.062050636,0.46422701,904992.186
9018,0.130498871,0.062000702,0.445626007,869622.2693
9019,0.130998856,0.062050636,0.452602346,905082.5577
9020,0.130498871,0.062000702,0.434073344,869429.9259
9021,0.130998856,0.062050636,0.440975342,904852.4935
9022,0.130498871,0.062000702,0.42252301,869074.2143
9023,0.130998856,0.062050636,0.429349345,904304.6153
9024,0.130498871,0.062000702,0.410972341,868637.7846
9025,0.130998856,0.062050636,0.417722677,903622.0048
9026,0.130498871,0.062000702,0.399424337,868528.4689
9027,0.130998856,0.062050636,0.406098338,903060.1814
9028,0.130498871,0.062000702,0.387871999,868713.5621
9029,0.130998856,0.062050636,0.394474335,0
9030,0.130498871,0.062000702,0.376319631,869156.6372
9031,0.130998856,0.062050636,0.382845734,0
9032,0.130498871,0.062000702,0.364769999,869787.9023
9033,0.130998856,0.062050636,0.37121994,0
9034,0.130498871,0.062000702,0.353221273,870586.7432
9035,0.130998856,0.062050636,0.359595907,0
9036,0.130498871,0.062000702,0.341670675,871488.9145
9037,0.130998856,0.062050636,0.347970907,867142.2949
9038,0.130498871,0.062000702,0.330119171,871641.927
9039,0.130998856,0.062050636,0.336345001,867719.174
9040,0.130498871,0.062000702,0.318568604,871198.3842
9041,0.130998856,0.062050636,0.324719106,868059.4937
9042,0.130498871,0.062000702,0.307017995,870611.0107
9043,0.130998856,0.062050636,0.313094137,868262.5875
9044,0.130498871,0.062000702,0.295468343,870206.5106
9045,0.130998856,0.062050636,0.301468201,867936.1006
9046,0.130498871,0.062000702,0.283915904,870427.3872
9047,0.130998856,0.062050636,0.289842316,867738.1014
9048,0.130498871,0.062000702,0.272365326,871220.5563
9049,0.130998856,0.062050636,0.278215464,868240.0835
9050,0.130498871,0.062000702,0.260815674,872905.63
9051,0.130998856,0.062050636,0.266591441,868599.8194
9052,0.130498871,0.062000702,0.249265106,874011.0177
9053,0.130998856,0.062050636,0.25496551,869095.1112
9054,0.130498871,0.062000702,0.237714533,873693.5987
9055,0.130998856,0.062050636,0.243338704,869526.1159
9056,0.130498871,0.062000702,0.226164902,871764.1248
9057,0.130998856,0.062050636,0.231714666,869548.0176
9058,0.130498871,0.062000702,0.214612437,869283.9846
9059,0.130998856,0.062050636,0.220088771,868559.5968
9060,0.130498871,0.062000702,0.203061869,867527.2448
9061,0.130998856,0.062050636,0.208461904,866828.7397
9062,0.130498871,0.062000702,0.191512202,866303.5296
9063,0.130998856,0.062050636,0.196836004,864416.1399
9064,0.130498871,0.062000702,0.179961568,866345.8797
9065,0.130998856,0.062050636,0.185211838,862681.7871
9066,0.130498871,0.062000702,0.168409002,865536.6964
9067,0.130998856,0.062050636,0.173585002,863141.8119
9068,0.130498871,0.062000702,0.156859339,862871.4428
9069,0.130998856,0.062050636,0.161959005,861515.6681
9070,0.130498871,0.062000702,0.145309006,859482.7059
9071,0.130998856,0.062050636,0.150333338,0
9072,0.130498871,0.062000702,0.13376034,851281.1866
9073,0.130998856,0.062050636,0.138708338,878456.4372
9074,0.130498871,0.062000702,0.122208008,842613.4188
9075,0.130998856,0.062050636,0.12708434,874880.6497
9076,0.130498871,0.062000702,0.110654338,839549.8655
9077,0.130998856,0.062050636,0.115455673,869118.3263
9078,0.130498871,0.062000702,0.099105337,843736.259
9079,0.130998856,0.062050636,0.103830338,865944.7775
9080,0.130498871,0.062000702,0.087556005,851969.7001
9081,0.130998856,0.062050636,0.09220634,866934.1699
9082,0.130498871,0.062000702,0.076003672,847670.24
9083,0.130998856,0.062050636,0.080580673,871252.6304
9084,0.130498871,0.062000702,0.06445134,839222.197
9085,0.130998856,0.062050636,0.068952006,863445.9064
9086,0.130498871,0.062000702,0.052903336,0
9087,0.130998856,0.062050636,0.057328003,855512.5664
9088,0.130498871,0.062000702,0.041352671,0
9089,0.130998856,0.062050636,0.045703669,832096.8312
9090,0.130498871,0.062000702,0.029802338,0
9091,0.130998856,0.062050636,0.034077006,833608.2534
9092,0.130498871,0.062000702,0.018250997,840533.1299
9093,0.130998856,0.062050636,0.022451335,-65735.29337
9094,0.130498871,0.062000702,0.006700002,0
9095,0.130998856,0.062050636,0.010825328,829764.4917
9096,0.13199883,0.062186236,0.561057007,869279.037
9097,0.13199883,0.062186236,0.549281677,868647.5751
9098,0.13249882,0.062271901,0.557082682,0
9099,0.13199883,0.062186236,0.537505005,867883.1063
9100,0.13249882,0.062271901,0.545231018,0
9101,0.13199883,0.062186236,0.525730326,867227.5017
9102,0.13249882,0.062271901,0.533380005,0
9103,0.13199883,0.062186236,0.513954661,866654.1794
9104,0.13249882,0.062271901,0.521529989,901926.9614
9105,0.13199883,0.062186236,0.502178345,866364.6457
9106,0.13249882,0.062271901,0.509680003,901429.2634
9107,0.13199883,0.062186236,0.490401672,866261.655
9108,0.13249882,0.062271901,0.497827342,901262.7693
9109,0.13199883,0.062186236,0.478627665,866286.6078
9110,0.13249882,0.062271901,0.485977,901263.777
9111,0.13199883,0.062186236,0.466852346,866318.9982
9112,0.13249882,0.062271901,0.474128001,901370.936
9113,0.13199883,0.062186236,0.455076681,866324.9148
9114,0.13249882,0.062271901,0.462277018,901449.9642
9115,0.13199883,0.062186236,0.443301005,866388.8456
9116,0.13249882,0.062271901,0.450426005,901443.9708
9117,0.13199883,0.062186236,0.43152535,866250.0898
9118,0.13249882,0.062271901,0.438575012,901219.5869
9119,0.13199883,0.062186236,0.419748006,866149.6656
9120,0.13249882,0.062271901,0.426724345,900767.8091
9121,0.13199883,0.062186236,0.407973999,866078.8245
9122,0.13249882,0.062271901,0.414873332,900239.9362
9123,0.13199883,0.062186236,0.396198334,866190.6655
9124,0.13249882,0.062271901,0.403023997,899794.4876
9125,0.13199883,0.062186236,0.384421071,866319.1066
9126,0.13249882,0.062271901,0.391171336,899611.5642
9127,0.13199883,0.062186236,0.372645508,866448.8864
9128,0.13249882,0.062271901,0.379320536,899696.8144
9129,0.13199883,0.062186236,0.360871745,866780.153
9130,0.13249882,0.062271901,0.367471405,899846.2384
9131,0.13199883,0.062186236,0.349095164,867142.2949
9132,0.13249882,0.062271901,0.355621368,0
9133,0.13199883,0.062186236,0.337318593,867719.174
9134,0.13249882,0.062271901,0.343768524,863573.4708
9135,0.13199883,0.062186236,0.325544871,868059.4937
9136,0.13249882,0.062271901,0.331918528,864155.653
9137,0.13199883,0.062186236,0.313770172,868262.5875
9138,0.13249882,0.062271901,0.320070404,864878.488
9139,0.13199883,0.062186236,0.30199174,867936.1006
9140,0.13249882,0.062271901,0.30821757,865512.042
9141,0.13199883,0.062186236,0.290216136,867738.1014
9142,0.13249882,0.062271901,0.296365702,865923.4401
9143,0.13199883,0.062186236,0.278441447,868240.0835
9144,0.13249882,0.062271901,0.284515706,865766.3743
9145,0.13199883,0.062186236,0.266667704,868599.8194
9146,0.13249882,0.062271901,0.272667572,865235.3262
9147,0.13199883,0.062186236,0.254889242,869095.1112
9148,0.13249882,0.062271901,0.260815669,864639.7715
9149,0.13199883,0.062186236,0.243112707,869526.1159
9150,0.13249882,0.062271901,0.24896284,864667.5258
9151,0.13199883,0.062186236,0.231338969,869548.0176
9152,0.13249882,0.062271901,0.237112839,865242.8681
9153,0.13199883,0.062186236,0.219564306,868559.5968
9154,0.13249882,0.062271901,0.22526474,866174.3561
9155,0.13199883,0.062186236,0.207785838,866828.7397
9156,0.13249882,0.062271901,0.213411906,865825.8888
9157,0.13199883,0.062186236,0.196010208,864416.1399
9158,0.13249882,0.062271901,0.201560008,863932.3604
9159,0.13199883,0.062186236,0.184235408,862681.7871
9160,0.13249882,0.062271901,0.189709976,861257.5777
9161,0.13199883,0.062186236,0.172460673,863141.8119
9162,0.13249882,0.062271901,0.177860809,859792.6812
9163,0.13199883,0.062186236,0.160683334,861515.6681
9164,0.13249882,0.062271901,0.166009003,858771.1426
9165,0.13199883,0.062186236,0.148907669,856667.0852
9166,0.13249882,0.062271901,0.154158,855504.2503
9167,0.13199883,0.062186236,0.137132004,851555.8932
9168,0.13249882,0.062271901,0.142307002,881558.2333
9169,0.13199883,0.062186236,0.125358337,847453.7232
9170,0.13249882,0.062271901,0.130458003,878147.8666
9171,0.13199883,0.062186236,0.113581004,842706.023
9172,0.13249882,0.062271901,0.118607335,875262.6776
9173,0.13199883,0.062186236,0.101805003,841168.3188
9174,0.13249882,0.062271901,0.106754333,871378.598
9175,0.13199883,0.062186236,0.090031342,846779.481
9176,0.13249882,0.062271901,0.094905004,867954.9155
9177,0.13199883,0.062186236,0.078255671,849835.9009
9178,0.13249882,0.062271901,0.083056005,865893.4654
9179,0.13199883,0.062186236,0.066476339,839219.4561
9180,0.13249882,0.062271901,0.071203003,863716.6755
9181,0.13199883,0.062186236,0.054702667,0
9182,0.13249882,0.062271901,0.059350337,845990.2271
9183,0.13199883,0.062186236,0.042929001,0
9184,0.13249882,0.062271901,0.047503332,846199.6582
9185,0.13199883,0.062186236,0.031152339,810111.0208
9186,0.13249882,0.062271901,0.035653336,853846.756
9187,0.13199883,0.062186236,0.019374003,912400.7036
9188,0.13249882,0.062271901,0.023800339,-68062.42931
9189,0.13199883,0.062186236,0.007600332,1723684.658
9190,0.13249882,0.062271901,0.011948669,1106877.044
9191,0.1334988,0.062477168,0.560983683,866135.3057
9192,0.1334988,0.062477168,0.548981364,865593.7276
9193,0.133998789,0.062596769,0.556933024,899443.419
9194,0.1334988,0.062477168,0.536979004,865045.2387
9195,0.133998789,0.062596769,0.54485435,900979.5325
9196,0.1334988,0.062477168,0.524980998,864604.6461
9197,0.133998789,0.062596769,0.532780334,900196.0906
9198,0.1334988,0.062477168,0.512980326,864078.1878
9199,0.133998789,0.062596769,0.520705994,899511.2905
9200,0.1334988,0.062477168,0.500978007,863694.2879
9201,0.133998789,0.062596769,0.508629333,899013.6048
9202,0.1334988,0.062477168,0.488975993,863451.7047
9203,0.133998789,0.062596769,0.496551331,898761.5095
9204,0.1334988,0.062477168,0.476979329,863269.6542
9205,0.133998789,0.062596769,0.484477987,898663.9442
9206,0.1334988,0.062477168,0.464978343,863131.6463
9207,0.133998789,0.062596769,0.472404999,898588.9469
9208,0.1334988,0.062477168,0.452975667,863051.4572
9209,0.133998789,0.062596769,0.460327667,898487.5174
9210,0.1334988,0.062477168,0.440974345,863173.7957
9211,0.133998789,0.062596769,0.44825,898432.0071
9212,0.1334988,0.062477168,0.428974009,863280.549
9213,0.133998789,0.062596769,0.436174347,898362.5916
9214,0.1334988,0.062477168,0.416974996,863640.0204
9215,0.133998789,0.062596769,0.424099335,898168.6904
9216,0.1334988,0.062477168,0.404973328,863936.1766
9217,0.133998789,0.062596769,0.412024994,897969.9046
9218,0.1334988,0.062477168,0.392970673,864096.3142
9219,0.133998789,0.062596769,0.399947001,897784.3635
9220,0.1334988,0.062477168,0.380972137,863957.7898
9221,0.133998789,0.062596769,0.387872009,897680.3066
9222,0.1334988,0.062477168,0.3689723,863609.9112
9223,0.133998789,0.062596769,0.375798004,897483.9439
9224,0.1334988,0.062477168,0.356970693,863494.1371
9225,0.133998789,0.062596769,0.363721965,897082.8044
9226,0.1334988,0.062477168,0.344968129,863573.4708
9227,0.133998789,0.062596769,0.351644094,0
9228,0.1334988,0.062477168,0.332967468,864155.653
9229,0.133998789,0.062596769,0.339567139,860096.6973
9230,0.1334988,0.062477168,0.320970561,864878.488
9231,0.133998789,0.062596769,0.327493968,860879.9519
9232,0.1334988,0.062477168,0.308968038,865512.042
9233,0.133998789,0.062596769,0.315420797,862049.6477
9234,0.1334988,0.062477168,0.296965505,865923.4401
9235,0.133998789,0.062596769,0.30334201,863461.0788
9236,0.1334988,0.062477168,0.28496578,865766.3743
9237,0.133998789,0.062596769,0.291266012,863869.9048
9238,0.1334988,0.062477168,0.272967957,865235.3262
9239,0.133998789,0.062596769,0.279191905,863067.6374
9240,0.1334988,0.062477168,0.260965398,864639.7715
9241,0.133998789,0.062596769,0.267117818,861818.9079
9242,0.1334988,0.062477168,0.24896284,864667.5258
9243,0.133998789,0.062596769,0.255038971,860756.1989
9244,0.1334988,0.062477168,0.23696314,865242.8681
9245,0.133998789,0.062596769,0.242963008,860884.3331
9246,0.1334988,0.062477168,0.224964371,866174.3561
9247,0.133998789,0.062596769,0.230888901,862128.435
9248,0.1334988,0.062477168,0.212961843,865825.8888
9249,0.133998789,0.062596769,0.218813873,863428.6757
9250,0.1334988,0.062477168,0.200960205,863932.3604
9251,0.133998789,0.062596769,0.206735972,863113.1397
9252,0.1334988,0.062477168,0.188959544,861257.5777
9253,0.133998789,0.062596769,0.194659973,861276.2428
9254,0.1334988,0.062477168,0.176960805,859792.6812
9255,0.133998789,0.062596769,0.182584971,858774.9399
9256,0.1334988,0.062477168,0.164960002,858771.1426
9257,0.133998789,0.062596769,0.170511668,855723.3809
9258,0.1334988,0.062477168,0.152958333,855504.2503
9259,0.133998789,0.062596769,0.158434667,853521.1403
9260,0.1334988,0.062477168,0.140957667,851348.6164
9261,0.133998789,0.062596769,0.146358668,851592.6854
9262,0.1334988,0.062477168,0.128957336,849125.3639
9263,0.133998789,0.062596769,0.134282003,880335.7201
9264,0.1334988,0.062477168,0.116957667,845885.745
9265,0.133998789,0.062596769,0.122208003,877048.4546
9266,0.1334988,0.062477168,0.104955002,842631.2941
9267,0.133998789,0.062596769,0.110132004,874677.862
9268,0.1334988,0.062477168,0.092954336,841938.1266
9269,0.133998789,0.062596769,0.098055003,872273.8434
9270,0.1334988,0.062477168,0.080954336,843214.4372
9271,0.133998789,0.062596769,0.085979004,867633.3581
9272,0.1334988,0.062477168,0.068953669,839197.197
9273,0.133998789,0.062596769,0.073904668,855280.8706
9274,0.1334988,0.062477168,0.056951004,0
9275,0.133998789,0.062596769,0.061827672,847400.7548
9276,0.1334988,0.062477168,0.044951665,0
9277,0.133998789,0.062596769,0.049751668,849830.7341
9278,0.1334988,0.062477168,0.032952001,820751.4269
9279,0.133998789,0.062596769,0.037676,889351.5136
9280,0.1334988,0.062477168,0.020951004,943321.0478
9281,0.133998789,0.062596769,0.025601669,-63049.68259
9282,0.1334988,0.062477168,0.008948669,1645943.378
9283,0.133998789,0.062596769,0.013524668,1019109.57
9284,0.134998769,0.062870768,0.560907349,863150.3163
9285,0.134998769,0.062870768,0.54868101,862729.0529
9286,0.135498759,0.063025167,0.556782349,897147.5303
9287,0.134998769,0.062870768,0.536455343,862464.8744
9288,0.135498759,0.063025167,0.544480672,898929.6177
9289,0.134998769,0.062870768,0.524230326,862241.116
9290,0.135498759,0.063025167,0.532180339,898480.4764
9291,0.134998769,0.062870768,0.512005005,861900.6885
9292,0.135498759,0.063025167,0.51988033,898013.6644
9293,0.134998769,0.062870768,0.499776326,861359.8218
9294,0.135498759,0.063025167,0.507578674,897536.1234
9295,0.134998769,0.062870768,0.487553324,860844.7873
9296,0.135498759,0.063025167,0.495276326,897167.6204
9297,0.134998769,0.062870768,0.475329661,860330.7162
9298,0.135498759,0.063025167,0.482979329,896847.9717
9299,0.134998769,0.062870768,0.463103668,860076.2641
9300,0.135498759,0.063025167,0.470679006,896532.2846
9301,0.134998769,0.062870768,0.450875336,859946.3877
9302,0.135498759,0.063025167,0.458377004,896347.4416
9303,0.134998769,0.062870768,0.438648671,860224.8299
9304,0.135498759,0.063025167,0.446074005,896360.4
9305,0.134998769,0.062870768,0.426424998,860785.7552
9306,0.135498759,0.063025167,0.433773997,896554.6599
9307,0.134998769,0.062870768,0.414200002,861589.0761
9308,0.135498759,0.063025167,0.421475667,896775.6916
9309,0.134998769,0.062870768,0.401972341,862076.3348
9310,0.135498759,0.063025167,0.409173676,897023.8748
9311,0.134998769,0.062870768,0.389747681,861988.0204
9312,0.135498759,0.063025167,0.396871684,897079.1936
9313,0.134998769,0.062870768,0.377523946,861517.6046
9314,0.135498759,0.063025167,0.384573751,896798.4524
9315,0.134998769,0.062870768,0.365295369,860621.4515
9316,0.135498759,0.063025167,0.372271647,896045.7678
9317,0.134998769,0.062870768,0.353069702,860182.1751
9318,0.135498759,0.063025167,0.359969706,895041.5078
9319,0.134998769,0.062870768,0.340843038,860096.6973
9320,0.135498759,0.063025167,0.347669637,0
9321,0.134998769,0.062870768,0.328620107,860879.9519
9322,0.135498759,0.063025167,0.335369507,857078.4383
9323,0.134998769,0.062870768,0.31639443,862049.6477
9324,0.135498759,0.063025167,0.323070333,858038.9495
9325,0.134998769,0.062870768,0.304167806,863461.0788
9326,0.135498759,0.063025167,0.310767466,859707.3077
9327,0.134998769,0.062870768,0.291942088,863869.9048
9328,0.135498759,0.063025167,0.298467377,861184.5969
9329,0.134998769,0.062870768,0.279715434,863067.6374
9330,0.135498759,0.063025167,0.286165385,861317.9067
9331,0.134998769,0.062870768,0.267491628,861818.9079
9332,0.135498759,0.063025167,0.273865295,860066.1447
9333,0.134998769,0.062870768,0.255264974,860756.1989
9334,0.135498759,0.063025167,0.261565211,858532.1139
9335,0.134998769,0.062870768,0.243039271,860884.3331
9336,0.135498759,0.063025167,0.249265106,857511.7957
9337,0.134998769,0.062870768,0.230812632,862128.435
9338,0.135498759,0.063025167,0.236963135,857918.9584
9339,0.134998769,0.062870768,0.21858787,863428.6757
9340,0.135498759,0.063025167,0.224662099,859267.4911
9341,0.134998769,0.062870768,0.206362142,863113.1397
9342,0.135498759,0.063025167,0.21236201,860717.5711
9343,0.134998769,0.062870768,0.194135503,861276.2428
9344,0.135498759,0.063025167,0.200061905,860554.1803
9345,0.134998769,0.062870768,0.181909836,858774.9399
9346,0.135498759,0.063025167,0.187759939,858631.5691
9347,0.134998769,0.062870768,0.169686,855723.3809
9348,0.135498759,0.063025167,0.175460002,854614.7031
9349,0.134998769,0.062870768,0.157461004,853521.1403
9350,0.135498759,0.063025167,0.16316067,850989.8502
9351,0.134998769,0.062870768,0.14523467,851592.6854
9352,0.135498759,0.063025167,0.150860672,850245.7282
9353,0.134998769,0.062870768,0.133007004,849217.7071
9354,0.135498759,0.063025167,0.13855867,849320.4865
9355,0.134998769,0.062870768,0.120782338,846072.3227
9356,0.135498759,0.063025167,0.126256673,877084.9793
9357,0.134998769,0.062870768,0.108558339,844450.8932
9358,0.135498759,0.063025167,0.113958338,870413.7712
9359,0.134998769,0.062870768,0.096330007,841962.526
9360,0.135498759,0.063025167,0.101656342,871914.598
9361,0.134998769,0.062870768,0.084103338,836865.6207
9362,0.135498759,0.063025167,0.089353673,868831.5186
9363,0.134998769,0.062870768,0.071879339,829569.6085
9364,0.135498759,0.063025167,0.07705334,850379.1455
9365,0.134998769,0.062870768,0.059654673,819240.3842
9366,0.135498759,0.063025167,0.064755341,839214.403
9367,0.134998769,0.062870768,0.047427002,820451.3901
9368,0.135498759,0.063025167,0.052453339,861680.0147
9369,0.134998769,0.062870768,0.035200338,855239.7176
9370,0.135498759,0.063025167,0.040151337,881661.4425
9371,0.134998769,0.062870768,0.022976674,951819.4068
9372,0.135498759,0.063025167,0.027851344,-69814.43818
9373,0.134998769,0.062870768,0.01075,1762317.734
9374,0.135498759,0.063025167,0.015551341,1209583.765
9375,0.136497793,0.063369766,0.560833008,860239.9074
9376,0.136497793,0.063369766,0.548381673,859970.4343
9377,0.136996836,0.063559967,0.55663267,857670.1795
9378,0.136497793,0.063369766,0.535929993,859966.6136
9379,0.136996836,0.063559967,0.544105998,857612.0739
9380,0.136497793,0.063369766,0.523479004,859899.7855
9381,0.136996836,0.063559967,0.531578654,896810.0314
9382,0.136497793,0.063369766,0.511029683,859669.4398
9383,0.136996836,0.063559967,0.519054688,896649.7194
9384,0.136497793,0.063369766,0.498577667,859008.3063
9385,0.136996836,0.063559967,0.506528676,896178.1667
9386,0.136497793,0.063369766,0.486128001,858214.6896
9387,0.136996836,0.063559967,0.494003337,895511.3441
9388,0.136497793,0.063369766,0.473678009,857450.4089
9389,0.136996836,0.063559967,0.481477336,854032.8802
9390,0.136497793,0.063369766,0.461228343,857047.6924
9391,0.136996836,0.063559967,0.46895401,852976.8571
9392,0.136497793,0.063369766,0.448774343,857014.5459
9393,0.136996836,0.063559967,0.456427012,894070.2673
9394,0.136497793,0.063369766,0.436324666,857577.0682
9395,0.136996836,0.063559967,0.443899679,894205.2274
9396,0.136497793,0.063369766,0.423875,858647.5403
9397,0.136996836,0.063559967,0.431375,894782.9322
9398,0.136497793,0.063369766,0.411423014,859694.7112
9399,0.136996836,0.063559967,0.418848674,895479.1927
9400,0.136497793,0.063369766,0.398973348,860114.7489
9401,0.136996836,0.063559967,0.406323344,896060.8309
9402,0.136497793,0.063369766,0.386522746,859620.5954
9403,0.136996836,0.063559967,0.39379834,896024.4274
9404,0.136497793,0.063369766,0.374071045,858722.8807
9405,0.136996836,0.063559967,0.381272339,895220.4402
9406,0.136497793,0.063369766,0.361619385,857614.8278
9407,0.136996836,0.063559967,0.368744446,893805.1309
9408,0.136497793,0.063369766,0.349169607,857027.3199
9409,0.136996836,0.063559967,0.35621935,892283.2146
9410,0.136497793,0.063369766,0.336721639,857078.4383
9411,0.136996836,0.063559967,0.34369514,0
9412,0.136497793,0.063369766,0.324269938,858038.9495
9413,0.136996836,0.063559967,0.331171844,854530.2403
9414,0.136497793,0.063369766,0.311816396,859707.3077
9415,0.136996836,0.063559967,0.318642965,855602.2251
9416,0.136497793,0.063369766,0.299366608,861184.5969
9417,0.136996836,0.063559967,0.306115967,857315.431
9418,0.136497793,0.063369766,0.286914907,861317.9067
9419,0.136996836,0.063559967,0.293590841,858656.0766
9420,0.136497793,0.063369766,0.274465088,860066.1447
9421,0.136996836,0.063559967,0.281064748,858797.6008
9422,0.136497793,0.063369766,0.262015274,858532.1139
9423,0.136996836,0.063559967,0.268541484,857382.8072
9424,0.136497793,0.063369766,0.24956454,857511.7957
9425,0.136996836,0.063559967,0.25601447,855804.0032
9426,0.136497793,0.063369766,0.237112834,857918.9584
9427,0.136996836,0.063559967,0.243488403,854861.0165
9428,0.136497793,0.063369766,0.224660202,859267.4911
9429,0.136996836,0.063559967,0.230960434,855181.8945
9430,0.136497793,0.063369766,0.212212306,860717.5711
9431,0.136996836,0.063559967,0.218436269,856424.2062
9432,0.136497793,0.063369766,0.199762477,860554.1803
9433,0.136996836,0.063559967,0.20591301,858198.6357
9434,0.136497793,0.063369766,0.187310771,858631.5691
9435,0.136996836,0.063559967,0.193386907,858409.364
9436,0.136497793,0.063369766,0.174858337,854614.7031
9437,0.136996836,0.063559967,0.180859004,856051.9102
9438,0.136497793,0.063369766,0.162410339,850989.8502
9439,0.136996836,0.063559967,0.168334005,851649.5414
9440,0.136497793,0.063369766,0.149960673,850245.7282
9441,0.136996836,0.063559967,0.155810674,848415.8374
9442,0.136497793,0.063369766,0.137508672,849320.4865
9443,0.136996836,0.063559967,0.143284673,847514.6592
9444,0.136497793,0.063369766,0.125057007,845754.3602
9445,0.136996836,0.063559967,0.130757339,844658.1439
9446,0.136497793,0.063369766,0.112606339,841976.2032
9447,0.136996836,0.063559967,0.118230672,837387.9181
9448,0.136497793,0.063369766,0.100156342,843454.9572
9449,0.136996836,0.063559967,0.10570634,864496.6861
9450,0.136497793,0.063369766,0.087703674,837169.9962
9451,0.136996836,0.063559967,0.093180008,867058.86
9452,0.136497793,0.063369766,0.075254008,819399.0361
9453,0.136996836,0.063559967,0.080654007,852846.8975
9454,0.136497793,0.063369766,0.062804342,812478.6066
9455,0.136996836,0.063559967,0.068129008,841997.7311
9456,0.136497793,0.063369766,0.050352671,825921.2018
9457,0.136996836,0.063559967,0.055603007,854715.1437
9458,0.136497793,0.063369766,0.037902003,843654.281
9459,0.136996836,0.063559967,0.043077001,867468.4747
9460,0.136497793,0.063369766,0.025452011,960833.2614
9461,0.136996836,0.063559967,0.030551671,-71119.31315
9462,0.136497793,0.063369766,0.013000671,1740148.92
9463,0.136996836,0.063559967,0.018026672,1135103.191
9464,0.137995855,0.063971469,0.56075767,857670.1795
9465,0.137995855,0.063971469,0.548082336,857612.0739
9466,0.138495829,0.064192769,0.556483012,854913.1713
9467,0.137995855,0.063971469,0.535403666,857755.3231
9468,0.138495829,0.064192769,0.543731344,855234.2244
9469,0.137995855,0.063971469,0.522729675,857884.1078
9470,0.138495829,0.064192769,0.530979004,855421.6098
9471,0.137995855,0.063971469,0.510055674,857752.9512
9472,0.138495829,0.064192769,0.518231669,855652.9865
9473,0.137995855,0.063971469,0.497378011,857190.7333
9474,0.138495829,0.064192769,0.50547934,853041.4763
9475,0.137995855,0.063971469,0.484702006,856177.8683
9476,0.138495829,0.064192769,0.492727346,852707.5231
9477,0.137995855,0.063971469,0.472028341,855211.1881
9478,0.138495829,0.064192769,0.47997701,851936.0295
9479,0.137995855,0.063971469,0.459351685,854555.0685
9480,0.138495829,0.064192769,0.467227346,851181.0626
9481,0.137995855,0.063971469,0.44667568,854702.9213
9482,0.138495829,0.064192769,0.454475016,850798.3442
9483,0.137995855,0.063971469,0.434,855533.3677
9484,0.138495829,0.064192769,0.441725667,851149.7051
9485,0.137995855,0.063971469,0.421322337,856971.1711
9486,0.138495829,0.064192769,0.428973663,892780.0718
9487,0.137995855,0.063971469,0.408648336,857937.6371
9488,0.138495829,0.064192769,0.41622167,893847.6064
9489,0.137995855,0.063971469,0.395973328,858209.694
9490,0.138495829,0.064192769,0.403473328,894484.9589
9491,0.137995855,0.063971469,0.383297597,857438.1453
9492,0.138495829,0.064192769,0.390722992,894016.5467
9493,0.137995855,0.063971469,0.370620138,856393.815
9494,0.138495829,0.064192769,0.377971995,892625.687
9495,0.137995855,0.063971469,0.357944346,855193.1798
9496,0.138495829,0.064192769,0.365220072,890747.6171
9497,0.137995855,0.063971469,0.345270416,854571.3828
9498,0.138495829,0.064192769,0.352469879,889359.3599
9499,0.137995855,0.063971469,0.332594615,854530.2403
9500,0.138495829,0.064192769,0.339719686,852569.5179
9501,0.137995855,0.063971469,0.319918833,855602.2251
9502,0.138495829,0.064192769,0.326968577,852507.6189
9503,0.137995855,0.063971469,0.307242106,857315.431
9504,0.138495829,0.064192769,0.314218404,853121.9141
9505,0.137995855,0.063971469,0.294564443,858656.0766
9506,0.138495829,0.064192769,0.301466349,854412.721
9507,0.137995855,0.063971469,0.281890533,858797.6008
9508,0.138495829,0.064192769,0.288714294,855559.7079
9509,0.137995855,0.063971469,0.269216614,857382.8072
9510,0.138495829,0.064192769,0.275966003,855924.8505
9511,0.137995855,0.063971469,0.256540833,855804.0032
9512,0.138495829,0.064192769,0.263216766,854649.2401
9513,0.137995855,0.063971469,0.243862203,854861.0165
9514,0.138495829,0.064192769,0.250464701,852858.6613
9515,0.137995855,0.063971469,0.231186437,855181.8945
9516,0.138495829,0.064192769,0.237712636,851732.279
9517,0.137995855,0.063971469,0.218512538,856424.2062
9518,0.138495829,0.064192769,0.224962474,852114.8598
9519,0.137995855,0.063971469,0.205836736,858198.6357
9520,0.138495829,0.064192769,0.212212301,853292.904
9521,0.137995855,0.063971469,0.193161875,858409.364
9522,0.138495829,0.064192769,0.199461171,854802.0961
9523,0.137995855,0.063971469,0.180485336,856051.9102
9524,0.138495829,0.064192769,0.186712072,854419.1085
9525,0.137995855,0.063971469,0.167808334,851649.5414
9526,0.138495829,0.064192769,0.173959,852091.4579
9527,0.137995855,0.063971469,0.155134674,848415.8374
9528,0.138495829,0.064192769,0.161208669,847806.2318
9529,0.137995855,0.063971469,0.142458674,847514.6592
9530,0.138495829,0.064192769,0.148458674,843391.9869
9531,0.137995855,0.063971469,0.129781006,844658.1439
9532,0.138495829,0.064192769,0.13570634,840569.0385
9533,0.137995855,0.063971469,0.117105337,837387.9181
9534,0.138495829,0.064192769,0.122955338,837496.0976
9535,0.137995855,0.063971469,0.104430674,837375.6485
9536,0.138495829,0.064192769,0.110205338,834071.1138
9537,0.137995855,0.063971469,0.091756337,837763.5102
9538,0.138495829,0.064192769,0.097457006,854200.5819
9539,0.137995855,0.063971469,0.079078674,820086.6639
9540,0.138495829,0.064192769,0.084704671,850744.5589
9541,0.137995855,0.063971469,0.066403005,807218.837
9542,0.138495829,0.064192769,0.071952672,850991.4209
9543,0.137995855,0.063971469,0.053728338,822501.5606
9544,0.138495829,0.064192769,0.059203669,851248.7532
9545,0.137995855,0.063971469,0.041051666,836456.8653
9546,0.138495829,0.064192769,0.046452667,843278.9838
9547,0.137995855,0.063971469,0.028376668,940721.4273
9548,0.138495829,0.064192769,0.033701665,-63535.50682
9549,0.137995855,0.063971469,0.015700663,1589335.485
9550,0.138495829,0.064192769,0.020950999,1084409.145
9551,0.139495804,0.064672071,0.56068335,854913.1713
9552,0.139495804,0.064672071,0.547781026,855234.2244
9553,0.139995804,0.064930072,0.556332357,852235.7969
9554,0.139495804,0.064672071,0.534880005,855421.6098
9555,0.139995804,0.064930072,0.54335435,852694.2294
9556,0.139495804,0.064672071,0.521980998,855652.9865
9557,0.139995804,0.064930072,0.530380005,852983.2082
9558,0.139495804,0.064672071,0.509079997,855560.7453
9559,0.139995804,0.064930072,0.51740566,853190.5039
9560,0.139495804,0.064672071,0.496178345,855123.9183
9561,0.139995804,0.064930072,0.504429667,853041.4763
9562,0.139495804,0.064672071,0.483277344,854032.8802
9563,0.139995804,0.064930072,0.491453339,850507.2324
9564,0.139495804,0.064672071,0.470376007,852976.8571
9565,0.139995804,0.064930072,0.478477336,850373.215
9566,0.139495804,0.064672071,0.457474009,852335.5643
9567,0.139995804,0.064930072,0.465499339,850052.0674
9568,0.139495804,0.064672071,0.444574992,852772.0526
9569,0.139995804,0.064930072,0.452523997,849967.5768
9570,0.139495804,0.064672071,0.431674998,853752.42
9571,0.139995804,0.064930072,0.439550659,849699.9034
9572,0.139495804,0.064672071,0.418772675,854933.1561
9573,0.139995804,0.064930072,0.426574677,890405.5627
9574,0.139495804,0.064672071,0.40587266,855501.0407
9575,0.139995804,0.064930072,0.413598674,891521.0334
9576,0.139495804,0.064672071,0.392972666,855579.9327
9577,0.139995804,0.064930072,0.400622335,891802.5056
9578,0.139495804,0.064672071,0.380071767,854848.0783
9579,0.139995804,0.064930072,0.387647044,890933.1382
9580,0.139495804,0.064672071,0.367171061,854077.2341
9581,0.139995804,0.064930072,0.374670898,889158.1522
9582,0.139495804,0.064672071,0.354271139,853213.7629
9583,0.139995804,0.064930072,0.361696594,887473.467
9584,0.139495804,0.064672071,0.341369344,852569.5179
9585,0.139995804,0.064930072,0.348721334,851289.6472
9586,0.139495804,0.064672071,0.328467611,852507.6189
9587,0.139995804,0.064930072,0.335743306,850347.8446
9588,0.139495804,0.064672071,0.315568644,853121.9141
9589,0.139995804,0.064930072,0.322768107,850062.0505
9590,0.139495804,0.064672071,0.302665944,854412.721
9591,0.139995804,0.064930072,0.309791941,850138.6134
9592,0.139495804,0.064672071,0.289766052,855559.7079
9593,0.139995804,0.064930072,0.296815796,851073.763
9594,0.139495804,0.064672071,0.276865224,855924.8505
9595,0.139995804,0.064930072,0.283841512,852154.0441
9596,0.139495804,0.064672071,0.263966298,854649.2401
9597,0.139995804,0.064930072,0.270865367,852774.6104
9598,0.139495804,0.064672071,0.251064499,852858.6613
9599,0.139995804,0.064930072,0.257890162,851424.9782
9600,0.139495804,0.064672071,0.238162704,851732.279
9601,0.139995804,0.064930072,0.244912069,849564.6813
9602,0.139495804,0.064672071,0.22526474,852114.8598
9603,0.139995804,0.064930072,0.231938772,848522.9044
9604,0.139495804,0.064672071,0.212362005,853292.904
9605,0.139995804,0.064930072,0.218964508,848954.6939
9606,0.139495804,0.064672071,0.199461171,854802.0961
9607,0.139995804,0.064930072,0.20598644,850000.5876
9608,0.139495804,0.064672071,0.186561437,854419.1085
9609,0.139995804,0.064930072,0.193011241,850732.7524
9610,0.139495804,0.064672071,0.173659668,852091.4579
9611,0.139995804,0.064930072,0.18003537,850117.9525
9612,0.139495804,0.064672071,0.160756668,847806.2318
9613,0.139995804,0.064930072,0.167057002,847812.9953
9614,0.139495804,0.064672071,0.147858673,843391.9869
9615,0.139995804,0.064930072,0.154082672,842853.0909
9616,0.139495804,0.064672071,0.134957006,840569.0385
9617,0.139995804,0.064930072,0.141109339,835831.9731
9618,0.139495804,0.064672071,0.122055003,837496.0976
9619,0.139995804,0.064930072,0.128131337,831480.9426
9620,0.139495804,0.064672071,0.109156336,834071.1138
9621,0.139995804,0.064930072,0.115156001,828875.5971
9622,0.139495804,0.064672071,0.096255335,828475.909
9623,0.139995804,0.064930072,0.102180003,827954.7902
9624,0.139495804,0.064672071,0.083355672,823956.2134
9625,0.139995804,0.064930072,0.089205668,842934.9557
9626,0.139495804,0.064672071,0.070452672,817569.8061
9627,0.139995804,0.064930072,0.076229675,854824.1717
9628,0.139495804,0.064672071,0.057554001,815830.2551
9629,0.139995804,0.064930072,0.063253337,849854.4561
9630,0.139495804,0.064672071,0.044652334,830284.4327
9631,0.139995804,0.064930072,0.050278336,845169.1904
9632,0.139495804,0.064672071,0.031750666,920156.5906
9633,0.139995804,0.064930072,0.037300334,-53631.17586
9634,0.139495804,0.064672071,0.018850332,1921511.906
9635,0.139995804,0.064930072,0.024325002,1092597.956
9636,0.140995804,0.065479937,0.560607015,852235.7969
9637,0.140995804,0.065479937,0.547481344,852694.2294
9638,0.141495804,0.065771802,0.556182678,850002.1407
9639,0.140995804,0.065479937,0.53435435,852983.2082
9640,0.141495804,0.065771802,0.542981344,850269.0832
9641,0.140995804,0.065479937,0.521230672,853190.5039
9642,0.141495804,0.065771802,0.529780355,850733.769
9643,0.140995804,0.065479937,0.508106659,853041.4763
9644,0.141495804,0.065771802,0.516582001,850768.4887
9645,0.140995804,0.065479937,0.494979004,852707.5231
9646,0.141495804,0.065771802,0.503381002,850786.0775
9647,0.140995804,0.065479937,0.481852997,851936.0295
9648,0.141495804,0.065771802,0.49017867,848324.7674
9649,0.140995804,0.065479937,0.468727,851181.0626
9650,0.141495804,0.065771802,0.476979329,848747.7315
9651,0.140995804,0.065479937,0.455598338,850798.3442
9652,0.141495804,0.065771802,0.463776011,849287.2619
9653,0.140995804,0.065479937,0.442475332,851149.7051
9654,0.141495804,0.065771802,0.450574005,849087.4598
9655,0.140995804,0.065479937,0.429351685,851760.7088
9656,0.141495804,0.065771802,0.437376678,848164.0655
9657,0.140995804,0.065479937,0.416223674,852197.3513
9658,0.141495804,0.065771802,0.424174683,849582.0353
9659,0.140995804,0.065479937,0.403097677,852730.3367
9660,0.141495804,0.065771802,0.410973002,849417.1421
9661,0.140995804,0.065479937,0.389972046,852818.5625
9662,0.141495804,0.065771802,0.39777301,849837.7134
9663,0.140995804,0.065479937,0.376845968,852767.0295
9664,0.141495804,0.065771802,0.384571838,850304.1109
9665,0.140995804,0.065479937,0.363721965,852089.2353
9666,0.141495804,0.065771802,0.371371501,850707.783
9667,0.140995804,0.065479937,0.350596995,851289.6472
9668,0.141495804,0.065771802,0.35817217,850261.0445
9669,0.140995804,0.065479937,0.337469238,850347.8446
9670,0.141495804,0.065771802,0.344970937,849138.9536
9671,0.140995804,0.065479937,0.324343404,850062.0505
9672,0.141495804,0.065771802,0.33176884,848021.5784
9673,0.140995804,0.065479937,0.311217539,850138.6134
9674,0.141495804,0.065771802,0.318569539,847401.7721
9675,0.140995804,0.065479937,0.298091654,851073.763
9676,0.141495804,0.065771802,0.305367401,847139.7382
9677,0.140995804,0.065479937,0.284967662,852154.0441
9678,0.141495804,0.065771802,0.29216806,847491.4926
9679,0.140995804,0.065479937,0.271841797,852774.6104
9680,0.141495804,0.065771802,0.278967804,848323.2756
9681,0.140995804,0.065479937,0.258713099,851424.9782
9682,0.141495804,0.065771802,0.265765666,848918.1996
9683,0.140995804,0.065479937,0.245587204,849564.6813
9684,0.141495804,0.065771802,0.252562571,848007.1725
9685,0.140995804,0.065479937,0.232462301,848522.9044
9686,0.141495804,0.065771802,0.239361369,846255.6175
9687,0.140995804,0.065479937,0.219338338,848954.6939
9688,0.141495804,0.065771802,0.226162099,845255.2681
9689,0.140995804,0.065479937,0.206212443,850000.5876
9690,0.141495804,0.065771802,0.212961838,845493.0727
9691,0.140995804,0.065479937,0.193084676,850732.7524
9692,0.141495804,0.065771802,0.19976061,845975.1827
9693,0.140995804,0.065479937,0.17995904,850117.9525
9694,0.141495804,0.065771802,0.186558543,845900.583
9695,0.140995804,0.065479937,0.166833003,847812.9953
9696,0.141495804,0.065771802,0.173359339,845049.1318
9697,0.140995804,0.065479937,0.153707006,842853.0909
9698,0.141495804,0.065771802,0.160157003,842229.4851
9699,0.140995804,0.065479937,0.140584005,835831.9731
9700,0.141495804,0.065771802,0.146957672,836292.4328
9701,0.140995804,0.065479937,0.127458003,831480.9426
9702,0.141495804,0.065771802,0.133758336,827243.6707
9703,0.140995804,0.065479937,0.114330338,828875.5971
9704,0.141495804,0.065771802,0.120556005,822215.8589
9705,0.140995804,0.065479937,0.101204336,827954.7902
9706,0.141495804,0.065771802,0.107355006,820188.2356
9707,0.140995804,0.065479937,0.088080668,818578.8521
9708,0.141495804,0.065771802,0.094154668,822148.6425
9709,0.140995804,0.065479937,0.074953674,826543.2378
9710,0.141495804,0.065771802,0.080954671,845776.1892
9711,0.140995804,0.065479937,0.061828003,817732.5756
9712,0.141495804,0.065771802,0.067751338,851706.7812
9713,0.140995804,0.065479937,0.048702006,820813.5194
9714,0.141495804,0.065771802,0.054552338,839423.8747
9715,0.140995804,0.065479937,0.035574336,851065.8607
9716,0.141495804,0.065771802,0.041350006,-50129.16984
9717,0.140995804,0.065479937,0.022449341,1853054.253
9718,0.141495804,0.065771802,0.028149007,1102910.909
9719,0.14249767,0.066389468,0.560533671,850002.1407
9720,0.14249767,0.066389468,0.547182007,850269.0832
9721,0.142999537,0.066715268,0.556033,847650.9857
9722,0.14249767,0.066389468,0.533831014,850733.769
9723,0.142999537,0.066715268,0.542605672,847781.4847
9724,0.14249767,0.066389468,0.520481333,850768.4887
9725,0.142999537,0.066715268,0.529180664,847997.9666
9726,0.14249767,0.066389468,0.507129333,850786.0775
9727,0.142999537,0.066715268,0.515754323,848200.1234
9728,0.14249767,0.066389468,0.493780334,850507.2324
9729,0.142999537,0.066715268,0.502329,848172.4985
9730,0.14249767,0.066389468,0.480430339,850373.215
9731,0.142999537,0.066715268,0.48890567,848324.7674
9732,0.14249767,0.066389468,0.467077352,850052.0674
9733,0.142999537,0.066715268,0.47547935,847063.3319
9734,0.14249767,0.066389468,0.453724681,849967.5768
9735,0.142999537,0.066715268,0.462050354,847622.785
9736,0.14249767,0.066389468,0.440375682,849699.9034
9737,0.142999537,0.066715268,0.44862501,847286.9745
9738,0.14249767,0.066389468,0.427023682,849582.0353
9739,0.142999537,0.066715268,0.435199687,848164.0655
9740,0.14249767,0.066389468,0.41367334,849417.1421
9741,0.142999537,0.066715268,0.42177301,847114.8268
9742,0.14249767,0.066389468,0.400324666,849837.7134
9743,0.142999537,0.066715268,0.40834967,846692.4512
9744,0.14249767,0.066389468,0.386972799,850304.1109
9745,0.142999537,0.066715268,0.394924662,846934.4354
9746,0.14249767,0.066389468,0.373620972,850707.783
9747,0.142999537,0.066715268,0.381496399,847758.3192
9748,0.14249767,0.066389468,0.360271942,850261.0445
9749,0.142999537,0.066715268,0.368071208,848489.9424
9750,0.14249767,0.066389468,0.346920074,849138.9536
9751,0.142999537,0.066715268,0.354645905,848157.2153
9752,0.14249767,0.066389468,0.333568237,848021.5784
9753,0.142999537,0.066715268,0.341217773,846936.7873
9754,0.14249767,0.066389468,0.320218272,847401.7721
9755,0.142999537,0.066715268,0.327791534,845757.5167
9756,0.14249767,0.066389468,0.306869242,847139.7382
9757,0.142999537,0.066715268,0.314368113,844750.3173
9758,0.14249767,0.066389468,0.293517375,847491.4926
9759,0.142999537,0.066715268,0.30094281,844037.1134
9760,0.14249767,0.066389468,0.280167399,848323.2756
9761,0.142999537,0.066715268,0.287516571,843756.5781
9762,0.14249767,0.066389468,0.266815542,848918.1996
9763,0.142999537,0.066715268,0.274091268,844065.2332
9764,0.14249767,0.066389468,0.253462738,848007.1725
9765,0.142999537,0.066715268,0.260663142,844913.5835
9766,0.14249767,0.066389468,0.240110901,846255.6175
9767,0.142999537,0.066715268,0.247236903,844408.8148
9768,0.14249767,0.066389468,0.226761897,845255.2681
9769,0.142999537,0.066715268,0.23381163,842392.6645
9770,0.14249767,0.066389468,0.213411901,845493.0727
9771,0.142999537,0.066715268,0.220388199,841462.7553
9772,0.14249767,0.066389468,0.200060038,845975.1827
9773,0.142999537,0.066715268,0.206961934,841212.1066
9774,0.14249767,0.066389468,0.186709178,845900.583
9775,0.142999537,0.066715268,0.193534739,840719.8283
9776,0.14249767,0.066389468,0.173359339,845049.1318
9777,0.142999537,0.066715268,0.180109675,839382.8514
9778,0.14249767,0.066389468,0.160007334,842229.4851
9779,0.142999537,0.066715268,0.166683334,837878.7136
9780,0.14249767,0.066389468,0.14665567,836292.4328
9781,0.142999537,0.066715268,0.153255335,834495.2849
9782,0.14249767,0.066389468,0.133308004,827243.6707
9783,0.142999537,0.066715268,0.13983167,827610.9906
9784,0.14249767,0.066389468,0.11995634,822215.8589
9785,0.142999537,0.066715268,0.126408005,815320.7032
9786,0.14249767,0.066389468,0.10660434,820188.2356
9787,0.142999537,0.066715268,0.112980006,808301.6469
9788,0.14249767,0.066389468,0.093255671,822148.6425
9789,0.142999537,0.066715268,0.099554672,811823.4262
9790,0.14249767,0.066389468,0.079902669,816644.1065
9791,0.142999537,0.066715268,0.086129669,816792.9301
9792,0.14249767,0.066389468,0.066550003,818146.8017
9793,0.142999537,0.066715268,0.072700338,802494.8756
9794,0.14249767,0.066389468,0.053203003,808713.6247
9795,0.142999537,0.066715268,0.059277334,835305.0689
9796,0.14249767,0.066389468,0.039851008,812769.668
9797,0.142999537,0.066715268,0.045853673,-51165.92523
9798,0.14249767,0.066389468,0.026499339,1677117.229
9799,0.142999537,0.066715268,0.032425669,1620759.945
9800,0.144001404,0.067401703,0.560457336,847650.9857
9801,0.144001404,0.067401703,0.54688265,847781.4847
9802,0.144501404,0.067762337,0.555883321,845333.4558
9803,0.144001404,0.067401703,0.533304667,847997.9666
9804,0.144501404,0.067762337,0.542231995,845173.5203
9805,0.144001404,0.067401703,0.519728658,848200.1234
9806,0.144501404,0.067762337,0.528579671,845222.2559
9807,0.144001404,0.067401703,0.506153666,848172.4985
9808,0.144501404,0.067762337,0.514928335,845356.5142
9809,0.144001404,0.067401703,0.492579681,848324.7674
9810,0.144501404,0.067762337,0.501279012,845670.7023
9811,0.144001404,0.067401703,0.479003682,848747.7315
9812,0.144501404,0.067762337,0.487628682,846233.3023
9813,0.144001404,0.067401703,0.465426015,849287.2619
9814,0.144501404,0.067762337,0.473977346,847063.3319
9815,0.144001404,0.067401703,0.451850016,849087.4598
9816,0.144501404,0.067762337,0.460325348,847622.785
9817,0.144001404,0.067401703,0.438274679,848164.0655
9818,0.144501404,0.067762337,0.44667568,847286.9745
9819,0.144001404,0.067401703,0.42469868,847114.8268
9820,0.144501404,0.067762337,0.433024343,845972.6719
9821,0.144001404,0.067401703,0.411124674,846692.4512
9822,0.144501404,0.067762337,0.419374013,844697.5417
9823,0.144001404,0.067401703,0.397549662,846934.4354
9824,0.144501404,0.067762337,0.40572467,844001.2385
9825,0.144001404,0.067401703,0.383971934,847758.3192
9826,0.144501404,0.067762337,0.392073334,844071.6313
9827,0.144001404,0.067401703,0.370396006,848489.9424
9828,0.144501404,0.067762337,0.378421305,844733.1461
9829,0.144001404,0.067401703,0.356819102,848157.2153
9830,0.144501404,0.067762337,0.364769938,845264.8927
9831,0.144001404,0.067401703,0.343243164,846936.7873
9832,0.144501404,0.067762337,0.351118663,845099.4312
9833,0.144001404,0.067401703,0.329667165,845757.5167
9834,0.144501404,0.067762337,0.337469259,844269.1653
9835,0.144001404,0.067401703,0.316091207,844750.3173
9836,0.144501404,0.067762337,0.323816996,842979.3569
9837,0.144001404,0.067401703,0.302518117,844037.1134
9838,0.144501404,0.067762337,0.310167643,841834.6462
9839,0.144001404,0.067401703,0.288942149,843756.5781
9840,0.144501404,0.067762337,0.29651826,840597.4644
9841,0.144001404,0.067401703,0.275364309,844065.2332
9842,0.144501404,0.067762337,0.282866018,839398.9643
9843,0.144001404,0.067401703,0.261789312,844913.5835
9844,0.144501404,0.067762337,0.269214752,839178.8989
9845,0.144001404,0.067401703,0.248213333,844408.8148
9846,0.144501404,0.067762337,0.255565338,840379.77
9847,0.144001404,0.067401703,0.2346374,842392.6645
9848,0.144501404,0.067762337,0.241913101,840663.7365
9849,0.144001404,0.067401703,0.22106427,841462.7553
9850,0.144501404,0.067762337,0.228263738,838641.9401
9851,0.144001404,0.067401703,0.207486399,841212.1066
9852,0.144501404,0.067762337,0.214612437,836938.2577
9853,0.144001404,0.067401703,0.193910436,840719.8283
9854,0.144501404,0.067762337,0.2009602,836178.167
9855,0.144001404,0.067401703,0.180335668,839382.8514
9856,0.144501404,0.067762337,0.187310867,834569.0863
9857,0.144001404,0.067401703,0.16675767,837878.7136
9858,0.144501404,0.067762337,0.173659668,831879.4823
9859,0.144001404,0.067401703,0.153181,834495.2849
9860,0.144501404,0.067762337,0.160007334,828850.9254
9861,0.144001404,0.067401703,0.139607671,827610.9906
9862,0.144501404,0.067762337,0.146357335,825338.0956
9863,0.144001404,0.067401703,0.126032338,815320.7032
9864,0.144501404,0.067762337,0.132708338,818159.5836
9865,0.144001404,0.067401703,0.112455668,808301.6469
9866,0.144501404,0.067762337,0.119056335,808391.3737
9867,0.144001404,0.067401703,0.098878672,811823.4262
9868,0.144501404,0.067762337,0.105404002,804369.5822
9869,0.144001404,0.067401703,0.08530367,816792.9301
9870,0.144501404,0.067762337,0.091753672,799316.478
9871,0.144001404,0.067401703,0.071727005,802494.8756
9872,0.144501404,0.067762337,0.078103338,800436.4062
9873,0.144001404,0.067401703,0.058152003,799476.757
9874,0.144501404,0.067762337,0.06445134,775471.9251
9875,0.144001404,0.067401703,0.044578669,813554.6402
9876,0.144501404,0.067762337,0.050802668,-48940.15406
9877,0.144001404,0.067401703,0.031002004,1639555.991
9878,0.144501404,0.067762337,0.037152339,1583849.252
9879,0.145501373,0.068516571,0.560383993,845333.4558
9880,0.145501373,0.068516571,0.546582336,845173.5203
9881,0.146001343,0.068910172,0.555733663,842865.8211
9882,0.145501373,0.068516571,0.532780009,845222.2559
9883,0.146001343,0.068910172,0.541855347,842444.7656
9884,0.145501373,0.068516571,0.518979014,845356.5142
9885,0.146001343,0.068910172,0.527979675,842276.0287
9886,0.145501373,0.068516571,0.505177348,845670.7023
9887,0.146001343,0.068910172,0.514102681,842375.6252
9888,0.145501373,0.068516571,0.491377014,846233.3023
9889,0.146001343,0.068910172,0.500226349,843158.749
9890,0.145501373,0.068516571,0.477578003,847063.3319
9891,0.146001343,0.068910172,0.486352671,844065.765
9892,0.145501373,0.068516571,0.463776011,847622.785
9893,0.146001343,0.068910172,0.472477336,845002.8366
9894,0.145501373,0.068516571,0.449976013,847286.9745
9895,0.146001343,0.068910172,0.458601013,845461.5706
9896,0.145501373,0.068516571,0.436174998,845972.6719
9897,0.146001343,0.068910172,0.444725667,845194.0635
9898,0.145501373,0.068516571,0.422373016,844697.5417
9899,0.146001343,0.068910172,0.430848338,843720.1189
9900,0.145501373,0.068516571,0.408573008,844001.2385
9901,0.146001343,0.068910172,0.416972015,842250.7453
9902,0.145501373,0.068516571,0.394773,844071.6313
9903,0.146001343,0.068910172,0.403097666,841247.6113
9904,0.145501373,0.068516571,0.380971039,844733.1461
9905,0.146001343,0.068910172,0.389221334,841006.1925
9906,0.145501373,0.068516571,0.367169139,845264.8927
9907,0.146001343,0.068910172,0.37534494,841046.2638
9908,0.145501373,0.068516571,0.353370026,845099.4312
9909,0.146001343,0.068910172,0.361469666,841494.0411
9910,0.145501373,0.068516571,0.339570892,844269.1653
9911,0.146001343,0.068910172,0.347596161,841826.4226
9912,0.145501373,0.068516571,0.325768962,842979.3569
9913,0.146001343,0.068910172,0.333720764,841377.1697
9914,0.145501373,0.068516571,0.311967041,841834.6462
9915,0.146001343,0.068910172,0.31984257,839853.7002
9916,0.145501373,0.068516571,0.298167918,840597.4644
9917,0.146001343,0.068910172,0.305967173,838291.7808
9918,0.145501373,0.068516571,0.284365987,839398.9643
9919,0.146001343,0.068910172,0.292091777,836356.1716
9920,0.145501373,0.068516571,0.270564046,839178.8989
9921,0.146001343,0.068910172,0.278213572,834836.042
9922,0.145501373,0.068516571,0.256764938,840379.77
9923,0.146001343,0.068910172,0.264338206,834477.6318
9924,0.145501373,0.068516571,0.242964869,840663.7365
9925,0.146001343,0.068910172,0.250464701,835628.3267
9926,0.145501373,0.068516571,0.229162938,838641.9401
9927,0.146001343,0.068910172,0.236588369,836001.0363
9928,0.145501373,0.068516571,0.215361969,836938.2577
9929,0.146001343,0.068910172,0.222713003,833393.8739
9930,0.145501373,0.068516571,0.201560003,836178.167
9931,0.146001343,0.068910172,0.208835734,830877.0606
9932,0.145501373,0.068516571,0.187760035,834569.0863
9933,0.146001343,0.068910172,0.194959407,830063.5592
9934,0.145501373,0.068516571,0.173959,831879.4823
9935,0.146001343,0.068910172,0.181084167,827133.2187
9936,0.145501373,0.068516571,0.160157003,828850.9254
9937,0.146001343,0.068910172,0.16720667,823054.1308
9938,0.145501373,0.068516571,0.146357335,825338.0956
9939,0.146001343,0.068910172,0.153330668,818741.9516
9940,0.145501373,0.068516571,0.13255867,818159.5836
9941,0.146001343,0.068910172,0.139458003,816321.4758
9942,0.145501373,0.068516571,0.118756999,808391.3737
9943,0.146001343,0.068910172,0.125583333,809525.0175
9944,0.145501373,0.068516571,0.104955002,804369.5822
9945,0.146001343,0.068910172,0.111707331,801734.5096
9946,0.145501373,0.068516571,0.091153671,799316.478
9947,0.146001343,0.068910172,0.097829671,794325.5745
9948,0.145501373,0.068516571,0.077354004,800436.4062
9949,0.146001343,0.068910172,0.083954336,776830.1957
9950,0.145501373,0.068516571,0.063552007,775471.9251
9951,0.146001343,0.068910172,0.070078339,770959.3174
9952,0.145501373,0.068516571,0.049750671,824905.4212
9953,0.146001343,0.068910172,0.056200673,820346.1814
9954,0.145501373,0.068516571,0.035951004,1588346.742
9955,0.146001343,0.068910172,0.042325338,1554985.047
9956,0.147001312,0.069733139,0.560307678,842865.8211
9957,0.147001312,0.069733139,0.546280009,842444.7656
9958,0.147501312,0.070162506,0.555581014,840351.5535
9959,0.147001312,0.069733139,0.532254679,842276.0287
9960,0.147501312,0.070162506,0.541479675,839795.8483
9961,0.147001312,0.069733139,0.518228689,842375.6252
9962,0.147501312,0.070162506,0.527380025,839389.8634
9963,0.147001312,0.069733139,0.50420167,843158.749
9964,0.147501312,0.070162506,0.513278676,839743.5328
9965,0.147001312,0.069733139,0.490177673,844065.765
9966,0.147501312,0.070162506,0.499177338,840533.7555
9967,0.147001312,0.069733139,0.476154327,845002.8366
9968,0.147501312,0.070162506,0.485079997,841756.3173
9969,0.147001312,0.069733139,0.462126343,845461.5706
9970,0.147501312,0.070162506,0.470978333,842434.9248
9971,0.147001312,0.069733139,0.448100342,845194.0635
9972,0.147501312,0.070162506,0.456876017,842827.7236
9973,0.147001312,0.069733139,0.434073344,843720.1189
9974,0.147501312,0.070162506,0.442774679,842685.5849
9975,0.147001312,0.069733139,0.420047343,842250.7453
9976,0.147501312,0.070162506,0.42867335,841935.4821
9977,0.147001312,0.069733139,0.406021332,841247.6113
9978,0.147501312,0.070162506,0.414572001,840305.3509
9979,0.147001312,0.069733139,0.391996002,841006.1925
9980,0.147501312,0.070162506,0.400471334,838877.5288
9981,0.147001312,0.069733139,0.377970103,841046.2638
9982,0.147501312,0.070162506,0.38637087,837670.8223
9983,0.147001312,0.069733139,0.36394514,841494.0411
9984,0.147501312,0.070162506,0.372269775,837117.2471
9985,0.147001312,0.069733139,0.34992097,841826.4226
9986,0.147501312,0.070162506,0.358170308,837355.9532
9987,0.147001312,0.069733139,0.335895874,841377.1697
9988,0.147501312,0.070162506,0.344070811,838342.9607
9989,0.147001312,0.069733139,0.321867971,839853.7002
9990,0.147501312,0.070162506,0.329969472,838139.671
9991,0.147001312,0.069733139,0.307842834,838291.7808
9992,0.147501312,0.070162506,0.315868103,836586.5154
9993,0.147001312,0.069733139,0.293814901,836356.1716
9994,0.147501312,0.070162506,0.301766703,834002.6951
9995,0.147001312,0.069733139,0.279788859,834836.042
9996,0.147501312,0.070162506,0.287664398,832059.6162
9997,0.147001312,0.069733139,0.265763774,834477.6318
9998,0.147501312,0.070162506,0.273564901,830370.1859
9999,0.147001312,0.069733139,0.251737737,835628.3267
10000,0.147501312,0.070162506,0.259463542,829851.184
10001,0.147001312,0.069733139,0.237714533,836001.0363
10002,0.147501312,0.070162506,0.24536407,830443.2322
10003,0.147001312,0.069733139,0.2236866,833393.8739
10004,0.147501312,0.070162506,0.2312627,830635.0132
10005,0.147001312,0.069733139,0.209660573,830877.0606
10006,0.147501312,0.070162506,0.217160405,827005.9182
10007,0.147001312,0.069733139,0.195633606,830063.5592
10008,0.147501312,0.070162506,0.203059041,823618.774
10009,0.147001312,0.069733139,0.181607503,827133.2187
10010,0.147501312,0.070162506,0.18895757,822795.3849
10011,0.147001312,0.069733139,0.167582336,823054.1308
10012,0.147501312,0.070162506,0.174858002,820533.6312
10013,0.147001312,0.069733139,0.153554672,818741.9516
10014,0.147501312,0.070162506,0.160756673,814458.4439
10015,0.147001312,0.069733139,0.139532333,816321.4758
10016,0.147501312,0.070162506,0.14665567,810480.3704
10017,0.147001312,0.069733139,0.125509003,809525.0175
10018,0.147501312,0.070162506,0.13255867,810437.0742
10019,0.147001312,0.069733139,0.111481333,801734.5096
10020,0.147501312,0.070162506,0.11845667,803352.5939
10021,0.147001312,0.069733139,0.097456004,794325.5745
10022,0.147501312,0.070162506,0.104355337,798307.0305
10023,0.147001312,0.069733139,0.083428004,776830.1957
10024,0.147501312,0.070162506,0.090253672,774747.5748
10025,0.147001312,0.069733139,0.069403005,770959.3174
10026,0.147501312,0.070162506,0.076152339,751331.531
10027,0.147001312,0.069733139,0.055376673,820346.1814
10028,0.147501312,0.070162506,0.062052673,827925.6998
10029,0.147001312,0.069733139,0.041350006,1609237.607
10030,0.147501312,0.070162506,0.04795134,1629103.229
10031,0.148500346,0.071056074,0.560231344,840351.5535
10032,0.148500346,0.071056074,0.545980672,839795.8483
10033,0.148999379,0.071520274,0.555431335,838085.4256
10034,0.148500346,0.071056074,0.531731344,839389.8634
10035,0.148999379,0.071520274,0.541106995,837448.1793
10036,0.148500346,0.071056074,0.517479004,839743.5328
10037,0.148999379,0.071520274,0.526780334,837133.0872
10038,0.148500346,0.071056074,0.503227997,840533.7555
10039,0.148999379,0.071520274,0.512452657,837332.3154
10040,0.148500346,0.071056074,0.48897934,841756.3173
10041,0.148999379,0.071520274,0.498127675,838069.4727
10042,0.148500346,0.071056074,0.474728007,842434.9248
10043,0.148999379,0.071520274,0.483803345,839058.5979
10044,0.148500346,0.071056074,0.460474681,842827.7236
10045,0.148999379,0.071520274,0.469474681,839827.207
10046,0.148500346,0.071056074,0.446225688,842685.5849
10047,0.148999379,0.071520274,0.455150014,839975.7472
10048,0.148500346,0.071056074,0.431974681,841935.4821
10049,0.148999379,0.071520274,0.440825684,840043.7549
10050,0.148500346,0.071056074,0.417723338,840305.3509
10051,0.148999379,0.071520274,0.42650001,839782.5658
10052,0.148500346,0.071056074,0.403472331,838877.5288
10053,0.148999379,0.071520274,0.412173665,838746.3595
10054,0.148500346,0.071056074,0.389221202,837670.8223
10055,0.148999379,0.071520274,0.397847331,836751.9264
10056,0.148500346,0.071056074,0.374970276,837117.2471
10057,0.148999379,0.071520274,0.383520935,834561.2705
10058,0.148500346,0.071056074,0.360719218,837355.9532
10059,0.148999379,0.071520274,0.36919455,833215.2396
10060,0.148500346,0.071056074,0.346470011,838342.9607
10061,0.148999379,0.071520274,0.35486908,833404.3299
10062,0.148500346,0.071056074,0.332218943,838139.671
10063,0.148999379,0.071520274,0.340544545,834447.5892
10064,0.148500346,0.071056074,0.317966929,836586.5154
10065,0.148999379,0.071520274,0.326216268,834566.1999
10066,0.148500346,0.071056074,0.303715841,834002.6951
10067,0.148999379,0.071520274,0.311890798,832947.3518
10068,0.148500346,0.071056074,0.289463786,832059.6162
10069,0.148999379,0.071520274,0.297563426,829870.7233
10070,0.148500346,0.071056074,0.275216471,830370.1859
10071,0.148999379,0.071520274,0.283239817,827621.2751
10072,0.148500346,0.071056074,0.260965373,829851.184
10073,0.148999379,0.071520274,0.268917175,826179.7438
10074,0.148500346,0.071056074,0.246713369,830443.2322
10075,0.148999379,0.071520274,0.254588867,825544.9923
10076,0.148500346,0.071056074,0.232462306,830635.0132
10077,0.148999379,0.071520274,0.240263438,825306.5159
10078,0.148500346,0.071056074,0.218210271,827005.9182
10079,0.148999379,0.071520274,0.225936071,823863.2373
10080,0.148500346,0.071056074,0.203959208,823618.774
10081,0.148999379,0.071520274,0.211610606,818530.5732
10082,0.148500346,0.071056074,0.189708003,822795.3849
10083,0.148999379,0.071520274,0.197284205,815257.1307
10084,0.148500346,0.071056074,0.175457672,820533.6312
10085,0.148999379,0.071520274,0.182957606,816655.6011
10086,0.148500346,0.071056074,0.161206675,814458.4439
10087,0.148999379,0.071520274,0.168632009,814805.9135
10088,0.148500346,0.071056074,0.146956004,810480.3704
10089,0.148999379,0.071520274,0.154305008,808183.6291
10090,0.148500346,0.071056074,0.132708338,810437.0742
10091,0.148999379,0.071520274,0.139982335,804415.5429
10092,0.148500346,0.071056074,0.11845667,803352.5939
10093,0.148999379,0.071520274,0.125658671,796712.2167
10094,0.148500346,0.071056074,0.104204671,798307.0305
10095,0.148999379,0.071520274,0.111330668,793320.8389
10096,0.148500346,0.071056074,0.089953339,774747.5748
10097,0.148999379,0.071520274,0.097005005,777719.0175
10098,0.148500346,0.071056074,0.075702006,751331.531
10099,0.148999379,0.071520274,0.082677338,757102.6483
10100,0.148500346,0.071056074,0.061453008,827925.6998
10101,0.148999379,0.071520274,0.068353007,792073.2088
10102,0.148500346,0.071056074,0.047201004,1629103.229
10103,0.148999379,0.071520274,0.054026672,1272201.011
10104,0.149998413,0.072480705,0.560158,838085.4256
10105,0.149998413,0.072480705,0.545681315,837448.1793
10106,0.150498413,0.072976936,0.555281657,835553.1482
10107,0.149998413,0.072480705,0.531204997,837133.0872
10108,0.150498413,0.072976936,0.540730326,835070.3245
10109,0.149998413,0.072480705,0.516728658,837332.3154
10110,0.150498413,0.072976936,0.526179667,834952.5538
10111,0.149998413,0.072480705,0.502252675,838069.4727
10112,0.150498413,0.072976936,0.511628998,835030.2407
10113,0.149998413,0.072480705,0.48777769,839058.5979
10114,0.150498413,0.072976936,0.497078684,835370.6749
10115,0.149998413,0.072480705,0.473299347,839827.207
10116,0.150498413,0.072976936,0.482527018,835978.7883
10117,0.149998413,0.072480705,0.458825348,839975.7472
10118,0.150498413,0.072976936,0.467974681,836618.069
10119,0.149998413,0.072480705,0.444350016,840043.7549
10120,0.150498413,0.072976936,0.453425354,836735.7537
10121,0.149998413,0.072480705,0.429874674,839782.5658
10122,0.150498413,0.072976936,0.438873678,836786.0261
10123,0.149998413,0.072480705,0.415400675,838746.3595
10124,0.150498413,0.072976936,0.424325012,837224.9039
10125,0.149998413,0.072480705,0.400922668,836751.9264
10126,0.150498413,0.072976936,0.409774679,836802.0305
10127,0.149998413,0.072480705,0.386446401,834561.2705
10128,0.150498413,0.072976936,0.395222005,834715.0534
10129,0.149998413,0.072480705,0.371969442,833215.2396
10130,0.150498413,0.072976936,0.380670634,831591.5466
10131,0.149998413,0.072480705,0.357494242,833404.3299
10132,0.150498413,0.072976936,0.366119273,829445.4397
10133,0.149998413,0.072480705,0.343017171,834447.5892
10134,0.150498413,0.072976936,0.3515678,829040.8094
10135,0.149998413,0.072480705,0.328542002,834566.1999
10136,0.150498413,0.072976936,0.337017303,830042.1551
10137,0.149998413,0.072480705,0.314065867,832947.3518
10138,0.150498413,0.072976936,0.322467733,830374.102
10139,0.149998413,0.072480705,0.299588786,829870.7233
10140,0.150498413,0.072976936,0.30791627,828674.4846
10141,0.149998413,0.072480705,0.285115489,827621.2751
10142,0.150498413,0.072976936,0.293364817,825642.2641
10143,0.149998413,0.072480705,0.270640299,826179.7438
10144,0.150498413,0.072976936,0.278815267,823045.6624
10145,0.149998413,0.072480705,0.256164164,825544.9923
10146,0.150498413,0.072976936,0.264263794,822279.7733
10147,0.149998413,0.072480705,0.241687139,825306.5159
10148,0.150498413,0.072976936,0.249712367,821353.7531
10149,0.149998413,0.072480705,0.227211934,823863.2373
10150,0.150498413,0.072976936,0.23516187,819685.2497
10151,0.149998413,0.072480705,0.212736735,818530.5732
10152,0.150498413,0.072976936,0.220612264,813947.0511
10153,0.149998413,0.072480705,0.198259705,815257.1307
10154,0.150498413,0.072976936,0.206060837,806836.4273
10155,0.149998413,0.072480705,0.183783508,816655.6011
10156,0.150498413,0.072976936,0.191509405,805290.8604
10157,0.149998413,0.072480705,0.169305339,814805.9135
10158,0.150498413,0.072976936,0.176956904,811625.9062
10159,0.149998413,0.072480705,0.15483134,808183.6291
10160,0.150498413,0.072976936,0.162406336,809155.2413
10161,0.149998413,0.072480705,0.140358002,804415.5429
10162,0.150498413,0.072976936,0.147858002,803633.7151
10163,0.149998413,0.072480705,0.12588267,796712.2167
10164,0.150498413,0.072976936,0.133308004,790398.8546
10165,0.149998413,0.072480705,0.111406667,793320.8389
10166,0.150498413,0.072976936,0.118756668,774415.2163
10167,0.149998413,0.072480705,0.09692867,777719.0175
10168,0.150498413,0.072976936,0.104204336,767679.9492
10169,0.149998413,0.072480705,0.082453339,757102.6483
10170,0.150498413,0.072976936,0.089653005,767649.3004
10171,0.149998413,0.072480705,0.067977341,792073.2088
10172,0.150498413,0.072976936,0.075102341,808677.7602
10173,0.149998413,0.072480705,0.053501338,1272201.011
10174,0.150498413,0.072976936,0.060552007,1139222.972
10175,0.151498413,0.074004234,0.560081665,835553.1482
10176,0.151498413,0.074004234,0.545380005,835070.3245
10177,0.151998413,0.074535301,0.555131002,832909.4893
10178,0.151998413,0.074535301,0.540355672,832786.3071
10179,0.151998413,0.074535301,0.525580994,832735.4087
10180,0.151498413,0.074004234,0.530680664,834952.5538
10181,0.151998413,0.074535301,0.510804342,832738.5162
10182,0.151498413,0.074004234,0.515980337,835030.2407
10183,0.151998413,0.074535301,0.496028676,832577.0555
10184,0.151498413,0.074004234,0.501279012,835370.6749
10185,0.151998413,0.074535301,0.481251007,832626.0075
10186,0.151498413,0.074004234,0.486577677,835978.7883
10187,0.151998413,0.074535301,0.466475677,832917.9462
10188,0.151498413,0.074004234,0.471875682,836618.069
10189,0.151998413,0.074535301,0.451698344,833105.6349
10190,0.151498413,0.074004234,0.457174683,836735.7537
10191,0.151998413,0.074535301,0.436923004,833370.3902
10192,0.151498413,0.074004234,0.442472677,836786.0261
10193,0.151998413,0.074535301,0.422148346,833744.7909
10194,0.151498413,0.074004234,0.427774343,837224.9039
10195,0.151998413,0.074535301,0.407372681,833923.0288
10196,0.151498413,0.074004234,0.413073018,836802.0305
10197,0.151998413,0.074535301,0.392597005,832552.2676
10198,0.151498413,0.074004234,0.398373678,834715.0534
10199,0.151998413,0.074535301,0.377819499,829437.288
10200,0.151498413,0.074004234,0.383669566,831591.5466
10201,0.151998413,0.074535301,0.363045868,825816.5999
10202,0.151498413,0.074004234,0.368970398,829445.4397
10203,0.151998413,0.074535301,0.348268463,824513.0684
10204,0.151498413,0.074004234,0.3542683,829040.8094
10205,0.151998413,0.074535301,0.333494802,824910.2428
10206,0.151498413,0.074004234,0.339568095,830042.1551
10207,0.151998413,0.074535301,0.318719238,825187.7442
10208,0.151498413,0.074004234,0.324869741,830374.102
10209,0.151998413,0.074535301,0.303941803,824260.5643
10210,0.151498413,0.074004234,0.310167633,828674.4846
10211,0.151998413,0.074535301,0.28916626,821849.2179
10212,0.151498413,0.074004234,0.295466471,825642.2641
10213,0.151998413,0.074535301,0.274388824,819064.887
10214,0.151498413,0.074004234,0.280764384,823045.6624
10215,0.151998413,0.074535301,0.259613241,818132.028
10216,0.151498413,0.074004234,0.266063202,822279.7733
10217,0.151998413,0.074535301,0.244836772,817532.8583
10218,0.151498413,0.074004234,0.251362035,821353.7531
10219,0.151998413,0.074535301,0.230061203,811833.6109
10220,0.151498413,0.074004234,0.236661835,819685.2497
10221,0.151998413,0.074535301,0.215285634,802473.4597
10222,0.151498413,0.074004234,0.221961568,813947.0511
10223,0.151998413,0.074535301,0.200508265,794637.0694
10224,0.151498413,0.074004234,0.207260432,806836.4273
10225,0.151998413,0.074535301,0.185732803,797791.4732
10226,0.151498413,0.074004234,0.19255837,805290.8604
10227,0.151998413,0.074535301,0.170955332,804071.4287
10228,0.151498413,0.074004234,0.177857234,811625.9062
10229,0.151998413,0.074535301,0.156180669,800665.1015
10230,0.151498413,0.074004234,0.163156001,809155.2413
10231,0.151998413,0.074535301,0.141404999,794414.0271
10232,0.151498413,0.074004234,0.148457667,803633.7151
10233,0.151998413,0.074535301,0.126629339,770202.2034
10234,0.151498413,0.074004234,0.133755335,790398.8546
10235,0.151998413,0.074535301,0.111856669,745133.4632
10236,0.151498413,0.074004234,0.119056005,774415.2163
10237,0.151998413,0.074535301,0.097079336,756044.2075
10238,0.151498413,0.074004234,0.104355001,767679.9492
10239,0.151998413,0.074535301,0.08230367,802556.8365
10240,0.151498413,0.074004234,0.089653005,767649.3004
10241,0.151998413,0.074535301,0.067527339,1021742.24
10242,0.151498413,0.074004234,0.074952672,808677.7602
10243,0.151498413,0.074004234,0.060251673,1139222.972
10244,0.152998377,0.075634135,0.560007345,832909.4893
10245,0.152998377,0.075634135,0.545080668,832786.3071
10246,0.153498342,0.076201902,0.554981344,830432.385
10247,0.153498342,0.076201902,0.539980672,830197.4373
10248,0.153498342,0.076201902,0.524981689,830344.7417
10249,0.152998377,0.075634135,0.530156006,832735.4087
10250,0.153498342,0.076201902,0.509980347,830242.8458
10251,0.152998377,0.075634135,0.515230682,832738.5162
10252,0.153498342,0.076201902,0.494980001,829944.6691
10253,0.152998377,0.075634135,0.50030367,832577.0555
10254,0.153498342,0.076201902,0.479977336,829284.4885
10255,0.152998377,0.075634135,0.485378337,832626.0075
10256,0.153498342,0.076201902,0.464975667,828978.7573
10257,0.152998377,0.075634135,0.470450002,832917.9462
10258,0.153498342,0.076201902,0.449974345,829508.3589
10259,0.152998377,0.075634135,0.455525004,833105.6349
10260,0.153498342,0.076201902,0.434973684,829775.4668
10261,0.152998377,0.075634135,0.440598012,833370.3902
10262,0.153498342,0.076201902,0.419972005,830020.0247
10263,0.152998377,0.075634135,0.425672679,833744.7909
10264,0.153498342,0.076201902,0.404973328,830045.3729
10265,0.152998377,0.075634135,0.410747335,833923.0288
10266,0.153498342,0.076201902,0.389969666,829679.8735
10267,0.152998377,0.075634135,0.395822001,832552.2676
10268,0.153498342,0.076201902,0.374971039,827247.7364
10269,0.152998377,0.075634135,0.380894602,829437.288
10270,0.153498342,0.076201902,0.359969676,822955.1504
10271,0.152998377,0.075634135,0.365971405,825816.5999
10272,0.153498342,0.076201902,0.344969106,819936.5002
10273,0.152998377,0.075634135,0.351044301,824513.0684
10274,0.153498342,0.076201902,0.329970378,819257.1217
10275,0.152998377,0.075634135,0.336119975,824910.2428
10276,0.153498342,0.076201902,0.314967936,819293.6287
10277,0.152998377,0.075634135,0.321194702,825187.7442
10278,0.153498342,0.076201902,0.29996641,818908.5024
10279,0.152998377,0.075634135,0.306266642,824260.5643
10280,0.153498342,0.076201902,0.284964864,817836.2418
10281,0.152998377,0.075634135,0.291341359,821849.2179
10282,0.153498342,0.076201902,0.269964254,814874.1292
10283,0.152998377,0.075634135,0.276414205,819064.887
10284,0.153498342,0.076201902,0.254962708,813194.3667
10285,0.152998377,0.075634135,0.261488912,818132.028
10286,0.153498342,0.076201902,0.239962138,811386.7774
10287,0.152998377,0.075634135,0.246561773,817532.8583
10288,0.153498342,0.076201902,0.224960571,804690.3531
10289,0.152998377,0.075634135,0.231636505,811833.6109
10290,0.153498342,0.076201902,0.209959966,792618.031
10291,0.152998377,0.075634135,0.216709335,802473.4597
10292,0.153498342,0.076201902,0.194958466,784362.1737
10293,0.152998377,0.075634135,0.201784098,794637.0694
10294,0.153498342,0.076201902,0.179957835,790101.4719
10295,0.152998377,0.075634135,0.186857066,797791.4732
10296,0.153498342,0.076201902,0.164955343,794804.9923
10297,0.152998377,0.075634135,0.171931671,804071.4287
10298,0.153498342,0.076201902,0.149954005,788216.9949
10299,0.152998377,0.075634135,0.157003672,800665.1015
10300,0.153498342,0.076201902,0.134952337,782962.2869
10301,0.152998377,0.075634135,0.142078334,794414.0271
10302,0.153498342,0.076201902,0.119953674,752538.5702
10303,0.152998377,0.075634135,0.127153005,770202.2034
10304,0.153498342,0.076201902,0.104955007,734657.8291
10305,0.152998377,0.075634135,0.112230672,745133.4632
10306,0.153498342,0.076201902,0.089953339,743774.2696
10307,0.152998377,0.075634135,0.097305339,756044.2075
10308,0.153498342,0.076201902,0.074952667,1134229.438
10309,0.152998377,0.075634135,0.082378001,802556.8365
10310,0.152998377,0.075634135,0.067453003,1021742.24
10311,0.154498306,0.077369469,0.559932007,830432.385
10312,0.154498306,0.077369469,0.54478068,830197.4373
10313,0.154998306,0.077969269,0.55483134,827972.7277
10314,0.154998306,0.077969269,0.539606344,827925.1707
10315,0.154998306,0.077969269,0.524381673,827825.7486
10316,0.154498306,0.077369469,0.529632019,830344.7417
10317,0.154998306,0.077969269,0.509154663,827794.7254
10318,0.154498306,0.077369469,0.514481008,830242.8458
10319,0.154998306,0.077969269,0.493929342,827190.3697
10320,0.154498306,0.077369469,0.499330332,829944.6691
10321,0.154998306,0.077969269,0.478701681,826255.2909
10322,0.154498306,0.077369469,0.484178009,829284.4885
10323,0.154998306,0.077969269,0.46347701,825461.2197
10324,0.154498306,0.077369469,0.469026672,828978.7573
10325,0.154998306,0.077969269,0.448249349,825734.0355
10326,0.154498306,0.077369469,0.453875346,829508.3589
10327,0.154998306,0.077969269,0.433023682,826415.127
10328,0.154498306,0.077369469,0.438724019,829775.4668
10329,0.154998306,0.077969269,0.417796997,826194.8744
10330,0.154498306,0.077369469,0.423572673,830020.0247
10331,0.154998306,0.077969269,0.402572327,826086.59
10332,0.154498306,0.077369469,0.408422323,830045.3729
10333,0.154998306,0.077969269,0.387344666,826147.6304
10334,0.154498306,0.077369469,0.393270996,829679.8735
10335,0.154998306,0.077969269,0.372120076,824832.4103
10336,0.154498306,0.077369469,0.378119771,827247.7364
10337,0.154998306,0.077969269,0.356893514,820465.5349
10338,0.154498306,0.077369469,0.362969615,822955.1504
10339,0.154998306,0.077969269,0.341667877,815841.769
10340,0.154498306,0.077369469,0.34781838,819936.5002
10341,0.154998306,0.077969269,0.32644223,813705.1088
10342,0.154498306,0.077369469,0.332669006,819257.1217
10343,0.154998306,0.077969269,0.311214732,813483.7997
10344,0.154498306,0.077369469,0.317516836,819293.6287
10345,0.154998306,0.077969269,0.295990021,813850.7339
10346,0.154498306,0.077369469,0.302365601,818908.5024
10347,0.154998306,0.077969269,0.280762502,813212.0109
10348,0.154498306,0.077369469,0.287214335,817836.2418
10349,0.154998306,0.077969269,0.265536875,811327.8726
10350,0.154498306,0.077369469,0.27206308,814874.1292
10351,0.154998306,0.077969269,0.250310308,806913.4379
10352,0.154498306,0.077369469,0.256911845,813194.3667
10353,0.154998306,0.077969269,0.235085602,804329.2286
10354,0.154498306,0.077369469,0.241761536,811386.7774
10355,0.154998306,0.077969269,0.219858068,799174.7227
10356,0.154498306,0.077369469,0.22661027,804690.3531
10357,0.154998306,0.077969269,0.204633367,786191.9927
10358,0.154498306,0.077369469,0.211459,792618.031
10359,0.154998306,0.077969269,0.189406631,774154.5631
10360,0.154498306,0.077369469,0.196308701,784362.1737
10361,0.154998306,0.077969269,0.174181,777118.5225
10362,0.154498306,0.077369469,0.181157166,790101.4719
10363,0.154998306,0.077969269,0.158955673,780070.7359
10364,0.154498306,0.077369469,0.166005341,794804.9923
10365,0.154998306,0.077969269,0.143732671,771632.5523
10366,0.154498306,0.077369469,0.150856008,788216.9949
10367,0.154998306,0.077969269,0.128503337,760263.0106
10368,0.154498306,0.077369469,0.135704671,782962.2869
10369,0.154998306,0.077969269,0.113277669,0
10370,0.154498306,0.077369469,0.120551671,752538.5702
10371,0.154998306,0.077969269,0.098054672,698670.799
10372,0.154498306,0.077369469,0.105404007,734657.8291
10373,0.154998306,0.077969269,0.082828003,1136081.241
10374,0.154498306,0.077369469,0.090253672,743774.2696
10375,0.154498306,0.077369469,0.075102336,1134229.438
10376,0.155998271,0.079203702,0.55985734,827972.7277
10377,0.155998271,0.079203702,0.544480998,827925.1707
10378,0.156498235,0.079838336,0.554681335,825566.0889
10379,0.156498235,0.079838336,0.539230672,825594.2322
10380,0.156498235,0.079838336,0.523779012,825433.0849
10381,0.155998271,0.079203702,0.529105672,827825.7486
10382,0.156498235,0.079838336,0.508328674,825140.6031
10383,0.155998271,0.079203702,0.513728668,827794.7254
10384,0.156498235,0.079838336,0.49287735,824441.6967
10385,0.155998271,0.079203702,0.498353678,827190.3697
10386,0.156498235,0.079838336,0.477426676,823338.3169
10387,0.155998271,0.079203702,0.482976685,826255.2909
10388,0.156498235,0.079838336,0.461975006,822434.884
10389,0.155998271,0.079203702,0.46760201,825461.2197
10390,0.156498235,0.079838336,0.446523346,822341.4193
10391,0.155998271,0.079203702,0.452224009,825734.0355
10392,0.156498235,0.079838336,0.431072347,822918.9214
10393,0.155998271,0.079203702,0.436848348,826415.127
10394,0.156498235,0.079838336,0.415621674,822865.5053
10395,0.155998271,0.079203702,0.421472005,826194.8744
10396,0.156498235,0.079838336,0.400170003,822272.0064
10397,0.155998271,0.079203702,0.40609667,826086.59
10398,0.156498235,0.079838336,0.384719432,822521.4781
10399,0.155998271,0.079203702,0.39071933,826147.6304
10400,0.156498235,0.079838336,0.369268941,821820.6963
10401,0.155998271,0.079203702,0.375345072,824832.4103
10402,0.156498235,0.079838336,0.353817312,817780.4234
10403,0.155998271,0.079203702,0.359967845,820465.5349
10404,0.156498235,0.079838336,0.338366638,812081.7723
10405,0.155998271,0.079203702,0.344592478,815841.769
10406,0.156498235,0.079838336,0.322915029,809460.8872
10407,0.155998271,0.079203702,0.329215261,813705.1088
10408,0.156498235,0.079838336,0.307464335,808943.056
10409,0.155998271,0.079203702,0.313839895,813483.7997
10410,0.156498235,0.079838336,0.292013641,808880.6157
10411,0.155998271,0.079203702,0.298463593,813850.7339
10412,0.156498235,0.079838336,0.276563914,808432.2584
10413,0.155998271,0.079203702,0.283088236,813212.0109
10414,0.156498235,0.079838336,0.26111231,806199.3654
10415,0.155998271,0.079203702,0.267711975,811327.8726
10416,0.156498235,0.079838336,0.24566067,801527.4016
10417,0.155998271,0.079203702,0.252335673,806913.4379
10418,0.156498235,0.079838336,0.23020904,796648.299
10419,0.155998271,0.079203702,0.236959371,804329.2286
10420,0.156498235,0.079838336,0.214759303,794784.0623
10421,0.155998271,0.079203702,0.221583069,799174.7227
10422,0.156498235,0.079838336,0.19930957,781351.051
10423,0.155998271,0.079203702,0.206208669,786191.9927
10424,0.156498235,0.079838336,0.183856064,763727.6056
10425,0.155998271,0.079203702,0.190832199,774154.5631
10426,0.156498235,0.079838336,0.168404668,757042.6014
10427,0.155998271,0.079203702,0.17545433,777118.5225
10428,0.156498235,0.079838336,0.152958338,761098.8314
10429,0.155998271,0.079203702,0.16008167,780070.7359
10430,0.156498235,0.079838336,0.137506668,754056.5489
10431,0.155998271,0.079203702,0.144709005,771632.5523
10432,0.156498235,0.079838336,0.122053335,0
10433,0.155998271,0.079203702,0.129329,760263.0106
10434,0.156498235,0.079838336,0.106603338,0
10435,0.155998271,0.079203702,0.113953669,0
10436,0.156498235,0.079838336,0.091152669,1095501.775
10437,0.155998271,0.079203702,0.098578003,698670.799
10438,0.155998271,0.079203702,0.083203669,1136081.241
10439,0.157497269,0.081142436,0.559782003,825566.0889
10440,0.157497269,0.081142436,0.544180684,825594.2322
10441,0.157996338,0.081811902,0.554531677,822968.6094
10442,0.157996338,0.081811902,0.538856018,823087.8729
10443,0.157996338,0.081811902,0.523179342,822842.1492
10444,0.157497269,0.081142436,0.528579346,825433.0849
10445,0.157996338,0.081811902,0.507504679,822353.2559
10446,0.157497269,0.081142436,0.512979014,825140.6031
10447,0.157996338,0.081811902,0.491827342,821647.4711
10448,0.157497269,0.081142436,0.497378011,824441.6967
10449,0.157996338,0.081811902,0.476152344,820757.8296
10450,0.157497269,0.081142436,0.481776672,823338.3169
10451,0.157996338,0.081811902,0.460475006,819859.8511
10452,0.157497269,0.081142436,0.466175344,822434.884
10453,0.157996338,0.081811902,0.444800008,819364.66
10454,0.157497269,0.081142436,0.450574005,822341.4193
10455,0.157996338,0.081811902,0.429123342,819458.1887
10456,0.157497269,0.081142436,0.434973348,822918.9214
10457,0.157996338,0.081811902,0.413447673,819572.6604
10458,0.157497269,0.081142436,0.419372009,822865.5053
10459,0.157996338,0.081811902,0.397771006,818987.3024
10460,0.157497269,0.081142436,0.403770671,822272.0064
10461,0.157996338,0.081811902,0.382096375,818540.0555
10462,0.157497269,0.081142436,0.388170441,822521.4781
10463,0.157996338,0.081811902,0.366418701,817867.4775
10464,0.157497269,0.081142436,0.372569234,821820.6963
10465,0.157996338,0.081811902,0.350743907,814551.4134
10466,0.157497269,0.081142436,0.356967875,817780.4234
10467,0.157996338,0.081811902,0.335067291,809497.1692
10468,0.157497269,0.081142436,0.341367503,812081.7723
10469,0.157996338,0.081811902,0.319391561,806275.5049
10470,0.157497269,0.081142436,0.325766195,809460.8872
10471,0.157996338,0.081811902,0.303714864,804988.1478
10472,0.157497269,0.081142436,0.310164836,808943.056
10473,0.157996338,0.081811902,0.28804007,803934.0847
10474,0.157497269,0.081142436,0.294564412,808880.6157
10475,0.157996338,0.081811902,0.2723644,802299.2662
10476,0.157497269,0.081142436,0.278964976,808432.2584
10477,0.157996338,0.081811902,0.256687739,800828.8296
10478,0.157497269,0.081142436,0.263363673,806199.3654
10479,0.157996338,0.081811902,0.241011073,797018.4135
10480,0.157497269,0.081142436,0.247761373,801527.4016
10481,0.157996338,0.081811902,0.225335337,790916.8514
10482,0.157497269,0.081142436,0.232160039,796648.299
10483,0.157996338,0.081811902,0.209660568,788451.3191
10484,0.157497269,0.081142436,0.216560572,794784.0623
10485,0.157996338,0.081811902,0.193984833,776102.3458
10486,0.157497269,0.081142436,0.2009602,781351.051
10487,0.157996338,0.081811902,0.178308334,753547.4207
10488,0.157497269,0.081142436,0.185358068,763727.6056
10489,0.157996338,0.081811902,0.162633336,735927.9737
10490,0.157497269,0.081142436,0.169756668,757042.6014
10491,0.157996338,0.081811902,0.146958669,735839.2972
10492,0.157497269,0.081142436,0.154158005,761098.8314
10493,0.157996338,0.081811902,0.131281001,0
10494,0.157497269,0.081142436,0.138556666,754056.5489
10495,0.157996338,0.081811902,0.115606339,0
10496,0.157497269,0.081142436,0.122955338,0
10497,0.157996338,0.081811902,0.09992867,988846.5215
10498,0.157497269,0.081142436,0.107354004,0
10499,0.157497269,0.081142436,0.09175267,1095501.775
10500,0.158995407,0.083184769,0.559707682,822968.6094
10501,0.158995407,0.083184769,0.543880351,823087.8729
10502,0.159495407,0.083888168,0.554381022,820399.0246
10503,0.159495407,0.083888168,0.538480347,820282.5031
10504,0.159495407,0.083888168,0.522579671,819965.1021
10505,0.158995407,0.083184769,0.52805601,822842.1492
10506,0.159495407,0.083888168,0.506678996,819433.7768
10507,0.158995407,0.083184769,0.512228668,822353.2559
10508,0.159495407,0.083888168,0.49077833,818972.7573
10509,0.158995407,0.083184769,0.496404338,821647.4711
10510,0.159495407,0.083888168,0.474876668,818367.139
10511,0.158995407,0.083184769,0.480577006,820757.8296
10512,0.159495407,0.083888168,0.458975993,817563.7786
10513,0.158995407,0.083184769,0.464751668,819859.8511
10514,0.159495407,0.083888168,0.443075338,816714.9076
10515,0.158995407,0.083184769,0.448925334,819364.66
10516,0.159495407,0.083888168,0.427173676,816150.879
10517,0.158995407,0.083184769,0.433100006,819458.1887
10518,0.159495407,0.083888168,0.411272675,816184.8131
10519,0.158995407,0.083184769,0.417272675,819572.6604
10520,0.159495407,0.083888168,0.395371674,815748.1617
10521,0.158995407,0.083184769,0.401448008,818987.3024
10522,0.159495407,0.083888168,0.379470968,814382.9575
10523,0.158995407,0.083184769,0.385620605,818540.0555
10524,0.159495407,0.083888168,0.363570333,812907.5925
10525,0.158995407,0.083184769,0.369796204,817867.4775
10526,0.159495407,0.083888168,0.347669596,810855.5517
10527,0.158995407,0.083184769,0.353968862,814551.4134
10528,0.159495407,0.083888168,0.33176887,807492.161
10529,0.158995407,0.083184769,0.33814443,809497.1692
10530,0.159495407,0.083888168,0.315867137,803998.5822
10531,0.158995407,0.083184769,0.322317098,806275.5049
10532,0.159495407,0.083888168,0.29996637,801243.0527
10533,0.158995407,0.083184769,0.306491628,804988.1478
10534,0.159495407,0.083888168,0.284063741,798575.4915
10535,0.158995407,0.083184769,0.290665263,803934.0847
10536,0.159495407,0.083888168,0.268162048,796210.5703
10537,0.158995407,0.083184769,0.274837972,802299.2662
10538,0.159495407,0.083888168,0.252261276,794838.9451
10539,0.158995407,0.083184769,0.259012543,800828.8296
10540,0.159495407,0.083888168,0.23636054,792600.7378
10541,0.158995407,0.083184769,0.243186172,797018.4135
10542,0.159495407,0.083888168,0.220459773,784686.481
10543,0.158995407,0.083184769,0.227360738,790916.8514
10544,0.159495407,0.083888168,0.204559036,776960.6424
10545,0.158995407,0.083184769,0.211534368,788451.3191
10546,0.159495407,0.083888168,0.188658106,766774.8933
10547,0.158995407,0.083184769,0.195709869,776102.3458
10548,0.159495407,0.083888168,0.172757339,744505.7141
10549,0.158995407,0.083184769,0.179883336,753547.4207
10550,0.159495407,0.083888168,0.156856674,710803.7526
10551,0.158995407,0.083184769,0.164059006,735927.9737
10552,0.159495407,0.083888168,0.140956004,665130.6829
10553,0.158995407,0.083184769,0.148231669,735839.2972
10554,0.159495407,0.083888168,0.125055339,735269.0472
10555,0.158995407,0.083184769,0.132407338,0
10556,0.159495407,0.083888168,0.109153666,1179955.344
10557,0.158995407,0.083184769,0.116580002,0
10558,0.158995407,0.083184769,0.100754669,988846.5215
10559,0.160497274,0.085329768,0.559631348,820399.0246
10560,0.160497274,0.085329768,0.543581014,820282.5031
10561,0.16099914,0.086067968,0.554231344,817840.8833
10562,0.16099914,0.086067968,0.538106669,817176.8156
10563,0.16099914,0.086067968,0.521978984,816663.0874
10564,0.160497274,0.085329768,0.527529663,819965.1021
10565,0.16099914,0.086067968,0.505855326,816518.2265
10566,0.160497274,0.085329768,0.511479319,819433.7768
10567,0.16099914,0.086067968,0.489728668,816376.9944
10568,0.160497274,0.085329768,0.495428996,818972.7573
10569,0.16099914,0.086067968,0.473603668,816201.8455
10570,0.160497274,0.085329768,0.479377665,818367.139
10571,0.16099914,0.086067968,0.457476674,815396.2435
10572,0.160497274,0.085329768,0.463326996,817563.7786
10573,0.16099914,0.086067968,0.441351013,814046.0894
10574,0.160497274,0.085329768,0.447275675,816714.9076
10575,0.16099914,0.086067968,0.425224345,813058.6147
10576,0.160497274,0.085329768,0.431224345,816150.879
10577,0.16099914,0.086067968,0.409098338,812534.3034
10578,0.160497274,0.085329768,0.415173676,816184.8131
10579,0.16099914,0.086067968,0.392968669,812192.6674
10580,0.160497274,0.085329768,0.399121002,815748.1617
10581,0.16099914,0.086067968,0.376844004,810171.0765
10582,0.160497274,0.085329768,0.383069702,814382.9575
10583,0.16099914,0.086067968,0.360717265,808012.9289
10584,0.160497274,0.085329768,0.367019399,812907.5925
10585,0.16099914,0.086067968,0.344593404,806474.6593
10586,0.160497274,0.085329768,0.350968933,810855.5517
10587,0.16099914,0.086067968,0.328465708,804855.5437
10588,0.160497274,0.085329768,0.334918508,807492.161
10589,0.16099914,0.086067968,0.312339905,802395.1793
10590,0.160497274,0.085329768,0.318866109,803998.5822
10591,0.16099914,0.086067968,0.296214132,797633.8862
10592,0.160497274,0.085329768,0.302815674,801243.0527
10593,0.16099914,0.086067968,0.280087372,793558.0695
10594,0.160497274,0.085329768,0.286763306,798575.4915
10595,0.16099914,0.086067968,0.263961578,790054.0413
10596,0.160497274,0.085329768,0.270711884,796210.5703
10597,0.16099914,0.086067968,0.247834839,787679.0561
10598,0.160497274,0.085329768,0.254660477,794838.9451
10599,0.16099914,0.086067968,0.231709971,784517.9145
10600,0.160497274,0.085329768,0.238610006,792600.7378
10601,0.16099914,0.086067968,0.215584167,774912.8283
10602,0.160497274,0.085329768,0.22255954,784686.481
10603,0.16099914,0.086067968,0.1994593,759707.3764
10604,0.160497274,0.085329768,0.206509069,776960.6424
10605,0.16099914,0.086067968,0.183331406,756390.3706
10606,0.160497274,0.085329768,0.190457504,766774.8933
10607,0.16099914,0.086067968,0.167206675,726545.5749
10608,0.160497274,0.085329768,0.174406011,744505.7141
10609,0.16099914,0.086067968,0.151080002,655825.7529
10610,0.160497274,0.085329768,0.158355672,710803.7526
10611,0.16099914,0.086067968,0.13495634,644090.185
10612,0.160497274,0.085329768,0.142305339,665130.6829
10613,0.16099914,0.086067968,0.118828669,1194227.925
10614,0.160497274,0.085329768,0.126255005,735269.0472
10615,0.160497274,0.085329768,0.110202667,1179955.344
10616,0.162000977,0.087577334,0.559558004,817840.8833
10617,0.162000977,0.087577334,0.54328066,817176.8156
10618,0.162500946,0.088348501,0.554081665,815511.9607
10619,0.162500946,0.088348501,0.537730001,814303.6197
10620,0.162500946,0.088348501,0.521379333,813607.8675
10621,0.162000977,0.087577334,0.52700533,816663.0874
10622,0.162500946,0.088348501,0.505029327,813785.721
10623,0.162000977,0.087577334,0.510728994,816518.2265
10624,0.162500946,0.088348501,0.488679342,814170.2367
10625,0.162000977,0.087577334,0.494455332,816376.9944
10626,0.162500946,0.088348501,0.472326345,814305.3157
10627,0.162000977,0.087577334,0.47817868,816201.8455
10628,0.162500946,0.088348501,0.455974681,813471.9575
10629,0.162000977,0.087577334,0.461901011,815396.2435
10630,0.162500946,0.088348501,0.439624013,811607.0889
10631,0.162000977,0.087577334,0.445625682,814046.0894
10632,0.162500946,0.088348501,0.423273336,810217.2033
10633,0.162000977,0.087577334,0.429349345,813058.6147
10634,0.162500946,0.088348501,0.406920664,809244.0905
10635,0.162000977,0.087577334,0.413072998,812534.3034
10636,0.162500946,0.088348501,0.390568675,808352.0345
10637,0.162000977,0.087577334,0.396793671,812192.6674
10638,0.162500946,0.088348501,0.37421874,806404.8911
10639,0.162000977,0.087577334,0.380517975,810171.0765
10640,0.162500946,0.088348501,0.357868968,803607.764
10641,0.162000977,0.087577334,0.364242635,808012.9289
10642,0.162500946,0.088348501,0.341518138,802162.4269
10643,0.162000977,0.087577334,0.347968068,806474.6593
10644,0.162500946,0.088348501,0.325164439,801472.1897
10645,0.162000977,0.087577334,0.331690674,804855.5437
10646,0.162500946,0.088348501,0.308813639,800414.6359
10647,0.162000977,0.087577334,0.315413269,802395.1793
10648,0.162500946,0.088348501,0.292462799,796155.3633
10649,0.162000977,0.087577334,0.299138733,797633.8862
10650,0.162500946,0.088348501,0.276111938,789021.9739
10651,0.162000977,0.087577334,0.282862264,793558.0695
10652,0.162500946,0.088348501,0.259761103,783887.2526
10653,0.162000977,0.087577334,0.266586741,790054.0413
10654,0.162500946,0.088348501,0.243411199,777492.4575
10655,0.162000977,0.087577334,0.250310303,787679.0561
10656,0.162500946,0.088348501,0.227060333,770339.133
10657,0.162000977,0.087577334,0.2340357,784517.9145
10658,0.162500946,0.088348501,0.210707601,766798.7142
10659,0.162000977,0.087577334,0.217759232,774912.8283
10660,0.162500946,0.088348501,0.194356771,751156.4794
10661,0.162000977,0.087577334,0.201482768,759707.3764
10662,0.162500946,0.088348501,0.178004807,724961.2244
10663,0.162000977,0.087577334,0.185207204,756390.3706
10664,0.162500946,0.088348501,0.161654002,0
10665,0.162000977,0.087577334,0.168929672,726545.5749
10666,0.162500946,0.088348501,0.145303335,681976.2042
10667,0.162000977,0.087577334,0.152655334,655825.7529
10668,0.162500946,0.088348501,0.128953669,1127692.821
10669,0.162000977,0.087577334,0.136379003,644090.185
10670,0.162000977,0.087577334,0.12010467,1194227.925
10671,0.163500916,0.089925669,0.559481669,815511.9607
10672,0.163500916,0.089925669,0.542980347,814303.6197
10673,0.164000916,0.090731672,0.55393101,813806.4522
10674,0.164000916,0.090731672,0.537356344,812098.1127
10675,0.164000916,0.090731672,0.520780334,810940.6898
10676,0.163500916,0.089925669,0.526480001,813607.8675
10677,0.164000916,0.090731672,0.504204336,811046.5428
10678,0.163500916,0.089925669,0.509980001,813785.721
10679,0.164000916,0.090731672,0.48762501,812012.5182
10680,0.163500916,0.089925669,0.493477671,814170.2367
10681,0.164000916,0.090731672,0.471048004,812253.878
10682,0.163500916,0.089925669,0.476974345,814305.3157
10683,0.164000916,0.090731672,0.454473002,811423.9818
10684,0.163500916,0.089925669,0.460473674,813471.9575
10685,0.164000916,0.090731672,0.437896342,809544.0953
10686,0.163500916,0.089925669,0.443972341,811607.0889
10687,0.164000916,0.090731672,0.421321665,807472.1349
10688,0.163500916,0.089925669,0.427472005,810217.2033
10689,0.164000916,0.090731672,0.40474467,805890.8187
10690,0.163500916,0.089925669,0.410970662,809244.0905
10691,0.164000916,0.090731672,0.388170308,804433.7992
10692,0.163500916,0.089925669,0.394469676,808352.0345
10693,0.164000916,0.090731672,0.371594666,803015.0451
10694,0.163500916,0.089925669,0.377970072,806404.8911
10695,0.164000916,0.090731672,0.355019704,800674.4669
10696,0.163500916,0.089925669,0.361469666,803607.764
10697,0.164000916,0.090731672,0.338442881,798082.8834
10698,0.163500916,0.089925669,0.344969076,802162.4269
10699,0.164000916,0.090731672,0.321866069,796762.8264
10700,0.163500916,0.089925669,0.328465708,801472.1897
10701,0.164000916,0.090731672,0.305291138,796615.5807
10702,0.163500916,0.089925669,0.311965169,800414.6359
10703,0.164000916,0.090731672,0.288712413,794724.1743
10704,0.163500916,0.089925669,0.295463674,796155.3633
10705,0.164000916,0.090731672,0.272135579,786842.1928
10706,0.163500916,0.089925669,0.278961212,789021.9739
10707,0.164000916,0.090731672,0.255559703,776795.9225
10708,0.163500916,0.089925669,0.262460668,783887.2526
10709,0.164000916,0.090731672,0.238984736,765688.8613
10710,0.163500916,0.089925669,0.245961034,777492.4575
10711,0.164000916,0.090731672,0.222407903,754386.2796
10712,0.163500916,0.089925669,0.229459534,770339.133
10713,0.164000916,0.090731672,0.205831075,751419.0612
10714,0.163500916,0.089925669,0.212957072,766798.7142
10715,0.164000916,0.090731672,0.189256037,728088.8024
10716,0.163500916,0.089925669,0.196455607,751156.4794
10717,0.164000916,0.090731672,0.172679006,0
10718,0.163500916,0.089925669,0.179954803,724961.2244
10719,0.164000916,0.090731672,0.15610434,715919.032
10720,0.163500916,0.089925669,0.163453339,0
10721,0.164000916,0.090731672,0.139527669,1105633.469
10722,0.163500916,0.089925669,0.146953003,681976.2042
10723,0.163500916,0.089925669,0.130452667,1127692.821
10724,0.165000916,0.092379473,0.559407349,813806.4522
10725,0.165000916,0.092379473,0.54268101,812098.1127
10726,0.165500916,0.093221273,0.553781352,811595.9991
10727,0.165500916,0.093221273,0.536981669,810672.3224
10728,0.165500916,0.093221273,0.520181681,808995.0579
10729,0.165000916,0.092379473,0.525957336,810940.6898
10730,0.165500916,0.093221273,0.503376343,808620.5887
10731,0.165000916,0.092379473,0.509229014,811046.5428
10732,0.165500916,0.093221273,0.486574331,809221.8689
10733,0.165000916,0.092379473,0.492499003,812012.5182
10734,0.165500916,0.093221273,0.469773997,809682.6041
10735,0.165000916,0.092379473,0.475773997,812253.878
10736,0.165500916,0.093221273,0.452973002,808868.6515
10737,0.165000916,0.092379473,0.459047333,811423.9818
10738,0.165500916,0.093221273,0.436173014,807128.5146
10739,0.165000916,0.092379473,0.442322673,809544.0953
10740,0.165500916,0.093221273,0.419372345,804806.7261
10741,0.165000916,0.092379473,0.425596344,807472.1349
10742,0.165500916,0.093221273,0.402572347,802402.6837
10743,0.165000916,0.092379473,0.408871674,805890.8187
10744,0.165500916,0.093221273,0.385770508,800685.4222
10745,0.165000916,0.092379473,0.392145976,804433.7992
10746,0.165500916,0.093221273,0.368969503,799499.6427
10747,0.165000916,0.092379473,0.375419434,803015.0451
10748,0.165500916,0.093221273,0.352168538,798376.7943
10749,0.165000916,0.092379473,0.358694773,800674.4669
10750,0.165500916,0.093221273,0.335366699,795231.1555
10751,0.165000916,0.092379473,0.341967275,798082.8834
10752,0.165500916,0.093221273,0.318566732,790931.0842
10753,0.165000916,0.092379473,0.325242666,796762.8264
10754,0.165500916,0.093221273,0.301763906,791055.4348
10755,0.165000916,0.092379473,0.308516103,796615.5807
10756,0.165500916,0.093221273,0.284962036,789702.1441
10757,0.165000916,0.092379473,0.291787679,794724.1743
10758,0.165500916,0.093221273,0.268161092,782960.5396
10759,0.165000916,0.092379473,0.275061137,786842.1928
10760,0.165500916,0.093221273,0.251361069,769151.1757
10761,0.165000916,0.092379473,0.258334569,776795.9225
10762,0.165500916,0.093221273,0.23456017,752575.4277
10763,0.165000916,0.092379473,0.241609904,765688.8613
10764,0.165500916,0.093221273,0.217757339,736146.7296
10765,0.165000916,0.092379473,0.224883372,754386.2796
10766,0.165500916,0.093221273,0.200955505,719933.8719
10767,0.165000916,0.092379473,0.208155874,751419.0612
10768,0.165500916,0.093221273,0.184155568,0
10769,0.165000916,0.092379473,0.191431137,728088.8024
10770,0.165500916,0.093221273,0.16735467,713790.7274
10771,0.165000916,0.092379473,0.174704671,0
10772,0.165500916,0.093221273,0.150554672,1034429.635
10773,0.165000916,0.092379473,0.157980006,715919.032
10774,0.165000916,0.092379473,0.141253672,1105633.469
10775,0.16650088,0.094936872,0.559332011,811595.9991
10776,0.16650088,0.094936872,0.542381673,810672.3224
10777,0.167000844,0.095810671,0.553631673,809285.1953
10778,0.167000844,0.095810671,0.536606995,809749.6097
10779,0.167000844,0.095810671,0.519580994,808241.9462
10780,0.16650088,0.094936872,0.525431335,808995.0579
10781,0.167000844,0.095810671,0.502551992,806820.4793
10782,0.16650088,0.094936872,0.508478668,808620.5887
10783,0.167000844,0.095810671,0.485524994,806555.9245
10784,0.16650088,0.094936872,0.491524994,809221.8689
10785,0.167000844,0.095810671,0.468498342,806875.4462
10786,0.16650088,0.094936872,0.474574331,809682.6041
10787,0.167000844,0.095810671,0.451474019,806325.2837
10788,0.16650088,0.094936872,0.457623678,808868.6515
10789,0.167000844,0.095810671,0.434448018,804715.965
10790,0.16650088,0.094936872,0.440673686,807128.5146
10791,0.167000844,0.095810671,0.41742334,802161.3142
10792,0.16650088,0.094936872,0.423723348,804806.7261
10793,0.167000844,0.095810671,0.400396342,799311.2237
10794,0.16650088,0.094936872,0.40677301,802402.6837
10795,0.167000844,0.095810671,0.383370168,797460.4481
10796,0.16650088,0.094936872,0.389820211,800685.4222
10797,0.167000844,0.095810671,0.366344299,796453.538
10798,0.16650088,0.094936872,0.372870534,799499.6427
10799,0.167000844,0.095810671,0.349314535,795648.1984
10800,0.16650088,0.094936872,0.355917033,798376.7943
10801,0.167000844,0.095810671,0.33228953,792510.0536
10802,0.16650088,0.094936872,0.338965464,795231.1555
10803,0.167000844,0.095810671,0.31526357,784472.0198
10804,0.16650088,0.094936872,0.322014832,790931.0842
10805,0.167000844,0.095810671,0.29823762,782425.2928
10806,0.16650088,0.094936872,0.305063273,791055.4348
10807,0.167000844,0.095810671,0.281212575,782166.3775
10808,0.16650088,0.094936872,0.28811261,789702.1441
10809,0.167000844,0.095810671,0.264185669,774467.5862
10810,0.16650088,0.094936872,0.271161957,782960.5396
10811,0.167000844,0.095810671,0.24716157,760499.737
10812,0.16650088,0.094936872,0.254211304,769151.1757
10813,0.167000844,0.095810671,0.230135605,735454.3153
10814,0.16650088,0.094936872,0.237261602,752575.4277
10815,0.167000844,0.095810671,0.213107737,704590.9028
10816,0.16650088,0.094936872,0.220308141,736146.7296
10817,0.167000844,0.095810671,0.196080866,691288.5274
10818,0.16650088,0.094936872,0.203356567,719933.8719
10819,0.167000844,0.095810671,0.179053004,720211.6506
10820,0.16650088,0.094936872,0.186404236,0
10821,0.167000844,0.095810671,0.162028671,991272.243
10822,0.16650088,0.094936872,0.169454336,713790.7274
10823,0.16650088,0.094936872,0.152503672,1034429.635
10824,0.167999873,0.09759407,0.55925767,809285.1953
10825,0.167999873,0.09759407,0.542081319,809749.6097
10826,0.168498937,0.09850367,0.553481995,805757.1976
10827,0.168498937,0.09850367,0.536231323,807442.1262
10828,0.168498937,0.09850367,0.518980998,807384.8767
10829,0.167999873,0.09759407,0.524906657,808241.9462
10830,0.168498937,0.09850367,0.501725993,805481.9343
10831,0.167999873,0.09759407,0.507728658,806820.4793
10832,0.168498937,0.09850367,0.484475332,803877.0741
10833,0.167999873,0.09759407,0.490549327,806555.9245
10834,0.168498937,0.09850367,0.467225342,803284.2335
10835,0.167999873,0.09759407,0.47337501,806875.4462
10836,0.168498937,0.09850367,0.449973002,802802.2518
10837,0.167999873,0.09759407,0.456199015,806325.2837
10838,0.168498937,0.09850367,0.432722331,801131.6988
10839,0.167999873,0.09759407,0.439022339,804715.965
10840,0.168498937,0.09850367,0.415472331,798741.5378
10841,0.167999873,0.09759407,0.421848002,802161.3142
10842,0.168498937,0.09850367,0.398219004,796048.4921
10843,0.167999873,0.09759407,0.404671,799311.2237
10844,0.168498937,0.09850367,0.380969137,793856.0201
10845,0.167999873,0.09759407,0.387494303,797460.4481
10846,0.168498937,0.09850367,0.363716268,792671.9642
10847,0.167999873,0.09759407,0.370318766,796453.538
10848,0.168498937,0.09850367,0.346465271,791175.5079
10849,0.167999873,0.09759407,0.353139303,795648.1984
10850,0.168498937,0.09850367,0.3292152,788696.8978
10851,0.167999873,0.09759407,0.335964569,792510.0536
10852,0.168498937,0.09850367,0.311963267,777729.1056
10853,0.167999873,0.09759407,0.3187889,784472.0198
10854,0.168498937,0.09850367,0.29471225,771956.3336
10855,0.167999873,0.09759407,0.301612284,782425.2928
10856,0.168498937,0.09850367,0.277461263,770310.5501
10857,0.167999873,0.09759407,0.284437551,782166.3775
10858,0.168498937,0.09850367,0.260208369,762145.9293
10859,0.167999873,0.09759407,0.26726,774467.5862
10860,0.168498937,0.09850367,0.242959234,745277.6098
10861,0.167999873,0.09759407,0.250084305,760499.737
10862,0.168498937,0.09850367,0.225708237,0
10863,0.167999873,0.09759407,0.232910502,735454.3153
10864,0.168498937,0.09850367,0.208457199,0
10865,0.167999873,0.09759407,0.215732936,704590.9028
10866,0.168498937,0.09850367,0.191205271,713396.1561
10867,0.167999873,0.09759407,0.1985563,691288.5274
10868,0.168498937,0.09850367,0.173953273,994817.8126
10869,0.167999873,0.09759407,0.181378606,720211.6506
10870,0.167999873,0.09759407,0.164202006,991272.243
10871,0.169497971,0.100356735,0.559182332,805757.1976
10872,0.169497971,0.100356735,0.541781982,807442.1262
10873,0.16999794,0.101300201,0.553332316,802702.2212
10874,0.16999794,0.101300201,0.53585732,803908.3555
10875,0.16999794,0.101300201,0.518379008,805020.4015
10876,0.169497971,0.100356735,0.524381002,807384.8767
10877,0.16999794,0.101300201,0.50090034,803567.3187
10878,0.169497971,0.100356735,0.506976339,805481.9343
10879,0.16999794,0.101300201,0.483426341,801087.4919
10880,0.169497971,0.100356735,0.489575999,803877.0741
10881,0.16999794,0.101300201,0.465950012,799569.4436
10882,0.169497971,0.100356735,0.472176005,803284.2335
10883,0.16999794,0.101300201,0.448473338,798514.7092
10884,0.169497971,0.100356735,0.454773336,802802.2518
10885,0.16999794,0.101300201,0.430999339,796737.3719
10886,0.169497971,0.100356735,0.437372996,801131.6988
10887,0.16999794,0.101300201,0.413521006,794545.7807
10888,0.169497971,0.100356735,0.419973002,798741.5378
10889,0.16999794,0.101300201,0.396042338,792142.7869
10890,0.169497971,0.100356735,0.402568339,796048.4921
10891,0.16999794,0.101300201,0.378568237,789962.2776
10892,0.169497971,0.100356735,0.385167837,793856.0201
10893,0.16999794,0.101300201,0.361091105,788219.772
10894,0.169497971,0.100356735,0.367767039,792671.9642
10895,0.16999794,0.101300201,0.343616943,786230.1477
10896,0.169497971,0.100356735,0.350366302,791175.5079
10897,0.16999794,0.101300201,0.32614091,781185.1871
10898,0.169497971,0.100356735,0.332966543,788696.8978
10899,0.16999794,0.101300201,0.3086639,769376.3725
10900,0.169497971,0.100356735,0.315563934,777729.1056
10901,0.16999794,0.101300201,0.291187856,760354.2904
10902,0.169497971,0.100356735,0.298163198,771956.3336
10903,0.16999794,0.101300201,0.273708984,752362.7895
10904,0.169497971,0.100356735,0.28076062,770310.5501
10905,0.16999794,0.101300201,0.256232936,0
10906,0.169497971,0.100356735,0.263357997,762145.9293
10907,0.16999794,0.101300201,0.238758769,0
10908,0.169497971,0.100356735,0.245958237,745277.6098
10909,0.16999794,0.101300201,0.221281769,0
10910,0.169497971,0.100356735,0.2285575,0
10911,0.16999794,0.101300201,0.203807602,733642.3744
10912,0.169497971,0.100356735,0.211156769,0
10913,0.16999794,0.101300201,0.18633167,897478.7022
10914,0.169497971,0.100356735,0.193757004,713396.1561
10915,0.169497971,0.100356735,0.176354604,994817.8126
10916,0.17099791,0.103222003,0.559107992,802702.2212
10917,0.17099791,0.103222003,0.541481323,803908.3555
10918,0.17149791,0.104200338,0.553181661,800479.747
10919,0.17149791,0.104200338,0.535481344,800255.5171
10920,0.17149791,0.104200338,0.517779348,801154.5351
10921,0.17099791,0.103222003,0.523855347,805020.4015
10922,0.17149791,0.104200338,0.50007667,801014.5814
10923,0.17099791,0.103222003,0.50622701,803567.3187
10924,0.17149791,0.104200338,0.482374339,798408.9854
10925,0.17099791,0.103222003,0.488600342,801087.4919
10926,0.17149791,0.104200338,0.464674337,796038.8297
10927,0.17099791,0.103222003,0.470974345,799569.4436
10928,0.17149791,0.104200338,0.446973663,794281.0927
10929,0.17099791,0.103222003,0.453350006,798514.7092
10930,0.17149791,0.104200338,0.429273336,792106.6742
10931,0.17099791,0.103222003,0.435723338,796737.3719
10932,0.17149791,0.104200338,0.41157134,789903.3182
10933,0.17099791,0.103222003,0.418097341,794545.7807
10934,0.17149791,0.104200338,0.393869334,788421.1131
10935,0.17099791,0.103222003,0.400469004,792142.7869
10936,0.17149791,0.104200338,0.376167002,786618.5046
10937,0.17099791,0.103222003,0.382843068,789962.2776
10938,0.17149791,0.104200338,0.358465932,783667.7385
10939,0.17099791,0.103222003,0.365216237,788219.772
10940,0.17149791,0.104200338,0.340765808,779584.2986
10941,0.17099791,0.103222003,0.347591441,786230.1477
10942,0.17149791,0.104200338,0.323063772,771304.7895
10943,0.17099791,0.103222003,0.329965678,781185.1871
10944,0.17149791,0.104200338,0.305362671,757663.6452
10945,0.17099791,0.103222003,0.312338969,769376.3725
10946,0.17149791,0.104200338,0.287660645,748072.037
10947,0.17099791,0.103222003,0.29471226,760354.2904
10948,0.17149791,0.104200338,0.269958588,0
10949,0.17099791,0.103222003,0.277084605,752362.7895
10950,0.17149791,0.104200338,0.252258443,0
10951,0.17099791,0.103222003,0.259457906,0
10952,0.17149791,0.104200338,0.234558268,0
10953,0.17099791,0.103222003,0.241834005,0
10954,0.17149791,0.104200338,0.216855301,0
10955,0.17099791,0.103222003,0.224207301,0
10956,0.17149791,0.104200338,0.199155172,873793.985
10957,0.17099791,0.103222003,0.206580602,733642.3744
10958,0.17099791,0.103222003,0.188956838,897478.7022
10959,0.17249791,0.106191806,0.559031677,800479.747
10960,0.17249791,0.106191806,0.541182007,800255.5171
10961,0.17299791,0.107204938,0.553032003,800479.747
10962,0.17299791,0.107204938,0.535107666,797645.4058
10963,0.17299791,0.107204938,0.51717866,796575.4112
10964,0.17249791,0.106191806,0.523331004,801154.5351
10965,0.17299791,0.107204938,0.499251007,796491.9447
10966,0.17249791,0.106191806,0.505476664,801014.5814
10967,0.17299791,0.107204938,0.481325684,794979.9744
10968,0.17249791,0.106191806,0.48762501,798408.9854
10969,0.17299791,0.107204938,0.463400675,792373.8969
10970,0.17249791,0.106191806,0.469775004,796038.8297
10971,0.17299791,0.107204938,0.445473674,790098.7445
10972,0.17249791,0.106191806,0.451923665,794281.0927
10973,0.17299791,0.107204938,0.42754834,787549.318
10974,0.17249791,0.106191806,0.434073669,792106.6742
10975,0.17299791,0.107204938,0.409620341,785268.3739
10976,0.17249791,0.106191806,0.416222005,789903.3182
10977,0.17299791,0.107204938,0.391694,783859.761
10978,0.17249791,0.106191806,0.398370005,788421.1131
10979,0.17299791,0.107204938,0.373766968,781952.3384
10980,0.17249791,0.106191806,0.380517263,786618.5046
10981,0.17299791,0.107204938,0.355842672,777827.1947
10982,0.17249791,0.106191806,0.362666402,783667.7385
10983,0.17299791,0.107204938,0.337914642,770878.4284
10984,0.17249791,0.106191806,0.344816569,779584.2986
10985,0.17299791,0.107204938,0.319985677,0
10986,0.17249791,0.106191806,0.326961975,771304.7895
10987,0.17299791,0.107204938,0.302061442,0
10988,0.17249791,0.106191806,0.309111176,757663.6452
10989,0.17299791,0.107204938,0.284136241,0
10990,0.17249791,0.106191806,0.291261322,748072.037
10991,0.17299791,0.107204938,0.266209167,0
10992,0.17249791,0.106191806,0.273409546,0
10993,0.17299791,0.107204938,0.248284907,0
10994,0.17249791,0.106191806,0.255558746,0
10995,0.17299791,0.107204938,0.230356898,0
10996,0.17249791,0.106191806,0.237708867,0
10997,0.17299791,0.107204938,0.212428864,909272.4176
10998,0.17249791,0.106191806,0.219854299,0
10999,0.17249791,0.106191806,0.202004435,873793.985
11000,0.173997874,0.109264203,0.558958333,799460.8923
11001,0.173997874,0.109264203,0.540881653,797645.4058
11002,0.174497838,0.110310336,0.552882324,799460.8923
11003,0.174497838,0.110310336,0.534729329,796146.9429
11004,0.174497838,0.110310336,0.516577332,792937.1576
11005,0.173997874,0.109264203,0.522802999,796575.4112
11006,0.174497838,0.110310336,0.498427002,790719.5439
11007,0.173997874,0.109264203,0.504727336,796491.9447
11008,0.174497838,0.110310336,0.480274679,789955.4546
11009,0.173997874,0.109264203,0.486651347,794979.9744
11010,0.174497838,0.110310336,0.462124674,788023.7059
11011,0.173997874,0.109264203,0.468574687,792373.8969
11012,0.174497838,0.110310336,0.443975342,785627.4388
11013,0.173997874,0.109264203,0.450500671,790098.7445
11014,0.174497838,0.110310336,0.42582135,782912.1575
11015,0.173997874,0.109264203,0.432423014,787549.318
11016,0.174497838,0.110310336,0.407669006,780486.0399
11017,0.173997874,0.109264203,0.414345011,785268.3739
11018,0.174497838,0.110310336,0.389517995,777656.1284
11019,0.173997874,0.109264203,0.396268331,783859.761
11020,0.174497838,0.110310336,0.371367645,774543.1807
11021,0.173997874,0.109264203,0.37819337,781952.3384
11022,0.174497838,0.110310336,0.353215607,0
11023,0.173997874,0.109264203,0.360117513,777827.1947
11024,0.174497838,0.110310336,0.335062541,0
11025,0.173997874,0.109264203,0.342038839,770878.4284
11026,0.174497838,0.110310336,0.316912313,0
11027,0.173997874,0.109264203,0.323962046,0
11028,0.174497838,0.110310336,0.298761149,0
11029,0.173997874,0.109264203,0.30588621,0
11030,0.174497838,0.110310336,0.280611837,0
11031,0.173997874,0.109264203,0.2878113,0
11032,0.174497838,0.110310336,0.262460678,713129.996
11033,0.173997874,0.109264203,0.269736399,0
11034,0.174497838,0.110310336,0.244308533,0
11035,0.173997874,0.109264203,0.251659607,0
11036,0.174497838,0.110310336,0.226154531,906304.3421
11037,0.173997874,0.109264203,0.233581863,0
11038,0.173997874,0.109264203,0.21550413,909272.4176
11039,0.175497803,0.11243837,0.558881999,797647.2453
11040,0.175497803,0.11243837,0.540579671,796146.9429
11041,0.175997803,0.113520271,0.552731669,797647.2453
11042,0.175997803,0.113520271,0.534353678,793991.698
11043,0.175997803,0.113520271,0.515977336,791176.1657
11044,0.175497803,0.11243837,0.522277669,792937.1576
11045,0.175997803,0.113520271,0.497601003,786152.0671
11046,0.175497803,0.11243837,0.503976664,790719.5439
11047,0.175997803,0.113520271,0.479225006,783741.3095
11048,0.175497803,0.11243837,0.485674672,789955.4546
11049,0.175997803,0.113520271,0.460851664,782860.1086
11050,0.175497803,0.11243837,0.467375,788023.7059
11051,0.175997803,0.113520271,0.442473674,780613.7003
11052,0.175497803,0.11243837,0.449076009,785627.4388
11053,0.175997803,0.113520271,0.424095337,778573.0542
11054,0.175497803,0.11243837,0.430771342,782912.1575
11055,0.175997803,0.113520271,0.405719004,775541.518
11056,0.175497803,0.11243837,0.41246934,780486.0399
11057,0.175997803,0.113520271,0.387344543,770759.0155
11058,0.175497803,0.11243837,0.394168335,777656.1284
11059,0.175997803,0.113520271,0.368966644,0
11060,0.175497803,0.11243837,0.375868479,774543.1807
11061,0.175997803,0.113520271,0.350588531,0
11062,0.175497803,0.11243837,0.357563904,0
11063,0.175997803,0.113520271,0.332214203,0
11064,0.175497803,0.11243837,0.339263936,0
11065,0.175997803,0.113520271,0.313838003,0
11066,0.175497803,0.11243837,0.320963074,0
11067,0.175997803,0.113520271,0.295460836,0
11068,0.175497803,0.11243837,0.302662181,0
11069,0.175997803,0.113520271,0.277084595,0
11070,0.175497803,0.11243837,0.284360341,0
11071,0.175997803,0.113520271,0.258708364,0
11072,0.175497803,0.11243837,0.266060369,713129.996
11073,0.175997803,0.113520271,0.240332169,953886.5175
11074,0.175497803,0.11243837,0.247757599,0
11075,0.175497803,0.11243837,0.22945577,906304.3421
11076,0.176996836,0.115717005,0.558807678,795318.196
11077,0.176996836,0.115717005,0.540280009,793991.698
11078,0.17749587,0.116831838,0.552582011,795318.196
11079,0.17749587,0.116831838,0.533978678,791326.5675
11080,0.17749587,0.116831838,0.515378347,788525.8936
11081,0.176996836,0.115717005,0.521752014,791176.1657
11082,0.17749587,0.116831838,0.496778005,783583.67
11083,0.176996836,0.115717005,0.503228007,786152.0671
11084,0.17749587,0.116831838,0.478174998,777986.4167
11085,0.176996836,0.115717005,0.484701335,783741.3095
11086,0.17749587,0.116831838,0.459573669,776661.8889
11087,0.176996836,0.115717005,0.466175334,782860.1086
11088,0.17749587,0.116831838,0.440971659,775196.9159
11089,0.176996836,0.115717005,0.447647664,780613.7003
11090,0.17749587,0.116831838,0.422372335,773328.2745
11091,0.176996836,0.115717005,0.429121663,778573.0542
11092,0.17749587,0.116831838,0.403770009,770943.632
11093,0.176996836,0.115717005,0.410595673,775541.518
11094,0.17749587,0.116831838,0.385167786,0
11095,0.176996836,0.115717005,0.39206955,770759.0155
11096,0.17749587,0.116831838,0.366564677,0
11097,0.176996836,0.115717005,0.373540944,0
11098,0.17749587,0.116831838,0.34796524,0
11099,0.176996836,0.115717005,0.355015004,0
11100,0.17749587,0.116831838,0.329363037,0
11101,0.176996836,0.115717005,0.336489034,0
11102,0.17749587,0.116831838,0.3107618,0
11103,0.176996836,0.115717005,0.317963135,0
11104,0.17749587,0.116831838,0.292159597,0
11105,0.176996836,0.115717005,0.299435323,0
11106,0.17749587,0.116831838,0.273560201,800082.2808
11107,0.176996836,0.115717005,0.280909363,0
11108,0.17749587,0.116831838,0.254957067,846482.8034
11109,0.176996836,0.115717005,0.262383428,0
11110,0.176996836,0.115717005,0.243856572,953886.5175
11111,0.178494904,0.119096367,0.55873234,793194.3933
11112,0.178494904,0.119096367,0.539980672,791326.5675
11113,0.178994904,0.120246063,0.552432332,793194.3933
11114,0.178994904,0.120246063,0.533604004,789067.0661
11115,0.178994904,0.120246063,0.51477833,784929.0834
11116,0.178494904,0.119096367,0.521228343,788525.8936
11117,0.178994904,0.120246063,0.495952332,779981.1561
11118,0.178494904,0.119096367,0.502478333,783583.67
11119,0.178994904,0.120246063,0.477126007,774606.1684
11120,0.178494904,0.119096367,0.483725667,777986.4167
11121,0.178994904,0.120246063,0.458298014,770219.7751
11122,0.178494904,0.119096367,0.464973674,776661.8889
11123,0.178994904,0.120246063,0.43947168,770342.7597
11124,0.178494904,0.119096367,0.446222005,775196.9159
11125,0.178994904,0.120246063,0.420646342,766894.8866
11126,0.178494904,0.119096367,0.427472005,773328.2745
11127,0.178994904,0.120246063,0.40181901,0
11128,0.178494904,0.119096367,0.408721008,770943.632
11129,0.178994904,0.120246063,0.38298997,0
11130,0.178494904,0.119096367,0.389966248,0
11131,0.178994904,0.120246063,0.364165466,0
11132,0.178494904,0.119096367,0.37121524,0
11133,0.178994904,0.120246063,0.345340068,0
11134,0.178494904,0.119096367,0.352465139,0
11135,0.178994904,0.120246063,0.326512838,0
11136,0.178494904,0.119096367,0.333714172,0
11137,0.178994904,0.120246063,0.307684631,0
11138,0.178494904,0.119096367,0.314960368,0
11139,0.178994904,0.120246063,0.288860219,0
11140,0.178494904,0.119096367,0.296210337,0
11141,0.178994904,0.120246063,0.270034882,832446.1274
11142,0.178494904,0.119096367,0.277460317,800082.2808
11143,0.178494904,0.119096367,0.258708405,846482.8034
11144,0.17999677,0.122579346,0.558658,790418.5186
11145,0.17999677,0.122579346,0.539680339,789067.0661
11146,0.180498637,0.123762932,0.552282674,790418.5186
11147,0.180498637,0.123762932,0.533228353,785069.959
11148,0.180498637,0.123762932,0.514176676,781582.1233
11149,0.17999677,0.122579346,0.520702006,784929.0834
11150,0.180498637,0.123762932,0.495126678,776278.3826
11151,0.17999677,0.122579346,0.501727,779981.1561
11152,0.180498637,0.123762932,0.476076355,770911.1474
11153,0.17999677,0.122579346,0.48275235,774606.1684
11154,0.180498637,0.123762932,0.457022013,766887.281
11155,0.17999677,0.122579346,0.463774353,770219.7751
11156,0.180498637,0.123762932,0.437969676,762797.6248
11157,0.17999677,0.122579346,0.444795349,770342.7597
11158,0.180498637,0.123762932,0.418921336,757285.3829
11159,0.17999677,0.122579346,0.425820343,766894.8866
11160,0.180498637,0.123762932,0.399868998,0
11161,0.17999677,0.122579346,0.406845337,0
11162,0.180498637,0.123762932,0.380816589,0
11163,0.17999677,0.122579346,0.387866394,0
11164,0.180498637,0.123762932,0.361764364,0
11165,0.17999677,0.122579346,0.368890391,0
11166,0.180498637,0.123762932,0.342713033,0
11167,0.17999677,0.122579346,0.349914368,0
11168,0.180498637,0.123762932,0.323661662,0
11169,0.17999677,0.122579346,0.330937398,0
11170,0.180498637,0.123762932,0.304611267,0
11171,0.17999677,0.122579346,0.311961365,0
11172,0.180498637,0.123762932,0.28555899,881328.5376
11173,0.17999677,0.122579346,0.292984416,0
11174,0.17999677,0.122579346,0.274009359,832446.1274
11175,0.181500504,0.126166829,0.558582682,786346.8743
11176,0.181500504,0.126166829,0.539380697,785069.959
11177,0.182000504,0.127387141,0.55213269,786346.8743
11178,0.182000504,0.127387141,0.53285435,779735.5029
11179,0.182000504,0.127387141,0.513577006,777543.6423
11180,0.181500504,0.126166829,0.520176676,781582.1233
11181,0.182000504,0.127387141,0.494302684,773626.9656
11182,0.181500504,0.126166829,0.500976685,776278.3826
11183,0.182000504,0.127387141,0.47502534,767279.4945
11184,0.181500504,0.126166829,0.481776683,770911.1474
11185,0.182000504,0.127387141,0.455747009,761208.7905
11186,0.181500504,0.126166829,0.462572673,766887.281
11187,0.182000504,0.127387141,0.43647167,754206.665
11188,0.181500504,0.126166829,0.443370677,762797.6248
11189,0.182000504,0.127387141,0.41719633,738645.7285
11190,0.181500504,0.126166829,0.424171661,757285.3829
11191,0.182000504,0.127387141,0.397917999,0
11192,0.181500504,0.126166829,0.404969666,0
11193,0.182000504,0.127387141,0.378642568,0
11194,0.181500504,0.126166829,0.385767527,0
11195,0.182000504,0.127387141,0.35936614,0
11196,0.181500504,0.126166829,0.366565603,0
11197,0.182000504,0.127387141,0.34008783,0
11198,0.181500504,0.126166829,0.347363566,0
11199,0.182000504,0.127387141,0.320811462,0
11200,0.181500504,0.126166829,0.32816156,0
11201,0.182000504,0.127387141,0.301535075,923038.3159
11202,0.181500504,0.126166829,0.308961466,0
11203,0.181500504,0.126166829,0.28975945,881328.5376
11204,0.183000504,0.129858836,0.558508016,781158.8161
11205,0.183000504,0.129858836,0.539080343,779735.5029
11206,0.183500504,0.131110219,0.551982015,781158.8161
11207,0.183500504,0.131110219,0.532479004,773540.5221
11208,0.183500504,0.131110219,0.512977346,772188.1675
11209,0.183000504,0.129858836,0.519653341,777543.6423
11210,0.183500504,0.131110219,0.493476674,768252.7845
11211,0.183000504,0.129858836,0.50022701,773626.9656
11212,0.183500504,0.131110219,0.473975332,761748.6671
11213,0.183000504,0.129858836,0.480801005,767279.4945
11214,0.183500504,0.131110219,0.454473999,751630.358
11215,0.183000504,0.129858836,0.461374003,761208.7905
11216,0.183500504,0.131110219,0.434971659,740607.7262
11217,0.183000504,0.129858836,0.441947998,754206.665
11218,0.183500504,0.131110219,0.415468343,731058.8774
11219,0.183000504,0.129858836,0.422519999,738645.7285
11220,0.183500504,0.131110219,0.39596701,725214.7191
11221,0.183000504,0.129858836,0.403093007,0
11222,0.183500504,0.131110219,0.376466614,721208.0924
11223,0.183000504,0.129858836,0.383667043,0
11224,0.183500504,0.131110219,0.356966939,0
11225,0.183000504,0.129858836,0.364242676,0
11226,0.183500504,0.131110219,0.337462667,867230.8916
11227,0.183000504,0.129858836,0.344814667,0
11228,0.183500504,0.131110219,0.317960307,1039911.556
11229,0.183000504,0.129858836,0.325385732,0
11230,0.183000504,0.129858836,0.305959646,923038.3159
11231,0.184500473,0.133648768,0.558432007,774606.1512
11232,0.184500473,0.133648768,0.538781006,773540.5221
11233,0.185000443,0.134935933,0.551832336,774606.1512
11234,0.185000443,0.134935933,0.532105001,766686.3463
11235,0.185000443,0.134935933,0.512376668,765031.594
11236,0.184500473,0.133648768,0.519127004,772188.1675
11237,0.185000443,0.134935933,0.492653005,759533.0023
11238,0.184500473,0.133648768,0.499476674,768252.7845
11239,0.185000443,0.134935933,0.472925323,751932.0599
11240,0.184500473,0.133648768,0.479827332,761748.6671
11241,0.185000443,0.134935933,0.453197327,742814.4073
11242,0.184500473,0.133648768,0.460173319,751630.358
11243,0.185000443,0.134935933,0.433470011,733184.4427
11244,0.184500473,0.133648768,0.440521667,740607.7262
11245,0.185000443,0.134935933,0.413743347,724480.6207
11246,0.184500473,0.133648768,0.420868347,731058.8774
11247,0.185000443,0.134935933,0.394017008,715534.2582
11248,0.184500473,0.133648768,0.401217346,725214.7191
11249,0.185000443,0.134935933,0.374290405,0
11250,0.184500473,0.133648768,0.381566243,721208.0924
11251,0.185000443,0.134935933,0.354563965,875464.1056
11252,0.184500473,0.133648768,0.361915039,0
11253,0.185000443,0.134935933,0.334837463,1075390.123
11254,0.184500473,0.133648768,0.342263865,867230.8916
11255,0.184500473,0.133648768,0.32261084,1039911.556
11256,0.186000412,0.13754509,0.558358337,768764.1395
11257,0.186000412,0.13754509,0.538480672,766686.3463
11258,0.186500412,0.138867081,0.551682678,768764.1395
11259,0.186500412,0.138867081,0.531728678,759869.8255
11260,0.186500412,0.138867081,0.511777008,756178.4174
11261,0.186000412,0.13754509,0.518602671,765031.594
11262,0.186500412,0.138867081,0.491825328,749644.8475
11263,0.186000412,0.13754509,0.498727336,759533.0023
11264,0.186500412,0.138867081,0.471870656,0
11265,0.186000412,0.13754509,0.478848989,751932.0599
11266,0.186500412,0.138867081,0.451921336,0
11267,0.186000412,0.13754509,0.458970998,742814.4073
11268,0.186500412,0.138867081,0.431969666,0
11269,0.186000412,0.13754509,0.439096008,733184.4427
11270,0.186500412,0.138867081,0.412019328,719365.344
11271,0.186000412,0.13754509,0.419218669,724480.6207
11272,0.186500412,0.138867081,0.392068003,701638.5652
11273,0.186000412,0.13754509,0.399343669,715534.2582
11274,0.186500412,0.138867081,0.372114502,868362.6466
11275,0.186000412,0.13754509,0.379465505,0
11276,0.186500412,0.138867081,0.352162893,1119283.684
11277,0.186000412,0.13754509,0.359588328,875464.1056
11278,0.186000412,0.13754509,0.339712128,1168849.256
11279,0.187500376,0.14154687,0.558282349,764829.272
11280,0.187500376,0.14154687,0.538180359,759869.8255
11281,0.188000341,0.142904668,0.551532023,764829.272
11282,0.188000341,0.142904668,0.531354675,0
11283,0.188000341,0.142904668,0.511177327,0
11284,0.187500376,0.14154687,0.518077332,756178.4174
11285,0.188000341,0.142904668,0.490999664,0
11286,0.187500376,0.14154687,0.497974996,749644.8475
11287,0.188000341,0.142904668,0.470822001,0
11288,0.187500376,0.14154687,0.477871663,0
11289,0.188000341,0.142904668,0.450648336,0
11290,0.187500376,0.14154687,0.457771332,0
11291,0.188000341,0.142904668,0.430470662,0
11292,0.187500376,0.14154687,0.437671997,0
11293,0.188000341,0.142904668,0.410294332,0
11294,0.187500376,0.14154687,0.41756899,719365.344
11295,0.188000341,0.142904668,0.390117004,900910.613
11296,0.187500376,0.14154687,0.397469004,701638.5652
11297,0.188000341,0.142904668,0.369938538,1071525.867
11298,0.187500376,0.14154687,0.377365,868362.6466
11299,0.187500376,0.14154687,0.357262604,1170188.24
11300,0.188999374,0.145651337,0.558207682,760823.247
11301,0.188999374,0.145651337,0.537880676,0
11302,0.189498444,0.147040207,0.551382019,760823.247
11303,0.189498444,0.147040207,0.530979675,0
11304,0.189498444,0.147040207,0.510577352,0
11305,0.188999374,0.145651337,0.51755367,0
11306,0.189498444,0.147040207,0.490174011,0
11307,0.188999374,0.145651337,0.497225677,0
11308,0.189498444,0.147040207,0.469772329,0
11309,0.188999374,0.145651337,0.476898336,0
11310,0.189498444,0.147040207,0.449371663,0
11311,0.188999374,0.145651337,0.456572998,0
11312,0.189498444,0.147040207,0.428967997,0
11313,0.188999374,0.145651337,0.436245667,0
11314,0.189498444,0.147040207,0.408569336,897733.5307
11315,0.188999374,0.145651337,0.415918335,0
11316,0.189498444,0.147040207,0.388167002,966601.8493
11317,0.188999374,0.145651337,0.395593333,900910.613
11318,0.188999374,0.145651337,0.375264211,1177984.992
11319,0.190497477,0.14985464,0.558132345,0
11320,0.190497477,0.14985464,0.537579346,0
11321,0.190997442,0.151280202,0.551230672,0
11322,0.190997442,0.151280202,0.530603333,0
11323,0.190997442,0.151280202,0.509977671,0
11324,0.190497477,0.14985464,0.517027344,0
11325,0.190997442,0.151280202,0.489351013,0
11326,0.190497477,0.14985464,0.496476013,0
11327,0.190997442,0.151280202,0.468723338,0
11328,0.190497477,0.14985464,0.475923004,0
11329,0.190997442,0.151280202,0.448095673,0
11330,0.190497477,0.14985464,0.455371328,0
11331,0.190997442,0.151280202,0.427468343,890765.5105
11332,0.190497477,0.14985464,0.434818339,0
11333,0.190997442,0.151280202,0.406842672,892400.3182
11334,0.190497477,0.14985464,0.414269002,897733.5307
11335,0.190497477,0.14985464,0.393716675,1200791.974
11336,0.191997406,0.154163366,0.558056335,0
11337,0.191997406,0.154163366,0.53727832,0
11338,0.192497406,0.155620967,0.551079997,0
11339,0.192497406,0.155620967,0.530228333,0
11340,0.192497406,0.155620967,0.509378347,0
11341,0.191997406,0.154163366,0.516503672,0
11342,0.192497406,0.155620967,0.488525004,0
11343,0.191997406,0.154163366,0.495727346,0
11344,0.192497406,0.155620967,0.467673004,0
11345,0.191997406,0.154163366,0.474949005,0
11346,0.192497406,0.155620967,0.446819682,875234.6223
11347,0.191997406,0.154163366,0.454171682,0
11348,0.192497406,0.155620967,0.425968007,893751.9093
11349,0.191997406,0.154163366,0.433393677,890765.5105
11350,0.191997406,0.154163366,0.412616343,1189622.762
11351,0.193497406,0.158571935,0.557981669,0
11352,0.193497406,0.158571935,0.536978333,0
11353,0.193997406,0.160065303,0.550929993,0
11354,0.193997406,0.160065303,0.529853333,0
11355,0.193997406,0.160065303,0.508776672,0
11356,0.193497406,0.158571935,0.515978007,0
11357,0.193997406,0.160065303,0.487699005,0
11358,0.193497406,0.158571935,0.49497467,0
11359,0.193997406,0.160065303,0.466622345,883022.2818
11360,0.193497406,0.158571935,0.473973338,0
11361,0.193997406,0.160065303,0.445544678,938849.2963
11362,0.193497406,0.158571935,0.452970011,875234.6223
11363,0.193497406,0.158571935,0.431968679,1162439.856
11364,0.194997406,0.163088771,0.557906331,0
11365,0.194997406,0.163088771,0.536678996,0
11366,0.195497406,0.164618871,0.550780334,0
11367,0.195497406,0.164618871,0.529479675,0
11368,0.195497406,0.164618871,0.508177022,723017.3048
11369,0.194997406,0.163088771,0.515452677,0
11370,0.195497406,0.164618871,0.486875346,856456.8002
11371,0.194997406,0.163088771,0.494225352,0
11372,0.195497406,0.164618871,0.465571665,1022856.517
11373,0.194997406,0.163088771,0.472998006,883022.2818
11374,0.194997406,0.163088771,0.451770671,1167823.588
11375,0.19649737,0.167710139,0.557832011,726306.8694
11376,0.19649737,0.167710139,0.536379679,729683.9009
11377,0.196997335,0.169271306,0.550630676,726306.8694
11378,0.196997335,0.169271306,0.529104004,729683.9009
11379,0.196997335,0.169271306,0.507576335,850824.3211
11380,0.19649737,0.167710139,0.514928345,723017.3048
11381,0.196997335,0.169271306,0.486049672,1069027.912
11382,0.19649737,0.167710139,0.493475006,856456.8002
11383,0.19649737,0.167710139,0.472023671,1154089.727
11384,0.197999166,0.172430374,0.557756673,730409.2105
11385,0.197999166,0.172430374,0.536079325,723133.345
11386,0.198501033,0.174028275,0.550480998,730409.2105
11387,0.198501033,0.174028275,0.528729329,723133.345
11388,0.198501033,0.174028275,0.506976664,850824.3211
11389,0.197999166,0.172430374,0.514401998,850824.3211
11390,0.197999166,0.172430374,0.492725667,1152133.824
11391,0.199501968,0.177255142,0.557682332,739741.8795
11392,0.199501968,0.177255142,0.535778992,1000892.807
11393,0.200001038,0.178884109,0.550330322,739741.8795
11394,0.200001038,0.178884109,0.528353658,1000892.807
11395,0.199501968,0.177255142,0.513878662,1005714.448
11396,0.201000071,0.182178741,0.557605998,1107960.128
11397,0.201000071,0.182178741,0.535479655,873780.6793
11398,0.201500036,0.183844406,0.550180664,1107960.128
11399,0.203656301,0.19490537,0.564958008,1549164.707
11400,0.053285074,0.194427968,0.564958008,1549164.707
11401,0.203558365,0.192514638,0.564958008,1491461.801
11402,0.203715637,0.194427968,0.564958008,1549164.707
11403,0.053342508,0.19490537,0.564958008,1549164.707
11404,0.203735402,0.193945872,0.564958008,1549164.707
11405,0.053265303,0.193945872,0.564958008,1549164.707
11406,0.203715637,0.193463771,0.564958008,1549164.707
11407,0.053285074,0.193463771,0.564958008,1549164.707
11408,0.053342508,0.192986369,0.564958008,1491461.801
11409,0.203656301,0.192986369,0.564958008,1549164.707
11410,0.053440439,0.192514638,0.564958008,1491461.801
11411,0.203,0.190578705,0.564958008,1210079.76
11412,0.20151417,0.185989375,0.564958008,0
11413,0.200029271,0.181499842,0.564958008,1127425.42
11414,0.202514135,0.191022207,0.564958008,1210079.76
11415,0.198540599,0.177105408,0.564958008,770776.6599
11416,0.20104244,0.186939443,0.564958008,1121711.798
11417,0.197051,0.172804174,0.564958008,763724.6668
11418,0.199569768,0.182948008,0.564958008,1127425.42
11419,0.195563304,0.168597102,0.564958008,756324.6906
11420,0.198092397,0.179040375,0.564958008,1138744.977
11421,0.194073669,0.164484238,0.564958008,765441.5984
11422,0.196616933,0.175221237,0.564958008,0
11423,0.192583104,0.160469233,0.564958008,770015.1372
11424,0.195139567,0.171485936,0.564958008,0
11425,0.191091609,0.156548436,0.564958008,773041.3786
11426,0.193659368,0.167839137,0.564958008,0
11427,0.189602941,0.152722738,0.564958008,784505.9212
11428,0.192177272,0.164279867,0.564958008,1177105.374
11429,0.188109573,0.148990204,0.564958008,793423.2259
11430,0.190696142,0.160805405,0.564958008,1177919.289
11431,0.186618108,0.145350947,0.564958008,793423.2259
11432,0.189213104,0.157419403,0.564958008,1177994.751
11433,0.18512381,0.141807724,0.564958008,797297.5132
11434,0.187727305,0.154116272,0.564958008,1177798.668
11435,0.183630437,0.138359573,0.564958008,799124.3515
11436,0.186241475,0.150900747,0.564958008,1178889.124
11437,0.182134206,0.135004679,0.564958008,803643.4752
11438,0.184753774,0.147769913,0.564958008,1180436.329
11439,0.18063707,0.131742984,0.564958008,809829.3931
11440,0.18326414,0.144725728,0.564958008,1183238.569
11441,0.179138972,0.128575432,0.564958008,815508.3231
11442,0.181772639,0.14176442,0.564958008,154899.7751
11443,0.177644674,0.125503006,0.564958008,820190.0016
11444,0.180279271,0.138888766,0.564958008,166697.4662
11445,0.176147507,0.122524768,0.564958008,215211.7949
11446,0.178787776,0.136096903,0.564958008,176204.0992
11447,0.174649439,0.119638738,0.564958008,231864.1337
11448,0.177295344,0.13339267,0.564958008,188552.3193
11449,0.173149511,0.116845963,0.564958008,247338.1794
11450,0.175799108,0.130771268,0.564958008,200938.935
11451,0.171652344,0.114144534,0.564958008,261770.9744
11452,0.174301076,0.12823363,0.564958008,213376.7573
11453,0.170152374,0.111539134,0.564958008,0
11454,0.172803945,0.125777026,0.564958008,227930.8456
11455,0.168651474,0.109028831,0.564958008,0
11456,0.171306778,0.123405131,0.564958008,244009.4257
11457,0.167152445,0.106608912,0.564958008,0
11458,0.169804942,0.121120829,0.564958008,262182.0564
11459,0.165650614,0.104284101,0.564958008,0
11460,0.168304011,0.118917473,0.564958008,272483.97
11461,0.164148748,0.102050624,0.564958008,0
11462,0.16680218,0.116797941,0.564958008,286464.5064
11463,0.162646912,0.099911321,0.564958008,0
11464,0.165298447,0.114761253,0.564958008,298265.6758
11465,0.161141307,0.097866186,0.564958008,0
11466,0.163794713,0.112807442,0.564958008,300934.0782
11467,0.159635707,0.095910472,0.564958008,0
11468,0.162289108,0.110938372,0.564958008,296412.3009
11469,0.158132874,0.094049858,0.564958008,0
11470,0.160779739,0.109150289,0.564958008,286034.899
11471,0.156630071,0.092279668,0.564958008,0
11472,0.159272242,0.107445028,0.564958008,278191.3071
11473,0.155126373,0.090605502,0.564958008,0
11474,0.15776564,0.105821724,0.564958008,280693.1377
11475,0.153619807,0.089022703,0.564958008,0
11476,0.156258174,0.104281268,0.564958008,286321.9883
11477,0.152116109,0.087531235,0.564958008,0
11478,0.154747838,0.102826502,0.564958008,294486.1853
11479,0.150610443,0.086134804,0.564958008,0
11480,0.153237539,0.101450869,0.564958008,290941.7912
11481,0.149105779,0.084829773,0.564958008,0
11482,0.151728139,0.100158035,0.564958008,278804.7715
11483,0.147599243,0.083616971,0.564958008,0
11484,0.150216843,0.098948072,0.564958008,259327.2533
11485,0.146092677,0.082495537,0.564958008,0
11486,0.148704676,0.097820038,0.564958008,236959.3609
11487,0.144587072,0.08146917,0.564958008,0
11488,0.147190577,0.09677297,0.564958008,224436.2952
11489,0.143077672,0.080533236,0.564958008,0
11490,0.145678375,0.095808769,0.564958008,226408.6308
11491,0.141567373,0.07969147,0.564958008,0
11492,0.144165207,0.094926503,0.564958008,215529.4522
11493,0.14005984,0.078940104,0.564958008,203102.0015
11494,0.142647374,0.094127103,0.564958008,222528.7519
11495,0.13855423,0.078282837,0.564958008,213359.5384
11496,0.141131409,0.093409637,0.564958008,229962.6373
11497,0.137047684,0.077716901,0.564958008,204402.125
11498,0.13961824,0.092772171,0.564958008,238155.4127
11499,0.135540187,0.077242368,0.564958008,193298.0218
11500,0.138105103,0.09221847,0.564958008,248822.0076
11501,0.134030807,0.076862902,0.564958008,199338.28
11502,0.136590068,0.091743902,0.564958008,255266.5597
11503,0.132522364,0.076572901,0.564958008,192138.3017
11504,0.135072215,0.091354103,0.564958008,257425.2118
11505,0.131014867,0.07637987,0.564958008,172300.9723
11506,0.133554362,0.091044301,0.564958008,243654.3178
11507,0.12950738,0.076276271,0.564958008,164460.9052
11508,0.132038386,0.09081647,0.564958008,252300.1166
11509,0.12799988,0.076264036,0.564958008,164460.9052
11510,0.130523361,0.090673304,0.564958008,257403.1242
11511,0.127492355,0.09062527,0.564958008,0
11512,0.129007395,0.090607404,0.564958008,0
11513,0.125975441,0.090723239,0.564958008,257403.1242
11514,0.126493317,0.07634407,0.564958008,172300.9723
11515,0.124457588,0.090902135,0.564958008,252300.1166
11516,0.12498394,0.07651547,0.564958008,192138.3017
11517,0.122939733,0.091163902,0.564958008,243654.3178
11518,0.123473618,0.076778168,0.564958008,199338.28
11519,0.121424703,0.091508502,0.564958008,257425.2118
11520,0.121964236,0.077136902,0.564958008,193298.0218
11521,0.119908732,0.091934102,0.564958008,255266.5597
11522,0.120456739,0.077586967,0.564958008,204402.125
11523,0.118392754,0.092439771,0.564958008,248822.0076
11524,0.118948288,0.078128403,0.564958008,213359.5384
11525,0.116878672,0.093030172,0.564958008,238155.4127
11526,0.117441739,0.078762138,0.564958008,203102.0015
11527,0.115362673,0.093701502,0.564958008,229962.6373
11528,0.115935173,0.07948997,0.564958008,0
11529,0.113848607,0.094452904,0.564958008,222528.7519
11530,0.11442674,0.080309135,0.564958008,0
11531,0.112335442,0.095287137,0.564958008,215529.4522
11532,0.11292114,0.081219671,0.564958008,0
11533,0.110819473,0.09620237,0.564958008,226408.6308
11534,0.111413607,0.082223404,0.564958008,0
11535,0.109305405,0.097202337,0.564958008,224436.2952
11536,0.109905205,0.083318504,0.564958008,0
11537,0.107795039,0.098284238,0.564958008,236959.3609
11538,0.108400505,0.084510539,0.564958008,0
11539,0.106283806,0.099444303,0.564958008,259327.2533
11540,0.106895838,0.085790204,0.564958008,0
11541,0.10477254,0.100689102,0.564958008,278804.7715
11542,0.105390238,0.087162102,0.564958008,0
11543,0.103258474,0.102018636,0.564958008,290941.7912
11544,0.103882739,0.088630068,0.564958008,0
11545,0.101748141,0.103426303,0.564958008,294486.1853
11546,0.102374306,0.090190269,0.564958008,0
11547,0.100238775,0.104915901,0.564958008,286321.9883
11548,0.100870572,0.091839935,0.564958008,0
11549,0.098729373,0.106491191,0.564958008,280693.1377
11550,0.099364972,0.093583768,0.564958008,0
11551,0.09722187,0.108148427,0.564958008,278191.3071
11552,0.097861204,0.095422724,0.564958008,0
11553,0.09571534,0.109888489,0.564958008,286034.899
11554,0.096358439,0.097352071,0.564958008,0
11555,0.094209707,0.111709539,0.564958008,296412.3009
11556,0.094855642,0.099375552,0.564958008,0
11557,0.092706006,0.113613444,0.564958008,300934.0782
11558,0.093353808,0.10148849,0.564958008,0
11559,0.091200373,0.115603053,0.564958008,298265.6758
11560,0.091851974,0.103698425,0.564958008,0
11561,0.089696607,0.11767174,0.564958008,286464.5064
11562,0.090348208,0.1059997,0.564958008,0
11563,0.088194773,0.119827072,0.564958008,272483.97
11564,0.088848241,0.108392311,0.564958008,0
11565,0.086693873,0.122064295,0.564958008,262182.0564
11566,0.087347341,0.110881897,0.564958008,0
11567,0.085192039,0.124383466,0.564958008,244009.4257
11568,0.085846441,0.113460935,0.564958008,261770.9744
11569,0.083692039,0.126790159,0.564958008,227930.8456
11570,0.084344574,0.116136002,0.564958008,247338.1794
11571,0.082194906,0.129279762,0.564958008,213376.7573
11572,0.082844607,0.118905228,0.564958008,231864.1337
11573,0.080699641,0.13185317,0.564958008,200938.935
11574,0.081347473,0.121766772,0.564958008,215211.7949
11575,0.079203443,0.134507502,0.564958008,188552.3193
11576,0.079849375,0.124721502,0.564958008,199745.2951
11577,0.077708209,0.1372466,0.564958008,176204.0992
11578,0.078351308,0.127767535,0.564958008,815508.3231
11579,0.076215741,0.140072352,0.564958008,1195478.587
11580,0.076855108,0.130908714,0.564958008,809829.3931
11581,0.07472334,0.142984731,0.564958008,1188605.717
11582,0.07535984,0.134146881,0.564958008,803643.4752
11583,0.073233739,0.145977112,0.564958008,1183238.569
11584,0.073863673,0.137476374,0.564958008,799124.3515
11585,0.071744105,0.149057078,0.564958008,1178889.124
11586,0.072370272,0.140898122,0.564958008,797297.5132
11587,0.070256406,0.152222738,0.564958008,1177798.668
11588,0.070874072,0.14441688,0.564958008,793423.2259
11589,0.068770574,0.15547407,0.564958008,1177994.751
11590,0.069382607,0.148030736,0.564958008,793423.2259
11591,0.067284706,0.158808273,0.564958008,1177919.289
11592,0.067888273,0.151736872,0.564958008,784505.9212
11593,0.065800774,0.162230967,0.564958008,1177105.374
11594,0.066395838,0.15553717,0.564958008,773041.3786
11595,0.06431871,0.165737467,0.564958008,0
11596,0.064903441,0.1594316,0.564958008,770015.1372
11597,0.06283851,0.169332504,0.564958008,0
11598,0.063412876,0.163420202,0.564958008,765441.5984
11599,0.061359272,0.173016037,0.564958008,0
11600,0.061923272,0.167507706,0.564958008,756324.6906
11601,0.059880004,0.176782405,0.564958008,1138744.977
11602,0.060433669,0.17168837,0.564958008,763724.6668
11603,0.058402602,0.180638275,0.564958008,1127425.42
11604,0.058944035,0.175963242,0.564958008,770776.6599
11605,0.056929005,0.184576976,0.564958008,1121711.798
11606,0.057456303,0.180332275,0.564958008,1127425.42
11607,0.055458235,0.188605108,0.564958008,1090810.619
11608,0.055971404,0.184794474,0.564958008,1121711.798
11609,0.053986571,0.192723674,0.564958008,1491461.801
11610,0.054486535,0.189356506,0.564958008,868919.2864
11611,0.2025,0.187211538,0.557532674,654181.9444
11612,0.054500635,0.187211538,0.557532674,654181.9444
