Time_s,Altitude_m,Range_m,Mach,Velocity_ms,DynPressure_Pa,Lift_N,Drag_N,CL,CD,FlightPathAngle_deg,Alpha_deg
0.0,-1.745073085547122e-27,0.0,7.999998165298024,2722.3512798706597,4539357.917907048,-8679.216747172557,3840.2635706840065,-0.004187564119742308,0.0018528572804900477,23.54542503720061,-0.4868492009888148
1.702316216064447,1734.94648289138,4244.269351996344,7.99449601231329,2666.712757920446,3675098.999461237,-9734.950192307273,3151.030618225262,-0.005801496763408632,0.0018778415474052532,20.88860529027725,-0.7077333842531667
3.404632432128894,3227.856643946507,8486.164412892142,7.996727468647721,2620.2952943414007,3048419.1175026065,-8953.510832641188,2632.080965933549,-0.0064327111391709255,0.0018910365850047146,17.849172846438876,-0.7948233256575553
5.106948648193341,4478.07378731598,12729.081989240818,7.999530757981189,2581.0416073534507,2593415.0331661943,-7340.745370561374,2231.069080626939,-0.006199312068274187,0.001884153826142898,14.946387268137219,-0.7624424669105552
6.809264864257788,5512.004485703595,16965.66158830992,7.999976627439302,2547.4825439925744,2259016.329782143,-5368.961384275823,1923.3953121244417,-0.005205306095071011,0.0018647668747915176,12.44628904092113,-0.6256476114026537
8.511581080322234,6369.519090978669,21186.815367137267,7.99744844585813,2518.3920812272067,2007504.2011231445,-3363.1934617958937,1696.5152676775654,-0.003669194638719877,0.0018508732237321156,10.488040998142504,-0.416757511832815
10.213897296386682,7095.726133761329,25384.977483834693,7.992514519119469,2492.6483061102963,1811468.225516633,-1055.0357581924848,1541.2907174812697,-0.001275592102578143,0.0018634991769041179,9.112633087513467,-0.09689407367538119
11.91621351245113,7740.19865208855,29553.904166610733,7.98674384523368,2469.1984147429794,1650249.8971885603,1566.5023881730392,1466.1865988442678,0.0020790106302947474,0.0019458748023665447,8.43960100867612,0.34071597184879787
13.618529728515576,8359.654806592007,33686.88505168338,7.982229085432947,2446.824255028021,1506900.9662545337,4492.017061493144,1487.5426660977964,0.0065287802152753675,0.0021620218700970505,8.588098131282468,0.9037417987403875
15.320845944580022,9017.123995388372,37774.548473305884,7.98121811201572,2424.0529221317083,1367313.298998318,7622.952518476414,1622.1899768649314,0.012210418233627592,0.0025984181357433397,9.667136088196944,1.5968430757802377
17.023162160644468,9779.258031830119,41801.89965385098,7.9859934995101565,2399.1871061573047,1220634.0505867517,10542.505304240083,1850.4199328613465,0.01891619186669025,0.0033201689232136814,11.744561794945108,2.3821892754156306
18.725478376708917,10708.570683623757,45746.401898324606,7.9999993665084,2370.853122366465,1061384.963591313,2225.8972639921717,992.1667315148107,0.004593117418602206,0.002047326428940847,14.746148486202825,0.6627071601241943
20.427794592773363,11744.006464897377,49625.17097987448,7.976268225346186,2353.5534253454,896332.737154166,974.1008801297877,802.4994582479462,0.0023801813070801364,0.001960879256375582,15.098015641533541,0.3785757965044428
22.13011080883781,12782.746053175768,53474.172175293,7.925948979045849,2338.705750825801,751339.1761999542,242.85188566485496,662.0612180150113,0.0007079145011390321,0.0019299118703216375,15.051992069670925,0.1585670237657672
23.83242702490226,13804.3808696831,57302.6489576705,7.881986091075072,2325.7336437390677,632470.0129325647,-176.2426973369077,554.7122624263415,-0.0006103044753528689,0.0019208930719254009,14.77039078370908,-0.016454068945593592
25.534743240966705,14797.290535840828,61116.57350251426,7.843082322367872,2314.25432841104,535481.4998048649,-401.36385252634034,470.49625614432244,-0.0016416068232105374,0.001924363291611678,14.350705899329682,-0.15439168698326955
27.23705945703115,15755.100774172355,64919.80080019178,7.808318679364018,2303.996637877363,456343.65877307014,-507.7421123710553,403.0518893906694,-0.002436837270566335,0.0019343911842427536,13.854271903599448,-0.26139865944631796
28.939375673095597,16674.65561823909,68714.82174061047,7.777014804924882,2294.7598195017354,391587.3936683947,-542.6366218765229,348.1659900563333,-0.0030349794952045824,0.0019473006394120983,13.31921545906477,-0.3423100061878524
30.641691889160043,17554.748604801887,72503.26177669635,7.748648241634435,2286.38971203903,338363.18913490314,-535.4909644449427,302.940146078061,-0.0034661264352597353,0.00196087127205033,12.768924878684816,-0.40094138026637394
32.34400810522449,18395.332032637696,76286.20001926179,7.722806194735396,2278.764512349293,294384.9475782987,-504.5413146015469,265.3076675556547,-0.003753673526718965,0.001973829177746713,12.2174876191571,-0.4403202196235354
34.046324321288935,19197.02581244705,80064.37012355353,7.699155447651983,2271.7858983862793,257839.17539015666,-461.0062797007148,233.74808619340013,-0.003915915400348923,0.0019855211758092756,11.673145832601186,-0.4628602765039794
35.74864053735339,19960.813730072274,83838.28596937378,7.6774226696772025,2265.3732185967156,227293.4628036811,-411.63065108859865,207.11267093823886,-0.00396639647859374,0.0019956992184839957,11.140485533195104,-0.47038441854035035
37.450956753417834,20687.866296487093,87608.31879713006,7.645254739336235,2259.459830629162,201012.77690990453,-359.15312911707775,184.4656762650897,-0.003913193778326865,0.002009866761985237,10.622101647693599,-0.4644439238953208
39.15327296948228,21379.43415248189,91374.74546271138,7.614639418065004,2253.9894088728443,178896.7527382573,-307.9108072548499,165.22566147349497,-0.003769622299028181,0.002022788168479779,10.119110322759628,-0.446450805582282
40.85558918554673,22036.76625679111,95137.78159438305,7.586065129781284,2248.913662479871,160203.78330527982,-259.1629079242475,148.8196554208361,-0.0035430349735024714,0.0020345243388561196,9.631429275437608,-0.41746151331887377
42.55790540161117,22661.06096093909,98897.60285546155,7.559354587333507,2244.1916894220885,144315.79598345957,-213.43011500335462,134.7865673372649,-0.0032390465707595236,0.0020455406150690285,9.158522297478166,-0.378328939653141
44.26022161767562,23253.44860515481,102654.35723824885,7.53435451423899,2239.7886308171933,130741.71561650002,-170.85262310579319,122.7553331338844,-0.00286208702190379,0.0020563713886582635,8.699635147392144,-0.32975014929943014
45.962537833740065,23814.985420625708,106408.17284155612,7.510931685224307,2235.6745779335856,119088.84224609993,-131.34851322927034,112.42512761618003,-0.0024156246411569256,0.0020676055014099463,8.253928461455065,-0.2722957818647967
47.66485404980452,24346.653762209393,110159.16287396726,7.488969662186262,2231.8236979885824,109041.12963001443,-94.7113849915362,103.55062818097552,-0.0019023359205485378,0.002079877509991424,7.820558159728898,-0.20643276611987138
49.367170265868964,24849.365984624976,113907.42890276507,7.46836608549464,2228.213526735912,100342.63149171183,-60.67024713793321,95.93086679140046,-0.0013242367640669012,0.002093862916450033,7.398722864498152,-0.13254215767535021
51.06948648193341,25323.97030021079,117653.06298328323,7.449030412589436,2224.8243901962833,92784.82101015528,-28.92579661238127,89.40068659647777,-0.0006827846624746512,0.0021102761123837207,6.987690631083351,-0.0509332646399693
52.771802697997856,25771.257599120778,121396.14906629724,7.430882018918374,2221.63892759242,86196.82181195066,0.8281080940009121,83.82412504456029,2.1041230763124576e-05,0.002129870208197314,6.586812805389246,0.03814507208801294
54.4741189140623,26191.968617960818,125136.76393380086,7.413848593486067,2218.6416943209183,80437.83673635748,28.89225493444947,79.08924517832779,0.0007866769384094317,0.002153438193009124,6.195529991550518,0.13449538950915932
56.17643513012675,26586.801098479988,128874.97782135945,7.3978647744786565,2215.8188286490904,75391.24388418325,55.55568312955158,75.10407103078532,0.0016139235039313465,0.0021818150484236905,5.813373313223933,0.2379642051421357
57.878751346191194,26956.41673890336,132610.8548271173,7.382870980716039,2213.1577693886843,70959.96438574545,81.09287784051645,71.79337534961957,0.0025029068516356574,0.0022158805538756415,5.439963000747085,0.3484359267115428
59.58106756225564,27301.447841268076,136344.45317060294,7.3688124028072854,2210.6470144641526,67062.80565676051,105.76315297996831,69.0961326589066,0.003454045336630096,0.0022565625935421344,5.075005596023685,0.4658277681611202
61.283383778320086,27622.50362047644,140075.8253408019,7.355638124356924,2208.275912319099,63631.557185376165,129.81133064326286,66.96349691325429,0.004468023136638177,0.002304840818101169,4.718290588867573,0.5900854332024947
62.98569999438454,27920.17617854997,143805.01815764257,7.3433003487637984,2206.034479665655,60608.670123826305,153.46914991792335,65.35719646467236,0.005545767977399169,0.0023617505370962873,4.369686988677141,0.7211793730416886
64.68801621044898,28195.04616959021,147532.0727609946,7.331753711352344,2203.9132403000176,57945.39226168576,176.9570439708861,64.24826351122232,0.006688431918172609,0.002428386724330249,4.029140133834433,0.8591014578666578
66.39033242651342,28447.688192870886,151257.0245345831,7.320954659997767,2201.9030806712635,55600.26005252301,200.48605473573468,63.61603313506896,0.007897374076418117,0.0025059080123436724,3.69666890962424,1.003861924988054
68.09264864257787,28678.67595689848,154979.90296764686,7.310860890227087,2199.995118665124,53537.87195123971,224.25973592447994,63.44736015436126,0.009174144255835251,0.0025955405338747885,3.3723634587551206,1.1554864821819884
69.79496485864233,28888.587258453375,158700.7314539436,7.301430823141433,2198.1805826997333,51727.884358293784,248.4759443443968,63.73601144954887,0.01052046646797737,0.0026985814382426403,3.056383410335914,1.3140134540533894
71.49728107470678,29078.008818957893,162419.5270253321,7.292623116533232,2196.450698766243,50144.18439047738,273.3284472634934,64.48219794116127,0.011938221306566583,0.0028164018676523346,2.748956612501462,1.479490862694901
73.19959729077122,29247.541016825176,166136.3000153354,7.284396201372523,2194.796583516878,48764.20355400344,299.0082864695011,65.69221447417607,0.01342942603881904,0.002950449119734247,2.4503783233700434,1.651973331223645
74.90191350683567,29397.802549138683,169851.0536466205,7.276707837508732,2193.2091419357107,47568.3439558255,325.7048415670075,67.37815775212391,0.014996211096365123,0.0031022476426011813,2.1610107894264203,1.8315186878632177
76.60422972290012,29529.43504922134,173563.78353512476,7.269514684076269,2191.6789685512294,46539.49452490108,353.60652734469164,69.55769213659268,0.016640791309861142,0.003273398394346649,1.8812831158123868,2.018184122079395
78.30654593896456,29643.107678266544,177274.47710258813,7.262771881811674,2190.1962515945247,45662.61925369145,382.90103915550577,72.25382988846727,0.018365429466034304,0.0034655759080574598,1.6116913058567044,2.2120216742933136
80.00886215502901,29739.521698843877,180983.11288855583,7.256432646435813,2188.7506800141505,44924.40303481354,413.774997712791,75.49468208330158,0.020172387082848086,0.003680521921573412,1.352798312612425,2.4130725660980024
81.71117837109345,29819.415024731363,184689.65975268188,7.2504478747926555,2187.3313539321634,44312.94351158976,446.4125343139602,79.31308914682623,0.02206384225851546,0.003920032152906384,1.1052338877613388,2.6213582729320835
83.4134945871579,29883.566720666837,188394.07595915103,7.244765770433848,2185.926700506126,43817.47972199093,480.990212352324,83.74571752500577,0.024041646529518564,0.004185916651506202,0.8696938412035056,2.83685469050056
85.11581080322235,29932.801367760887,192096.30814203693,7.239331516584597,2184.52440326695,43428.150693640986,517.6491890234026,88.82863946664315,0.026105953783395065,0.004479783617420504,0.6469373578246685,3.0593466944618437
86.81812701928679,29967.992891486447,195796.2902000412,7.234087174090257,2183.1113966067846,43135.7824338166,556.2957918035394,94.56521545795563,0.028245122173918103,0.004801413390802953,0.4377739306260366,3.2873639350943824
88.52044323535124,29990.065109895688,199493.9425561325,7.228973187600921,2181.674329684834,42931.73235136916,595.0628112339726,100.66787057570903,0.030357063527921776,0.005135560288081631,0.24297616696209626,3.5099733075937998
90.22275945141568,29999.96806249634,203189.17532518847,7.223942751690058,2180.2037948813095,42808.05520563336,618.3968908832878,104.5017176728999,0.0316385930464471,0.005346545829790719,0.06262021744103786,3.6434961227134477
91.92507566748013,29998.467944096617,206881.92335214987,7.219078446836367,2178.7285254777107,42760.091881894805,625.1502766597193,105.64558035480547,0.032019987716320315,0.005411131229628657,-0.10901107920322213,3.6824061520793854
93.62739188354458,29985.945289190615,210572.18208017695,7.214494701929858,2177.2849929411404,42786.49662400193,630.3196318928418,106.53152696199206,0.032264836532046905,0.005453141753836996,-0.27808051813019713,3.707054784113361
95.32970809960904,29962.56150265741,214259.98243998023,7.210198571201539,2175.876190478589,42886.46574822167,636.1275024069769,107.52807292234078,0.032486227220482986,0.005491322724325453,-0.4451692343324718,3.729279771889753
97.03202431567348,29928.466516390636,217945.35723085824,7.206180187802836,2174.499931886024,43059.45158284753,642.8901878121403,108.68799233623075,0.032699692307264536,0.005528259684572458,-0.6100292365056876,3.750704269130345
98.73434053173793,29883.829485362246,221628.3362070886,7.202426647869676,2173.15319058014,43305.112840475136,650.6628997822311,110.02051195215392,0.032907298659247,0.005564291196969295,-0.7722938484037125,3.771543989454533
100.43665674780237,29828.84331838746,225308.94541276916,7.198923915307085,2171.8326975040277,43623.29093047713,659.4637197958444,111.528642795898,0.03310913582093435,0.0055994240037905525,-0.9315752406131992,3.791808108662714
102.13897296386682,29763.725600206915,228987.2070868125,7.195657082498046,2170.535025633379,44013.98867621725,669.3050667185605,113.21444522530457,0.03330494710927012,0.005633606105389977,-1.0874784006926492,3.81146956416031
103.84128917993127,29688.718990808607,232663.13963888428,7.192610399145573,2169.256602131372,44477.34790838502,680.198410199316,115.07981747334148,0.03349439149990318,0.005666770757461812,-1.239603346646634,3.830492368059644
105.54360539599571,29604.09153898897,236336.7576248676,7.189767266404292,2167.9937097454354,45013.625070286515,692.1549061856839,117.12660005530267,0.03367709913750877,0.005698845860154293,-1.3875455780641832,3.8488373829715448
107.24592161206016,29510.136974129986,240008.07170976978,7.187110226580634,2166.7424868790195,45623.16437230311,705.1852412352193,119.356547407918,0.033852689140554164,0.005729757034070307,-1.5308962903906211,3.8664641623821225
108.9482378281246,29407.17498113794,243677.0886151129,7.18462095455486,2165.498928204257,46306.368107482085,719.2992305649543,121.77125826693954,0.03402077783677795,0.0057594291059517,-1.6692426489884526,3.8833317916082386
110.65055404418905,29295.551450839353,247343.8110496394,7.182280253166503,2164.258886437459,47063.6637650451,734.5052857199381,124.37208422352417,0.0341809835884643,0.0057877870348346525,-1.8021682158056704,3.899399372754474
112.3528702602535,29175.638693484358,251008.23762270474,7.180068054039724,2163.0180756432137,47895.46760164696,750.8097855332976,127.1600221251626,0.03433293012796607,0.005814756598560888,-1.9292535781257154,3.9146263547264297
114.05518647631794,29047.835600178983,254670.3627400074,7.1779634251524875,2161.772076363922,48802.14436454211,768.2163632252634,130.13559252398775,0.03447624920151637,0.0058402649730182775,-2.0500772162524914,3.9289727920838415
115.75750269238239,28912.567734813743,258330.17648153004,7.175944586425486,2160.51634284884,49783.96291285554,786.7251161763113,133.2987053423378,0.034610582915242945,0.005864241269134197,-2.164216642115422,3.9423995742628573
117.45981890844683,28770.287337054542,261987.66446180159,7.1739889346186425,2159.2462126470073,50841.047557843274,806.3317435111167,136.6485137122292,0.034735585998754294,0.005886617062828872,-2.2712498382329787,3.9548686480333455
119.16213512451128,28621.47321512735,265642.80767287326,7.172073078838293,2157.9569188205433,51973.325044757345,827.0266175281785,140.18325711414442,0.03485092811243934,0.005907326938103281,-2.3707570244075704,3.966343246742241
120.86445134057573,28466.6305054627,269295.58231074974,7.170172887958262,2156.643605023163,53180.46723165468,848.7937972875156,143.90009533755637,0.03495629627580424,0.005926309055050964,-2.462322777077166,3.976788134809606
122.56676755664017,28306.29027481787,272945.9595864487,7.168263551230207,2155.301343670044,54461.82968760027,871.6099959387507,147.79493534511514,0.03505139746495527,0.0059435057493914195,-2.545538522899608,3.9861698729105823
124.26908377270463,28141.008939340434,276593.90552338655,7.16631965329209,2153.9251573966153,55816.386636554846,895.4435174297864,151.86225380858002,0.0351359614079035,0.00595886416649826,-2.620005423520073,3.9944571072632744
125.97139998876908,27971.36747427646,280239.3807434187,7.164315264668938,2152.5100439633934,57242.662914726956,920.2531829315371,156.09491887009142,0.03520974359174596,0.005972336930019823,-2.6853376622748075,4.001620884926764
127.67371620483353,27797.97038777552,283882.340244599,7.162224048688441,2151.0510047097127,58738.66388712271,945.9872724872088,160.4840155381381,0.03527252848331494,0.005983882842633356,-2.7411661355787382,4.007634995714367
129.37603242089796,27621.444432632346,287522.73317456915,7.160019385497604,2149.5430765898145,60301.80457945833,972.5825128436873,165.01868001731142,0.0353241329531237,0.005993467614009364,-2.7871425417582514,4.012476340088845
131.0783486369624,27442.43703096749,291160.5026044362,7.157674513559781,2147.9813677393317,61928.83961719299,999.9631478865147,169.68594914858193,0.0353644098805784,0.0060010646085794225,-2.822943848031012,4.016125321142136
132.78066485302685,27261.614388923816,294795.5853090279,7.155162688630491,2146.361096418708,63615.79591266472,1028.0401332436988,174.4706319444249,0.035393251906084396,0.006006655603161117,-2.8482771022135482,4.018566257428002
134.4829810690913,27079.659281571552,298427.9115605098,7.152457359755049,2144.677633063253,65357.9103882486,1056.7105010410737,179.35521087171736,0.035410595282741465,0.006010231541914309,-2.8628845396971143,4.019787811997447
136.18529728515574,26897.268492483137,302057.4049434628,7.149532361305327,2142.926545039366,67149.57534723401,1085.8569440081747,184.3197809857867,0.035416423766919676,0.006011793273543131,-2.86654891857434,4.019783431493269
137.88761350122022,26715.149897942054,305683.9822006102,7.146362119486088,2141.1036435661767,68984.2943795083,1115.347669629434,189.34203516663473,0.03541077247343537,0.00601135225321312,-2.859098997007315,4.0185517876214165
139.58992971728466,26534.019192525222,309307.55311938276,7.142921871107899,2139.205032116113,70854.65188677565,1145.0365742713345,194.3973034673308,0.0353937316077958,0.00600893118945169,-2.840415047685266,4.016097211782838
141.2922459333491,26354.59626082788,312928.02047034627,7.139187891764925,2137.2271554627896,72752.29940031795,1174.7637836831507,199.45865387669966,0.03536544997567932,0.006004564614493854,-2.8104342854128483,4.01243011218676
142.99456214941355,26177.601209294982,316545.2800091023,7.135137729898867,2135.166848407579,74667.96181093159,1204.3565995373165,204.4970605613886,0.03532613815924105,0.005998299355295277,-2.769156066573887,4.007567361458247
144.696878365478,26003.750082314455,320159.2205535203,7.130750442608024,2133.021383095813,76591.46640589932,1233.6308814641623,209.48164385101202,0.035276071241832734,0.005990194881935766,-2.7166467046605023,4.001532641693738
146.39919458154245,25833.750297657483,323769.7241479754,7.126006828509419,2130.7885137388967,78511.7971875507,1262.392880275044,214.3799838660861,0.03521559095820912,0.005980323510546658,-2.653043735569206,3.9943567332101884
148.1015107976069,25668.295847671638,327376.66632556426,7.120889652522186,2128.4665174991324,80417.17631757043,1290.4415209631688,219.15850681004207,0.0351451071471325,0.005968770439357503,-2.578559461280219,3.9860777329781443
149.80382701367134,25508.062323910617,330979.91647798877,7.1153838571505865,2126.0542302782887,82295.17368947102,1317.5711141499494,223.78293965445172,0.035065098388256874,0.005955633599070887,-2.4934836020939017,3.9767411890199167
151.50614322973578,25353.7018336141,334579.3383408781,7.109476754741118,2123.551076186241,84132.84459394544,1343.5744527779686,228.21882539578112,0.034976111715857405,0.005941023302579637,-2.398184896819506,3.96640013796681
153.20845944580023,25205.83788607785,338174.7905997635,7.103158195299079,2120.9570895571683,85916.89424231343,1368.2462282392216,232.43208745714654,0.03487876131866961,0.005925061684000164,-2.2931115078678124,3.955115034551272
154.91077566186468,25065.060334901675,341766.12761875207,7.096420704794175,2118.272928529696,87633.86660589189,1391.3866782477444,236.3896283938626,0.034773726157774715,0.005907881922988097,-2.1787901142912083,3.9429535640722073
156.61309187792912,24931.92046781572,345353.2002902405,7.0892595894678605,2115.4998794120575,89270.35368564304,1412.8053592684057,240.05994510141795,0.03466174646264487,0.005889627257112481,-2.0558236100732583,3.9299903317802998
158.31540809399357,24806.926338766894,348935.85699990403,7.081673002466792,2112.639851307836,90813.22003327346,1432.3249208887803,243.41374048144036,0.03454361909825552,0.005870449792394142,-1.924887366398577,3.916306426603293
160.01772431005801,24690.538436805604,352513.94469685334,7.0736619701410826,2109.6953607721193,92249.83619652415,1449.7847497245896,246.42451022763856,0.03442019183225541,0.00585050912959058,-1.786724063604505,3.901988860537709
161.72004052612246,24583.165782801447,356087.31005449145,7.065230376520505,2106.6695065882495,93568.31385235017,1465.0443475300353,249.0690832252723,0.034292356568878676,0.005829970831015851,-1.6421371488297496,3.8871298891991635
163.4223567421869,24485.162538064156,359655.800703462,7.056384905760954,2103.565935085318,94757.73480759456,1477.986312919572,251.3280951093305,0.03416104165363338,0.005809004759183706,-1.491983026387458,3.8718262232392893
165.12467295825135,24396.825198680126,363219.26651440636,7.047134943671933,2100.388796738069,95808.36585450532,1488.518808675323,253.18637679550218,0.03402720338773322,0.005787783323941169,-1.3371621366979636,3.8561781443746534
166.8269891743158,24318.390436123784,366777.56090527796,7.037492440722996,2097.1426950856962,96711.85170813171,1496.5774165301177,254.63324317777688,0.03389181692171141,0.005766479678660286,-1.178609123287325,3.840288543400694
168.52930539038024,24250.033628984445,370330.5421459045,7.027471740113172,2093.832629257173,97461.37893135234,1502.1263074386177,255.66267147193014,0.033755866721837724,0.005745265908211993,-1.0172823231799393,3.8242619005666203
170.2316216064447,24191.868113141045,373878.0746314986,7.017089375509417,2090.4639315842933,98051.80484263739,1505.1586859697659,256.27336358919746,0.03362033681937836,0.005724311251708714,-0.8541528417382824,3.808203230884975
171.93393782250914,24143.94515921096,377420.0300969813,7.006363843865904,2087.0422019092935,98479.7468388166,1505.6965004530186,256.4686921091892,0.033486201060424645,0.00570378040135481,-0.690193487049091,3.7922170182123844
173.63625403857358,24106.25466744749,380956.2887453231,6.995315359289337,2083.5732402465487,98743.62925798993,1503.7894435656929,256.25653452542366,0.03335441357257336,0.005683831915303653,-0.526367840552304,3.776406162197441
175.33857025463803,24078.726552314085,384486.74026554957,6.983965594198527,2080.0629794372267,98843.68674350175,1499.513298868693,255.64900511652607,0.03322589965437745,0.005664616777424743,-0.3636197298586822,3.7608709614457663
177.04088647070247,24061.232772511998,388011.28471948527,6.972337414038778,2076.517419346591,98781.92492574311,1492.9677153463902,254.66209775519766,0.03310154727499121,0.0056462771306721084,-0.2028633475539208,3.745708154565282
178.74320268676692,24053.589947958233,391529.8332805034,6.960454611571723,2072.9425640049826,98562.04099330927,1484.2735126901368,253.3152559838483,0.0329821993460823,0.005628945203718228,-0.044974227932055744,3.731010038248445
180.44551890283137,24055.56249362331,395042.3088122924,6.948341646300811,2069.3443628975424,98189.30827045465,1473.5696338631606,251.63088862907912,0.032868646897528844,0.005612742443109175,0.10921874570315869,3.7168636783914515
182.1478351188958,24066.866191584104,398548.6462806662,6.936023393955291,2065.7286573787496,97670.43016751918,1461.009868002004,249.63385006057658,0.032761623254523774,0.005597778855830198,0.25894017467644276,3.703350226641367
183.85015133496026,24087.17211727502,402048.79299647553,6.923524910191042,2062.101132940873,97013.36976688622,1446.7594661592643,247.35090397589113,0.03266179927840276,0.005584152560231235,0.4034737372919258,3.690544350912918
185.5524675510247,24116.110833697432,405542.7086924767,6.910871211826415,2058.4672778148115,96227.1618221107,1430.991765516132,244.8101884381821,0.03256977969863758,0.005571949537066471,0.5421665034407583,3.6785137845352676
187.25478376708915,24153.276768074913,409030.3654413673,6.898087078065462,2054.8323481405982,95321.7140853821,1413.8849256286517,242.04069798961814,0.03248610053062224,0.005561243567185375,0.6744319779693586,3.66731899496488
188.9570999831536,24198.23268878999,412511.7474259447,6.885196873313719,2051.2013397236083,94307.60466863286,1395.6188644035756,239.07179621993373,0.032411227544455974,0.005552096338320482,0.799751917584466,3.657012969593793
190.65941619921807,24250.514205982006,415986.85057536373,6.872224392399835,2047.5789661992353,93195.88163749462,1376.3724633011047,235.93276940650716,0.03234555572486297,0.005544557700505179,0.9176769983010136,3.647641113215198
192.36173241528252,24309.634226442264,419455.68208371097,6.859192728307808,2043.9696432685994,91997.87030004805,1356.321092154894,232.65242896648215,0.03228940964228805,0.00553866604790229,1.0278264358197025,3.6392412492627613
194.06404863134696,24375.087301911477,422918.25982856535,6.846124161917662,2040.377478543032,90724.99275573902,1335.6344852440016,229.2587676534645,0.032243044640303614,0.005534448804143625,1.1298866794697564,3.631843715057778
195.7663648474114,24446.353819078053,426374.61170791154,6.833040072757192,2036.806266445718,89388.60328566302,1314.474982868213,225.77867183541568,0.03220664873468993,0.005531922988538991,1.223609311643926,3.625471539984903
197.46868106347586,24522.903989046423,429824.7749137873,6.819960869385432,2033.2594875629147,87999.84215985045,1292.9961374130319,222.2376899104,0.032180345114567604,0.005531095841546518,1.3088082895307065,3.620140694746841
199.1709972795403,24604.201603404592,433268.7951604731,6.806905937756002,2029.7403118112882,86569.50946677862,1271.3416702086902,218.65985501642396,0.03216419513524565,0.005531965489527544,1.3853566652214018,3.6158603995715666
200.87331349560475,24689.7075329501,436706.7258839792,6.793893605735911,2026.2516047877161,85107.95967946928,1249.6447555928282,215.06755869758615,0.03215820169535352,0.0055345216308639944,1.4531829149070015,3.612633479396706
202.5756297116692,24778.882953390617,440138.6274281731,6.780941121870903,2022.7959366886798,83625.01689288297,1228.0276014673295,211.48147109807806,0.03216231289663552,0.0055387462278290835,1.5122669989188782,3.6104567545587325
204.27794592773364,24871.1922897482,443564.56623121974,6.768064646477863,2019.3755932232032,82129.91001762777,1206.6012911098771,207.92050254106454,0.03217642589278599,0.005544614191030365,1.5626362628329709,3.609321456291498
205.9802621437981,24966.105877661725,446984.6140241967,6.75527925319378,2015.9925879916027,80631.22670307521,1185.4658487616189,204.40180096877623,0.03220039084320918,0.005552094045666567,1.604361276701456,3.609213657312409
207.68257835986253,25063.102345256317,450398.8470518755,6.742598939205318,2012.648675857912,79136.88438692954,1164.710491191752,200.94077962082633,0.032234014897976754,0.005561148571162324,1.6375516955367593,3.6101147088745478
209.38489457592698,25161.670723735162,453807.34532380966,6.730036642510026,2009.3453669031448,77654.11661924518,1144.4140286425668,197.551169454298,0.032277066151000136,0.005571735407898724,1.6623522101496886,3.612001676826863
211.08721079199142,25261.312298391484,457210.1919021017,6.717604264708439,2006.0839406066125,76189.47267289499,1124.6453808944088,194.24509110670695,0.03232927750908734,0.005583807626696048,1.6789386438896345,3.6148477703994732
212.78952700805587,25361.54221440534,460607.472230577,6.705312697985916,2002.865459960999,74748.82841259826,1105.4641772990187,191.03314162066303,0.03239035043477614,0.005597314258402959,1.6875142381600294,3.6186227585752184
214.49184322412032,25461.890853669993,463999.2735086032,6.6931718551062716,1999.690785282134,73337.40643277953,1086.9214131990298,187.92449164249533,0.032459958530370224,0.0056122007823939234,1.6883061580649046,3.623293369989595
216.19415944018476,25561.905000083356,467385.6841114781,6.681190701399886,1996.560587525182,71959.80357266094,1069.0601389187264,184.9269893385219,0.03253775093928131,0.0056284095739775756,1.681562239346369,3.6288236732965293
217.8964756562492,25661.148811342977,470766.7930581762,6.669377287882596,1993.4753609646355,70620.0240584277,1051.916161272863,182.04726781235448,0.032623355548496935,0.005645880311686104,1.667547988967518,3.635175435832624
219.59879187231365,25759.204615397168,474142.6895262873,6.6577387847849305,1990.4354351356824,69321.51669189814,1035.5187411405657,179.29085333128538,0.03271638198271186,0.005664550346169407,1.6465438442753577,3.6423084592002613
221.3011080883781,25855.673549424562,477513.46241319855,6.646281514902436,1987.4409859692062,68067.21469027454,1019.891273985987,176.66227216337015,0.032816424386377725,0.005684355032980284,1.618842689583098,3.650180891068115
223.00342430444255,25950.17605862501,480879.1999419475,6.635010986295706,1984.4920460820545,66859.5769716341,1005.0519432078117,174.16515427798873,0.03292306399468862,0.005705228031934093,1.5847476241415435,3.658749513059143
224.705740520507,26042.352271282634,484239.98930969666,6.623931923973178,1981.588514208617,65700.6298678125,991.0143388338283,171.80233256550054,0.033035871498384856,0.0057271015759826835,1.5445699717024346,3.6679700050664845
226.40805673657144,26131.862265573494,487595.91637643054,6.613048300280919,1978.7301637796163,64592.00842408374,977.7880363348319,169.57593658322747,0.03315440921031083,0.005749906712682246,1.4986275190774925,3.6777971867149337
228.11037295263588,26218.386242491128,490947.0653912358,6.602363363802363,1975.9166506698573,63534.99660939903,965.3791322245329,167.4874801356611,0.03327823304398505,0.005773573521379981,1.4472429691277797,3.6881852369788026
229.81268916870033,26301.624618099955,494293.51875338494,6.591879666638005,1973.147520148976,62530.56590931213,953.7907346623756,165.53794224869333,0.03340689431613266,0.005798031309215566,1.3907425923447974,3.699087893186235
231.51500538476478,26381.298047136177,497635.3568053757,6.581599089991742,1970.422213078518,61579.41190470679,943.023408514169,163.7278413041565,0.033539941386272254,0.0058232087889468175,1.329455060482011,3.710458630794854
233.21732160082922,26457.14738878772,500972.65765507944,6.571522868037862,1967.7400714054338,60681.98855281055,933.0755752880713,162.05730226657738,0.03367692114713549,0.005849034241480481,1.2637104454491084,3.722250825424023
234.91963781689367,26528.933624321242,504305.49702419987,6.561651610081894,1965.1003430067217,59838.53998308348,923.9438690862017,160.5261170633047,0.033817380380000386,0.005875435665830229,1.1938393667900553,3.7344178986837226
236.62195403295812,26596.437735101386,507633.94812033366,6.551985321060745,1962.502185942933,59049.12970043521,915.6234502323373,159.13379827704833,0.03396086698901658,0.005902340919045379,1.1201722714423428,3.7469134493575402
238.32427024902256,26659.460548476527,510958.0815300414,6.542523420453904,1959.9446721798774,58313.66715316408,908.1082785878345,157.87962638105648,0.03410693112835125,0.005929677848463409,1.0430388300442397,3.7596913714848386
240.026586465087,26717.82255799339,514277.96513047535,6.533264759698821,1957.4267908384772,57631.9316745277,901.3913487822348,156.76269079601107,0.034255126235545504,0.0059573744184430325,0.9627674347575619,3.7727059608512756
241.72890268115145,26771.36372345381,517593.6640172637,6.524207638220966,1954.9474510325597,57003.59384657719,895.4648896903905,155.78192507837127,0.03440500998389119,0.005985358833537602,0.8796847843550795,3.785912011343262
243.4312188972159,26819.94325544177,520905.2404465093,6.5153498182030285,1952.5054843536645,56428.2343644701,890.3205305095441,154.93613656608792,0.0345561451659543,0.006013559659874046,0.7941155431442151,3.799264902555213
245.13353511328035,26863.43938812696,524212.7537889243,6.50668853822926,1950.0996470608652,55905.360500402174,885.9494357477255,154.22403081237206,0.034708100519617834,0.006041905946312568,0.7063820611311235,3.8127206799626974
246.83585132934482,26901.74914339053,527516.2604942841,6.4982205259502575,1947.728622032297,55434.420280136066,882.3424113488975,153.64423113466492,0.034860451507220856,0.006070327346779092,0.6168041436485227,3.826236128892927
248.53816754540927,26934.78808861582,530815.8140645432,6.489942009921315,1945.391020533644,55014.81449308758,879.4899840639598,153.195293596245,0.03501278105755097,0.006098754244985798,0.5256988594603741,3.8397688434390385
250.2404837614737,26962.49008983862,534111.4650341108,6.48184873077405,1943.0853838573787,54645.90666036576,877.3824560442556,152.87571772439924,0.03516468027961985,0.006127117882585919,0.433380377105839,3.853277291378254
251.94279997753816,26984.80706135354,537403.2609559295,6.473935951886706,1940.81018488508,54327.03108506238,876.0099364952043,152.6839532533784,0.03531574915633037,0.0061553504916467385,0.34015981994795885,3.8667208760678067
253.6451161936026,27001.708712321262,540691.2463921447,6.466198469723413,1938.5638296237528,54057.499106399955,875.3623520906964,152.6184031639694,0.035465597225330985,0.0061833854321686746,0.24634513104709915,3.880059996207122
255.34743240966705,27013.18229041252,543975.4629082832,6.458630624017163,1936.3446587657227,53836.603674925456,875.4294377215875,152.67742327579805,0.0356138442535566,0.006211157335227597,0.15224093958647977,3.89325610427113
257.04974862573147,27019.232322054246,547255.9490699861,6.451226307975022,1934.1509493203725,53663.62236043096,876.2007090388321,152.85931863433456,0.03576012091117469,0.0062386022521711115,0.058148421141066844,3.906271764337602
258.7520648417959,27019.880348409348,550532.7404414632,6.4439789786875945,1931.9809163647508,53537.81889835125,877.6654181589244,153.1623369230136,0.035904069449887235,0.006265657810155559,-0.03563485539230021,3.9190707099510322
260.45438105786036,27015.164655820507,553805.8695849436,6.43688166792747,1929.8327149588074,53458.44337448678,879.8124938291938,153.58465912247365,0.03604534438978275,0.00629226337416812,-0.1288151008885357,3.931617902586611
262.1566972739248,27005.139999079172,557075.3660605113,6.429926993523659,1927.7044422697322,53424.73114252753,882.6304673069305,154.12438763439485,0.03618361321817894,0.006318360215535507,-0.22110250531958442,3.943879591199339
263.85901348998925,26989.87731554204,560341.2564258093,6.4231071715003285,1925.5941399484752,53435.900564302996,886.1073851903936,154.77953208702664,0.03631855710314249,0.00634389168677622,-0.31221146905175096,3.9558233732650523
265.5613297060537,26969.463427808114,563603.5642352002,6.4164140291685765,1923.499796799989,53491.14965934483,890.2307104542914,155.54799304379787,0.03644987162360776,0.006368803402505597,-0.40186087138607873,3.967418257640826
267.26364592211814,26944.000732390992,566862.3100380626,6.4098390193590715,1921.4193517869553,53589.651748390264,894.9872129868697,156.427543845354,0.036577267517235515,0.006393043425950649,-0.4897743811293666,3.978634729491331
268.9659621381826,26913.60687157331,570117.5113759979,6.4033732359810465,1919.3506974046863,53730.550175156306,900.3628510018079,157.41581082927507,0.03670047144634795,0.006416562460473971,-0.5756808134734829,3.9894448174443107
270.66827835424704,26878.414385416632,573369.1827788108,6.3970074310889,1917.2916834624357,53912.95219215968,906.3426448040084,158.51025219032746,0.036819226781441575,0.006439314045342327,-0.6593145369115191,3.9998221630515842
272.3705945703115,26838.570340722046,576617.3357592232,6.390732033631334,1915.2401213034252,54135.92209973023,912.9105445240807,159.7081357674036,0.03693329440090926,0.006461254754805072,-0.7404159333185556,4.009742092541263
274.072910786376,26794.235933598233,579861.9788063674,6.38453717004911,1913.193788492438,54398.47373262692,920.0492935980675,161.00651607067772,0.03704245350469466,0.006482344399371299,-0.8187319136604101,4.0191816907516404
275.77522700244043,26745.586062199083,583103.117378204,6.378412686875858,1911.1504339957335,54699.56239590964,927.7402899549833,162.40221089364792,0.03714650243865208,0.006502546227992432,-0.8940164910547328,4.02811987703711
277.4775432185049,26692.808866146526,586340.753893098,6.372348175481533,1909.1077838732624,55038.076360808926,935.9634470793739,163.8917778886728,0.03724525952539753,0.006521827129670765,-0.966031412085496,4.036537482831314
279.1798594345693,26636.105229161403,589574.8877208896,6.366332999079785,1907.0635474976248,55412.8280421802,944.6970573342023,165.4714915204843,0.03733856389641033,0.006540157832825966,-1.0345468463565923,4.0444173304428235
280.88217565063377,26575.688241491356,592805.5151738916,6.360356322098497,1905.0154243078773,55822.54499149541,953.917660153411,167.13732084865714,0.03742627631909092,0.0065575131005630016,-1.0993421332576656,4.05174431254416
282.5844918666982,26511.78261885589,596032.629498345,6.354407141986662,1902.9611110991295,56265.86085292772,963.599917934928,168.8849086257356,0.03750828001140376,0.006573871919800436,-1.1602065838032058,4.0585054716970035
284.28680808276266,26444.62407483026,599256.2208669718,6.348474323500638,1900.8983098408619,56741.30644454187,973.7165026737341,170.70955223094765,0.03758448143565193,0.006589217682040603,-1.2169403341959457,4.064690079135834
285.9891242988271,26374.458643866943,602476.2763733597,6.342546635478551,1898.824736008083,57247.30114139619,984.23799655876,172.60618698818755,0.03765481106185493,0.006603538353398024,-1.2693552464635294,4.070289711910709
287.69144051489155,26301.541952511157,605692.78002902,6.33661279007319,1896.7381273998512,57782.144751953485,995.1328099049853,174.56937243925532,0.037719224090156656,0.006616826631354849,-1.3172758501341535,4.075298327369447
289.393756730956,26226.13843680865,608905.7127640562,6.330661484371504,1894.6362534094224,58344.01009284323,1006.3671198884579,176.5932821567965,0.03777770112069993,0.006629080085587765,-1.3605403174687574,4.0797123338424415
291.09607294702045,26148.52050443242,612115.0524324772,6.324681444283054,1892.5169246994749,58930.93647899108,1017.9048335836934,178.67169768384292,0.0378302487584942,0.006640301280116184,-1.3990014632765455,4.083530656282608
292.7983891630849,26068.967640670842,615320.7738232753,6.318661470531016,1890.3780032246516,59540.82435552637,1029.7075787549538,180.79800717589117,0.037876900140007844,0.006650497873963236,-1.4325277588355243,4.086754795511883
294.50070537914934,25987.76545812174,618522.848678465,6.3125904865283395,1888.217412532286,60171.431303818914,1041.734725712299,182.96520929504823,0.037917715367569244,0.006659682697506017,-1.4610043479548267,4.089388879637914
296.2030215952138,25905.204690721857,621721.245719345,6.30645758786931,1886.0331482608665,60820.3696555043,1053.9434432971657,185.16592286193787,0.03795278183719617,0.006667873801726152,-1.4843340517911967,4.091439706133983
297.90533781127823,25821.580133602132,624915.9306822899,6.300252093114105,1883.8232887448348,61485.1059445036,1066.2887917009043,187.39240270834762,0.037982214445233996,0.006675094477662482,-1.502438347713681,4.092916773026194
299.6076540273427,25737.189531188007,628106.8663654047,6.293963595492257,1881.5860056240447,62162.96241696053,1078.7238543364838,189.63656209111053,0.03800615565920026,0.006681373243519807,-1.5152583063481584,4.093832297608556
301.3099702434071,25652.33241694729,631294.0126873772,6.287582015101587,1879.3195743469341,62851.12080187101,1091.1999103750297,191.8900019250483,0.03802477543854782,0.006686743797105648,-1.5227554699794792,4.094201221113124
303.01228645947157,25567.30890921127,634477.3267598342,6.281097651133699,1877.0223844485754,63546.62852044011,1103.666648828774,194.14404697079902,0.03803827099169979,0.00669124493155384,-1.5249126547974343,4.094041197802757
304.714602675536,25482.418468538828,637656.7629744499,6.274501233617017,1874.6929494786157,64246.40747934418,1116.0724242163415,196.38978897311924,0.0380468663567064,0.006694920412650255,-1.5217346590962046,4.093372567031693
306.41691889160046,25397.95862313697,640832.2731059612,6.267783974135323,1872.329916450027,64947.26555213525,1128.3645529018213,198.61813658973387,0.03805081179424068,0.006697818816501172,-1.513248859524308,4.092218306936697
308.1192351076649,25314.223669869996,644003.8064321126,6.260937614955121,1869.9320746778942,65645.9108040839,1140.4896481746107,200.8198717831189,0.03805038298340412,0.006699993326774936,-1.4995056778762392,4.090603968580961
309.82155132372935,25231.5033593582,647171.3098713849,6.253954475980616,1867.4983638784404,66338.96845951777,1152.3939910614401,202.98571217255838,0.038045880012945184,0.006701501491296513,-1.4805789017515798,4.088557589574697
311.5238675397938,25150.081574557087,650334.7281391558,6.246827498951547,1865.0278814023068,67023.00054813638,1164.0239327679976,205.10637866668228,0.03803762616299374,0.006702404938373092,-1.4565658437040456,4.086109586439855
313.22618375585824,25070.23501299275,653494.0039226923,6.239550288307811,1862.5198884829342,67694.52809930104,1175.3263235734346,207.17266752360695,0.03802596647525332,0.006702769053865459,-1.4275873252692364,4.083292625269366
314.9284999719227,24992.231883480257,656649.0780750995,6.23211714816619,1859.9738153907233,68350.05568277808,1186.2489619892478,209.1755258234972,0.03801126611272417,0.0067026626206801495,-1.3937874744864787,4.080141470549866
316.63081618798714,24916.330628644253,659799.8898280363,6.224523114888824,1857.3892653964444,68986.09802299124,1196.741057087168,211.10612919348594,0.037993908513401065,0.006702157423024985,-1.3553333281900979,4.076692812365686
318.3331324040516,24842.77868487127,662946.3770226764,6.216763984770293,1854.766017462931,69599.20834407813,1206.7536961430953,212.95596050431394,0.03797429334592325,0.006701327818427277,-1.3124142333928965,4.0729850725736645
320.03544862011603,24771.81129143247,666088.4763580376,6.208836336429469,1852.1040276021163,70186.00803755462,1216.240309174679,214.71688816771857,0.037952834278770727,0.00670025028114109,-1.2652410454553689,4.069058190924829
321.7377648361805,24703.650360409374,669226.1236554433,6.200737547562757,1849.4034288546186,70743.21718601737,1225.1571216051364,216.381242609004,0.03792995657820408,0.0066990029211474135,-1.2140451243470192,4.064953392500166
323.4400810522449,24638.50341872484,672359.2541375167,6.192465805795222,1846.6645298707647,71267.68542765224,1233.4635861905856,217.941889474082,0.03790609455363765,0.0066976649834610685,-1.1590771340650603,4.0607129382130065
325.14239726830937,24576.562633025496,675487.8027197544,6.184020113453811,1843.8878120947077,71756.42260999518,1241.1227855221778,219.39229815746728,0.037881688872411924,0.006696316332882359,-1.1006056540732867,4.056379860498767
326.8447134843738,24518.003927384492,678611.7043124053,6.1754002861797135,1841.0739255764156,72206.62865939952,1248.1017968610688,220.72660430755695,0.03785718376889206,0.00669503692965587,-1.0389156153454981,4.051997686652454
328.54702970043826,24462.986202807268,681730.8941300719,6.16660694539288,1838.2236834591872,72615.72208672758,1254.3720117788753,221.93966507713702,0.03783302417536715,0.0066939063017107565,-0.9743065771267362,4.04761015257473
330.2493459165027,24411.65066634634,684845.3080062071,6.157641504717749,1835.3380552123135,72981.36656090264,1259.9094040393793,223.02710603736662,0.03780965280427693,0.006693003019248771,-0.907090863747793,4.043260909938182
331.95166213256715,24364.120276289905,687954.882709467,6.1485061505729695,1832.4181586989014,73301.49501036531,1264.69474033646,223.98535885743775,0.037787507212774275,0.00669240417741402,-0.8375915836387083,4.038993229978232
333.6539783486316,24320.499308413473,691059.5562587419,6.139203817216618,1829.4652511871388,73574.33075784521,1268.7137298588339,224.8116890636585,0.0377670168814921,0.00669218489262243,-0.7661405549931765,4.034849707240708
335.35629456469604,24280.87304671001,694159.2682336053,6.129738156619662,1826.4807194289035,73798.4052548379,1271.9571101316149,225.50421342283795,0.037748600339589496,0.006692417817855022,-0.6930761642639741,4.030871966676001
337.0586107807605,24245.307600379747,697253.9600769093,6.120113503612273,1823.4660689421928,73972.57205696678,1274.420668133777,226.061906737426,0.037732662367689684,0.006693172681835427,-0.61874118476714,4.027100377455098
338.76092699682494,24213.849847207086,700343.575386316,6.110334836808089,1820.4229126430887,74096.01676732957,1276.1051972485525,226.48459808469732,0.03771959130920785,0.006694515856533295,-0.5434805831111009,4.023573776796003
340.4632432128894,24186.527501818662,703428.0601916796,6.100407735859561,1817.3529589787138,74168.26276901289,1277.0163921136732,226.77295677084115,0.037709756518831725,0.0066965099568767,-0.46763934094274434,4.020329206932548
342.1655594289538,24163.34930574276,706507.3632153881,6.090338335632102,1814.2579997148505,74189.17266671834,1277.1646848439207,226.9284684946401,0.03770350597461498,0.00669921347593752,-0.39156031863673707,4.017401668136084
343.8678756450183,24144.30533471218,709581.436113027,6.080133277905677,1811.1398975306456,74158.94545734751,1276.5650273522397,226.95340241732544,0.03770116407735119,0.006702680458194747,-0.3155821860917618,4.01482389042159
345.5701918610827,24129.36741730222,712650.2336920311,6.06979966121979,1808.0005735683671,74078.10954681884,1275.2366255567633,226.85077000890183,0.0377030296576951,0.006706960212801609,-0.24003744380257233,4.012626126241529
347.27250807714717,24118.489657799648,715713.714106338,6.059344989472075,1804.8419950787527,73947.5118220459,1273.2026321017136,226.62427668244754,0.03770937420798996,0.006712097068104991,-0.1652505549314988,4.010835966104201
348.9748242932116,24111.609055178367,718771.8390254399,6.048777119863081,1801.6661632925477,73768.30306979279,1270.489804820917,226.27826733337332,0.037720440352051056,0.006718130168007979,-0.09153620630112234,4.009478178659231
350.67714050927606,24108.64620922769,721824.5737766268,6.038104210751235,1798.4751016367488,73541.9201055621,1267.128138528934,225.81766696942242,0.037736440562378286,0.006725093310152199,-0.019197713172464614,4.008574576386027
352.3794567253405,24109.50610424786,724871.8874596326,6.027334669944441,1795.2708444003865,73270.06503387705,1263.1504778508058,225.2479176512461,0.037757556130793325,0.006733014825384695,0.05147442053644299,4.008143907638204
354.08177294140495,24114.07896029684,727913.7530333016,6.016477103909399,1792.0554259398173,72954.68210489908,1258.592118795343,224.57491297902476,0.037783936397998284,0.006741917498027216,0.1202037782010084,4.008201775700551
355.7840891574694,24122.241141739447,730950.1473742953,6.0055402683279295,1788.8308704977346,72597.93266077964,1253.490407485997,223.80493150437584,0.03781569827508061,0.006751818531438667,0.18672913748576797,4.008760588139552
357.48640537353384,24133.856112816025,733981.0513082369,5.994533020364855,1785.5991826915376,72202.16867809162,1247.8843510317142,222.94457172098714,0.0378529263026004,0.006762729603862835,0.2508054067267064,4.009829562052126
359.1887215895983,24148.775430125603,737006.4496140152,5.98346427287848,1782.3623386886882,71769.90540918817,1241.8142353809908,222.0006898994138,0.03789567290846858,0.006774657022112062,0.3122043930171152,4.011414788052798
360.89103780566273,24166.83976237261,740026.3310022388,5.972342950738205,1779.1222780698617,71303.79360892795,1235.3212217748066,220.9803311193323,0.037943957819877056,0.0067876016498508215,0.3707154104110985,4.013519176399512
362.5933540217272,24187.8799278526,743040.6880691927,5.961177949862913,1775.8808965162536,70806.59182251985,1228.446989256563,219.8906651177304,0.03799776850416072,0.006801558929641709,0.42614571798284295,4.016142463955007
364.2956702377916,24211.717940430844,746049.5172279555,5.9499780990291296,1772.6400392917085,70281.13916454627,1221.2333981240602,218.73892741995238,0.03805706075827358,0.006816518991216668,0.4783208017131111,4.019281273977015
365.9979864538561,24238.168055612274,749052.8186184788,5.938752124457727,1769.401495483137,69730.32897308574,1213.7221798083601,217.53236457324243,0.03812175950934889,0.006832466791593548,0.5270845114181776,4.0229291996471295
367.7003026699205,24267.037809060505,752050.5959985479,5.927508617219071,1766.1669929763757,69157.08367444233,1205.9546547042462,216.27818369860532,0.03819175979241654,0.006849382278128031,0.5722990637907179,4.027076906025159
369.40261888598496,24298.129040682008,755042.8566176327,5.916256003463368,1762.9381941391384,68564.3311408502,1197.9714791599604,214.98350664500464,0.03826692788442666,0.006867240571448585,0.6138449231341923,4.03171224818099
371.1049351020494,24331.23889816561,758029.6110757032,5.9050025174461656,1759.7166921761316,67954.98276870373,1189.8124222332674,213.65532893278214,0.03834710257686519,0.006886012165935334,0.6516205719050628,4.036820403547623
372.80725131811386,24366.160814648698,761010.8731690885,5.893756177286614,1756.5040081160569,67331.91345027325,1181.5161721983309,212.3004835686286,0.038432096569712505,0.006905663145621837,0.6855421834609484,4.042384016576638
374.5095675341783,24402.68545595601,763986.6597254524,5.882524763368677,1753.3015883862643,66697.94355898359,1173.1201722386813,210.92560971933912,0.03852169796992978,0.006926155413580702,0.7155432094343548,4.048383353817822
376.21188375024275,24440.60163361007,766956.9904298988,5.871315799273325,1750.1108029281747,66055.82301856512,1164.660484300382,209.53712614885578,0.03861567187829422,0.006947446933039475,0.7415738939417053,4.054796467610012
377.9141999663072,24479.69718053336,769921.8876441508,5.860136535112229,1746.9329438051352,65408.217480652274,1156.171679705417,208.14120925306105,0.03871376204923052,0.0069694919786611595,0.7636007264322557,4.0615993666588075
379.61651618237164,24519.759787041603,772881.3762206449,5.848993933120649,1743.7692242539695,64757.69659449789,1147.68675483612,206.74377546955273,0.03881569260925729,0.006992241396607697,0.781605844417873,4.068766191883638
381.31883239843614,24560.577795358648,775835.4833132705,5.837894655358325,1740.62077813199,64106.72431687618,1139.2370699919343,205.35046779483685,0.03892116982074727,0.007015642872180522,0.795586396637914,4.076269396037484
383.0211486145006,24601.94095146136,778784.2381863486,5.826845053362094,1737.4886597125176,63457.6511801396,1130.8523093815552,203.9666461080712,0.03902988387884538,0.007039641203995239,0.8055538764368103,4.084079925732547
384.72346483056504,24643.64111358477,781727.6720233128,5.815851159592043,1734.3738437838426,62812.708411858424,1122.5604601394164,202.59738097790895,0.039141510730565904,0.007064178583794506,0.8115334342954691,4.092167404640503
386.4257810466295,24685.47291718237,784665.8177364079,5.804918680513878,1731.2772260089573,62174.00378033726,1114.3878082365484,201.2474506159761,0.03925571390627008,0.007089194881132472,0.8135631775879857,4.100500316772902
388.1280972626939,24727.23439654446,787598.7097785743,5.794052991163314,1728.1996235061404,61543.519026215065,1106.3589491818489,199.9213406356628,0.03937214635487527,0.007114627932273725,0.8116934647554785,4.10904618888259
389.8304134787584,24768.72756362888,790526.3839585452,5.783259131043472,1725.1417756134933,60923.108731025466,1098.496811474448,198.62324627736496,0.039490452275252365,0.007140413832739132,0.8059862002182846,4.117771771158157
391.5327296948228,24809.75894495771,793448.8772600347,5.772541801212758,1722.1043448036912,60314.50046842569,1090.8226908605754,197.35707676948434,0.03961026893730312,0.007166487233000214,0.7965141355020665,4.126643215508005
393.23504591088727,24850.140077681124,796366.2276657646,5.7619053624284975,1719.0879177184681,59719.29608233525,1083.3562935629998,196.1264615074198,0.03973122848716544,0.0071927816368728284,0.7833601812448179,4.135626250846949
394.9373621269517,24889.68796611101,799278.4739869403,5.751353834220141,1716.0930062955963,59138.97393794107,1076.115786781436,194.93475774947348,0.039852959731859525,0.007219229702191351,0.7666167339895116,4.144686354905237
396.63967834301616,24928.225500184963,802185.6556986652,5.740890894774965,1713.1200489643147,58574.891995798,1069.117854900988,193.78505954777222,0.039975089899454454,0.00724576354335673,0.7463850209576067,4.153788922176177
398.3419945590806,24965.581837439633,805087.8127816706,5.730519881528637,1710.169411888251,58028.291565670734,1062.377759989807,192.6802076534604,0.04009724637150119,0.007272315035347631,0.7227744653458881,4.162899427703989
400.04431077514505,25001.59275015626,807984.9855706278,5.72024379236254,1707.241390237827,57500.301604743836,1055.9094053109723,191.62280015749158,0.04021905838504169,0.007298816118765037,0.6959020740950995,4.171983586487764
401.7466269912095,25036.100939393018,810877.2146092175,5.710065287319225,1704.336209476924,56991.94343401731,1049.7254007155354,190.61520365096706,0.04034015870196734,0.007325199105448336,0.6658918495439785,4.181007508340266
403.44894320727394,25068.95631764383,813764.5405120399,5.6999866907566545,1701.454026651178,56504.135756611606,1043.8371289195097,189.65956471131216,0.04046018524386624,0.007351396984157711,0.6328742259055057,4.189937848092429
405.1512594233384,25100.01626186388,816647.0038333787,5.690009993870905,1698.5949316676847,56037.6998720882,1038.2548117972738,188.75782154252238,0.04057878269077167,0.007377343725764552,0.5969855310814541,4.198741951075741
406.85357563940283,25129.1458385828,819524.644942756,5.680136857525596,1695.7589485580897,55593.36499138179,1032.9875759449017,187.91171561870834,0.04069560404241279,0.007402974587331649,0.5583674739639288,4.207387993846314
408.5558918554673,25156.218002789585,822397.5039071623,5.670368615334559,1692.9460367190552,55171.77356731281,1028.043516878627,187.1228031999728,0.04081031214067505,0.007428226414398548,0.5171666570550679,4.215845120136444
410.2582080715317,25181.113772222194,825265.6203797896,5.660706276951943,1690.156092125895,54773.48656575338,1023.4297613365432,186.39246660827564,0.04092258115201463,0.00745303794071811,0.4735341139648144,4.224083572033139
411.9605242875962,25203.722378631883,828129.0334950585,5.651150531531273,1687.388948516799,54398.988612132845,1019.1525272441269,185.72192516798418,0.04103209800854308,0.0074773500846185,0.4276248711178499,4.232074816388814
413.6628405036606,25223.941397520044,830987.7817696872,5.641701751321715,1684.6443785465183,54048.6929570518,1015.2171809877515,185.11224573145887,0.041138563806414015,0.007501106241093144,0.37959753281036557,4.239791666468064
415.36515671972506,25241.67685776549,833841.9030095272,5.632359995376129,1681.922094909655,53722.946213205076,1011.6282917144616,184.5643527241047,0.04124169516001269,0.007524252568651023,0.3296138886015356,4.2472083988270635
417.0674729357895,25256.843332475037,836691.4342218629,5.623125013351299,1679.2217514348386,53422.03282356273,1008.3896824415397,184.0790376558786,0.041341225510277475,0.007546738269892723,0.27783854189961343,4.25430086540923
418.76978915185396,25269.364012300943,839536.4115328576,5.613996249386164,1676.5429441520605,53146.1792278205,1005.5044778166579,183.65696805737724,0.04143690638527996,0.007568515864715543,0.22443855850479716,4.261046600823424
420.4721053679184,25279.170762376918,842376.870109814,5.604972846048776,1673.8852123362944,52895.55770049758,1002.975148418923,183.2986958083497,0.0415285086109627,0.007589541454995104,0.1695831337971355,4.267424924749545
422.17442158398285,25286.204163931317,845212.844087913,5.596053648347369,1671.248039531296,52670.28983973372,1000.8035515331984,183.004664834803,0.04161582346968898,0.007609774979542654,0.11344327720453923,4.273417039391969
423.8767378000473,25290.413541542104,848044.366501083,5.587237207805064,1668.630854558115,52470.449690912814,998.9909683664034,182.77521815807904,0.04169866380400486,0.00762918045809802,0.056191512550536664,4.2790061218742625
425.57905401611174,25291.75697690515,850871.4692166606,5.578521786601672,1666.0330325134307,52296.06649368015,997.5381377040555,182.6106042851955,0.041776865062754784,0.007647726223089052,-0.001998407138913643,4.284177411439777
427.2813702321762,25290.201309894757,853694.1828735016,5.5699053617896235,1663.4538957633015,52147.12704486707,996.4452860303319,182.51098293474428,0.04185028628643449,0.00766538513787008,-0.060951771797972745,4.288918291292591
428.98368644824063,25285.72212760468,856512.5368232062,5.561385629594342,1660.8927149383592,52023.57767326854,995.7121541544238,182.47643009656898,0.04191881102841667,0.007682134800146122,-0.12049317487853653,4.2932183648824696
430.6860026643051,25278.30374196896,859326.559074135,5.552960009812499,1658.348709936842,51925.325825273736,995.3380204017085,182.50694242662797,0.04198234820844516,0.007697957729295836,-0.18044676371755697,4.29706952640638
432.3883188803695,25267.939156475422,862136.276237898,5.54462565032441,1655.8210509421938,51852.24126303261,995.3217204397116,182.60244098079846,0.04204083289457417,0.00771284153632623,-0.24063648111116237,4.300466025268299
434.09063509643397,25254.630022400586,864941.7134780169,5.536379431739515,1653.3088594622543,51804.15687925139,995.6616638168468,182.7627742930875,0.04209422700952705,0.007726779075225461,-0.3008862994702267,4.30340452420895
435.7929513124984,25238.3865849134,867742.8944604701,5.528217972196418,1650.8112093973236,51780.86913492216,996.3558472971564,182.98772080491366,0.04214251995727272,0.007739768574527171,-0.3610204489063056,4.30588415078803
437.49526752856286,25219.22761931672,870539.8413058537,5.520137632341287,1648.327128144635,51782.13812832183,997.4018650760639,183.27699065273347,0.04218572916546805,0.007751813747960658,-0.42086364056921727,4.307906541873923
439.1975837446273,25197.18035761941,873332.5745429011,5.512134520510733,1645.8555977469944,51807.68730559756,998.7969159621812,183.6302268216386,0.042223900539293695,0.007762923883135412,-0.48024128652919895,4.309475880770268
440.89989996069176,25172.280405559086,876121.1130631317,5.504204498147371,1643.3955560935665,51857.202825178974,1000.5378076074525,184.04700567249554,0.04225710882212334,0.007773113907295659,-0.5389797174687176,4.3105989265851905
442.6022161767562,25144.571650124937,878905.4740764154,5.496343185478383,1640.9458981809992,51930.33259022954,1002.6209578635758,184.5268368499962,0.04228545785841019,0.007782404429279798,-0.5969063994227506,4.311285035428047
444.30453239282065,25114.10615756228,881685.6730672658,5.488545967489338,1638.5054774432836,52026.68496539265,1005.0423933364797,185.06916257862179,0.04230908075415611,0.0077908217569301105,-0.6538501507824561,4.311546173000504
446.0068486088851,25080.944061774982,884461.7237516958,5.480808000227487,1636.0731071589553,52145.8271962712,1007.7977452032964,185.67335635315817,0.042328139930345315,0.007798397889318519,-0.7096413607566223,4.311396918133823
447.70916482494954,25045.15344297863,887233.6380344991,5.473124217470599,1633.6475619444577,52287.28355242291,1010.8822423476327,186.33872103003247,0.04234282706477802,0.007805170483282908,-0.764112210468752,4.310854456812888
449.411481041014,25006.810196396164,890001.4259668449,5.465489337799148,1631.2275793426818,52450.53321721869,1014.2907018598819,187.06448632557425,0.042353362917833086,0.007811182793904345,-0.8170968978556656,4.309938566219961
451.11379725707843,24965.997890728162,892765.0957041058,5.457897872111485,1628.81186151592,52635.00795070903,1018.017516939742,187.8498057273309,0.04235999703781866,0.007816483588696002,-0.868431867526578,4.308671588327886
452.8161134731429,24922.80761607234,895524.6534638656,5.450344131623208,1626.399077052664,52840.08955471772,1022.056642229001,188.6937528249928,0.04236300734174116,0.007821127035418077,-0.9179560467398984,4.307078392573623
454.5184296892073,24877.337820910332,898280.1034840897,5.442822236393555,1623.9878628978788,53065.10717271133,1026.4015765936972,189.59531706824941,0.042362699567531165,0.00782517256357689,-0.9655110886586343,4.30518632714908
456.22074590527177,24829.694137724808,901031.4479814717,5.435326124423141,1621.5768264165745,53309.33446065243,1031.0453433681012,190.55339896039115,0.04235940659401678,0.007828684699808935,-1.0109416240539217,4.303025158457662
457.9230621213362,24779.98919675585,903778.6871100082,5.427849561368674,1619.1645476006577,53571.986668927035,1035.9804680671348,191.5668046984005,0.04235348762522278,0.007831732877488373,-1.0540955226393691,4.300626998301884
459.62537833740066,24728.342427352552,906521.8189198906,5.420386150921515,1616.7495814291929,53852.2176796501,1041.198953572289,192.63424027323967,0.04234532723590695,0.007834391221028364,-1.094824165235662,4.298026218390553
461.3276945534651,24674.87984632386,909260.8393168413,5.412929345897927,1614.3304603922988,54149.11704804453,1046.6922527972038,193.75430504767968,0.04233533427561674,0.007836738305468853,-1.1329827279839544,4.295259351783532
463.03001076952955,24619.733832641472,911995.7420220659,5.405472460089624,1611.905697188969,54461.70710121876,1052.4512388460803,194.92548483384505,0.042323940628966446,0.007838856892054751,-1.1684304798460456,4.2923649809286815
464.732326985594,24563.042887797976,914726.5185330313,5.398008680923721,1609.4737876090874,54788.94015240004,1058.4661726905108,196.14614449848668,0.04231159983029322,0.007840833640605624,-1.2010310946468952,4.289383611989252
466.43464320165845,24504.95138107519,917453.1580853332,5.390531082981209,1607.0332136098168,55129.69589348439,1064.726668410602,197.41452013116114,0.042298785531359434,0.007842758799560725,-1.2306529789277294,4.286357535211935
468.1369594177229,24445.609278931333,920175.6476159536,5.383032642422823,1604.5824465963553,55482.77903352009,1071.2216560749912,198.72871081894834,0.04228598982132125,0.007844725874647608,-1.2571696168820448,4.283330671145506
469.83927563378734,24385.17185767221,922893.9717282671,5.375506252370247,1602.1199509167302,55846.91725534299,1077.9393423733425,200.08667008125954,0.04227372139879034,0.007846831277169666,-1.280459933637929,4.280348402588926
471.5415918498518,24323.799398531617,925608.1126591978,5.367944739289092,1599.644187579841,56220.759566875335,1084.8671691651257,201.48619702964973,0.0422625035964773,0.007849173952935804,-1.3004086781231918,4.277457392225588
473.24390806591623,24261.656864251057,928318.0502489861,5.360340880417904,1597.153618205335,56602.875127453226,1091.9917701716054,202.9249273304806,0.04225287225962218,0.007851854992863628,-1.3169068266988393,4.274705385987942
474.9462242819807,24198.913556219817,931023.7619140733,5.3526874222843315,1594.6467092130567,56991.752632761665,1099.2989261150133,204.40032406275623,0.04224537348020203,0.007854977226278155,-1.3298520086649557,4.27214100229429
476.6485404980451,24135.742751215414,933725.2226236691,5.3449771003455115,1592.1219362587435,57385.80034432283,1106.7735187003018,205.90966857935234,0.04224056118975262,0.00785864479790019,-1.3391489546236877,4.269813507407313
478.35085671410957,24072.321316773527,936422.4048806196,5.337202659784619,1589.5777889213275,57783.346850803435,1114.3994839417655,207.45005149720248,0.042238994614563694,0.007862962729475915,-1.3447099685190236,4.26777257728215
480.053172930174,24008.829304217754,939115.278707247,5.32935687748902,1587.01277564556,58182.64264846141,1122.1597654594577,209.01836396066582,0.042241235598006036,0.007868036466943928,-1.3464554239541013,4.266068046400746
481.75548914623846,23945.449518396304,941803.8116368875,5.32143258522766,1584.4254289417345,58581.862626525464,1130.0362685067132,210.61128934179823,0.04224784579582815,0.00787397141397146,-1.3443142851055292,4.264749644228491
483.4578053623029,23882.367063207323,944487.9687119043,5.3134226940360305,1581.814310841986,58979.10954006034,1138.009815641351,212.22529556170974,0.042259383751428625,0.007880872452623134,-1.3382246522023324,4.263866720078843
485.16012157836735,23819.768862051173,947167.7124890012,5.305320219805862,1579.1780186099286,59372.418547541914,1146.0601051144056,213.85662823773242,0.0422764018593639,0.00788884345185756,-1.3281343311068723,4.263467957330881
486.8624377944318,23757.843152429294,949843.0030527117,5.297118310064061,1576.5151906973206,59759.76288284735,1154.1656732211607,215.50130488174412,0.04229944322670071,0.007897986764486395,-1.3140014260194808,4.263601078113125
488.56475401049624,23696.778954019857,952513.7980379739,5.2888102719105,1573.8245129378902,60139.06072131221,1162.3038620327527,217.1551103946041,0.04232903844325903,0.007908402713183393,-1.2957949537222058,4.264312539743077
490.2670702265607,23636.765509703444,955180.0526627434,5.28038960106779,1571.1047249645069,60508.18328687085,1170.4507940998312,218.81359411999887,0.04236570227331928,0.007920189066104488,-1.273495477076497,4.265647224394565
491.9693864426252,23577.99169919166,957841.7197716171,5.271850011977273,1568.3546268314512,60864.96423186652,1178.5813558842208,220.4720687369506,0.04240993028297757,0.007933440502682142,-1.2470957546939492,4.267648123652014
493.67170265868964,23520.64542513107,960498.7498914648,5.263185468855017,1565.5730858187155,61207.210302860025,1186.6691918228478,222.1256112829612,0.04246219541901548,0.007948248070194628,-1.2166014028109025,4.270356019800027
495.3740188747541,23464.912971817277,963151.0913000642,5.254390217598873,1562.7590433900023,61532.713284732956,1194.6867110520172,223.76906660836718,0.04252294455689584,0.00796469863179187,-1.1820315644230108,4.273809165885252
497.07633509081853,23410.978336962304,965798.6901087346,5.245458818413369,1559.9115222704804,61839.263191618134,1202.6051089078812,225.39705356558508,0.04259259503727846,0.007982874306789678,-1.1434195796858064,4.278042966772162
498.778651306883,23359.022537313504,968441.4903599356,5.2363861789933095,1557.0296336044407,62124.66264701811,1210.3944053619953,227.0039742337443,0.0426715312122526,0.008002851904230019,-1.1008136504777781,4.283089663591162
500.4809675229474,23309.222889325123,971079.4341407588,5.227167588079766,1554.1125841468422,62386.742367147344,1218.0235025361055,228.58402646819312,0.04276010102426763,0.00802470235094997,-1.054277490875017,4.288978024142106
502.18328373901187,23261.752266533687,973712.4617131738,5.217798749174185,1551.1596834364773,62623.37763161366,1225.4602633586737,230.13122004469213,0.04285861264248356,0.008048490115709957,-1.0038909541284242,4.295733041964301
503.8855999550763,23216.778335782503,976340.5116618071,5.208275814167945,1548.1703508922176,62832.50559461158,1232.6716132657793,231.63939663848754,0.042967331182904855,0.008074272631301503,-0.9497506255988865,4.303375646909805
505.58791617114076,23174.46277497528,978963.5210599203,5.198595416616723,1545.144122767693,63012.143258625016,1239.6236666033199,233.1022538381483,0.043086475540167916,0.008102099716985584,-0.8919703700312224,4.3119224301555885
507.2902323872052,23134.960475607546,981581.4256541146,5.188754704361851,1542.0806588939738,63160.40590208008,1246.2818790484728,234.51337334219517,0.04321621536016222,0.00813201300409845,-0.8306818205776542,4.321385386655825
508.99254860326965,23098.41873391882,984194.1600681224,5.178751371175666,1538.9797491345519,63275.52572349269,1252.6112269337575,235.86625342294835,0.04335666818372694,0.008164045368195016,-0.7660347961634154,4.331771678063179
510.6948648193341,23064.976435118166,986801.6580258519,5.168583687085215,1535.841319472384,63355.87043844189,1258.5764138257327,237.15434566644166,0.04350789679241682,0.008198220371669358,-0.6981976331707882,4.343083419132287
512.3971810353985,23034.763235747563,989403.8525936202,5.158250527009719,1532.665437645156,63399.96154338054,1264.1421040885523,238.37109591043802,0.04366990678771601,0.008234551721382545,-0.6273574170539211,4.355317490554813
514.0994972514629,23007.89874984716,992000.67644126,5.147751397332949,1529.4523182425128,63406.49194295789,1269.2731824586826,239.50998920533272,0.04384264443503481,0.008273042746422515,-0.5537200994345256,4.368465381059826
515.8018134675274,22984.491745157047,994592.0621215014,5.137086460022869,1526.2023271779556,63374.34262627471,1273.935037886092,240.56459851667316,0.044025994803305615,0.00831368590169929,-0.4775104865132223,4.382513061442929
517.5041296835918,22964.639356113734,997177.9423667217,5.126256553908818,1522.915985448691,63302.59807340674,1278.0938690809223,241.52863677568507,0.04421978022994932,0.008356462303618032,-0.3989720853015572,4.397440892960788
519.2064458996563,22948.42632085744,999758.2504018325,5.115263212731743,1519.5939720990566,63190.56007734393,1281.7170083662427,242.39601176805837,0.04442375913938085,0.008401341304549358,-0.3183667952649359,4.413223572244666
520.9087621157207,22935.924249838623,1002332.9202717333,5.104108679596383,1516.2371263074426,63037.759678943774,1284.7732596091937,243.16088323525412,0.044637625241039015,0.008448280113206093,-0.2359744344841483,4.429830114548661
522.6110783317852,22927.190933880902,1004901.8871814072,5.092795917476463,1512.846448522944,62843.96693385411,1287.233245216601,243.81772145047432,0.04486100713015906,0.008497223468314288,-0.15209209139548538,4.447223876759461
524.3133945478496,22922.269699704528,1007465.0878463932,5.081328615454971,1509.4231005863762,62609.19826071945,1289.0697564738095,244.3613664279255,0.04509346831116311,0.008548103373111798,-0.06703329554283408,4.465362621159581
526.0157107639141,22921.18882092422,1010022.4608510251,5.069711190421717,1505.9684047807318,62333.72115896964,1290.258100912541,244.7870868336331,0.04533450765966495,0.008600838898200128,0.01887299646210703,4.484198620463124
527.7180269799785,22923.960992395343,1012573.9470115091,5.05794878399927,1502.483841768558,62018.056131428835,1290.776439949837,245.09063759366225,0.04558356033470419,0.008655336060097286,0.10528360047363414,4.503678804140085
529.420343196043,22930.582875483342,1015119.4897406249,5.046047254525237,1498.9710473879084,61662.97570076903,1290.6061097750628,245.26831514534308,0.04583999914797319,0.008711487782470582,0.19184248716937286,4.523744945518562
531.1226594121074,22941.03472136935,1017659.0354105796,5.034013163983128,1495.4318082942118,61269.50046804338,1289.7319183897955,245.3170092509707,0.046103136391157484,0.00876917394638764,0.27818234100127087,4.544333888579898
532.8249756281718,22955.280078879085,1020192.5337103499,5.021853759844146,1491.8680564523183,60838.89222442627,1288.1424117697607,245.23425028062977,0.046372226113478084,0.008828261534498137,0.36392628585658715,4.565377812510932
534.5272918442363,22973.265592537984,1022719.9379937063,5.009576951857683,1488.281862500945,60372.6441919019,1285.8301018230713,245.01825077762305,0.04664646681064653,0.008888604868323194,0.44868976385936477,4.586804529310329
536.2296080603007,22994.92089561543,1025241.2056140426,4.997191283911151,1484.6754280314608,59872.46853298723,1282.7916454724245,244.66793945013876,0.04692500433340217,0.008950045909220215,0.5320825498934438,4.608537795264239
537.9319242763652,23020.158602035925,1027756.2982420885,4.984705900943417,1481.0510767779099,59340.28132432573,1279.0280319992955,244.18300114797614,0.047206937282226184,0.009012415156030469,0.6137108899805612,4.630497698242829
539.6342404924296,23048.87440050512,1030265.1821624956,4.972130510737729,1477.4112446648503,58778.185234619916,1274.5447058370219,243.56390677719108,0.04749132245013401,0.009075532604698665,0.6931797613295194,4.652601015007269
541.3365567084941,23080.947252471306,1032767.8285455534,4.9594753417960415,1473.7584690613983,58188.45023342633,1269.3515241150283,242.81190584388608,0.04777717657968194,0.009139207761412183,0.7700951864913718,4.6747616411336645
543.0388729245585,23116.2396931229,1035264.2136908429,4.94675109795912,1470.0953774212119,57573.492693755295,1263.4627212212586,241.92902602603925,0.04806348070851198,0.009203240333036572,0.8440665655113772,4.696891039468176
544.741189140623,23154.59823355747,1037754.319239901,4.933968909804614,1466.4246752962083,56935.85326345491,1256.8968251664417,240.91806583005433,0.04834918510237999,0.009267421100997831,0.9147090176732462,4.7188986968218
546.4435053566875,23195.8538614265,1040238.1323552468,4.921140283288637,1462.749133837535,56278.1739054272,1249.6765183325952,239.78257804092476,0.048633214419092845,0.00933153288931651,0.9816457054968281,4.740692591730492
548.145821572752,23239.822636125828,1042715.6458635585,4.908277046177218,1459.0715769172953,55603.17451631119,1241.8284456153403,238.52684428657278,0.048914473074067745,0.009395351623240176,1.0445101120535807,4.762179670269122
549.8481377888164,23286.306373407224,1045186.8583612934,4.895391292834819,1455.3948680071317,54913.6295305755,1233.3829739797604,237.15584119405014,0.04919185076795695,0.009458647471939604,1.1029482437454603,4.783266326161014
551.5504540048809,23335.093413203,1047651.7742815866,4.882495327947322,1451.7218969499563,54212.34490331679,1224.373908548239,235.67519880136877,0.04946422813544525,0.009521186067416126,1.1566207322956616,4.80385888148017
553.2527702209453,23385.95946350301,1050110.4039218177,4.869601609754644,1448.0555667583233,53502.13584126061,1214.8381712913933,234.0911520600691,0.04973048247492892,0.009582729790819887,1.2052048118903287,4.823864064469861
554.9550864370098,23438.668512323038,1052562.7634318133,4.856722693353496,1444.3987805672566,52785.80561884231,1204.8154491426817,232.4104864093456,0.049989493520225206,0.00964303911662116,1.2483961501290746,4.84318948129731
556.6574026530742,23492.97379917085,1055008.8747632108,4.843871174604501,1440.7544288609993,52066.12577630111,1194.3478188778736,230.6404785169341,0.0502401492174945,0.009701874004485422,1.2859105145962395,4.861744078903929
558.3597188691386,23548.618836960355,1057448.7655810453,4.831059635141099,1437.125377082445,51345.81795124256,1183.479356383552,228.78883336195724,0.05048135147304798,0.009758995328272112,1.3174852603472875,4.8794385964789955
560.0620350852031,23605.338475050714,1059882.4691391357,4.818300588931845,1433.5144537214019,50627.5375459344,1172.2557379851437,226.8636188788515,0.05071202184053932,0.009814166331300916,1.3428806273008382,4.896186003468562
561.7643513012675,23662.859993993206,1062310.024121294,4.805606430794584,1429.9244389636997,49913.85938158563,1160.723841327201,224.87319938949665,0.05093110711907022,0.009867154096894223,1.361880840320159,4.911901922417393
563.466667517332,23720.904222649177,1064731.474450788,4.792989387202314,1426.3580539680163,49207.26543981015,1148.931352917976,222.82616902443846,0.051137584836858235,0.00991773102319789,1.374295008545575,4.9265050353184705
565.1689837333964,23779.186668584865,1067146.8690708221,4.780461469658399,1422.817950821602,48510.13474198931,1136.9263888940136,220.73128627639534,0.0513304685982044,0.009965676291385655,1.3799578241961927,4.939917472501167
566.8712999494609,23837.418653039513,1069556.2616990672,4.768034430854728,1419.306703210288,47824.73537077847,1124.7571348626777,218.5974107443327,0.05150881327445603,0.010010777316548522,1.3787300645023206,4.9520651834166785
568.5736161655253,23895.308442283073,1071959.7105594662,4.755719723762566,1415.8267978227202,47153.21859566964,1112.4715098767047,216.4334430189774,0.05167172002240521,0.010052831170841632,1.3704989035807018,4.962878288970814
570.2759323815898,23952.56236780917,1074357.2780946614,4.7435284637434725,1412.3806264939892,46497.615027231586,1100.1168587227523,214.2482685362471,0.05181834111602582,0.010091645968791611,1.3551780438615395,4.972291415304801
571.9782485976542,24008.885928526477,1076749.0306624456,4.731471393708416,1408.970479080119,45859.83269295476,1087.7396758011307,212.05070608911453,0.051947884579592,0.01012704220504343,1.332707679074986,4.980244009131225
573.6805648137187,24063.984868895197,1079135.038219615,4.7195588522980945,1405.5985370423896,45241.65690184594,1075.3853629701023,209.84946154645752,0.05205961861201093,0.010158854035237747,1.3030543027790382,4.9866806348939035
575.3828810297831,24117.56622778363,1081515.3739965358,4.707800745007423,1402.266867709482,44644.751745124166,1063.09802285593,207.65308718473983,0.052152875793644124,0.010186930491150131,1.26621037795088,4.991551254138104
577.0851972458476,24169.339353672633,1083890.114165596,4.696206518132796,1398.9774191759732,44070.663066313944,1050.9202883124144,205.46994689921544,0.05222705706799738,0.010211136621689817,1.2221938842752067,4.994811487553436
578.787513461912,24219.01688269418,1086259.337506543,4.684785135382491,1395.73201578789,43520.82272543974,1038.8931879729935,203.30818743010892,0.05228163549146324,0.010231354551847687,1.1710477604648504,4.996422860189908
580.4898296779764,24266.315676837723,1088623.1250714816,4.673545056958453,1392.5323541598138,42996.553978304204,1027.0560471870447,201.17571561870068,0.052316159744850495,0.010247484452205188,1.1128392592708571,4.996353030352754
582.1921458940409,24310.957720480015,1090981.559852072,4.662494220891827,1389.3799996633563,42499.077792413525,1015.4464230800487,199.0801816010256,0.05233025740078441,0.010259445412173478,1.04765923281917,4.994576002659304
583.8944621101053,24352.670974178716,1093334.7264511809,4.6516400263945386,1386.2763833236293,42029.519925295164,1004.10007202858,197.02896775445186,0.05232363794127945,0.01026717621073383,0.9756213655933186,4.991072325697354
585.5967783261698,24391.190185408166,1095682.7107609718,4.640989318974706,1383.2227990584404,41588.91859802521,993.0509474955501,195.02918313556188,0.05229609551993487,0.010270635979105108,0.8968613718145874,4.985829274665529
587.2990945422342,24426.257656599882,1098025.599649112,4.630548377054166,1380.2204011942476,41178.23260603906,982.331225925156,193.08766308667413,0.05224751146335354,0.010269804750482182,0.8115361732017818,4.978841019307825
589.0014107582987,24457.62397147631,1100363.4806544944,4.620322899821305,1377.270202193214,40798.34972004418,971.9713582436923,191.21097364251182,0.052177856506601034,0.010264683892778896,0.7198230721702852,4.970108777383009
590.7037269743631,24485.048681231616,1102696.4416935714,4.610317996051173,1374.3730705268542,40450.095241463634,962.0001444433134,189.40542033711085,0.05208719275786248,0.010255296421178861,0.621918934500628,4.959640953839858
592.4060431904276,24508.30095261709,1105024.5707781282,4.6005381736268225,1371.5297286335976,40134.24058870579,952.444828730126,187.67706099265797,0.05197567538797421,0.010241687188253286,0.5180393944129762,4.947453265806229
594.108359406492,24527.16018043215,1107347.9557450516,4.590987329500415,1368.7407508999336,39851.511802192275,943.3312127852224,186.0317220651451,0.05184355404124475,0.010223922950449476,0.4084180938641511,4.933568853447409
595.8106756225565,24541.41656730756,1109666.683998398,4.581668739839202,1366.006561607522,39602.597866995464,934.683784805091,184.47501812464344,0.051691173964970784,0.010202092310888396,0.29330596677145,4.9180183767103225
597.5129918386209,24550.87167399826,1111980.842263836,4.572585050109609,1363.3274327915997,39388.15876177984,926.5258621454296,183.01237405894094,0.051518976856312654,0.010176305539630448,0.17297057779084674,4.900840097947037
599.2153080546854,24555.33894368403,1114290.5163553206,4.563738264861711,1360.7034819590854,39208.833151198254,918.8797455790861,181.64904960650313,0.051327501426734506,0.01014669427387035,0.04769552425879846,4.882079950405138
600.9176242707498,24554.644204011205,1116595.7909536634,4.555129736986074,1358.1346696178734,39065.24564563813,911.766883382751,180.39016584613037,0.05111738368602404,0.010113411101893725,-0.08222009103561792,4.861791592583926
602.6199404868142,24548.626150803295,1118896.7493964862,4.546760156224874,1355.620796571857,38958.0135571279,905.2080436809051,179.2407332950696,0.05088935694997309,0.010076629036057399,-0.2164621094360383,4.840036448483946
604.3222567028787,24537.136817527597,1121193.4734788868,4.538629536729116,1353.1615009391478,38887.75308303675,899.2234936883755,178.20568129268833,0.050644251578091555,0.010036540881526104,-0.35470168230861104,4.816883733821392
606.0245729189431,24520.04203473384,1123486.0432640107,4.530737203463497,1350.7562548537599,38855.08484983359,893.8331846974513,177.28988837183647,0.050382994450200405,0.009993358508991097,-0.49659554784464904,4.792410468336223
607.7268891350076,24497.221883784085,1125774.5369025897,4.5230817772698515,1348.4043608136512,38860.638747520796,889.0569418448304,176.49821334346623,0.05010660819335713,0.009947312041090998,-0.6417862139499563,4.766701474390622
609.429205351072,24468.571149274954,1128059.0304604059,4.515661158409167,1346.1049476405042,38905.05798128019,884.9146578592007,175.83552684042925,0.049816210173243794,0.009898648963728203,-0.7899020428703243,4.739849362128404
611.1315215671365,24433.999774617358,1130339.5977525301,4.508472508410904,1343.8569660189698,38989.00226034732,881.4264901264626,175.3067430827627,0.04951301126682812,0.009847633174903121,-0.9405572335989897,4.71195450154228
612.8338377832009,24393.433325287904,1132616.310183107,4.501512230066901,1341.6591835853692,39113.15003504397,878.6130605079558,174.91685163783202,0.04919831443571415,0.009794543985048466,-1.0933516984433325,4.683124981868694
614.5361539992654,24346.81346430219,1134889.2365893568,4.494775945415781,1339.5101795380806,39278.199681273356,876.4956574016712,174.6709489536814,0.0488735131220468,0.009739675084112786,-1.2478708304137962,4.653476558793874
616.2384702153298,24294.09844448407,1137158.4430884034,4.488258471572614,1337.4083387441415,39484.86951750343,875.0964395371608,174.57426944143046,0.04854008949103958,0.009683333491794021,-1.403685158361517,4.623132590002982
617.9407864313943,24235.2636221157,1139423.992925443,4.481953794268282,1335.3518453190604,39733.89652239997,874.4386409339477,174.63221587177586,0.04819961254606123,0.009625838508336836,-1.5603498870615438,4.592223959630004
619.6431026474587,24170.301996549664,1141685.9463216923,4.475855038973834,1333.3386756595958,40026.03360181498,874.5467763189658,174.8503888302771,0.04785373614364911,0.009567520684161574,-1.717404319750755,4.560888992161267
621.3454188635232,24099.22478034201,1143944.360320475,4.469954439497739,1331.3665909124784,40362.045231861186,875.4468460779754,175.2346149448092,0.047504196936715155,0.00950872082726793,-1.874371161025493,4.529273356302096
623.0477350795876,24022.06200441855,1146199.288629695,4.464243303959293,1329.4331288659212,40742.70128050265,877.1665394947412,175.7909735550743,0.047152812274467146,0.009449789067835198,-2.0307556985338593,4.49752995922509
624.750051295652,23938.863162707654,1148450.7814588547,4.458711978060117,1327.5355952554912,41168.76878367824,879.7354345913593,176.5258214365233,0.04680147808707696,0.009391083999705303,-2.186044862621088,4.465818831470097
626.4523675117165,23849.697900550378,1150698.8853486367,4.453349805599065,1325.6710544818009,41641.001423896174,883.1851923037291,177.4458151177727,0.04645216678176981,0.009332971918468458,-2.339706164074707,4.43430700254999
628.1546837277809,23754.6567510184,1152943.6429909419,4.4481450862050425,1323.8363197447973,42160.12643004125,887.5497419830617,178.55793023923457,0.046106925174667,0.00927582617565666,-2.4911865114534706,4.403168367021716
629.8569999438454,23653.851923014474,1155185.0930370933,4.443085030298894,1322.0279426085906,42726.828587707976,892.865454281276,179.86947728892233,0.04576787247925601,0.009220026668067795,-2.639910911269796,4.372583540397131
631.5593161599098,23547.418144675696,1157423.2698917328,4.438155711341312,1320.2422020221697,43341.73102083447,899.1712963241039,181.38811291625413,0.0454371983676509,0.009165959480471424,-2.7852810566465993,4.3427397037806195
633.2616323759743,23435.513565119778,1159658.2034897048,4.433342015480967,1318.4750928355443,44005.37237937553,906.5089626687706,183.12184586314496,0.04511716111469135,0.009114016698857523,-2.926673813122177,4.31383043551745
634.9639485920387,23318.320716934817,1161889.9190529585,4.428627588788021,1316.7223138683853,44718.18004626982,914.9229738482715,185.07903636016357,0.044810085827250365,0.009064596409947707,-3.063439614188548,4.286055527405189
636.6662648081032,23196.047540973606,1164118.4368241963,4.423994782345949,1314.9792556098296,45480.43896274961,924.4607322878702,187.26838761038678,0.04451836275170663,0.009018102900849184,-3.1949007840993016,4.259620782147031
638.3685810241676,23068.928473926826,1166343.7717736473,4.4194245955823055,1313.240987654511,46292.25566754904,935.1725230099696,189.69892772091197,0.04424444564120185,0.00897494707043771,-3.320349811674707,4.2347377876979575
640.0708972402321,22937.225597759316,1168565.9332749539,4.414896618350486,1311.502246011997,47153.51715713119,947.111443796943,192.3799801381294,0.04399085015085582,0.008935547061234216,-3.439047606488193,4.211623662960788
641.7732134562965,22801.22984833603,1170784.9247457122,4.410388972434035,1309.7574204656266,48063.8442060102,960.3332463460722,195.3211202945371,0.04376015221335403,0.008900329117098609,-3.5502217781798633,4.190500767920131
643.475529672361,22661.262278365237,1173000.7432477365,4.405878253336931,1308.0005422033398,49022.53884502444,974.8960664346856,198.532115779826,0.043554986329066576,0.008869728667892112,-3.6530649909604955,4.171596369752905
645.1778458884254,22517.675367064483,1175213.3790415868,4.4013394734528495,1306.2252719986454,50028.525788715735,990.8600172573565,202.02284690698602,0.04337804368393133,0.008844191637220236,-3.7467334588922148,4.155142254724517
646.8801621044898,22370.854365619358,1177422.8150893701,4.396746007978583,1304.4248892856056,51080.28773956793,1008.2866159830359,205.80320405767665,0.043232069984610814,0.008824175963303982,-3.83034566348866,4.141374273779
648.5824783205543,22221.218663461637,1179629.0264992781,4.3920695452568514,1302.5922825488071,52175.7946867508,1027.238009354361,209.88295766755795,0.043119862873852874,0.008810153315755853,-3.902981393749982,4.130531807679974
650.2847945366187,22069.223155543288,1181831.9799048204,4.387280043606288,1300.7199415388466,53312.42757090589,1047.775960039379,214.27159616545993,0.04304426875960343,0.008802610982359847,-3.9636812300350956,4.122857135393572
651.9871107526832,21915.359585032893,1184031.6327712876,4.382345697125278,1298.7999519267403,54486.89701551169,1069.9605517799916,218.9781266339228,0.04300817885945266,0.008802053889661675,-4.01144661714091,4.1185946871827355
653.6894269687476,21760.157829127627,1186227.9326216984,4.377232913443461,1296.8239931273,55695.15824001013,1093.8485686237887,224.0108324493309,0.04301452422789642,0.008809006709060327,-4.04524069837447,4.117990161689226
655.3917431848121,21604.187087897015,1188420.8161744499,4.371906306939333,1294.7833401516293,56932.323779045844,1119.491502297664,229.37698174197962,0.04306626949842744,0.008824015985973401,-4.0639901107604,4.121289484235133
657.0940594008765,21448.05692723105,1190610.2083852007,4.366328711539549,1292.6688704912233,58192.57624117574,1146.933142882355,235.082480266527,0.04316640503682605,0.00884765221340147,-4.066587970940378,4.128737581840882
658.796375616941,21292.418117089263,1192796.0213863386,4.3604612178541275,1290.4710771879186,59469.084048909994,1176.2067123728623,241.13146229644303,0.043317937167915425,0.008880511752813122,-4.0518983104258455,4.140576949242626
660.4986918330054,21137.963195453707,1194978.1533188936,4.354263240062893,1288.1800894003968,60753.92390075683,1207.3315096466154,247.52581359039863,0.04352387610791726,0.008923218484849503,-4.018762245686834,4.157045979769878
662.2010080490699,20985.426676903113,1197156.4870541655,4.347692618622128,1285.785701931675,62038.014563716184,1240.309050165014,254.2646215013288,0.04378722121190576,0.008976425050320272,-3.966006190399573,4.178377035672652
663.9033242651343,20835.584812916564,1199330.888805909,4.34070576546344,1283.2774153222722,63311.06750381632,1275.1187059061353,261.34354913632677,0.04411094313714977,0.009040813519413642,-3.8924524305016552,4.204794234959794
665.6056404811987,20689.25479943119,1201501.206638915,4.333257858848667,1280.644488225493,64561.56073489956,1311.7128824133038,268.75413345722035,0.044497962548573286,0.009117095307740925,-3.796932383053668,4.236510937777954
667.3079566972632,20547.29331658948,1203667.2688865224,4.325303095342302,1277.8760038436587,65776.74303013158,1350.011814572698,276.4830121414115,0.04495112515473023,0.009206010160628952,-3.6783028416567207,4.273726933596
669.0102729133276,20410.59427707923,1205828.882498252,4.3167950063350276,1274.9609521831835,66942.67618739523,1389.8981407838178,284.51109466114696,0.0454731737848315,0.00930832416535427,-3.5354654660583056,4.316625414198714
670.7125891293921,20280.08565463432,1207985.831349462,4.307686845867961,1271.8883296910965,68044.32322489127,1431.2116524141848,292.81273258416803,0.0460667238642041,0.00942482774865942,-3.367389680453927,4.365370304698258
672.4149053454565,20156.725267113332,1210137.8745574579,4.297932053637486,1268.6472570281658,69065.68997955517,1473.7458346389299,301.3551644356271,0.04673428457855467,0.009556341183757946,-3.1731389015933598,4.42010758745361
674.117221561521,20041.49541694553,1212284.7448602999,4.287484782672298,1265.2271116146746,69990.02593486074,1517.2554149518598,310.09991768205674,0.047478600026787866,0.009703778160800536,-2.951898990854471,4.480993926367433
675.8195377775854,19935.39404404361,1214426.1473634618,4.275664230318874,1261.6180788550441,70778.93957173347,1561.0537966182517,318.9433495175514,0.048304676864238394,0.00986926617764137,-2.7031296259150133,4.548201140991465
677.5218539936499,19839.423539759784,1216561.7586966192,4.262762391980963,1257.8111399513407,71425.20413913255,1604.9552965894027,327.85323585693106,0.049213790147184494,0.010053177420471291,-2.426534903383383,4.621816427891684
679.2241702097143,19754.583252534103,1218691.226068613,4.249160357493231,1253.797594524353,71925.95225776051,1648.7896420248455,336.79896023034337,0.05020592732208304,0.010255586090844055,-2.121896580068456,4.701839563355728
680.9264864257788,19681.86326572317,1220814.166430171,4.234830970179934,1249.5694294675232,72265.60463880503,1692.0839265113464,345.70402257768166,0.051282078873738896,0.010477270468107956,-1.7891719852641808,4.788241802033495
682.6288026418432,19622.234206772217,1222930.1663791456,4.219750927308498,1245.1197688553532,72429.70334053217,1734.3119761544028,354.48194229934694,0.05244280101609795,0.010718963035142835,-1.4286080523330758,4.880949829148424
684.3311188579077,19576.63437556373,1225038.7828975543,4.2039015255355805,1240.4430939017966,72405.40137912531,1774.9002533206894,363.03659694331446,0.05368813885121788,0.010981326521476749,-1.0407761947773222,4.979840526535295
686.0334350739721,19545.955829832663,1227139.5449324765,4.187269414509472,1235.5354653253362,72181.96044062791,1813.2376301359102,371.263171920773,0.05501757107997193,0.01126493163998364,-0.6266041654754215,5.084737964302306
687.7357512900365,19531.02968161658,1229231.955947085,4.169847325429062,1230.3947383245097,71751.23203791419,1848.6885882635554,379.0496911087217,0.05642996236972411,0.011570234133165599,-0.18740253657185157,5.1954114308307275
689.438067506101,19532.610949843074,1231315.497542148,4.1516347412799455,1225.0207603441386,71108.09423613739,1880.609583455809,386.279146899415,0.0579235230207576,0.011897551333728296,0.2751163027206741,5.311574451355043
691.1403837221654,19551.36339224868,1233389.6342095758,4.1326384732952,1219.4155411713173,70250.81467087378,1908.3680932078507,392.8322197198492,0.059495777573003124,0.012247038949741905,0.7588286089506414,5.4328848942704315
692.8426999382299,19587.84480336524,1235453.819227555,4.112873107590505,1213.5833847238112,69181.31159080121,1931.3635760744219,398.5905285625969,0.06114354408451969,0.012618668932534556,1.2612009385848375,5.558946250010581
694.5450161542943,19642.493307367342,1237507.5016432768,4.092361287924079,1207.5309724838894,67905.28842181277,1949.0493014807535,403.4403000146942,0.0628629256989504,0.013012209380500586,1.7793043058025253,5.6893101360015885
696.2473323703588,19715.615188191634,1239550.1342180392,4.071133805467181,1201.2673899868598,66432.22389823014,1960.9538417478084,407.2762992800934,0.06464931726962732,0.013427207784294536,2.3098415755895467,5.823480151395215
697.9496485864232,19807.374779804195,1241581.1821358576,4.049229473898168,1194.8040899651367,64775.20875943135,1966.7011790848435,410.0058839307213,0.06649743901485439,0.013862981093600303,2.8491881404163757,5.960917904902311
699.6519648024877,19917.786888046823,1243600.1322063373,4.026694775082659,1188.1547877992648,62950.63049935516,1966.0298512134173,411.55335335333007,0.06840146232328624,0.01431862856814989,3.3934453509717595,6.1010561208433645
701.3542810185521,20046.710104621114,1245606.5027298948,4.00315317890622,1181.3357093338534,60964.68611002494,1958.410654130812,411.7936750863741,0.0703559422966111,0.0147936960929907,3.9383881416944138,6.2431898314932575
703.0565972346166,20193.838683686197,1247599.8545026022,3.978184852778843,1174.3659951810212,58826.57857009232,1943.4064508758267,410.6131506126049,0.07235447772186622,0.015287435134794306,4.479382195874718,6.386505776625715
704.758913450681,20358.700830877602,1249579.800899845,3.952632426118616,1167.26635348638,56584.90761009691,1921.7851275937112,408.10680644906415,0.07438400876323582,0.015796053279511658,5.01178636453728,6.530248127793214
706.4612296667455,20540.668770083656,1251546.014922746,3.9265775671538012,1160.0580627915174,54265.04528348179,1893.8375711052279,404.29457233798246,0.07643599464800861,0.016317480569049237,5.531203064932847,6.673725407335063
708.1635458828099,20738.971223427747,1253498.2347686023,3.9001059159484397,1152.763241560435,51892.45290935796,1859.9777145438834,399.2223241391608,0.07850167145665987,0.016849459798727692,6.033361892744834,6.816256494613056
709.8658620988743,20952.705182853166,1255436.268511183,3.8733055458495396,1145.4044531497625,49491.95822187429,1820.7200142729664,392.9588072285172,0.08057195315829446,0.017389526319782956,6.514198879236909,6.9571640164124195
711.5681783149388,21180.849927785483,1257359.99698165,3.8462655000491544,1138.0043363761338,47087.11695691995,1776.6568791549525,385.59237525031443,0.08263743422146817,0.01793501318116274,6.969923363823296,7.095775282818779
713.2704945310032,21422.282637710425,1259269.3748184168,3.8190744288482255,1130.5852665795558,44699.68523138081,1728.4349514753494,377.22718676856454,0.08468840194737424,0.018483060407488542,7.397072438152136,7.231423594967894
714.9728107470677,21675.794968789614,1261164.4297407137,3.7918193693785045,1123.1690571714028,42349.21862063159,1676.7313122771798,367.97902984375173,0.08671484178754446,0.019030624119912735,7.792551994613718,7.363448670539247
716.6751269631321,21940.10998768049,1263045.260185751,3.764584701219836,1115.7767095497222,40052.803097833465,1622.230909982364,357.9710370642412,0.08870643372098647,0.01957448466674644,8.15366397825909,7.491196086425122
718.3774431791966,22213.898907836392,1264912.0315185504,3.737451298120961,1108.4282157757289,37824.91337751147,1565.606309792836,347.3295453811388,0.09065254140357577,0.02011125389339748,8.478120203472713,7.61401590777168
720.079759395261,22495.797150504357,1266764.9710714084,3.710495882592473,1101.142414888366,35677.386552323056,1507.5005434452241,336.18031290688066,0.09254219718744026,0.02063738215076428,8.764043773977843,7.731260760344602
721.7820756113255,22784.419345630842,1268604.3622952965,3.683790578228386,1093.93690066187,33619.493635557366,1448.5134987726044,324.6452481822737,0.09436408688544656,0.021149165977657668,9.00995965755447,7.842283639541655
723.4843918273899,23078.372987570263,1270430.5383096929,3.657402645082128,1086.8279762036584,31658.088756198922,1389.1919734008648,312.8397467799482,0.09610653863143069,0.02164275764979407,9.214776293698138,7.946435760730358
725.1867080434544,23376.270558609052,1272243.8751235812,3.631394376631746,1079.8306491296357,29797.815043619685,1330.023254831386,300.8706729408459,0.09775752041991555,0.022114177964126826,9.377760259831081,8.043064749260344
726.8890242595188,23676.74002345053,1274044.784772959,3.60582313280515,1072.958660125796,28041.347249666287,1271.4318941150473,288.8349752966939,0.09930465091535395,0.022559333714014633,9.498506013355476,8.131513448314264
728.5913404755833,23978.433675629913,1275833.7085837985,3.5807414819196124,1066.2245374237446,26389.6533759127,1213.7792147956532,276.8188883799211,0.10073522790776474,0.022974041300270667,9.576902596280666,8.211119591665767
730.2936566916477,24280.035380034366,1277611.110728418,3.55619742477707,1059.6396699573065,24842.260502006382,1157.365036827127,264.8976463164999,0.10203627836326873,0.023354057809992734,9.61309897319806,8.281216548797575
731.9959729077121,24580.266303696175,1279377.472201429,3.5322346760354595,1053.2143925858193,23397.513214168615,1102.4310855865065,253.13562106170383,0.103194633376984,0.023695120676155767,9.607469407305357,8.341135303561689
733.6982891237766,24877.889260515978,1281133.285301745,3.5088929808395344,1046.9580776291223,22052.816176339456,1049.165585539253,241.58679302953243,0.10419703048518852,0.023992996706214707,9.560579993456313,8.390207776082269
735.400605339841,25171.711816140276,1282879.0486716249,3.4862084480923894,1040.8792279391091,20804.85524094635,997.7085932654992,230.29546478159975,0.10503024474107375,0.024243540841523165,9.473157185771532,8.4277715421091
737.1029215559055,25460.588308925973,1284615.2629135672,3.4642138853151345,1034.9855677364299,19649.79392929014,948.1576937142156,219.29713632649546,0.10568124871967258,0.02444276449083761,9.346058897199748,8.453175945670726
738.8052377719699,25743.42094400003,1286342.4267815375,3.4429391235044626,1029.2841283980345,18583.444069366447,900.5737573629499,208.6194715001136,0.10613740022048408,0.0245869126868968,9.18024852015374,8.465789540892885
740.5075539880344,26019.160112024612,1288061.0339244776,3.4224113235719957,1023.7813272453997,17601.41086563268,854.9865276262167,198.28329718031623,0.10638665492328724,0.02467254866897283,8.9767720261547,8.465008738672507
742.2098702040988,26286.804074350526,1289771.5701468594,3.402655258727776,1018.4830381288108,16699.21373249527,811.3998729543367,188.30358947924378,0.10641779968170247,0.024696643828135564,8.736738149354741,8.450267475198807
743.9121864201633,26545.39814343427,1291474.5111425258,3.3836935695055814,1013.3946532202278,15872.384913508353,769.796594166409,178.6904126956383,0.106220700584114,0.024656670304898834,8.461301542012999,8.421047664021554
745.6145026362277,26794.033473037307,1293170.3206534728,3.365546990016628,1008.5211359178647,15116.548301506155,730.1427237614945,169.44978718238326,0.10578655846103281,0.0245506929462112,8.15164870581006,8.376890143690254
747.3168188522922,27031.84555783967,1294859.449003729,3.3482345454866205,1003.8670651388442,14427.481040042665,692.3912904223716,160.58447114709494,0.10510816327185282,0.024377456859627233,7.808986446704301,8.317405791406502
749.0191350683566,27258.012527428633,1296542.3319593612,3.3317737222219908,999.4366715454879,13801.16048587116,656.4855495148095,152.09464870785197,0.10418013786818411,0.024136466496646934,7.434532568006216,8.24228644231651
750.721451284421,27471.753305676324,1298219.3898681721,3.316180611915335,995.233866430956,13233.798998710696,622.3617002953821,143.97852235043445,0.10299916110855148,0.023828052100097412,7.0295085018049885,8.151315236683994
752.4237675004855,27672.325693621737,1299891.027036314,3.301470032689716,991.2622640960317,12721.868841022342,589.9511240891087,136.2328124249337,0.10156416027832711,0.023453419497516434,6.595133578614713,8.044376015540331
754.1260837165499,27859.024422303024,1301557.631303292,3.2876556295461237,987.5251985948146,12262.119250037784,559.1821861498628,128.85316965087435,0.09987646330891807,0.02301467963327484,6.13262064548666,7.921461401055901
755.8283999326144,28031.179211621264,1303219.5737813564,3.274749956963204,984.0257357254999,11851.587511312508,529.9816483897858,121.83450894116763,0.09793990241010253,0.02251485490513579,5.643172760824328,7.782679231189888
757.5307161486788,28188.152862260144,1304877.2087297274,3.2627645463433605,980.7666811042699,11487.605634913138,502.2757415929946,115.17127436081007,0.09576086239843663,0.021957860280768036,5.127980717250961,7.628257068106136
759.2330323647433,28329.339399890632,1306530.873538313,3.251709960839488,977.7505850952342,11167.80402356031,475.99094486447086,108.85764584214539,0.09334826914138504,0.021348458267548557,4.588221170086683,7.4585445638887835
760.9353485808077,28454.162284278358,1308180.8887993742,3.241595839862659,974.9797452856645,10890.113333896708,451.05451750264865,102.88769850638528,0.09071351601459951,0.020692188026050443,4.025055176642086,7.274013541526755
762.6376647968723,28562.072690385852,1309827.5584489126,3.232430935289155,972.456207100678,10652.765571642041,427.394824695977,97.25552520362851,0.08787032892902866,0.019995270171760494,3.439626979276683,7.075255729437004
764.3399810129367,28652.547864013457,1311471.1699623368,3.2242231410778364,970.1817630511329,10454.295330730276,404.9414938124872,91.95533228993754,0.08483457314962062,0.019264490013613463,2.83306289190419,6.862978169188366
766.0422972290012,28725.089550836077,1313111.9945912196,3.2169795176940954,968.1579510078067,10293.541986254677,383.62543289494755,86.98151781771313,0.08162400762527051,0.018507063048540977,2.2064701744695947,6.6379963941213465
767.7446134450656,28779.222494749934,1314750.2876296819,3.210706312428573,966.3860517977191,10169.653581166243,363.37873756477086,82.32874033094534,0.07825799472776704,0.01773048739709049,1.5609358021933821,6.401225547622385
769.4469296611301,28814.49299912664,1316386.2887001927,3.2054089764073628,964.8670863273899,10082.09310695696,344.13450710888344,77.99198543140261,0.07475717503756908,0.016942388473057592,0.8975250555867845,6.153669671479204
771.1492458771945,28830.467542766302,1318020.222049373,3.2010921788208258,963.6018123542061,10030.647869014854,325.82658526932096,73.9666363070033,0.07114311803954675,0.01615036149805802,0.21727987308566019,5.8964094458331155
772.851562093259,28826.731440936805,1319652.2968447953,3.1977598186521465,962.5907209511873,10015.442648479497,308.3892363124999,70.24855356313114,0.06743796026582127,0.015361817489379847,-0.47878307949953536,5.630588702473319
774.5538783093234,28802.887540780277,1321282.707463828,3.1954150339621616,961.8340326414639,10036.957425574949,291.7567623817076,66.83416902081447,0.06366404254119527,0.014583838074607527,-1.1896746596522936,5.357400062550953
776.2561945253879,28758.554939465237,1322911.633765286,3.1940602085797454,961.3316931153214,10096.050516964606,275.86306389707494,63.720597666856655,0.05984355756807706,0.013823043943902368,-1.914435850389415,5.078070067806349
777.9585107414523,28693.36771267706,1324539.241334082,3.1936969758511826,961.0833683828296,10193.988105420623,260.64114074683647,60.905771667810605,0.0559982181708903,0.013085480979509885,-2.6521407433211386,4.793844180170463
779.6608269575167,28606.97364028995,1326165.6816881956,3.1943262189113995,961.088439156909,10332.481309523484,246.02252806061622,58.38860029823914,0.0521489551676612,0.012376527154883734,-3.4018999328107333,4.505972017239836
781.3631431735812,28499.032915273026,1327791.092436124,3.195948066747815,961.3459942030751,10513.732161801727,231.9366563279814,56.16915980123926,0.04831565214171004,0.011700822237478268,-4.162864355813851,4.215693170667366
783.0654593896456,28369.216820974696,1329415.597371497,3.1985618851261615,961.8548223306203,10740.490145962534,218.31012141295886,54.24891762828095,0.044516922469578134,0.011062221231366874,-4.934229619678023,3.924223922404007
784.7677756057101,28217.206360825832,1331039.3064897165,3.202166261227479,962.613402632763,11016.121301281279,205.06584552116803,52.63099623898492,0.04076993195693129,0.010463771429296474,-5.715240871466864,3.632745132601311
786.4700918217745,28042.690823122633,1332662.3159092478,3.206758980594707,963.6198925067033,11344.692352717371,192.1221052829075,51.32048272652771,0.03709026847173372,0.009907711971107746,-6.505198277476915,3.342391525946816
788.172408037839,27845.36626181257,1334284.7076774691,3.2123369946916256,964.8721128942443,11731.072892361404,179.39139765530732,50.32479202072688,0.03349185815248423,0.009395493975413543,-7.303463200842413,3.05424255313781
789.8747242539034,27624.933872025125,1335906.5494376593,3.218896377018839,966.3675300744802,12181.059352011336,166.77910808898463,49.65409336607275,0.029986926189427318,0.008927818656860292,-8.109465188895285,2.7693149534230206
791.5770404699679,27381.098236373033,1337527.8939296396,3.226432265290622,968.1032332058886,12701.525408068585,154.18193805868717,49.32181225101965,0.02658599888010992,0.008504690379306842,-8.922709910859027,2.4885570944158877
793.2793566860323,27113.56541470232,1339148.7782915854,3.2349387866275707,970.0759066486465,13300.604601002706,141.48604027687608,49.3452230810138,0.023297942673579417,0.00812548132880598,-9.742788221329777,2.2128451180924147
794.9816729020968,26822.040845884432,1340769.2231243602,3.244408962032406,972.2817958900844,13987.912401301011,128.56479929422147,49.74615178385751,0.02013003524500848,0.007789004410304416,-10.569386566944466,1.942980878235136
796.6839891181612,26506.22702530564,1342389.2312721156,3.2548345855510488,974.7166656356451,14774.816803058971,115.27618228621162,50.5518124067624,0.017088063273156203,0.007493591059727549,-11.402299004097735,1.6796916157200208
798.3863053342257,26165.82091578956,1344008.7862634386,3.2662060724282527,977.3757483001195,15674.768895724357,101.45956911652368,51.79580787113001,0.014176441502928138,0.00723717089256192,-12.24144115638324,1.4236312851027877
800.0886215502901,25800.51104265156,1345627.8503455985,3.2785122691819466,980.2536807207439,16703.70791442625,86.93195168403204,53.51933274083419,0.01139834783177759,0.007017350450406642,-13.086866513895412,1.1753834200649023
801.7909377663545,25409.974215287446,1347246.3620297986,3.2917402167577956,983.3444263907933,17880.559214483426,71.48336948853952,55.772625591980656,0.008755869524086567,0.006831488725183919,-13.938785565456689,0.9354654074989905
803.493253982419,24993.871808007498,1348864.233047055,3.305874855673226,986.6411798478537,19227.84874473304,54.87142067929177,58.61673095424074,0.006250156192660915,0.006676767603822049,-14.797588362656821,0.7043340313494948
805.1955701984834,24551.845521632396,1350481.344591443,3.320898659168729,990.1362490031407,20772.464297318227,36.8146550699186,62.12564663073643,0.0038815758538413396,0.006550255853495337,-15.663871245383783,0.48239214874459185
806.8978864145479,24083.512534622034,1352097.5426987128,3.336791176654117,993.8209101114444,22546.6026184112,16.98461751803868,66.38895256483771,0.001649871132386799,0.00644896573206853,-16.53846861703344,0.26999637362874424
808.6002026306123,23588.45993828833,1353712.6325721736,3.3535284648997123,997.6852286813121,24588.953098243936,-5.003732724897274,71.51504373272532,-0.0004456864474820758,0.006369901738390311,-17.42249084908937,0.06746566933855114
810.3025188466768,23066.238335250036,1355326.371622225,3.3710823781134427,1001.7178378122753,26946.184211593183,-29.603545954296,77.63512369211232,-0.0024061451538117725,0.0063101013954798,-18.31736962464171,-0.1249092015174064
812.0048350627412,22516.35446442718,1356938.4609285104,3.3894196797693823,1005.9056630858805,29674.819517132983,-57.34990677078916,84.90815985517214,-0.004232724412362968,0.006266668269648506,-19.224912302765333,-0.3068553266264908
813.7071512788057,21938.262700989573,1358548.5347611937,3.408500928135618,1010.233580048499,32843.61773230433,-88.87631795355072,93.527059004565,-0.005926665661446566,0.006236797628229119,-20.147367198776298,-0.47810609095077633
815.4094674948701,21331.355268701263,1360156.1477065913,3.428279072977829,1014.6839862653969,36536.60878978765,-124.93403407175629,103.72639233280029,-0.007489070024120018,0.006217795025201229,-21.08750200382915,-0.638387164417283
817.1117837109346,20694.951001752594,1361760.75882864,3.4486976817602146,1019.2362646107445,40856.98845743076,-166.41344470181096,115.79206269452173,-0.00892066892396016,0.006207086555843801,-22.048697779361493,-0.7873944965894987
818.814099926999,20028.282523543236,1363361.7121622518,3.4696886891525787,1023.8661077805722,45932.14298669454,-214.36117195105584,130.07319598331623,-0.010221268048688456,0.006202209989776618,-23.03506038275474,-0.9247372030626293
820.5164161430635,19330.48442356865,1364958.215138353,3.4857756386119068,1028.5460521714756,51751.37672307477,-269.3998594219078,146.7964120997247,-0.011401206719770211,0.0062125356845432545,-24.051327529509546,-1.050058150790201
822.2187323591279,18600.582402465057,1366549.3137326848,3.501696825771312,1033.2439088026645,58595.76098338419,-333.15289055016655,166.55356613037247,-0.012452391028876105,0.0062253403513449915,-25.103028823961843,-1.1630456525268322
823.9210485751923,17837.47798492991,1368133.8584314624,3.517545132974554,1037.9202607821012,66688.10027389736,-407.2030249353988,189.9462197972737,-0.013373282307188004,0.006238176695605633,-26.196897554413827,-1.2632522004867506
825.6233647912568,17039.9308853141,1369710.461343181,3.5331598561134325,1042.5276892299744,76298.18127582822,-493.34326440913736,217.70385574320633,-0.014161536642368456,0.006249241355275735,-27.34093434725684,-1.3501125113539927
827.3256810073212,16206.543258449045,1371277.4455357,3.548346703049068,1047.0088644632722,87763.27156503027,-593.5998014110995,250.72407623889455,-0.01481345306662081,0.006256891136431695,-28.544590821448,-1.4229279286207612
829.0279972233857,15335.746222731672,1372832.7836562372,3.5628693033428545,1051.2940407763945,101506.88684191609,-710.2035452298092,290.115294067996,-0.015323666462718231,0.00625965616743417,-29.81897045150278,-1.4808336577607204
830.7303134394501,14425.791448816954,1374374.0240271806,3.576438292397354,1055.2978355041357,118063.01333309642,-845.5032405665387,337.25116638911476,-0.015684720206720355,0.006256262460518711,-31.177016377418568,-1.5227543067741185
832.4326296555146,13474.75259875741,1375898.2028971103,3.5886972154058028,1058.9150697072055,138107.1819408578,-1001.7701475914874,393.84001513816014,-0.015886461883573386,0.006245668633429652,-32.63364355222996,-1.547342518402166
834.134945871579,12480.544340400995,1377401.7427443871,3.5992042565938718,1062.015377028848,162495.83520001566,-1180.772292615923,462.01103583104873,-0.015914730265274308,0.0062270948097380594,-34.20573315368612,-1.5528448578427665
835.8372620876435,11440.971542889703,1378880.339684031,3.6074085981644695,1064.4362279406596,192315.03973462715,-1382.2975593592944,544.3783621035876,-0.01574213582594723,0.0061995899934262156,-35.91180767946494,-1.5361211381370594
837.5395783037079,10353.935528881428,1380328.973852489,3.5782378943366058,1066.0125210284252,224378.5926164708,-1580.0178094867483,638.8311909185468,-0.015422540720024717,0.006235625950547745,-37.76093780985013,-1.4949770764737853
839.2418945197724,9217.827854117206,1381742.1341669336,3.5217929984878427,1066.593847712252,258373.07252027167,-1761.017849319884,745.2527573872137,-0.014927664686004708,0.006317302957998548,-39.747538409882466,-1.4290993129316494
840.9442107358368,8031.838805499521,1383114.0083619847,3.461830145506402,1065.9929009398447,297273.1426135541,-1925.9456923660957,868.332686579928,-0.014189389996429543,0.006397434354129206,-41.863293335349745,-1.337235813361349
842.6465269519013,6796.1610332864175,1384438.5801487202,3.3979040870623094,1063.9683328028227,341488.9718845147,-2054.9149659145155,1010.3218899711725,-0.01317930580061547,0.00647975286853781,-44.0951318801435,-1.2171028756800362
844.3488431679657,5512.321974482927,1385709.9120366545,3.3295334293048677,1060.2397981846955,391282.13944701373,-2119.0317285040087,1173.7126702248158,-0.011861040752145573,0.0065697240987865665,-46.414398628282804,-1.0659213588794343
846.0511593840301,4183.648088553334,1386922.7097463424,3.256197032811421,1054.4828560326155,446648.4849253898,-2077.436091319243,1361.297324965681,-0.010186785705250567,0.006675172434185477,-48.769547380808085,-0.8802022754128702
847.7534756000946,2815.7860650652424,1388073.1715059057,3.177326129388485,1046.323236661855,507158.3241374936,-1873.6548595216175,1576.3088531191968,-0.008091357662500267,0.006807272242449978,-51.0761669645514,-0.6553686368927114
849.455791816159,1417.266115236486,1389160.1848216937,3.0922881612330855,1035.329490627371,571751.4525145675,-1447.4707040931169,1822.8729028379644,-0.005544697647652147,0.006982717555355989,-53.20347514412225,-0.391185732259134
851.1581080322235,2.293675358680403e-27,1390186.734710285,3.0003480920663326,1021.0004177157194,638495.6443943583,-1660.8831458724521,2105.485365527697,-0.005697134886786514,0.007222202332160624,-54.96970470916405,-0.391185732259134
