FaceID,X,Y,Z,Heat Flux
1,0.0544865353902181,0.19268977355957,0.557532674153646,2599232.05146317
2,0.055985538482666,0.187655039469401,0.535479654947917,2660837.1206817
3,0.0559582049051921,0.188603205362956,0.5501806640625,2404753.32323247
4,0.0554582354227702,0.190272674560547,0.557532674153646,2404753.32323247
5,0.0574836362202962,0.182721074422201,0.513878662109375,2602518.28622926
6,0.0569704729715983,0.184825541178385,0.528353658040365,2609654.02877909
7,0.0574431393941243,0.184134404500326,0.535778991699219,2465058.23567785
8,0.0574158058166504,0.185078837076823,0.550330322265625,2443835.91148013
9,0.0569158058166504,0.186718139648438,0.557605997721354,2443835.91148013
10,0.058983570098877,0.17789350382487,0.492727671305339,2542476.59663478
11,0.0584694709777832,0.179956537882487,0.506978668212891,2694527.22001231
12,0.058944039662679,0.179288004557292,0.514406016031901,2481084.52154855
13,0.0584308713277181,0.181361404418945,0.52873134358724,2472235.22209283
14,0.0589054400126139,0.180693801879883,0.536083333333333,2472235.22209283
15,0.0588772061665853,0.181631637573242,0.550482991536458,2449927.24519116
16,0.0583753039042155,0.183243672688802,0.557682332356771,2449927.24519116
17,0.0604854367574056,0.173168538411458,0.472025675455729,2607287.29890833
18,0.0599713071187337,0.175193939208984,0.486053680419922,2600342.54932483
19,0.0604449450174967,0.174549870808919,0.49348100789388,2497694.61897199
20,0.0599317766825358,0.176580902099609,0.507582346598307,2444026.84861521
21,0.0604082425435384,0.175936838785807,0.514934346516927,2480478.62025818
22,0.0598950742085775,0.177976338704427,0.529110005696615,2467549.05642387
23,0.0603687070210775,0.177330403645833,0.536385660807292,2467549.05642387
24,0.0603423398335775,0.178261632283529,0.55063466389974,2456791.56974556
25,0.0598404731750488,0.179845403035482,0.557758666992187,2456791.56974556
26,0.0619854062398275,0.168543436686198,0.451774668375651,2716783.56471976
27,0.0614731737772624,0.170531138102214,0.465577667236328,2613484.12547491
28,0.061948678334554,0.169912541707357,0.473007680257161,2500681.93468287
29,0.0614345792134603,0.171905873616536,0.486883015950521,2486268.25124409
30,0.0619110450744629,0.171286305745443,0.494235005696615,2491764.25732118
31,0.0613978767395019,0.173286239624023,0.508184997558594,2212372.88288053
32,0.0618743069966634,0.172664805094401,0.515460673014323,2476592.82263796
33,0.0613583056131999,0.174669469197591,0.529485677083333,2456608.54447234
34,0.0618338050842285,0.174047068277995,0.536684997558594,2456608.54447234
35,0.0618093401590983,0.174972671508789,0.550784322102865,2453993.22593572
36,0.0613074735005697,0.176526301066081,0.557834004720052,2453993.22593572
37,0.0634853757222494,0.164024703979492,0.431970672607422,2808090.83519643
38,0.0629731432596842,0.165971939086914,0.445550669352214,2763181.52077065
39,0.063448678334554,0.16537873840332,0.452979990641276,2545208.81743575
40,0.0629364458719889,0.167331639607747,0.466634002685547,2441145.92230339
41,0.0634119453430176,0.166738403320313,0.473985005696615,2513887.96216414
42,0.0629006436665853,0.168699737548828,0.487710673014323,2225459.48836478
43,0.0633770739237467,0.168104634602865,0.494986673990885,2491555.4481617
44,0.0628639055887858,0.170069768269857,0.508786682128906,2475280.24597632
45,0.0633394050598144,0.169471867879232,0.515988016764323,2475280.24597632
46,0.0628253059387207,0.17144450378418,0.529861328125,2458219.5540077
47,0.0633027076721191,0.170846572875977,0.5369873046875,2458219.5540077
48,0.0632782427469889,0.171763671875,0.550934977213542,2453863.34111855
49,0.0627763760884603,0.173287206013997,0.557908325195313,2453863.34111855
50,0.0649872398376465,0.159606735229492,0.412618011474609,2835906.62753328
51,0.0644750086466471,0.161516270955404,0.425971669514974,2827256.04525621
52,0.0649524091084798,0.160946604410807,0.433402994791667,2442997.62271948
53,0.0644383112589518,0.162861836751302,0.446831319173177,2441517.46356114
54,0.0649156761169434,0.162290303548177,0.454186991373698,2528674.39193458
55,0.0644015426635742,0.16421396891276,0.467686665852865,2263275.37828634
56,0.0648798408508301,0.163641469319661,0.474964009602865,2512273.25545877
57,0.0643666737874349,0.16557080078125,0.488538350423177,2224290.44034316
58,0.0648450075785319,0.164996434529622,0.495740681966146,2491418.67960044
59,0.0643309071858724,0.166932367960612,0.509390340169271,2474385.37049211
60,0.0648083076477051,0.166358001708984,0.516516337076823,2474385.37049211
61,0.0642942072550456,0.168299570719401,0.530239990234375,2466234.5562831
62,0.0647716077168782,0.167723302205404,0.537289672851562,2466234.5562831
63,0.0647480761210124,0.168632868448893,0.551086669921875,2455241.39169011
64,0.0642462107340495,0.170126235961914,0.557984659830729,2455241.39169011
65,0.0664881057739258,0.155293299357096,0.393718343098958,2843533.63523869
66,0.0659768397013346,0.15716140238444,0.406846008300781,2862257.93367516
67,0.0664542083740234,0.156618072509766,0.414278004964193,2473400.84854616
68,0.065942008972168,0.158493738810221,0.427481333414714,2377804.0826624
69,0.0664194081624349,0.157949503580729,0.434837331136068,2558427.50587398
70,0.0659071731567383,0.15983083597819,0.448114664713542,2241263.0055097
71,0.0663855056762695,0.159284703572591,0.455392008463542,2529198.35427751
72,0.0658723068237305,0.161171671549479,0.468741678873698,2226595.59250353
73,0.0663506418863932,0.160623672485352,0.475944010416667,2510969.17526581
74,0.0658365097045898,0.162519104003906,0.489368672688802,2492788.56045932
75,0.0663139088948568,0.161969202677409,0.496494669596354,2492788.56045932
76,0.0657998072306315,0.163872166951497,0.50999267578125,2480111.99276129
77,0.066280039469401,0.163320404052734,0.517044006347656,2480111.99276129
78,0.0657659403483073,0.165229970296224,0.530617350260417,2470842.12358442
79,0.0662461420694987,0.164676305135091,0.537590677897135,2470842.12358442
80,0.0662216415405273,0.165580235799154,0.551236348470052,2455724.13372964
81,0.0657179082234701,0.167043467203776,0.558060017903646,2455724.13372964
82,0.0679890060424805,0.151082433064779,0.375267883300781,2815622.55235725
83,0.0674777069091797,0.152911966959635,0.388172342936198,2934250.54872334
84,0.0679560419718424,0.152392201741536,0.395604339599609,2620449.0931882
85,0.0674438095092773,0.154230204264323,0.408582336425781,2441128.11234858
86,0.0679212086995443,0.153710439046224,0.415938334147135,2341734.3455157
87,0.0674090067545573,0.155554072062174,0.428990000406901,2308198.55147159
88,0.0678892389933268,0.155031504313151,0.436269327799479,2578347.08911974
89,0.0673779729207357,0.156880803426107,0.449394002278646,2276538.80695495
90,0.0678563079833984,0.156357269287109,0.456596008300781,2551624.9272587
91,0.067342175801595,0.158213170369466,0.469796346028646,2523835.94219272
92,0.0678214416503906,0.15768776957194,0.476922342936198,2523835.94219272
93,0.0673073069254557,0.159548370361328,0.490196004231771,2509113.31626285
94,0.0677875391642253,0.159020100911458,0.497245666503906,2509113.31626285
95,0.0672743733723958,0.160889170328776,0.510595662434896,2499700.16440124
96,0.0677546081542969,0.160361872355143,0.517571329752604,2499700.16440124
97,0.0672404759724935,0.162239440917969,0.530993001302083,2482909.81542402
98,0.0677197418212891,0.161710240681966,0.537891337076823,2482909.81542402
99,0.067697141011556,0.162605707804362,0.551387003580729,2463664.55768733
100,0.0671933746337891,0.164038838704427,0.558134338378906,2463664.55768733
101,0.0694880727132161,0.146976104736328,0.357266377766927,2754976.92907635
102,0.0689767735799154,0.14876513671875,0.369945983886719,2878479.22951318
103,0.0694551086425781,0.148271738688151,0.377378112792969,2726006.02822168
104,0.068945676167806,0.150069269816081,0.390132008870443,2533133.25252392
105,0.0694249420166016,0.149574005126953,0.397487670898438,2389816.27484798
106,0.0689127070109049,0.15137717183431,0.410315999348958,2349956.56953594
107,0.0693901062011719,0.15087907409668,0.417595672607422,2608510.11399066
108,0.0688788401285807,0.15268977355957,0.430497334798177,2313340.62161443
109,0.0693590749104818,0.15218977355957,0.437700337727865,2583652.4343049
110,0.0688478088378906,0.154007970174154,0.450674336751302,2551624.9272587
111,0.0693270746866862,0.153506103515625,0.45780234781901,2559363.29323035
112,0.0688148396809896,0.155330001831055,0.470850016276042,2523835.94219272
113,0.0692941055297852,0.154826268513997,0.477901672363281,2537057.9087133
114,0.0687809397379557,0.156655766805013,0.491023661295573,2525286.97707147
115,0.0692611414591471,0.156151997884115,0.498,2525286.97707147
116,0.0687479756673177,0.157989034016927,0.511197672526042,2512474.57205899
117,0.0692291081746419,0.157483403523763,0.518097005208333,2512474.57205899
118,0.0687150065104167,0.159327041625977,0.531368998209635,2493417.58821838
119,0.0691971054077148,0.158816706339518,0.538192667643229,2493417.58821838
120,0.0691754735310872,0.159706537882487,0.55153867594401,2471422.58387253
121,0.068670773824056,0.161112340291341,0.558210673014323,2471422.58387253
122,0.0709899063110352,0.142971501668294,0.339715901692708,2784876.71203232
123,0.0704777069091797,0.144722869873047,0.352170440673828,2790019.93361931
124,0.0709579086303711,0.144253036499023,0.35960341389974,2758373.50349804
125,0.0704466094970703,0.146012873331706,0.372131479899089,2648835.58998411
126,0.0709268086751302,0.145541137695312,0.379487375895182,2459255.9379957
127,0.0704145736694336,0.14730473836263,0.392089670817057,2372579.76464857
128,0.0708938395182292,0.146831136067708,0.399369008382161,2628614.18569306
129,0.0703816070556641,0.148602305094401,0.412046681722005,2332548.44682726
130,0.0708618418375651,0.148127736409505,0.419251017252604,2610154.51746509
131,0.070350575764974,0.149904505411784,0.432003011067708,2583652.4343049
132,0.0708326746622721,0.149427103678385,0.439130676269531,2585543.55681871
133,0.0703204396565755,0.151210505167643,0.451956013997396,2559363.29323035
134,0.0708025385538737,0.150733139038086,0.459007680257161,2566542.08872403
135,0.07028843943278,0.15252500406901,0.471905670166016,2537057.9087133
136,0.0707705408732096,0.152045705159505,0.478880991617839,2550480.77495383
137,0.0702564086914062,0.153843200683594,0.491853332519531,2536275.85544483
138,0.0707385101318359,0.153361104329427,0.498753336588542,2536275.85544483
139,0.070224375406901,0.155164271036784,0.511799336751302,2518349.24566253
140,0.0707064743041992,0.154678405761719,0.518623331705729,2518349.24566253
141,0.0701933059692383,0.15648720296224,0.531744669596354,2497813.06949491
142,0.070675407409668,0.156001332600911,0.538493021647135,2497813.06949491
143,0.0706528065999349,0.156884567260742,0.551688354492187,2474464.29243112
144,0.0701490732828776,0.158260269165039,0.558286010742188,2474464.29243112
145,0.0724898401896159,0.139071416219076,0.322614603678385,2838006.05947816
146,0.0719795074462891,0.140782302856445,0.334845001220703,2808961.02904038
147,0.0724597422281901,0.140336934407552,0.342277038574219,2780285.31055407
148,0.0719503428141276,0.142056299845378,0.354580912272135,2693345.98685254
149,0.0724305419921875,0.141610936482747,0.36193857828776,2662819.12393979
150,0.0719183069864909,0.1433359375,0.374316975911458,2370446.90534032
151,0.0723975728352865,0.142885838826497,0.38159726969401,2642193.71272102
152,0.0718853403727214,0.144617436726888,0.394047007242839,2629686.4241459
153,0.0723674418131511,0.144167368570964,0.40125200398763,2616761.28499865
154,0.0718561757405599,0.145906499226888,0.413778340657552,2610154.51746509
155,0.0723382746378581,0.145454533894857,0.420908335367839,2603651.81091284
156,0.0718260396321615,0.147198369344076,0.433508677164714,2585543.55681871
157,0.0723081385294596,0.146744537353516,0.44056201171875,2585815.41266208
158,0.0717968724568685,0.148495905558268,0.453235677083333,2566542.08872403
159,0.0722789738972982,0.148040171305339,0.460210998535156,2569905.97894914
160,0.0717667414347331,0.149798105875651,0.472958323160807,2550480.77495383
161,0.0722478764851888,0.149340469360352,0.479858317057292,2557052.30515561
162,0.071733777364095,0.151105972290039,0.492680989583333,2539087.34473604
163,0.0722158762613932,0.150645538330078,0.499504659016927,2539087.34473604
164,0.0717027079264323,0.152414805094401,0.512401000976562,2517988.5279424
165,0.0721866734822591,0.15195246887207,0.519150329589844,2517988.5279424
166,0.0716725413004557,0.15373019917806,0.532121012369792,2496226.63886266
167,0.0721555760701497,0.153266001383464,0.53879502360026,2496226.63886266
168,0.0721358083089193,0.154139801025391,0.551839029947917,2472822.84757766
169,0.0716301727294922,0.155487233479818,0.5583603515625,2472822.84757766
170,0.0739898401896159,0.135272079467773,0.305964345296224,2955542.05177946
171,0.0734794743855794,0.136946243286133,0.317968770345052,2864415.88634492
172,0.0739587427775065,0.136526295979818,0.325402669270833,2820766.64083617
173,0.073449343363444,0.138206100463867,0.337480539957682,2695694.6222219
174,0.0739314422607422,0.137784261067708,0.344838216145833,2685374.375353
175,0.0734220403035482,0.139469731648763,0.356992380777995,2670864.48599393
176,0.073903205871582,0.139046015421549,0.364273773193359,2657667.83868241
177,0.0733909734090169,0.140737121582031,0.376500264485677,2652894.78621303
178,0.0738730748494466,0.140311518351237,0.383703328450521,2635658.83967281
179,0.0733617757161458,0.142010167439779,0.396005330403646,2628614.18569306
180,0.073843874613444,0.141584564208984,0.403135335286458,2612852.13975254
181,0.0733316396077474,0.143289800008138,0.415512003580729,2603651.81091284
182,0.0738137385050456,0.142860438028971,0.422566345214844,2595674.66246365
183,0.0733024724324544,0.14457133992513,0.43501601155599,2585815.41266208
184,0.0737864735921224,0.144139139811198,0.441994008382161,2581648.24966438
185,0.0732742411295573,0.145856602986654,0.454515329996745,2569905.97894914
186,0.0737572758992513,0.145423467000326,0.461415323893229,2570569.15601025
187,0.0732431437174479,0.147149398803711,0.474010986328125,2557052.30515561
188,0.0737271092732747,0.146713434855143,0.480837656656901,2555466.04939762
189,0.0732139409383138,0.148444071451823,0.493508656819661,2534412.05003273
190,0.0736979395548503,0.148006240844727,0.500257995605469,2534412.05003273
191,0.0731838404337565,0.149745371500651,0.513003326416016,2512701.48540779
192,0.0736678085327148,0.149303771972656,0.519677663167318,2512701.48540779
193,0.0731536763509115,0.151046671549479,0.532498677571615,2490462.94707175
194,0.0736376419067383,0.150603174845378,0.5390966796875,2490462.94707175
195,0.0736169408162435,0.151471338907878,0.551990681966146,2468631.84354003
196,0.0731132074991862,0.152788635253906,0.558436686197917,2468631.84354003
197,0.0754898071289063,0.13157725016276,0.289763214111328,3057870.65885656
198,0.0749794743855794,0.133210922241211,0.301543538411458,3007498.04560181
199,0.0754606094360352,0.132815450032552,0.308977467854818,2827876.05753126
200,0.0749502436319987,0.134456659952799,0.320832173665365,2657139.08512219
201,0.0754323425292969,0.13405930074056,0.328189809163411,2721693.92630545
202,0.0749229405721029,0.135707097371419,0.340117980957031,2681274.86316333
203,0.0754069391886393,0.135306915283203,0.347399373372396,2692588.70501793
204,0.0748966064453125,0.136960362752279,0.359401000976563,2662819.12393979
205,0.0753787078857422,0.136558298746745,0.366607025146484,2659688.29808482
206,0.0748674087524414,0.138218348185221,0.378682861328125,2642193.71272102
207,0.0753495101928711,0.13781440226237,0.385812530517578,2636024.80678333
208,0.0748372751871745,0.139481969197591,0.397963002522786,2616761.28499865
209,0.0753212738037109,0.139076126098633,0.405017669677734,2616952.92709856
210,0.0748099721272786,0.140749359130859,0.417244344075521,2595674.66246365
211,0.0752939732869466,0.140341659545898,0.424221343994141,2593297.8924192
212,0.0747817408243815,0.142020538330078,0.436521341959635,2581648.24966438
213,0.0752647755940755,0.141610936482747,0.44342333984375,2581977.19773535
214,0.0747525431315104,0.143296401977539,0.45579600016276,2570569.15601025
215,0.0752365086873372,0.142884902954102,0.462621663411458,2572813.3394191
216,0.074725207010905,0.14457600402832,0.475067657470703,2555466.04939762
217,0.0752091725667318,0.144161707560221,0.48181699625651,2553707.99525652
218,0.074695073445638,0.145861307779948,0.494336334228516,2530753.34532078
219,0.075179074605306,0.145445139567057,0.501009338378906,2530753.34532078
220,0.0746659088134766,0.147148473103841,0.513605336507161,2507888.82146796
221,0.0751517766316732,0.146728505452474,0.520204345703125,2507888.82146796
222,0.0746376419067383,0.148440307617187,0.532874674479167,2485168.06267554
223,0.0751235071818034,0.14802033996582,0.539397013346354,2485168.06267554
224,0.0751037063598633,0.148880040486654,0.552140340169271,2465357.05004868
225,0.0745971399943034,0.150168172200521,0.558512003580729,2465357.05004868
226,0.0769907073974609,0.127987884521484,0.274014068603516,3127068.32946753
227,0.0764813079833984,0.129582005818685,0.285567464192708,3144124.58278921
228,0.0769624760945638,0.129210072835286,0.293000427246094,2788055.758925
229,0.0764521102905273,0.130809844970703,0.304630106608073,2720078.01062015
230,0.0769360758463542,0.130437917073568,0.31198774210612,2760986.14514254
231,0.0764266738891602,0.132046162923177,0.323692738850911,2710442.56733797
232,0.0769087727864583,0.131672348022461,0.330974100748698,2725890.48672902
233,0.0763984400431315,0.133285303751628,0.342752563476563,2685374.375353
234,0.0768824081420898,0.132908671061198,0.349957661946615,2695993.84387388
235,0.0763730087280273,0.13452821858724,0.36181049601237,2657667.83868241
236,0.0768569768269857,0.13414875793457,0.368940266927083,2665046.11974009
237,0.0763447774251302,0.135774892171224,0.380866465250651,2635658.83967281
238,0.0768287760416667,0.135394490559896,0.387919932047526,2639991.61548737
239,0.076317507425944,0.137028157552083,0.399920664469401,2612852.13975254
240,0.0768033396402995,0.136645868937174,0.406899007161458,2622675.99912027
241,0.0762911071777344,0.138286137898763,0.418973012288411,2593297.8924192
242,0.0767741419474284,0.137901967366536,0.425875020345052,2599765.8774372
243,0.0762600428263346,0.139547887166341,0.438025349934896,2581977.19773535
244,0.0767459106445312,0.139159952799479,0.444851013183594,2588735.79998861
245,0.076234608968099,0.140811503092448,0.457074666341146,2572813.3394191
246,0.0767204742431641,0.140421671549479,0.463823994954427,2573459.43189458
247,0.0762063395182292,0.142080774943034,0.476120330810547,2553707.99525652
248,0.0766922073364258,0.141689071655273,0.482794342041016,2553033.04218658
249,0.0761790415445964,0.14335383605957,0.49516401163737,2530753.34532078
250,0.076664909362793,0.142958333333333,0.501763671875,2529511.24286837
251,0.0761508102416992,0.144629669189453,0.5142080078125,2506369.2686083
252,0.0766366755167643,0.144232304890951,0.520730672200521,2506369.2686083
253,0.0761235071818034,0.145911173502604,0.533249348958333,2484321.92393503
254,0.0766093724568685,0.145511006673177,0.539696329752604,2484321.92393503
255,0.0765914738972982,0.14636220296224,0.552289998372396,2465896.80136793
256,0.076085807800293,0.1476220703125,0.558586344401042,2465896.80136793
257,0.0784897079467773,0.124499262491862,0.258712178548177,3248751.74756652
258,0.0779822082519531,0.126054784138997,0.270043365478516,3215396.15014276
259,0.0784661763509115,0.125707331339518,0.277476328531901,2755367.12012673
260,0.0779558436075846,0.127268498738607,0.288879994710286,2757821.32012456
261,0.0784398091634115,0.12691916402181,0.296239501953125,2795020.79577587
262,0.0779304072062175,0.128488810221354,0.307717569986979,2745167.99283085
263,0.0784144058227539,0.128139478047689,0.315001770019531,2760188.82594007
264,0.0779021733601888,0.129714769999186,0.326553304036458,2721693.92630545
265,0.0783861414591471,0.129360730489095,0.333761240641276,2726205.96558594
266,0.077876708984375,0.13094167582194,0.345387135823568,2692588.70501793
267,0.0783625768025716,0.130587636311849,0.352516937255859,2697555.21433868
268,0.0778522440592448,0.132175170898437,0.36421723429362,2659688.29808482
269,0.0783362426757813,0.131817357381185,0.371273600260417,2669782.09443701
270,0.0778249740600586,0.13341054280599,0.383050099690755,2636024.80678333
271,0.078308972676595,0.133052729288737,0.39003017171224,2645201.97204978
272,0.0777986068725586,0.134654388427734,0.401878346761068,2616952.92709856
273,0.0782844746907552,0.134292816162109,0.408780354817708,2630042.88932625
274,0.0777722422281901,0.135900126139323,0.42070302327474,2599765.8774372
275,0.0782562433878581,0.13553667195638,0.427530354817708,2610736.85460806
276,0.077744010925293,0.137150578816732,0.439528015136719,2588735.79998861
277,0.0782298762003581,0.136784296671549,0.446279012044271,2594107.14895047
278,0.0777176411946615,0.138403839111328,0.458351338704427,2573459.43189458
279,0.0782035064697266,0.138035664876302,0.46502734375,2573383.85096251
280,0.0776922073364258,0.139661794026693,0.477174011230469,2553033.04218658
281,0.0781780751546224,0.139291758219401,0.483771677652995,2552248.46035314
282,0.077663942972819,0.140923533121745,0.495991668701172,2529511.24286837
283,0.0781498107910156,0.140549733479818,0.502514994303385,2529338.77305369
284,0.0776366424560547,0.142187169392904,0.514809661865234,2505914.83795638
285,0.0781244074503581,0.141810536702474,0.521257659912109,2505914.83795638
286,0.0776103057861328,0.143455505371094,0.533625651041667,2485549.46692386
287,0.0780980402628581,0.143076970418294,0.539997314453125,2485549.46692386
288,0.0780801417032878,0.143920639038086,0.552439656575521,2468944.07706492
289,0.0775745086669922,0.145150370279948,0.558661661783854,2468944.07706492
290,0.0799896748860677,0.121114217122396,0.243862243652344,3171707.1543723
291,0.0794821421305339,0.122630190531413,0.254966512044271,3313466.25071757
292,0.0799661432902018,0.122308169047038,0.262402313232422,2912332.88135603
293,0.0794576772054036,0.123829788208008,0.273580942789714,2797939.06341451
294,0.0799416758219401,0.123505877176921,0.280940450032552,2787188.43810175
295,0.0794341405232747,0.125034085591634,0.292195343017578,2785594.55783146
296,0.0799181391398112,0.124708295186361,0.29947954305013,2778974.73848317
297,0.0794078063964844,0.126244041442871,0.310807902018229,2760986.14514254
298,0.0798918075561523,0.12591542561849,0.318013041178385,2752670.09791369
299,0.0793823750813802,0.127456822713216,0.329414845784505,2725890.48672902
300,0.0798682098388672,0.127126322428385,0.336546508789063,2723270.66075728
301,0.0793578440348307,0.128676190694173,0.348022705078125,2695993.84387388
302,0.0798437093098958,0.128343808492025,0.355079030354818,2696768.63104779
303,0.0793324406941732,0.129897440592448,0.366629628499349,2665046.11974009
304,0.0798183059692383,0.129561294555664,0.373609670003255,2672436.59834872
305,0.0793061065673828,0.131123397827148,0.385233713785807,2639991.61548737
306,0.0797919743855794,0.130788192749023,0.392135548909505,2651620.92161903
307,0.0792807083129883,0.132355951944987,0.403834014892578,2622675.99912027
308,0.0797665761311849,0.132016042073568,0.410659678141276,2636630.48773472
309,0.0792543436686198,0.133589452107747,0.422433349609375,2610736.85460806
310,0.0797402089436849,0.133247650146484,0.429185343424479,2617344.68813887
311,0.0792279739379883,0.134828587849935,0.441033345540365,2594107.14895047
312,0.079715705871582,0.134483963012695,0.447709340413411,2594226.95758115
313,0.0792034734090169,0.136071497599284,0.459631011962891,2573383.85096251
314,0.0796921412150065,0.135724049886068,0.466230672200521,2571738.46631259
315,0.0791780420939128,0.137318181355794,0.478224670410156,2552248.46035314
316,0.079665776570638,0.136967905680339,0.484749003092448,2549680.38630063
317,0.0791516774495443,0.138567682902018,0.4968193359375,2529338.77305369
318,0.079639409383138,0.138215515136719,0.503269337972005,2527347.8759129
319,0.0791253077189128,0.139820933024089,0.515412994384766,2505345.55936289
320,0.0796130396525065,0.13946689860026,0.521784993489583,2505345.55936289
321,0.0790998738606771,0.141077967325846,0.534001322428385,2487070.53386549
322,0.0795876083374023,0.140720169067383,0.540297993977865,2487070.53386549
323,0.0795716094970703,0.141555369059245,0.55259033203125,2472706.9573419
324,0.0790659764607747,0.1427568359375,0.558736002604167,2472706.9573419
325,0.0814887084960938,0.117831817626953,0.229461441040039,3207811.63475491
326,0.0809811757405599,0.119309178670247,0.240343510945638,3263780.11225519
327,0.0814670435587565,0.119011629740397,0.247778376261393,2909263.00202984
328,0.0809595438639323,0.120494646708171,0.25873291015625,2839505.15072968
329,0.0814454091389974,0.120194274902344,0.266090535481771,2834623.59247365
330,0.0809360071818034,0.121683886210124,0.277119445800781,2831192.82361107
331,0.0814218724568685,0.121382570902507,0.284403635660807,2811777.61402091
332,0.0809115397135417,0.12287877146403,0.29550883992513,2795020.79577587
333,0.0813974075317383,0.122574635823568,0.302716756184896,2783358.56060413
334,0.0808880081176758,0.124075543721517,0.313892598470052,2760188.82594007
335,0.0813738759358724,0.123771408081055,0.321024271647135,2744945.79974373
336,0.0808635101318359,0.125280789693197,0.332276377360026,2726205.96558594
337,0.081349375406901,0.124972885131836,0.339332712809245,2718268.89521891
338,0.0808399403889974,0.126486035664876,0.350659169514974,2697555.21433868
339,0.0813258056640625,0.126176249186198,0.357637339274089,2695645.89138209
340,0.0808154398600261,0.127697875976563,0.369037241617839,2669782.09443701
341,0.0813013076782227,0.127386202494303,0.375939280192057,2675242.60588999
342,0.0807900416056315,0.12891441599528,0.387413543701172,2645201.97204978
343,0.0812759094238281,0.128600863138835,0.394241007486979,2657837.40474047
344,0.0807637100219727,0.130134730021159,0.40578867594401,2630042.88932625
345,0.0812514419555664,0.129816472371419,0.412540008544922,2636311.67994573
346,0.0807401733398437,0.131355982462565,0.424163004557292,2617344.68813887
347,0.0812279052734375,0.131035832722982,0.430840667724609,2615956.74216621
348,0.0807156728108724,0.132582875569661,0.442539001464844,2594226.95758115
349,0.0812034072875977,0.132260848999023,0.449138671875,2591612.6363222
350,0.0806921081542969,0.133814488728841,0.460908671061198,2571738.46631259
351,0.0811798756917318,0.133488698323568,0.46743300374349,2568950.08872091
352,0.0806676432291667,0.135047983805339,0.479279337565104,2549680.38630063
353,0.0811554107666016,0.134720311482747,0.485727345784505,2546548.87586464
354,0.0806412760416667,0.136288065592448,0.497647013346354,2527347.8759129
355,0.08112904103597,0.135956624348958,0.504019012451172,2524620.27105402
356,0.0806149063110352,0.137530039469401,0.516013336181641,2505436.28789547
357,0.0811055068969727,0.137195775349935,0.52231000773112,2505436.28789547
358,0.0805913747151693,0.138774836222331,0.534378336588542,2489321.22939593
359,0.0810810089111328,0.13843679300944,0.540600341796875,2489321.22939593
360,0.0810649744669596,0.139264460245768,0.552742004394531,2476406.00842706
361,0.0805593414306641,0.140437703450521,0.558812337239583,2476406.00842706
362,0.0829905751546224,0.114651102701823,0.215509765625,3280884.21257761
363,0.0824821090698242,0.116090802510579,0.226165837605794,3207811.63475491
364,0.0829679768880208,0.115818669637044,0.233601638793945,2946075.14112425
365,0.082460444132487,0.117262135823568,0.244332107543945,2872453.61431737
366,0.0829463094075521,0.116986234029134,0.251691609700521,2858297.88943452
367,0.0824387741088867,0.118435356140137,0.26249550374349,2852108.05594417
368,0.0829246393839518,0.118159456888835,0.26977968343099,2846880.95352355
369,0.0824171396891276,0.119617060343424,0.280658905029297,2825457.7130953
370,0.0829030075073242,0.119339291890462,0.287866841634115,2821973.44293566
371,0.0823936080932617,0.120800666809082,0.298819488525391,2790482.11255215
372,0.0828794759114583,0.120518188476562,0.305951161702474,2781204.67822762
373,0.0823691431681315,0.121988021850586,0.316980102539063,2752670.09791369
374,0.0828550084431966,0.121706484476725,0.324035502115885,2745069.17746269
375,0.0823456064860026,0.123181966145833,0.335136006673177,2723270.66075728
376,0.0828314717610677,0.122895718892415,0.34211513264974,2717877.34167866
377,0.0823211059570313,0.12437685139974,0.353290008544922,2696768.63104779
378,0.0828088404337565,0.124089665730794,0.360193776448568,2696390.23112856
379,0.0822994079589844,0.125577390034993,0.371443145751953,2672436.59834872
380,0.0827871754964193,0.125285494486491,0.378270741780599,2680491.69514531
381,0.0822749430338542,0.126780754089355,0.38959434000651,2651620.92161903
382,0.0827627105712891,0.126486976623535,0.396347340901693,2660779.66428706
383,0.0822514088948568,0.127988828023275,0.407745340983073,2636630.48773472
384,0.0827391738891602,0.127693166097005,0.41442133585612,2634192.00799412
385,0.0822269388834636,0.129200660705566,0.425893666585286,2615956.74216621
386,0.0827147064208984,0.128903114318848,0.432496002197266,2610863.43417225
387,0.0822034072875977,0.130416259765625,0.444042673746745,2591612.6363222
388,0.0826930414835612,0.130114008585612,0.450567006429036,2587620.20100418
389,0.0821808090209961,0.131632807413737,0.462187337239583,2568950.08872091
390,0.0826704432169596,0.131328669230143,0.468637329101563,2565799.83811332
391,0.0821572774251302,0.132856887817383,0.48033100382487,2546548.87586464
392,0.0826469090779622,0.132550867716471,0.486704671223958,2543627.70332868
393,0.082132807413737,0.134082850138346,0.498473012288411,2524620.27105402
394,0.082622439066569,0.133772120157878,0.504771341959635,2522444.28326341
395,0.0821092732747396,0.135311630249023,0.516614013671875,2505702.71224383
396,0.0825988744099935,0.134999964396159,0.522836008707682,2505702.71224383
397,0.0820847422281901,0.13654606628418,0.53475400797526,2492132.49193603
398,0.082574343363444,0.136230631510417,0.540899658203125,2492132.49193603
399,0.0825583419799805,0.137049814860026,0.552891662597656,2479626.50058253
400,0.0820527064005534,0.138192916870117,0.558887674967448,2479626.50058253
401,0.0844905090332031,0.111573969523112,0.202011037190755,3436087.99029892
402,0.0839839426676432,0.112973169962565,0.212441101074219,3280884.21257761
403,0.0844698079427083,0.11272553507487,0.219875935872396,2924646.20039713
404,0.0839623082478841,0.114131334940592,0.230380401611328,2876976.29378443
405,0.0844481735229492,0.11388180287679,0.237739934285482,2872293.99314506
406,0.083939707438151,0.115293235778809,0.248320673624674,2865681.49072266
407,0.0844255727132161,0.115040901184082,0.255605809529622,2859833.65391271
408,0.0839180399576823,0.116458000183105,0.266260925292969,2839158.00436448
409,0.0844067408243815,0.116203768412272,0.273468872070313,2832514.27652115
410,0.0838992080688477,0.117627456665039,0.284195566813151,2808319.07079851
411,0.0843850758870443,0.117369455973307,0.291327219645182,2801939.10238435
412,0.0838747431437175,0.118798812866211,0.302130167643229,2779459.06003698
413,0.0843606084187826,0.118538925170898,0.309188364664714,2769688.60242497
414,0.0838512064615885,0.119976763407389,0.320064758300781,2744945.79974373
415,0.0843389383951823,0.119716883341471,0.32704389444987,2745900.82522502
416,0.0838286056518555,0.121160357157389,0.337993764241536,2718268.89521891
417,0.0843163401285807,0.120896710713704,0.344897572835286,2720812.08702996
418,0.0838069407145182,0.122344886779785,0.355922709147135,2695645.89138209
419,0.0842965418497721,0.122077473958333,0.362751139322917,2701285.18301959
420,0.0837862091064453,0.12353035736084,0.373849802652995,2675242.60588999
421,0.0842739435831706,0.123262001037598,0.380603068033854,2685249.56964531
422,0.0837626775105794,0.124723360697428,0.391777008056641,2657837.40474047
423,0.0842504094441732,0.124451240539551,0.398454671223958,2660859.58249758
424,0.0837382074991862,0.125919194539388,0.409700998942057,2636311.67994573
425,0.0842278391520182,0.125645189921061,0.416301666259766,2632329.10892509
426,0.0837165730794271,0.12712161509196,0.427624338785807,2610863.43417225
427,0.084206174214681,0.126843841552734,0.434150675455729,2606162.04829526
428,0.0836939417521159,0.128323089599609,0.445546671549479,2587620.20100418
429,0.0841835759480794,0.128042493184408,0.451996663411458,2583434.33616933
430,0.0836723098754883,0.129529273986816,0.463466990152995,2565799.83811332
431,0.0841628774007161,0.129247739156087,0.469840657552083,2563498.48101643
432,0.0836506423950195,0.130741114298503,0.48138466389974,2543627.70332868
433,0.0841402740478516,0.130455810546875,0.487682006835937,2541701.68507092
434,0.0836261723836263,0.131954833984375,0.49930034383138,2522444.28326341
435,0.0841167399088542,0.131665761311849,0.505522349039714,2521522.40265647
436,0.0836026077270508,0.133171381632487,0.517215342203776,2506370.54801066
437,0.0840922419230143,0.132879480997721,0.523361348470052,2506370.54801066
438,0.0835781097412109,0.13439262898763,0.535127665201823,2494636.58616775
439,0.0840705769856771,0.134096018473307,0.541199991861979,2494636.58616775
440,0.0840564422607422,0.134905797322591,0.553042317708333,2482102.25158773
441,0.0835479736328125,0.136021591186523,0.558961995442708,2482102.25158773
442,0.0859923756917318,0.108601333618164,0.188960571289062,3477019.33091717
443,0.0854839096069336,0.109961001078288,0.199165506998698,3436087.99029892
444,0.0859716415405273,0.109736902872721,0.206600336710612,2962517.48944516
445,0.085464106241862,0.11110223642985,0.216880701700846,2946836.36159561
446,0.0859499715169271,0.110876269022624,0.224242131551107,2908490.58329331
447,0.0854415384928385,0.112250035603841,0.23459689839681,2905437.87873408
448,0.0859293060302734,0.112024037679036,0.241883000691732,2889739.38072135
449,0.0854218063354492,0.113403470357259,0.252311172485352,2877748.19729344
450,0.0859095408121745,0.113172803243001,0.259519104003906,2860061.30504327
451,0.0854020080566406,0.114556002298991,0.270021687825521,2839627.96307018
452,0.0858897425333659,0.114322469075521,0.277153361002604,2827376.72654134
453,0.0853803431193034,0.11571223449707,0.287732198079427,2806274.12500085
454,0.0858681106567383,0.11547873433431,0.294787577311198,2795312.4894083
455,0.0853587086995443,0.116876068115234,0.305440795898437,2775880.39453433
456,0.085846440633138,0.116640701293945,0.312420857747396,2766752.33444268
457,0.0853360722859701,0.118043678283691,0.32314756266276,2745069.17746269
458,0.0858257064819336,0.117803578694661,0.33005137125651,2747177.82417969
459,0.0853163070678711,0.119213137308757,0.34085151163737,2717877.34167866
460,0.085804074605306,0.118969261169434,0.347679972330729,2725960.83651517
461,0.0852937088012695,0.12038542175293,0.358554463704427,2696390.23112856
462,0.0857833429972331,0.120138720194499,0.365308532714844,2707556.04795304
463,0.0852739105224609,0.12156241607666,0.376258473714193,2680491.69514531
464,0.0857616755167643,0.121313835144043,0.382936411539714,2686328.63077567
465,0.0852494405110677,0.122741299947103,0.393958669026693,2660779.66428706
466,0.0857390721638997,0.122489893595378,0.400559000651042,2660650.44212315
467,0.0852296727498372,0.123925829569499,0.411655670166016,2634192.00799412
468,0.0857202402750651,0.123674423217773,0.418182006835937,2631543.38708191
469,0.0852080078125,0.125116010030111,0.429354339599609,2606162.04829526
470,0.0856976420084635,0.124859893798828,0.435804341634115,2603946.48585158
471,0.0851854426066081,0.12630712890625,0.447050669352214,2583434.33616933
472,0.0856760431925456,0.126047248840332,0.453424336751302,2580917.7738186
473,0.0851647440592448,0.12750107828776,0.464743998209635,2563498.48101643
474,0.0856562423706055,0.127237429300944,0.471041341145833,2560698.6131287
475,0.0851440073649089,0.128698786417643,0.482435343424479,2541701.68507092
476,0.0856336390177409,0.128433258056641,0.488657674153646,2540970.22824423
477,0.0851204732259115,0.129901209513346,0.500126342773437,2521522.40265647
478,0.0856119740804036,0.129630971272786,0.50627500406901,2522350.16687323
479,0.0850978749593099,0.131103622436523,0.517817016601563,2506370.54801066
480,0.0855893758138021,0.130831502278646,0.523889689127604,2508356.91174803
481,0.0850762100219727,0.132310750325521,0.53550634765625,2496513.64115656
482,0.0855677083333333,0.132034866333008,0.54150233968099,2496513.64115656
483,0.0855536066691081,0.132836166381836,0.55319199625651,2484116.32028192
484,0.0850479736328125,0.133921829223633,0.559038330078125,2484116.32028192
485,0.0874933090209961,0.105731335957845,0.176360234578451,3449989.93464559
486,0.0869857762654622,0.107051434834798,0.186341033935547,3477019.33091717
487,0.0874716415405273,0.1068537012736,0.193776733398438,3070132.23423851
488,0.0869659729003906,0.1081795018514,0.203831100463867,3019461.86976239
489,0.0874537048339844,0.107978935241699,0.211192535400391,3000331.81908737
490,0.0869452387491862,0.109310368855794,0.221323201497396,2978538.98374004
491,0.0874330062866211,0.109107902526855,0.228609303792318,2961901.81155784
492,0.0869255065917969,0.11044780476888,0.238814336140951,2929995.50128432
493,0.0874132741292318,0.110242505391439,0.246022237141927,2911660.9630134
494,0.0869048080444336,0.111588071187337,0.256298833211263,2883118.36647421
495,0.0873925425211589,0.111379969278971,0.26343049621582,2869923.65951598
496,0.086885009765625,0.112731168111165,0.273782440185547,2841911.63750326
497,0.0873737106323242,0.112519302368164,0.280840657552083,2830986.80177684
498,0.0868662109375,0.113877103169759,0.291266957600911,2807555.08612257
499,0.087355842590332,0.113665237426758,0.298248911539714,2792750.55513905
500,0.0868454742431641,0.11503150177002,0.308749593098958,2773447.46591388
501,0.0873332061767578,0.114814933776855,0.315656229654948,2764985.73920799
502,0.0868238067626953,0.116184033711751,0.326231302897135,2745900.82522502
503,0.0873134409586589,0.115963701883952,0.333060709635417,2752385.37819246
504,0.086803108215332,0.117339370727539,0.343709238688151,2720812.08702996
505,0.0872927424112956,0.117119969685872,0.350462371826172,2733286.67539951
506,0.0867833429972331,0.118503158569336,0.361187174479167,2701285.18301959
507,0.0872729415893555,0.118279991149902,0.367864980061849,2712677.98767382
508,0.0867607065836589,0.119666971842448,0.378664276123047,2685249.56964531
509,0.0872503382364909,0.119440989176432,0.385265869140625,2686366.80435028
510,0.0867409388224284,0.120836446126302,0.396138336181641,2660859.58249758
511,0.0872334060668945,0.120608578999837,0.402663340250651,2659617.68738079
512,0.0867221069335938,0.122010620117187,0.413610341389974,2632329.10892509
513,0.0872117411295573,0.121778045654297,0.420062347412109,2632645.12551699
514,0.0866995086669922,0.1231857325236,0.431084014892578,2603946.48585158
515,0.087191042582194,0.122949391682943,0.437457682291667,2603750.41170982
516,0.0866797765096029,0.124363672892253,0.448551676432292,2580917.7738186
517,0.0871722106933594,0.124123565673828,0.454851013183594,2580283.18326121
518,0.0866599756876628,0.125543492635091,0.466021016438802,2560698.6131287
519,0.0871514739990234,0.125301500956217,0.47224501546224,2559573.79063871
520,0.0866373723347982,0.126729909261068,0.483487670898438,2540970.22824423
521,0.0871298395792643,0.126486035664876,0.48963633219401,2541992.6763493
522,0.0866176071166992,0.127919146219889,0.500954996744792,2522350.16687323
523,0.0871091079711914,0.127670560201009,0.507027323404948,2525546.9471386
524,0.086594975789388,0.129110265096029,0.518420003255208,2508356.91174803
525,0.0870874430338542,0.128860743204753,0.524416341145833,2511650.63636979
526,0.0865733413696289,0.130306096394857,0.535882019042969,2499076.49969591
527,0.0870667394002279,0.13005185953776,0.541801676432292,2499076.49969591
528,0.087052604675293,0.130845626831055,0.553341674804688,2486534.23043497
529,0.0865451049804687,0.131901163736979,0.559111673990885,2486534.23043497
530,0.0889942092895508,0.102964937845866,0.164207672119141,3500001.28800828
531,0.0884867095947266,0.104246437072754,0.173964569091797,3449989.93464559
532,0.0889753748575846,0.104072237650553,0.181402135213216,3169085.61535321
533,0.0884678395589193,0.105359402974447,0.19123350016276,3039287.21423458
534,0.0889574381510417,0.105183336893717,0.198593037923177,3051073.58485437
535,0.0884489720662435,0.106477068583171,0.208497706095378,3020964.33882376
536,0.0889367396036784,0.106297236124674,0.215780975341797,3003456.20318246
537,0.0884292399088542,0.107596636454264,0.225761906941732,2973896.25447721
538,0.0889170074462891,0.10741490427653,0.232971705118815,2964788.7472266
539,0.0884085413614909,0.10872087097168,0.243027002970378,2925283.8408731
540,0.0888962758382161,0.108537269592285,0.250158671061198,2909003.59473418
541,0.0883887430826823,0.109850802103678,0.260285568237305,2875397.50458266
542,0.0888793106079102,0.109664367675781,0.267342864990234,2863626.60190602
543,0.0883718109130859,0.110981669108073,0.277546010335286,2833561.0790199
544,0.088861442565918,0.11079147084554,0.284527954101563,2824570.10064742
545,0.0883529739379883,0.11211723836263,0.294804555257161,2799217.11066226
546,0.0888426055908203,0.11192797088623,0.301710235595703,2789557.89270338
547,0.0883332061767578,0.113259401957194,0.312061228434245,2772671.73320902
548,0.0888228403727214,0.113065434773763,0.31888969930013,2764458.31007531
549,0.0883124745686849,0.114400634765625,0.329314107259115,2747177.82417969
550,0.0888039754231771,0.114202901204427,0.336067240397135,2762718.03343436
551,0.0882945760091146,0.115546567281087,0.346566975911458,2725960.83651517
552,0.0887851435343425,0.11534880065918,0.353244801839193,2741607.5075016
553,0.0882729085286458,0.116699035644531,0.363818003336589,2707556.04795304
554,0.0887625401814779,0.116494702657064,0.370420501708984,2716366.7688983
555,0.0882522048950195,0.117849675496419,0.381069071451823,2686328.63077567
556,0.0887446721394857,0.117645375569661,0.387597198486328,2691522.30682188
557,0.0882352727254232,0.11900882212321,0.398319000244141,2660650.44212315
558,0.0887267735799154,0.118798848470052,0.404769002278646,2663766.73382744
559,0.0882145411173503,0.120166030883789,0.415565348307292,2631543.38708191
560,0.0887060419718425,0.119954172770182,0.421940012613932,2632645.12551699
561,0.0881947758992513,0.121329846700033,0.432810679117839,2603750.41170982
562,0.0886872431437175,0.121116104125977,0.439108001708984,2606198.46282834
563,0.0881759440104167,0.122495541890462,0.450054341634115,2580283.18326121
564,0.0886674423217773,0.122278032938639,0.456278340657552,2583096.76814645
565,0.0881552073160807,0.123664065043132,0.467299011230469,2559573.79063871
566,0.0886467386881511,0.123444671630859,0.473447336832682,2562256.67384862
567,0.0881354726155599,0.124838233947754,0.484542002360026,2541992.6763493
568,0.0886288731892904,0.124614135742188,0.490614329020182,2546422.19063706
569,0.088114741007487,0.12601335144043,0.501780985514323,2525546.9471386
570,0.0886062418619792,0.125785484313965,0.507777323404948,2532590.08653691
571,0.0880930760701497,0.127193171183268,0.519019999186198,2511650.63636979
572,0.0885874430338542,0.126963422139486,0.524941670735677,2518236.56315626
573,0.0880752080281575,0.128376757303874,0.536257670084635,2504603.08771996
574,0.0885686060587565,0.128142298380534,0.542101013183594,2504603.08771996
575,0.0885563379923503,0.128925707499186,0.553491353352865,2491610.35786289
576,0.0880488052368164,0.12995393371582,0.559188008626302,2491610.35786289
577,0.0904941431681315,0.100299270629883,0.152509338378906,3628499.66757364
578,0.0899885101318359,0.10154310353597,0.162040003458659,3500001.28800828
579,0.0904762751261393,0.101393402099609,0.169477666219076,3206846.04582446
580,0.0899706395467122,0.102641036987305,0.179082901000977,3088265.16407432
581,0.090458371480306,0.102488502502441,0.186444468180339,3056434.84040661
582,0.0899527053833008,0.103743637084961,0.196123240152995,3040570.21003852
583,0.0904404729207357,0.103590136210124,0.203409306844076,3026515.2221176
584,0.0899329732259115,0.104850003560384,0.213162373860677,3016471.13292831
585,0.0904207407633464,0.104691802978516,0.22037217203776,3000735.95687456
586,0.0899122746785482,0.105957303365072,0.230200571695964,2956040.51088101
587,0.0904018758138021,0.105799102783203,0.237334101359049,2945586.41045335
588,0.0898943430582682,0.107073102315267,0.247236902872721,2912973.81355326
589,0.0903849105834961,0.10691303507487,0.254293233235677,2900552.24152377
590,0.0898774108886719,0.108190767923991,0.264272298177083,2866033.72540392
591,0.0903670425415039,0.108026934305827,0.271254231770833,2855095.53586739
592,0.0898585739135742,0.109310335795085,0.28130674235026,2830676.05962664
593,0.0903482055664063,0.109144635518392,0.288212412516276,2819028.95455713
594,0.089840705871582,0.110436503092448,0.29833930460612,2798552.15277602
595,0.0903303400675456,0.110267036437988,0.305168701171875,2789098.98369757
596,0.0898218739827474,0.11156453704834,0.315368103027344,2773187.0180382
597,0.0903115081787109,0.111390337626139,0.32212217203776,2764136.55546744
598,0.0898039754231771,0.112693501790365,0.332396901448568,2752385.37819246
599,0.090294542948405,0.112517435709635,0.339076568603516,2772042.70506924
600,0.0897851104736328,0.11382906850179,0.349424733479818,2733286.67539951
601,0.0902747421264648,0.113651102701823,0.356027201334635,2750816.02449491
602,0.0897644068400065,0.114966501871745,0.366449768066406,2712677.98767382
603,0.0902559382120768,0.11478480275472,0.37297597249349,2724474.55814737
604,0.0897465387980143,0.116108703613281,0.383474833170573,2686366.80435028
605,0.0902389729817708,0.115925104777018,0.389924631754557,2699988.95843093
606,0.0897286071777344,0.117251803080241,0.400496999104818,2659617.68738079
607,0.0902201410929362,0.117063468933105,0.406870676676432,2672966.52650988
608,0.0897098083496094,0.11839865620931,0.417517344156901,2632645.12551699
609,0.0902022755940755,0.11820938873291,0.423817342122396,2640100.35492156
610,0.0896909764607747,0.119551162719727,0.434537333170573,2606198.46282834
611,0.0901824773152669,0.119357190450033,0.44076133219401,2614271.91796727
612,0.0896702423095703,0.12070462290446,0.451555999755859,2583096.76814645
613,0.0901636403401693,0.12050688680013,0.457704671223958,2589992.88063117
614,0.0896523717244466,0.121860903422038,0.468575337727865,2562256.67384862
615,0.0901467056274414,0.121661282857259,0.474647664388021,2571377.31288587
616,0.0896344731648763,0.123020952860514,0.485591990152995,2546422.19063706
617,0.0901278737386068,0.122816627502441,0.491588317871094,2556154.85947431
618,0.089613774617513,0.12418194325765,0.502606994628906,2532590.08653691
619,0.0901081085205078,0.123975733439128,0.508529663085938,2543934.65530793
620,0.0895949427286784,0.12534952545166,0.519621663411458,2518236.56315626
621,0.0900911763509114,0.125139549255371,0.525467000325521,2528746.55215891
622,0.0895770746866862,0.126518987019857,0.536630350748698,2513552.63524031
623,0.0900723419189453,0.126305244445801,0.542400370279948,2513552.63524031
624,0.0900582071940104,0.127081123352051,0.553641031901042,2501064.82937339
625,0.089550671895345,0.128078275044759,0.559261352539063,2501064.82937339
626,0.0919941431681315,0.0977381362915039,0.141259338378906,3587202.59516158
627,0.0914884770711263,0.0989415028889974,0.150566004435221,3628499.66757364
628,0.09197620900472,0.0988172022501628,0.158003667195638,3307061.8916108
629,0.0914696400960286,0.100025268554688,0.16738466389974,3151831.26909313
630,0.0919592717488607,0.0998972015380859,0.174745000203451,3137415.35835351
631,0.0914536387125651,0.101112800598145,0.184199569702148,3104794.85317949
632,0.091944206237793,0.100984733581543,0.191482905069987,3083367.32797804
633,0.0914367065429687,0.102206934611003,0.201013870239258,3061159.72735444
634,0.0919263407389323,0.102075101216634,0.208223668416341,3042019.92477215
635,0.0914178746541341,0.103300102233887,0.217828903198242,3016181.66611955
636,0.0919075088500977,0.10316640218099,0.224960571289062,2989305.00576323
637,0.0913999760945638,0.10439990234375,0.234637369791667,2952403.50658302
638,0.0918896102905273,0.104264335632324,0.241695602416992,2938900.78793581
639,0.0913820775349935,0.10550346883138,0.251448664347331,2908674.0582295
640,0.0918736089070638,0.105364102681478,0.258430628458659,2895114.84130328
641,0.0913660736083984,0.106609835306803,0.268257130940755,2870765.68168812
642,0.0918575719197591,0.10646576944987,0.275162821451823,2856223.34838414
643,0.0913481725056966,0.107717168172201,0.285065592447917,2831628.66957919
644,0.0918397064208984,0.107571202596029,0.291894989013672,2819759.38281146
645,0.0913293736775716,0.10882920328776,0.301871205647786,2804279.01509184
646,0.0918208745320638,0.108679471333822,0.308625274658203,2793418.02178009
647,0.0913114751180013,0.109943105061849,0.318676839192708,2779925.38960221
648,0.0918039423624675,0.109793370564779,0.325354665120443,2770687.46739348
649,0.091294542948405,0.11106453704834,0.335479665120443,2762718.03343436
650,0.0917860438028971,0.110910102844238,0.342081207275391,2782415.20319858
651,0.0912756754557292,0.112185035705566,0.352280578613281,2741607.5075016
652,0.0917690734863281,0.112026835123698,0.358805847167969,2757366.46280241
653,0.0912596715291341,0.11331120300293,0.369078674316406,2716366.7688983
654,0.0917540054321289,0.113151135762533,0.375530507405599,2731772.56469608
655,0.0912427062988281,0.11444113667806,0.385877604166667,2691522.30682188
656,0.0917361068725586,0.114276336669922,0.392253306070964,2703743.44227034
657,0.0912239074707031,0.115571970621745,0.402674011230469,2663766.73382744
658,0.0917173080444336,0.115404370625814,0.408974344889323,2680348.97781846
659,0.0912060089111328,0.116706601460775,0.419471008300781,2640100.35492156
660,0.0917003428141276,0.116537101745605,0.425695007324219,2648184.2962678
661,0.0911881103515625,0.117845916748047,0.436265340169271,2614271.91796727
662,0.091681510925293,0.117671717325846,0.442413014729818,2625872.54367335
663,0.0911692759195964,0.118985254923503,0.453057678222656,2589992.88063117
664,0.0916636403401693,0.118807306925456,0.459132008870443,2600716.81704642
665,0.091152338663737,0.120129318237305,0.469851328531901,2571377.31288587
666,0.0916466725667318,0.119949473063151,0.475849324544271,2583125.3388014
667,0.0911344401041667,0.121277112325033,0.48664198811849,2556154.85947431
668,0.0916278406778971,0.121092557271322,0.492563659667969,2567497.42428255
669,0.091115608215332,0.122425862630208,0.503432657877604,2543934.65530793
670,0.0916099421183268,0.12224036916097,0.509277994791667,2553117.83224421
671,0.0910986760457357,0.1235802637736,0.520220336914063,2528746.55215891
672,0.0915920766194661,0.123390060424805,0.52599033610026,2539490.3145582
673,0.091079844156901,0.12473560333252,0.537007019042969,2522979.52515706
674,0.0915751113891602,0.124541636149089,0.542703674316406,2522979.52515706
675,0.0915657094319661,0.125308095296224,0.553793680826823,2509619.8144429
676,0.0910563074747721,0.126277941385905,0.559337687174479,2509619.8144429
677,0.0934931411743164,0.0952786687215169,0.130459335327148,3615781.8373658
678,0.0929875081380208,0.0964443689982096,0.139540003458659,3587202.59516158
679,0.0934771067301432,0.0963445688883464,0.146977671305339,3386450.76735262
680,0.0929714736938477,0.097514035542806,0.156134668986003,3203959.49331891
681,0.0934611053466797,0.0974104359944661,0.163496002197266,3184238.9761825
682,0.0929554723103841,0.0985855356852214,0.172725336710612,3154265.02384761
683,0.0934451065063477,0.0984819361368815,0.180010442097982,3137913.84433046
684,0.0929394734700521,0.0996655349731445,0.189313440958659,3120617.81518955
685,0.0934291076660156,0.0995582021077474,0.196522440592448,3101433.06669411
686,0.09292347462972,0.100745567321777,0.205901702880859,3066826.77388354
687,0.0934131088256836,0.100633501688639,0.213036204020182,3047772.61763503
688,0.0929056091308594,0.101829335530599,0.222489837646484,2998035.84816154
689,0.0933980763753255,0.101715403238932,0.229546173095703,2981822.31212276
690,0.0928896102905273,0.102916903177897,0.239075139363607,2956468.17799473
691,0.093381108601888,0.102800137837728,0.246057072957357,2943552.79003683
692,0.0928726399739583,0.104008204142253,0.25565950012207,2913186.99722832
693,0.093365104675293,0.103888603210449,0.262565165201823,2900174.1578567
694,0.0928575719197591,0.105100435892741,0.272241984049479,2878271.24394158
695,0.0933500391642253,0.104978034973145,0.279072326660156,2860445.26996705
696,0.0928415730794271,0.106197402954102,0.288822560628255,2841401.920118
697,0.0933331069946289,0.106074068705241,0.29557851155599,2828959.5432275
698,0.0928227411905925,0.107298136393229,0.305405008951823,2811362.59957442
699,0.093315175374349,0.107170102437337,0.312085673014323,2800046.74943605
700,0.0928057759602865,0.108401702880859,0.321983764648437,2792096.10192461
701,0.0932973098754883,0.108271769205729,0.328585327148438,2782845.49128312
702,0.0927869771321615,0.109509002685547,0.338557769775391,2772042.70506924
703,0.0932803777058919,0.109374369303385,0.34508583577474,2786896.05847448
704,0.0927728424072266,0.110617268880208,0.355134541829427,2750816.02449491
705,0.0932671737670898,0.110481702168783,0.361586364746094,2760410.88506913
706,0.0927577387491862,0.111731201171875,0.371709503173828,2724474.55814737
707,0.0932492396036784,0.111591868082682,0.378085927327474,2731478.5323461
708,0.0927389068603516,0.112847002665202,0.388282633463542,2699988.95843093
709,0.093232307434082,0.112703870137533,0.394582997639974,2706580.3756719
710,0.0927229080200195,0.113965604146322,0.40485400390625,2672966.52650988
711,0.0932172419230143,0.113819669087728,0.411079671223958,2682513.58803875
712,0.0927059758504232,0.115088935852051,0.421424011230469,2648184.2962678
713,0.0931993764241536,0.114940167744954,0.42757367960612,2655649.50650118
714,0.0926871439615885,0.116214134216309,0.437992350260417,2625872.54367335
715,0.093180544535319,0.116059733072917,0.444066680908203,2631200.58958453
716,0.0926692759195964,0.117339368184408,0.454561676025391,2600716.81704642
717,0.0931655069986979,0.117183069864909,0.46055967203776,2608944.24112659
718,0.0926542053222656,0.118471163431803,0.471128000895182,2583125.3388014
719,0.0931504058837891,0.118311063130697,0.477049672444661,2589533.35769969
720,0.0926362737019857,0.119604817708333,0.487692667643229,2567497.42428255
721,0.0931315409342448,0.119440981547038,0.493541005452474,2575235.80274945
722,0.092617441813151,0.120743227640788,0.504257334391276,2553117.83224421
723,0.0931136754353841,0.120577509562174,0.510029327392578,2560344.52573734
724,0.0925995763142904,0.121884447733561,0.520819986979167,2539490.3145582
725,0.0930948435465495,0.121712135314941,0.526516662597656,2544796.80443652
726,0.0925826110839844,0.123023780822754,0.537383666992188,2528987.93828566
727,0.0930807113647461,0.122850527445475,0.543003011067708,2528987.93828566
728,0.0930713094075521,0.123608512878418,0.553943339029948,2513250.46523914
729,0.0925638071695964,0.124548225402832,0.559414001464844,2513250.46523914
730,0.0949950103759766,0.092921869913737,0.120110336303711,3700262.49846962
731,0.0944884084065755,0.0940470708211263,0.128966003417969,3615781.8373658
732,0.0949780400594075,0.0939736048380534,0.136403671264648,3422613.21845361
733,0.0944723714192708,0.0951054026285807,0.145334671020508,3313515.18569288
734,0.094964838663737,0.0950272369384766,0.152696004231771,3278518.86479537
735,0.0944592056274414,0.0961628036499023,0.161700337727865,3215712.42043681
736,0.0949488398234049,0.0960827713012695,0.168986338297526,3195411.86473869
737,0.0944403737386068,0.0972268040974935,0.178067108154297,3173276.45833926
738,0.094931874593099,0.097144905090332,0.185276941935221,3155341.78181024
739,0.0944262415568034,0.0982927042643229,0.194429275512695,3120796.42706567
740,0.0949187088012695,0.098207036336263,0.201563771565755,3104620.6288867
741,0.0944112091064453,0.0993604685465495,0.210791437784831,3064316.20931979
742,0.0949036763509115,0.0992719701131185,0.217849634806315,3047462.82083396
743,0.0943980433146159,0.100431070963542,0.227150736490885,3000950.94063124
744,0.0948895416259766,0.100340703328451,0.234133600870768,2985126.54532625
745,0.0943810729980469,0.101508270263672,0.243510971069336,2953408.09305927
746,0.0948725713094075,0.101414103190104,0.250418533325195,2939970.8919172
747,0.0943650716145833,0.102586369832357,0.259870300292969,2920970.65851941
748,0.0948575388590495,0.102488469441732,0.26670160929362,2908600.6793947
749,0.0943500391642253,0.103668301900228,0.276226816813151,2884647.31713
750,0.0948434066772461,0.1035675684611,0.282979960123698,2870179.4575692
751,0.0943349405924479,0.104753967285156,0.292581420898438,2852047.27057907
752,0.0948264414469401,0.104650400797526,0.299261118570964,2839406.50341045
753,0.0943170420328776,0.105842468261719,0.308938873291016,2824214.85500731
754,0.0948094762166341,0.105736068725586,0.315540435791016,2813208.51932341
755,0.0942991434733073,0.106933769226074,0.325288798014323,2804528.60867665
756,0.0947925440470378,0.106823603312174,0.33181406656901,2792360.32090416
757,0.0942841110229492,0.108026969909668,0.341638661702474,2782415.20319858
758,0.0947784423828125,0.10791493733724,0.348090494791667,2787317.81706514
759,0.0942690404256185,0.109126770019531,0.357989491780599,2757366.46280241
760,0.0947633717854818,0.109010938008626,0.364365997314453,2757254.96993311
761,0.0942530059814453,0.110226537068685,0.374339294433594,2731772.56469608
762,0.0947464065551758,0.110106936136882,0.380639668782552,2730699.19808722
763,0.0942360407511393,0.11132913462321,0.390686665852865,2703743.44227034
764,0.0947322743733724,0.111206700642904,0.396912668863932,2705384.92670005
765,0.0942228749593099,0.112435501098633,0.40703466796875,2680348.97781846
766,0.0947172419230143,0.11230933380127,0.413184000651042,2682513.58803875
767,0.0942050094604492,0.113544733683268,0.423378672281901,2655649.50650118
768,0.0946984100341797,0.113414800008138,0.429451009114583,2658313.50160626
769,0.0941861775716146,0.114655832926432,0.439720347086589,2631200.58958453
770,0.0946824111938477,0.114522132873535,0.445718343098958,2634389.55571277
771,0.0941730092366536,0.115769734700521,0.456062672932943,2608944.24112659
772,0.0946692072550456,0.115634134928385,0.461984334309896,2613154.48833888
773,0.0941579055786133,0.116887369791667,0.472403004964193,2589533.35769969
774,0.0946531728108724,0.116748001098633,0.478251342773438,2595423.5336189
775,0.0941409403483073,0.118007858276367,0.488746348063151,2575235.80274945
776,0.094636240641276,0.117866625467936,0.494518341064453,2579675.09481559
777,0.0941230748494466,0.119134030659993,0.505084991455078,2560344.52573734
778,0.0946193084716797,0.118988085428874,0.510778645833333,2564260.27106711
779,0.0941051762898763,0.120259251912435,0.521419657389323,2544796.80443652
780,0.0946023432413737,0.120107650756836,0.527039998372396,2548187.84151363
781,0.0940901107788086,0.121387280782064,0.53775634765625,2531996.2962334
782,0.0945882110595703,0.121233800252279,0.54330234781901,2531996.2962334
783,0.094576909383138,0.12198331451416,0.554093017578125,2516264.07198855
784,0.0940694071451823,0.122894780476888,0.559487345377604,2516264.07198855
785,0.09649400583903,0.0906705017089844,0.110208333333333,3793659.17597858
786,0.0959902750651042,0.0917561696370443,0.118840001424154,3700262.49846962
787,0.0964799067179362,0.0917062377929688,0.126275670369466,3458890.79757249
788,0.0959742736816406,0.0927984720865885,0.134983673095703,3309810.73682191
789,0.096464838663737,0.0927466710408529,0.142345006306966,3340476.06346594
790,0.09596107228597,0.0938436381022136,0.151126337687174,3291533.23222082
791,0.0964526062011719,0.0937871373494466,0.158411336263021,3267679.29109
792,0.0959460067749023,0.0948907038370768,0.167267003377279,3228443.67782465
793,0.0964356409708659,0.0948332697550456,0.174476669311523,3207684.19972394
794,0.0959299748738607,0.0959434382120768,0.183405838012695,3165607.6523102
795,0.0964224421183268,0.0958813044230143,0.190539372762044,3150760.45757423
796,0.0959168090820312,0.0969971033732096,0.19954497273763,3106493.54128891
797,0.0964092763264974,0.0969330698649089,0.206603174845378,3093376.78577553
798,0.0959036432902018,0.0980545043945313,0.215680170694987,3057429.04871425
799,0.0963951416015625,0.0979857711791992,0.222661173502604,3036347.29283481
800,0.0958866729736328,0.0991128692626953,0.231813501993815,2998381.74974876
801,0.0963781712849935,0.099043202718099,0.238721069335938,2981167.75635013
802,0.0958725382486979,0.100176869710286,0.24794873046875,2960265.147517
803,0.0963668721516927,0.100103403727214,0.254779098510742,2946543.62146237
804,0.0958593724568685,0.101242736816406,0.264080210367839,2924330.19300355
805,0.0963509063720703,0.101167404174805,0.270834289550781,2910642.28169243
806,0.0958424402872721,0.102312403361003,0.280208831787109,2893863.37526261
807,0.0963358408610026,0.102232335408529,0.28688661702474,2880909.47854202
808,0.0958283081054687,0.103383934020996,0.296337443033854,2862024.04631279
809,0.0963207753499349,0.103302001953125,0.302941802978516,2848536.85537238
810,0.0958113428751628,0.104462069193522,0.312467041015625,2835279.0216784
811,0.0963047434488932,0.10437543741862,0.318995137532552,2826042.2952411
812,0.095796277364095,0.105539271036784,0.32859380086263,2812687.91831159
813,0.0962915751139323,0.105448870340983,0.335045603434245,2802205.22579466
814,0.0957821731567383,0.106621170043945,0.344717702229818,2786896.05847448
815,0.0962765045166016,0.10652983601888,0.351096069335938,2780663.77494804
816,0.0957671051025391,0.10770777130127,0.360845367431641,2760410.88506913
817,0.0962633056640625,0.107611704508464,0.367147471110026,2753182.50301466
818,0.0957529729207357,0.108795270284017,0.376968475341797,2731478.5323461
819,0.0962463734944661,0.108695470174154,0.383194468180339,2726973.67821764
820,0.0957360407511393,0.109884702046712,0.393091664632161,2706580.3756719
821,0.0962322743733724,0.109782068888346,0.399240997314453,2703613.40465359
822,0.0957228749593099,0.110977900187174,0.409211334228516,2682513.58803875
823,0.0962172088623047,0.110872467041016,0.415285664876302,2682836.02222825
824,0.0957049763997396,0.11207396697998,0.42533066813151,2658313.50160626
825,0.0962002436319987,0.111965667724609,0.431328674316406,2657923.97255633
826,0.0956899108886719,0.11317280069987,0.441447011311849,2634389.55571277
827,0.0961861089070638,0.113061668395996,0.447371673583984,2635255.67506605
828,0.0956748072306315,0.114275400797526,0.457564666748047,2613154.48833888
829,0.0961710052490234,0.114159568786621,0.463413004557292,2616509.41726703
830,0.0956606725056966,0.115378934224447,0.473681009928385,2595423.5336189
831,0.096157839457194,0.115259335835775,0.479453013102214,2599137.16322579
832,0.0956456400553385,0.11648716990153,0.489795338948568,2579675.09481559
833,0.0961418736775716,0.116362904866536,0.495491994222005,2583042.97414595
834,0.0956287078857422,0.117596415201823,0.505908650716146,2564260.27106711
835,0.0961268081665039,0.117468381245931,0.511528991699219,2566087.71265439
836,0.0956145757039388,0.118708450317383,0.522019327799479,2548187.84151363
837,0.0961117426554362,0.118576639811198,0.527565348307292,2550082.54475988
838,0.0955976104736328,0.119822359720866,0.538132019042969,2533355.15708386
839,0.0960957107543945,0.119687713623047,0.543602701822917,2533355.15708386
840,0.0960863087972005,0.120426849365234,0.554243693033854,2517295.20671058
841,0.0955769068400065,0.121311009724935,0.559563680013021,2517295.20671058
842,0.0979930369059245,0.0885236028035482,0.100760335286458,4056139.54980337
843,0.0974892705281575,0.0895688018798828,0.109164998372396,3793659.17597858
844,0.0979817377726237,0.0895433680216471,0.116600667317708,3558783.6727077
845,0.0974761047363281,0.0905951360066732,0.125079671223958,3458890.79757249
846,0.0979685719807943,0.0905678380330404,0.132442006429036,3370803.55625093
847,0.0974629389444987,0.0916271387736003,0.140999338785807,3282597.30936395
848,0.0979544397989909,0.0915951385498047,0.148287333170573,3279316.31205059
849,0.097447873433431,0.0926581700642904,0.156917999267578,3281901.45365559
850,0.0979393742879232,0.0926242701212565,0.164127665201823,3271388.52675519
851,0.0974337412516276,0.0936958033243815,0.17283066813151,3217937.3577924
852,0.0979261754353841,0.0936581370035807,0.179964202880859,3197563.95529201
853,0.0974205423990886,0.0947334696451823,0.188743738810221,3148559.03783475
854,0.097913942972819,0.0946929702758789,0.195801172892253,3133396.83731295
855,0.0974083099365234,0.0957767715454102,0.204655008951823,3098778.8764984
856,0.0979017079671224,0.0957325057983398,0.211636973063151,3084347.45222338
857,0.097394172668457,0.0968200709025065,0.220566141764323,3045654.95829941
858,0.0978856709798177,0.096773935953776,0.227471837361654,3032979.74218314
859,0.0973781382242839,0.0978699696858724,0.236474436442057,3005454.19798401
860,0.0978724721272786,0.0978219375610352,0.243304799397786,2988106.73922281
861,0.0973668390909831,0.0989217046101888,0.252381800333659,2962718.9637004
862,0.0978602396647135,0.0988699035644531,0.259135904947917,2949325.62400764
863,0.097351806640625,0.0999762700398763,0.268287282307943,2930977.10461244
864,0.0978452072143555,0.0999216715494792,0.274966969807943,2917944.16896198
865,0.0973377075195312,0.101032737731934,0.284191762288411,2898573.52240575
866,0.0978320414225261,0.100974370320638,0.290795186360677,2886712.66355636
867,0.0973226420084636,0.102092035929362,0.300094401041667,2872177.73842203
868,0.097816042582194,0.102032737731934,0.30662440999349,2859549.87888763
869,0.0973075764973958,0.103156071980794,0.315999908447266,2843531.61400586
870,0.0978028767903646,0.103092038472493,0.322453643798828,2832499.46016847
871,0.0972953414916992,0.104221003214518,0.331900675455729,2814607.17116416
872,0.0977915725708008,0.104153203328451,0.338276214599609,2806065.89270046
873,0.0972821375528971,0.10528973642985,0.347799509684245,2787317.81706514
874,0.0977764714558919,0.105218170166016,0.354101643880208,2777915.30318616
875,0.0972670389811198,0.10636220296224,0.363700307210286,2757254.96993311
876,0.0977623392740885,0.106287803649902,0.369924275716146,2746812.40452542
877,0.0972520065307617,0.107437505086263,0.379597432454427,2730699.19808722
878,0.0977473068237305,0.107359369913737,0.385747965494792,2722652.00643583
879,0.097237907409668,0.108514701843262,0.395494333902995,2705384.92670005
880,0.0977341079711914,0.108432767232259,0.401568339029948,2703613.40465359
881,0.0972228088378906,0.109594701131185,0.411389333089193,2682836.02222825
882,0.0977190093994141,0.109509035746257,0.417390329996745,2678564.33667314
883,0.0972086766560872,0.110678502400716,0.42728466796875,2657923.97255633
884,0.0977058436075846,0.110589970906576,0.433206339518229,2656535.41817064
885,0.097193608601888,0.111766003926595,0.443175008138021,2635255.67506605
886,0.0976898396809896,0.111671869913737,0.44902333577474,2635931.03931294
887,0.0971785380045573,0.112851702372233,0.459068339029948,2616509.41726703
888,0.0976766713460286,0.112755668640137,0.46484033203125,2618111.83648707
889,0.0971663055419922,0.113943936665853,0.474957000732422,2599137.16322579
890,0.0976634724934896,0.11384413655599,0.480653666178385,2601668.50769973
891,0.0971512400309245,0.115035270690918,0.490846333821615,2583042.97414595
892,0.0976474736531575,0.114930770874023,0.496468332926432,2583765.10727367
893,0.0971362075805664,0.11613037109375,0.506734334309896,2566087.71265439
894,0.0976343078613281,0.116024904886882,0.512280334472656,2567202.84946042
895,0.097122075398763,0.117231104532878,0.522621012369792,2550082.54475988
896,0.0976201756795247,0.117120936075846,0.528091674804688,2549743.86584444
897,0.0971079432169596,0.118331825256348,0.538506693522135,2533937.12338962
898,0.0976060434977214,0.118216924031576,0.543903015136719,2533937.12338962
899,0.0975956751505534,0.118946647644043,0.554393351236979,2517497.70408482
900,0.0970881729125977,0.119800684611003,0.559638020833333,2517497.70408482
901,0.0994930369059245,0.0864775365193685,0.0917593383789062,4186568.82693175
902,0.0989892705281575,0.087485969543457,0.0999410044352214,4056139.54980337
903,0.0994817377726237,0.0874841028849284,0.107375671386719,3658383.6961476
904,0.0989779713948568,0.0884963022867839,0.115630671183268,3558783.6727077
905,0.0994694722493489,0.0884916025797526,0.122992004394531,3420014.39395294
906,0.098965705871582,0.0895113703409831,0.131324335734049,3337376.93890717
907,0.0994572067260742,0.0895048039754232,0.138612335205078,3316968.09678113
908,0.0989515736897786,0.0905292714436849,0.147018000284831,3298450.84592699
909,0.0994430745442708,0.0905189030965169,0.15422699991862,3280391.97227705
910,0.0989374415079753,0.0915508702596029,0.162705998738607,3261800.80100891
911,0.09943177541097,0.0915386352539063,0.169839665730794,3256155.42360652
912,0.0989261423746745,0.0925743687947591,0.178394866943359,3213680.99348496
913,0.099419542948405,0.0925583699544271,0.185453170776367,3189557.56859583
914,0.098912976582845,0.0936016387939453,0.194079940795898,3150598.43043007
915,0.099406374613444,0.0935837732950846,0.201061874389648,3130079.9377095
916,0.0989007390340169,0.0946308390299479,0.209765070597331,3103370.57026965
917,0.0993950703938802,0.0946092046101888,0.216673568725586,3087536.31655791
918,0.0988875376383464,0.0956647364298503,0.225451166788737,3051128.18364066
919,0.0993818715413411,0.0956412022908529,0.232282435099284,3036277.72825893
920,0.0988743387858073,0.0967023696899414,0.24113346862793,3003879.2687239
921,0.0993677393595378,0.0966741027832031,0.247889434814453,2991234.56797793
922,0.0988592732747396,0.0977418696085612,0.256814870198568,2967011.10154038
923,0.09935267384847,0.0977098693847656,0.263494567871094,2953995.20438762
924,0.0988470408121745,0.0987833048502604,0.272495290120443,2931353.48035797
925,0.0993413747151693,0.0987494049072266,0.279098704020182,2920954.92170153
926,0.098833875020345,0.0998294041951497,0.288173807779948,2904227.95647884
927,0.0993282089233399,0.0997917353312174,0.294701924641927,2893490.4381994
928,0.0988197758992513,0.100877403259277,0.303853312174479,2875943.78932376
929,0.0993150431315104,0.100835037231445,0.310307006835937,2865992.98535629
930,0.0988066101074219,0.101926338195801,0.31953184000651,2846210.27023774
931,0.0993028081258138,0.10188020324707,0.325908335367839,2834866.37866193
932,0.0987953058878581,0.102978103637695,0.335205678304036,2813219.83487452
933,0.09929150390625,0.102931037902832,0.341505869547526,2804544.35666526
934,0.0987821044921875,0.104034571329753,0.350878540039062,2780663.77494804
935,0.0992783050537109,0.103984670003255,0.357104400634766,2773607.39466115
936,0.0987679723103841,0.105093869527181,0.366551472981771,2753182.50301466
937,0.0992632395426432,0.105040204366048,0.372701039632161,2746812.40452542
938,0.0987529067993164,0.106156003316243,0.382224375406901,2726973.67821764
939,0.0992491073608398,0.106097635904948,0.388300404866536,2722652.00643583
940,0.0987397079467773,0.107219067891439,0.39789800008138,2703613.40465359
941,0.0992359085083008,0.107156903584798,0.40389599609375,2696974.00042742
942,0.0987265090942383,0.10828493754069,0.41356733194987,2678564.33667314
943,0.0992236760457357,0.108220937093099,0.419490997314453,2673841.84443714
944,0.0987133433024089,0.109356503804525,0.429235666910807,2656535.41817064
945,0.0992105102539062,0.109288703918457,0.435082997639974,2652815.16268103
946,0.0986992416381836,0.11042803700765,0.444901997884115,2635931.03931294
947,0.0991973393758138,0.110354601542155,0.450676666259766,2636154.10052641
948,0.0986860707600911,0.111502400716146,0.460569997151693,2618111.83648707
949,0.0991841710408529,0.111427068074544,0.466266672770182,2618587.23465572
950,0.0986719385782878,0.112580535888672,0.476233673095703,2601668.50769973
951,0.0991690724690755,0.112500503540039,0.48185600789388,2600860.03604918
952,0.0986568400065104,0.113659604390462,0.49189800008138,2583765.10727367
953,0.0991549733479818,0.113575803120931,0.497444000244141,2583209.88438553
954,0.0986437072753906,0.114741503397624,0.507560333251953,2567202.84946042
955,0.0991437072753906,0.114655802408854,0.513031341552734,2564930.90542372
956,0.0986324081420898,0.115829035441081,0.523222005208333,2549743.86584444
957,0.0991324081420898,0.115736768086751,0.528616353352865,2548592.0499446
958,0.0986182759602865,0.116913767496745,0.538882344563802,2531478.49739818
959,0.0991154429117839,0.11681770324707,0.544202351888021,2531478.49739818
960,0.0991050771077474,0.117537068684896,0.554543009440104,2516420.60831297
961,0.098597541809082,0.118362856547038,0.559713338216146,2516420.60831297
962,0.100992970784505,0.0845322367350261,0.0832093353271484,4313945.23485599
963,0.100489237467448,0.0855020701090495,0.0911650034586589,4186568.82693175
964,0.100983571370443,0.0855265375773112,0.0986026713053385,3829562.06384928
965,0.100479838053385,0.0865001373291016,0.106631673177083,3658383.6961476
966,0.100973205566406,0.086519905090332,0.113993006388346,3517008.31133126
967,0.100466606140137,0.0874991709391276,0.122098337809245,3435435.27118237
968,0.100960006713867,0.0875170720418294,0.129386337280273,3402059.8819513
969,0.100454373677572,0.0885029373168945,0.137568003336589,3373370.57158537
970,0.100948707580566,0.0885170720418294,0.144777674357096,3345007.04192082
971,0.100443041483561,0.0895085703531901,0.153031005859375,3312354.02313609
972,0.100937375386556,0.0895208053588867,0.160164672851562,3290459.16035054
973,0.10043174235026,0.0905189030965169,0.168494333902995,3253243.52602452
974,0.100925142923991,0.0905264383951823,0.175554270426432,3247582.59685905
975,0.100418576558431,0.0915301717122396,0.18395790608724,3209874.97679525
976,0.10091197458903,0.0915358072916667,0.190939707438151,3192817.03885344
977,0.100406339009603,0.0925461400349935,0.199416905721029,3148148.52193637
978,0.100900670369466,0.0925480397542318,0.206324467976888,3131933.52300281
979,0.100395037333171,0.0935640385945638,0.214877934773763,3098225.69432538
980,0.100889371236165,0.0935640385945638,0.221710199991862,3085379.40612029
981,0.10038373819987,0.0945856704711914,0.230337102254232,3043418.50838106
982,0.1008771387736,0.0945819040934245,0.237093073527018,3031109.51036469
983,0.100368672688802,0.0956091690063477,0.245794372558594,3002849.09176074
984,0.100862073262533,0.0956035029093425,0.25247407023112,2992793.50898745
985,0.100354540506999,0.0966364364624023,0.261248830159505,2964182.06709206
986,0.100850774129232,0.0966270370483398,0.267852244059245,2953064.81332529
987,0.100343241373698,0.0976665700276693,0.276701395670573,2932444.07309524
988,0.100839474995931,0.0976533686319987,0.283231363932292,2923764.65771508
989,0.100331942240397,0.0986985346476237,0.29215678914388,2903528.79089448
990,0.100827242533366,0.0986806335449219,0.298611440022786,2895421.99292963
991,0.100318776448568,0.0997314682006836,0.307610270182292,2875253.87615686
992,0.100814076741536,0.0997117029825846,0.313987701416016,2865047.64210122
993,0.100306541442871,0.100769137064616,0.32306093343099,2840531.87678722
994,0.100802772521973,0.100747469584147,0.329363077799479,2832154.17206058
995,0.100295237223307,0.101811470031738,0.338510670979818,2807462.70009786
996,0.10079147084554,0.101785102844238,0.344736501057943,2796718.21652968
997,0.100283938090007,0.102854769388835,0.353957560221354,2773364.95735722
998,0.100779238382975,0.102824635823568,0.36010996500651,2763569.62118938
999,0.100268872578939,0.103900871276855,0.369406372070313,2746812.40452542
1000,0.100764172871908,0.103866971333822,0.375482513427734,2738775.81680394
1001,0.100254740397135,0.104947937011719,0.384853210449219,2722652.00643583
1002,0.100752873738607,0.104909334818522,0.390854136149089,2713682.35380973
1003,0.100243441263835,0.105996869405111,0.400299326578776,2696974.00042742
1004,0.100741574605306,0.105955436706543,0.406223002115885,2688088.33117235
1005,0.10023120880127,0.107051470438639,0.415743336995443,2673841.84443714
1006,0.100728375752767,0.107007235209147,0.421591674804688,2665836.14027381
1007,0.10021800994873,0.108108901977539,0.431186665852865,2652815.16268103
1008,0.100716110229492,0.108058970133464,0.436958669026693,2648579.11088337
1009,0.100206708272298,0.109165336608887,0.446629669189453,2636154.10052641
1010,0.100704806009928,0.109113535563151,0.452326344807943,2632741.62579373
1011,0.100193537394206,0.110227467854818,0.462070017496745,2618587.23465572
1012,0.100691637674967,0.110170969645182,0.46768935139974,2616366.99532792
1013,0.100179405212402,0.111290537516276,0.477508341471354,2600860.03604918
1014,0.100678438822428,0.111230270385742,0.483056335449219,2597206.63645776
1015,0.100166239420573,0.112356435139974,0.492950002034505,2583209.88438553
1016,0.100666239420573,0.112292401631673,0.498419667561849,2578649.50774442
1017,0.100154973347982,0.113426068623861,0.508384674072266,2564930.90542372
1018,0.100654940287272,0.113357335408529,0.513780680338542,2560972.49053768
1019,0.100143674214681,0.114494801839193,0.523821695963542,2548592.0499446
1020,0.100643641153971,0.114422302246094,0.529141682942708,2543794.7647599
1021,0.100129542032878,0.115568204243978,0.53925634765625,2531478.49739818
1022,0.100628575642904,0.115491938273112,0.544503011067708,2527828.63281271
1023,0.100620109558105,0.116201904296875,0.554693684895833,2511622.1581484
1024,0.100110710144043,0.116997535705566,0.559787679036458,2511622.1581484
1025,0.102494804382324,0.0826904703776042,0.0751080017089844,4466080.60205108
1026,0.101991038004557,0.0836207707722982,0.0828393351236979,4313945.23485599
1027,0.102484438578288,0.0836687698364258,0.090277333577474,3935641.07594351
1028,0.10198070526123,0.0846047032674154,0.0980850016276042,3829562.06384928
1029,0.102474105834961,0.0846480026245117,0.105446670532227,3583239.3374861
1030,0.101970339457194,0.085589604695638,0.113325673421224,3536174.77459674
1031,0.102461840311686,0.0856320037841797,0.120611673990885,3502448.80549666
1032,0.101958106994629,0.0865802052815755,0.128567006429036,3458185.53150617
1033,0.102450574239095,0.0866207046508789,0.135777002970378,3434407.62917278
1034,0.101946807861328,0.0875717061360677,0.143806004842122,3381422.37475025
1035,0.102441141764323,0.0876074727376302,0.150939666748047,3357111.39368381
1036,0.101937375386556,0.0885650736490885,0.159045003255208,3297651.92931686
1037,0.102430775960286,0.0885989735921224,0.166103332519531,3281928.27245127
1038,0.101924176534017,0.0895622406005859,0.174282938639323,3236983.17858352
1039,0.102417574564616,0.0895923716227214,0.181264770507813,3228923.02106865
1040,0.101911938985189,0.0905622049967448,0.189517903645833,3192525.27347265
1041,0.102406270345052,0.0905904362996419,0.196423604329427,3180817.51672626
1042,0.101900637308757,0.0915659383138021,0.204752970377604,3137501.83278991
1043,0.102394971211751,0.0915904362996419,0.211584269205729,3123535.90847522
1044,0.101889338175456,0.0925725377400716,0.219988032023112,3081933.31507704
1045,0.102385571797689,0.0925923029581706,0.226743998209635,3067349.080119
1046,0.101879005432129,0.0935800374348958,0.235222137451172,3031653.31197178
1047,0.102374305725098,0.0935960362752279,0.24190180460612,3025879.92591159
1048,0.101865839640299,0.0945922368367513,0.250452438354492,2993369.09359453
1049,0.102362073262533,0.0946054026285807,0.257055872599284,2983885.00124756
1050,0.101854540506999,0.0956072692871094,0.265680918375651,2958284.96929972
1051,0.102350774129232,0.0956167017618815,0.272209025065104,2952378.72623419
1052,0.101843241373698,0.0966232681274414,0.280910319010417,2927108.93759575
1053,0.102339474995931,0.096628901163737,0.287364044189453,2919608.70405345
1054,0.101831008911133,0.0976411005655925,0.296139739990234,2896797.61373932
1055,0.102326276143392,0.0976448669433594,0.302515309651693,2892067.79624668
1056,0.101817810058594,0.0986646347045898,0.311364440917969,2864317.33493882
1057,0.102315910339355,0.0986646347045898,0.317666544596354,2857363.99551395
1058,0.1018084081014,0.0996900355021159,0.326591949462891,2829875.92158733
1059,0.10230650583903,0.099686269124349,0.332818715413411,2820201.30710934
1060,0.101797103881836,0.10071733601888,0.341815673828125,2793365.87496815
1061,0.102295204162598,0.100709803263346,0.347966166178385,2787626.78353138
1062,0.101784871419271,0.101747436523437,0.357039398193359,2763569.62118938
1063,0.102282038370768,0.101738004048665,0.363115539550781,2749987.31554092
1064,0.101771705627441,0.102781303405762,0.372262247721354,2738775.81680394
1065,0.102269805908203,0.102765302022298,0.378260284423828,2724858.52275453
1066,0.101760406494141,0.103812367757161,0.387481475830078,2713682.35380973
1067,0.102258506774902,0.10379446665446,0.393406005859375,2698987.7163789
1068,0.10174910736084,0.104850001017253,0.402702341715495,2688088.33117235
1069,0.102247207641602,0.104828336079915,0.40855034383138,2676137.96349223
1070,0.101736841837565,0.105889536539714,0.417919342041016,2665836.14027381
1071,0.102234008789062,0.105865036010742,0.423691335042318,2656259.56466941
1072,0.101723642985026,0.1069328028361,0.433135670979818,2648579.11088337
1073,0.102221776326497,0.106903602600098,0.4388330078125,2641025.80190365
1074,0.101712341308594,0.107977968851725,0.448352681477865,2632741.62579373
1075,0.102212341308594,0.10794596862793,0.453975016276042,2626138.37109664
1076,0.10170290629069,0.10902503712972,0.463568013509115,2616366.99532792
1077,0.10220290629069,0.108986437479655,0.46911567179362,2608590.30824127
1078,0.101690671284993,0.110072102864583,0.478785003662109,2597206.63645776
1079,0.102190671284993,0.110032569885254,0.484257670084635,2590533.60740507
1080,0.101678438822428,0.111126703898112,0.493998667399089,2578649.50774442
1081,0.102178438822428,0.111082438151042,0.499392995198568,2572027.44294562
1082,0.101666206359863,0.112179402669271,0.509210001627604,2560972.49053768
1083,0.102166206359863,0.112129501342773,0.514531005859375,2554293.90134869
1084,0.101654907226562,0.113234934488932,0.524421671549479,2543794.7647599
1085,0.102154907226562,0.113183135986328,0.529667317708333,2537102.19222377
1086,0.101642674763997,0.114294237772624,0.539633992513021,2527828.63281271
1087,0.102142674763997,0.114236803690592,0.544804321289063,2521256.75947222
1088,0.102134208679199,0.114939236958822,0.554843668619792,2505450.54586289
1089,0.101625742594401,0.115706637064616,0.559864013671875,2505450.54586289
1090,0.103996671040853,0.0809532038370768,0.0674586741129557,4757943.90946027
1091,0.103492904663086,0.0818430048624675,0.0749640045166016,4466080.60205108
1092,0.103986305236816,0.0819155044555664,0.0824016723632812,4086136.41125468
1093,0.103481605529785,0.0828109690348307,0.0899836680094401,3935641.07594351
1094,0.103975006103516,0.082881601969401,0.0973460032145182,3710906.46386418
1095,0.103471239725749,0.0837827021280925,0.105001337687174,3668831.556953
1096,0.103965573628743,0.0838505045572917,0.112286341349284,3596471.36326536
1097,0.103459940592448,0.0847582041422526,0.120017674763997,3521734.80570723
1098,0.103954274495443,0.0848222376505534,0.127227340698242,3496125.90280154
1099,0.103448641459147,0.0857365366617839,0.135031336466471,3451501.28585429
1100,0.10394487508138,0.0857958374023438,0.142165003458659,3429445.97812809
1101,0.103441141764323,0.0867157719930013,0.15004433186849,3351025.67165581
1102,0.103936442057292,0.0867713063557943,0.157104334513346,3331515.49105331
1103,0.103429842631022,0.087696907043457,0.165057998657227,3271072.84660669
1104,0.103923243204753,0.0877505722045898,0.17204167175293,3227320.84889165
1105,0.103417574564616,0.0886827697753906,0.180068837483724,3212550.64554435
1106,0.103911938985189,0.0887326685587565,0.186976440429688,3172697.56314064
1107,0.103406270345052,0.0896705017089844,0.19507807413737,3166684.16246009
1108,0.103902503967285,0.0897185363769531,0.201910308837891,3161648.60642032
1109,0.10339683787028,0.0906629689534505,0.210087137858073,3117827.20528452
1110,0.103892138163249,0.0907072372436523,0.216843098958333,3109862.04927754
1111,0.103386505126953,0.0916544698079427,0.225096196492513,3054945.49530163
1112,0.103881805419922,0.0916940027872721,0.231776830037435,3050613.3897388
1113,0.103376172383626,0.092647834777832,0.240104298909505,3014334.87754701
1114,0.103871439615885,0.0926864344278971,0.246707733154297,3006171.95423235
1115,0.10336580657959,0.0936478017171224,0.255108673095703,2974824.23256798
1116,0.103862007141113,0.0936835683186849,0.261636774698893,2973679.39880461
1117,0.103354507446289,0.0946506017049154,0.270112080891927,2945898.58968944
1118,0.103850708007813,0.0946826349894206,0.276565785725911,2939261.69424331
1119,0.103343208312988,0.0956543680826823,0.285116455078125,2911545.62813529
1120,0.103840375264486,0.0956826019287109,0.291494852701823,2910210.98926547
1121,0.103331909179688,0.0966609013875325,0.300118011474609,2879027.31610042
1122,0.103829076131185,0.09668443552653,0.306420104980469,2874270.25146169
1123,0.103321543375651,0.0976684010823568,0.315119506835937,2844581.58460723
1124,0.103819676717122,0.0976881688435872,0.321348175048828,2838726.40319294
1125,0.103312141418457,0.0986806360880534,0.330121978759766,2809781.82710967
1126,0.103808372497559,0.0986985371907552,0.336271575927734,2804499.42528122
1127,0.103300837198893,0.0996966374715169,0.345118804931641,2777874.1302352
1128,0.103798937479655,0.0997098032633464,0.351194936116536,2772565.39181146
1129,0.103290471394857,0.100713536580404,0.360118438720703,2749987.31554092
1130,0.103787638346354,0.100722969055176,0.366118306477865,2734391.16043735
1131,0.103277305603027,0.101731435139974,0.375113444010417,2724858.52275453
1132,0.103775405883789,0.101735201517741,0.381036966959635,2706645.01330067
1133,0.103266006469727,0.102751167297363,0.390108337402344,2698987.7163789
1134,0.103764106750488,0.102753033955892,0.395958333333333,2683984.7054863
1135,0.103254707336426,0.103774668375651,0.40510400390625,2676137.96349223
1136,0.103754674275716,0.103772801717122,0.410878000895182,2662232.90111875
1137,0.103244341532389,0.104801968892415,0.420096333821615,2656259.56466941
1138,0.10374430847168,0.104798202514648,0.425794006347656,2646457.39851882
1139,0.103232109069824,0.105832069396973,0.435086344401042,2641025.80190365
1140,0.103732076009115,0.10582266998291,0.440711344401042,2631040.8844627
1141,0.103221743265788,0.10686220296224,0.450080342610677,2626138.37109664
1142,0.103721710205078,0.106848070780436,0.455629333496094,2616847.14844244
1143,0.103212308247884,0.107893236796061,0.465071665445964,2608590.30824127
1144,0.103712308247884,0.107875335693359,0.47054433186849,2599419.84911734
1145,0.10320290629069,0.108929003397624,0.480061004638672,2590533.60740507
1146,0.10370290629069,0.108909238179525,0.485457336425781,2581780.75667412
1147,0.103190671284993,0.109968538920085,0.495048329671224,2572027.44294562
1148,0.10368970489502,0.109942171732585,0.500370330810547,2563958.83303426
1149,0.103177472432454,0.111006169637044,0.510036000569661,2554293.90134869
1150,0.103677439371745,0.110976036071777,0.51528266398112,2546497.02216897
1151,0.103166173299154,0.112047569274902,0.525023315429687,2537102.19222377
1152,0.103668039957682,0.112015569051107,0.530193644205729,2530389.18216019
1153,0.103156773885091,0.113093701680501,0.540007975260417,2521256.75947222
1154,0.10365864054362,0.113057902018229,0.545102986653646,2513966.23969832
1155,0.103651107788086,0.113749036153158,0.554993326822917,2499011.80510154
1156,0.103140775044759,0.114487269083659,0.559937662760417,2499011.80510154
1157,0.105497571309408,0.0793204701741536,0.0602573394775391,4938781.38546938
1158,0.104993804931641,0.0801697718302409,0.0675386759440104,4757943.90946027
1159,0.105487205505371,0.0802676722208659,0.0749763387044271,4186019.2215204
1160,0.104983472188314,0.0811236038208008,0.0823340047200521,3876598.73725879
1161,0.105476872762044,0.0812196706136068,0.0896956685384115,3764403.67018969
1162,0.104973106384277,0.0820822041829427,0.0971256713867188,3710906.46386418
1163,0.105467440287272,0.0821735382080078,0.104410669962565,3643705.57331362
1164,0.104963673909505,0.0830407384236654,0.111916005452474,3590057.00754487
1165,0.1054580078125,0.0831283060709635,0.119125005086263,3559202.4965716
1166,0.104954241434733,0.0840021057128906,0.126705006917318,3457772.15471423
1167,0.105447642008464,0.0840868377685547,0.133839340209961,3461259.88926
1168,0.104943908691406,0.0849662704467773,0.141495340983073,3383438.51055723
1169,0.105439208984375,0.0850481719970703,0.148555338541667,3379322.98569315
1170,0.104935475667318,0.0859332733154297,0.156285003662109,3298535.18544288
1171,0.105428876241048,0.0860114390055339,0.163269002278646,3291097.0787707
1172,0.104923243204753,0.0869031372070312,0.171072006225586,3227320.84889165
1173,0.105419441223145,0.0869794362386068,0.177979604085286,3183006.86792478
1174,0.104913805643717,0.0878767700195312,0.185856872558594,3172697.56314064
1175,0.105410003662109,0.0879492696126302,0.192687337239583,3125892.36070955
1176,0.104904370625814,0.0888532028198242,0.200639139811198,3123840.00990374
1177,0.105402470906576,0.0889238357543945,0.207395105997721,3079296.23774029
1178,0.104895904541016,0.0898334376017253,0.215422236124674,3085224.74886651
1179,0.105391171773275,0.0898993377685547,0.222101933797201,3076695.33480871
1180,0.104882705688477,0.0908126703898112,0.230203430175781,3028589.24752927
1181,0.10537890625,0.0908748041788737,0.236809666951497,3020456.52638067
1182,0.104873273213704,0.0917947362263997,0.244986501057943,2982619.54769271
1183,0.105371373494466,0.0918550033569336,0.251516469319661,2984247.98939278
1184,0.104865740458171,0.0927824681599935,0.259765803019206,2954014.36297571
1185,0.105361974080404,0.0928380355834961,0.266220448811849,2949614.46907579
1186,0.10485444132487,0.0937711690266927,0.274545125325521,2921386.2500094
1187,0.105352541605632,0.0938229700724284,0.280922576904297,2918299.23526385
1188,0.104845975240072,0.0947626698811849,0.289321634928385,2889532.95776018
1189,0.105343142191569,0.0948088048299154,0.295623728434245,2883237.18893997
1190,0.10483470916748,0.0957522710164388,0.304099039713542,2852229.80824408
1191,0.105332809448242,0.0957965393066406,0.310324869791667,2849056.13691767
1192,0.104825309753418,0.0967484715779622,0.318874603271484,2818889.23550058
1193,0.10532341003418,0.0967908706665039,0.325025136311849,2814641.94126008
1194,0.104814008076986,0.0977484690348307,0.333648305257161,2787910.67815073
1195,0.105312105814616,0.0977861353556315,0.339722534179688,2783948.52874308
1196,0.104804570515951,0.0987493693033854,0.348421936035156,2758575.36081733
1197,0.105304537455241,0.098781369527181,0.35442177327474,2756946.08711637
1198,0.104796071370443,0.0997512359619141,0.363194641113281,2734391.16043735
1199,0.10529323832194,0.0997795028686524,0.369118245442708,2717044.54767804
1200,0.104782905578613,0.100755002339681,0.37796543375651,2706645.01330067
1201,0.105281005859375,0.100781369527181,0.383813802083333,2692546.17770493
1202,0.104771606445312,0.10176343536377,0.392735331217448,2683984.7054863
1203,0.105271606445312,0.101785102844238,0.398510335286458,2669071.03160413
1204,0.104764073689779,0.102772834777832,0.407507334391276,2662232.90111875
1205,0.105264073689779,0.102792602539062,0.413204996744792,2652798.96250773
1206,0.104754641215007,0.103788803100586,0.42227333577474,2646457.39851882
1207,0.105254641215007,0.103802904764811,0.427895334879557,2636332.5274814
1208,0.10474427541097,0.104802904764811,0.437041005452474,2631040.8844627
1209,0.105243342081706,0.104812337239583,0.442589996337891,2622969.93123621
1210,0.104731109619141,0.105817970275879,0.451809326171875,2616847.14844244
1211,0.105231109619141,0.105823603312174,0.457279327392578,2606861.36627493
1212,0.104721710205078,0.10683580271403,0.466572001139323,2599419.84911734
1213,0.105223576863607,0.106839569091797,0.471968343098958,2591645.21741308
1214,0.104714174906413,0.107859336853027,0.481337005615234,2581780.75667412
1215,0.105214139302572,0.107857470194499,0.486657002766927,2573627.28037867
1216,0.104701904296875,0.108881004333496,0.496099334716797,2563958.83303426
1217,0.105200937906901,0.108875335693359,0.501344004313151,2556005.91298324
1218,0.104688705444336,0.109906369527181,0.510861663818359,2546497.02216897
1219,0.105190605163574,0.109896001180013,0.516032002766927,2540261.10998032
1220,0.104681205749512,0.110933667500814,0.525623331705729,2530389.18216019
1221,0.10518310546875,0.11091956837972,0.530717346191406,2523340.93911213
1222,0.104671806335449,0.111965670267741,0.540382670084635,2513966.23969832
1223,0.105173672993978,0.111947771708171,0.54540234375,2509009.50818455
1224,0.105168006896973,0.11263040415446,0.555143005371094,2492715.22234748
1225,0.10465860748291,0.113339436848958,0.560013671875,2492715.22234748
1226,0.106997538248698,0.077789436340332,0.0535070037841797,5005933.36409935
1227,0.106492838541667,0.0786010716756185,0.0605633392333984,4938781.38546938
1228,0.106986239115397,0.0787225392659505,0.0680010070800781,4162268.55971438
1229,0.106484372456868,0.0795398381551107,0.0751326700846354,3964800.57610115
1230,0.106978739420573,0.0796594365437825,0.0824940032958984,3836824.692532
1231,0.106474973042806,0.0804833374023437,0.0896993357340495,3814502.64925616
1232,0.106969306945801,0.0806001052856445,0.0969853363037109,3698640.55306849
1233,0.106465540568034,0.0814277725219727,0.104266667683919,3643705.57331362
1234,0.106961774190267,0.081539805094401,0.111476333618164,3531241.25867365
1235,0.1064580078125,0.0823731384277344,0.118829335530599,3487356.57712543
1236,0.106953275044759,0.0824833043416341,0.125964004516602,3420749.43299799
1237,0.10644667561849,0.0833232040405273,0.133394007364909,3398295.98118525
1238,0.106941975911458,0.0834296035766602,0.140454004923503,3394945.52538077
1239,0.106438242594401,0.0842751388549805,0.147959335327148,3317471.97355871
1240,0.106934476216634,0.0843787384033203,0.154943333943685,3314622.40390138
1241,0.106428843180339,0.0852299372355143,0.16252333577474,3245822.44104828
1242,0.10692504119873,0.0853297704060872,0.169429000854492,3240849.16330885
1243,0.106421272277832,0.0861875712076823,0.177082265218099,3183006.86792478
1244,0.106917470296224,0.0862855046590169,0.183913401285807,3133595.12510424
1245,0.106411837259928,0.0871498692830404,0.191641204833984,3125892.36070955
1246,0.106908070882161,0.0872440032958984,0.198397176106771,3083862.85839898
1247,0.106404337565104,0.0881140365600586,0.206199274698893,3079296.23774029
1248,0.106901504516602,0.0882035039265951,0.212880839029948,3041729.15921219
1249,0.106394905090332,0.0890792032877604,0.220756368001302,3041028.04799051
1250,0.106890172322591,0.0891648712158203,0.227361668904622,3002980.55832457
1251,0.106382639567057,0.0900471394856771,0.235313471476237,2992168.04479566
1252,0.106880772908529,0.0901290384928385,0.241843439737956,2989701.4266337
1253,0.106375139872233,0.091016970316569,0.249869603474935,2957556.84357973
1254,0.106873273213704,0.0910951360066732,0.256321431477865,2952667.66763852
1255,0.106365740458171,0.0919887364705404,0.264422943115234,2927612.10608705
1256,0.106863840738932,0.0920621693929036,0.27080039469401,2925688.16916268
1257,0.106358174641927,0.092963269551595,0.278975351969401,2894188.45623034
1258,0.106855341593424,0.0930348358154297,0.285276519775391,2892441.27278782
1259,0.106346875508626,0.0939406712849935,0.293525838216146,2862060.91959288
1260,0.106844042460124,0.0940084711710612,0.299754516601562,2858506.02782512
1261,0.106338409423828,0.0949208730061849,0.308078236897786,2823667.79582334
1262,0.10683650970459,0.0949867731730143,0.314228769938151,2821764.58533499
1263,0.106329010009766,0.0959048385620117,0.322625935872396,2795717.35205815
1264,0.106827110290527,0.0959641367594401,0.328702067057292,2792223.70758308
1265,0.106319608052572,0.0968878351847331,0.337175496419271,2767684.67013488
1266,0.106817705790202,0.096943369547526,0.343177235921224,2765778.53832634
1267,0.106310170491536,0.09787366994222,0.351724110921224,2744634.45970165
1268,0.106810137430827,0.0979264043172201,0.357649576822917,2740511.64071785
1269,0.106301671346029,0.0988623708089193,0.366270843505859,2717044.54767804
1270,0.106798838297526,0.0989123051961263,0.372121002197266,2705293.13466552
1271,0.106288505554199,0.0998558044433594,0.380816772460937,2692546.17770493
1272,0.106788505554199,0.0999019368489583,0.386590637207031,2679711.63500878
1273,0.106281005859375,0.100849169413249,0.395362670898438,2669071.03160413
1274,0.106782872517904,0.100890602111816,0.401062998453776,2661035.67827417
1275,0.106273473103841,0.101846303304036,0.409908325195313,2652798.96250773
1276,0.106773440043132,0.101884902954102,0.415529663085937,2644464.99038197
1277,0.106264040629069,0.102845303853353,0.424448333740234,2636332.5274814
1278,0.106765907287598,0.102877337137858,0.429997344970703,2630692.69683232
1279,0.106255574544271,0.103844370524089,0.438993336995443,2622969.93123621
1280,0.106754608154297,0.103873570760091,0.444466003417969,2614535.31001518
1281,0.106242375691732,0.104847170511882,0.45353266398112,2606861.36627493
1282,0.10674424235026,0.104873537699382,0.458929005940755,2599983.63685302
1283,0.106234842936198,0.105853736877441,0.468072011311849,2591645.21741308
1284,0.106736709594727,0.10587540435791,0.473393676757813,2583492.2449789
1285,0.106225407918294,0.106859369913737,0.482610005696615,2573627.28037867
1286,0.106727307637533,0.10687540435791,0.487855672200521,2566766.58979326
1287,0.106215072631836,0.107867835998535,0.497147338867187,2556005.91298324
1288,0.106716939290365,0.10788197072347,0.5023193359375,2551104.15581451
1289,0.106204704284668,0.108879102071126,0.511686340332031,2540261.10998032
1290,0.106706570943197,0.108886637369792,0.516782348632812,2534323.0999373
1291,0.106194371541341,0.109889437357585,0.526222025553385,2523340.93911213
1292,0.10669623819987,0.109896039326986,0.531242696126302,2519674.48707827
1293,0.106186838785807,0.110908271789551,0.540757690429687,2509009.50818455
1294,0.106688705444336,0.110911071777344,0.545703674316406,2503959.52896377
1295,0.106683039347331,0.111582438151042,0.555292663574219,2489526.77386803
1296,0.106175506591797,0.112262270609538,0.560087341308594,2489526.77386803
1297,0.108496571858724,0.0763610382080078,0.0472076721191406,4811612.72646064
1298,0.107992805480957,0.0771331380208333,0.0540390065511068,5005933.36409935
1299,0.108486206054688,0.0772790730794271,0.0614766743977865,4132075.48007708
1300,0.107984339396159,0.0780568389892578,0.0683823394775391,3999073.40709216
1301,0.108480573018392,0.0782009048461914,0.0757436726888021,3916430.59628659
1302,0.107976839701335,0.078986203511556,0.0827236735026042,3836824.692532
1303,0.108473040262858,0.0791265029907227,0.0900090077718099,3776678.03792147
1304,0.107969273885091,0.07991650390625,0.0970653381347656,3753033.74410816
1305,0.10846454111735,0.0800530370076497,0.104277002970378,3614757.45488199
1306,0.107960807800293,0.0808486709594727,0.111406667073568,3588386.50906165
1307,0.108456075032552,0.0809805043538411,0.118540003458659,3467068.20707318
1308,0.107952308654785,0.0817818044026693,0.125744338989258,3420749.43299799
1309,0.108447575887044,0.0819117380777995,0.132804341634115,3378709.03981298
1310,0.107943842569987,0.0827196375528971,0.140084004720052,3342992.34546439
1311,0.10844007619222,0.0828458048502604,0.147067667643229,3332494.7684374
1312,0.107934443155924,0.0836593704223633,0.154421666463216,3265617.38490166
1313,0.108430676778158,0.0837827021280925,0.161329335530599,3259454.26054348
1314,0.107926907857259,0.0846019032796224,0.16875666809082,3203611.44097841
1315,0.108425005594889,0.0847214711507161,0.175588002522786,3196438.18657345
1316,0.107919336954753,0.0855472717285156,0.183091471354167,3133595.12510424
1317,0.108414637247721,0.0856659037272135,0.189847544352214,3126041.8716176
1318,0.107909004211426,0.0864982706705729,0.197425445556641,3083862.85839898
1319,0.108406171162923,0.0866103032430013,0.204106079101563,3057171.38649248
1320,0.107902404785156,0.0874455032348633,0.211759373982747,3041729.15921219
1321,0.108399571736654,0.087555669148763,0.218362803141276,3013298.73268199
1322,0.107893938700358,0.0883993377685547,0.226089569091797,3002980.55832457
1323,0.108390172322591,0.0885057373046875,0.232617670694987,2981697.17772666
1324,0.107884539286296,0.0893531697591146,0.240419738769531,2968399.73150455
1325,0.108382639567057,0.0894548695882161,0.246872502644857,2963470.77765389
1326,0.107877006530762,0.0903089040120443,0.254748031616211,2938241.06284582
1327,0.108375106811523,0.0904087371826172,0.261125462849935,2936107.04085123
1328,0.107869473775228,0.0912684020996094,0.269076314290365,2906035.89908982
1329,0.10836757405599,0.0913635025024414,0.275380310058594,2902682.29148753
1330,0.107859107971191,0.0922288360595703,0.283405558268229,2874999.11805126
1331,0.108356274922689,0.0923211364746094,0.289631408691406,2871957.32021381
1332,0.107849675496419,0.0931949361165365,0.297731048583984,2837855.71810012
1333,0.108349675496419,0.093283437093099,0.303883433024089,2833497.13380325
1334,0.107842142740885,0.0941628723144531,0.312057434082031,2807019.09465057
1335,0.108340276082357,0.0942476043701172,0.318133534749349,2803271.56197603
1336,0.107832743326823,0.0951308034261068,0.326381001790365,2778602.59577755
1337,0.108332743326823,0.0952108357747396,0.332382731119792,2775361.21727658
1338,0.107825208028158,0.0960997034708659,0.340705535888672,2755438.67219505
1339,0.108325208028158,0.0961778717041016,0.34663193766276,2751867.48737032
1340,0.107817672729492,0.0970742721557617,0.355029103597005,2730294.81580345
1341,0.108317672729492,0.097148671468099,0.360877370198568,2720404.63745881
1342,0.107807304382324,0.0980507380167643,0.369348002115885,2705293.13466552
1343,0.10830637105306,0.0981204376220703,0.375122843424479,2693441.21320176
1344,0.107797904968262,0.0990281372070313,0.383669708251953,2679711.63500878
1345,0.10829977162679,0.0990940348307292,0.389368408203125,2672427.22174725
1346,0.107792238871257,0.100009267171224,0.397989664713542,2661035.67827417
1347,0.108292205810547,0.100071400960286,0.403611999511719,2654070.44428319
1348,0.107782806396484,0.100991335550944,0.412306671142578,2644464.99038197
1349,0.108282806396484,0.101047803243001,0.417852671305339,2638907.11554768
1350,0.10777530670166,0.101973403930664,0.426624674479167,2630692.69683232
1351,0.108277173360189,0.102027071634928,0.432097005208333,2624050.9808994
1352,0.107766807556152,0.102960205078125,0.440942342122396,2614535.31001518
1353,0.108266774495443,0.103010103861491,0.446338663736979,2608388.18223402
1354,0.107756441752116,0.103949836730957,0.455258666992187,2599983.63685302
1355,0.108258341471354,0.103994102478027,0.46058066813151,2592979.24558835
1356,0.107748008728027,0.104939470926921,0.469572672526042,2583492.2449789
1357,0.108248008728027,0.10497900390625,0.474818339029948,2577863.45036328
1358,0.107738609313965,0.105930971781413,0.483885009765625,2566766.58979326
1359,0.108240475972493,0.105967704772949,0.489056345621745,2562867.56742607
1360,0.10773104095459,0.106926272074382,0.498199005126953,2551104.15581451
1361,0.108232907613118,0.106960138956706,0.503295664469401,2546832.23192878
1362,0.107720672607422,0.10792337290446,0.512512003580729,2534323.0999373
1363,0.108222574869792,0.107952537536621,0.517532674153646,2531510.57301046
1364,0.107710339864095,0.108922403971354,0.526823689778646,2519674.48707827
1365,0.108215039571126,0.108948768615723,0.53177001953125,2516215.9824909
1366,0.10770280456543,0.109925203959147,0.541135009765625,2503959.52896377
1367,0.108206537882487,0.109944969177246,0.546003987630208,2501708.65617378
1368,0.108199938456217,0.110606903076172,0.555443318684896,2486378.90303912
1369,0.107690539042155,0.111258504231771,0.560163330078125,2486378.90303912
1370,0.109997472127279,0.0750352732340495,0.0413556722005208,4688447.543701
1371,0.109493738810221,0.0757687733968099,0.0479636739095052,4961197.99730031
1372,0.109988072713216,0.0759392064412435,0.0554003397623698,4205709.05257716
1373,0.109484306335449,0.0766774063110352,0.0620820058186849,4132075.48007708
1374,0.109980506896973,0.0768450063069661,0.0694433390299479,4024563.97177192
1375,0.109478640238444,0.0775907389322917,0.0761993408203125,3916430.59628659
1376,0.109974873860677,0.077756472269694,0.083485341389974,3835377.03555543
1377,0.109473007202148,0.0785069376627604,0.0903150075276693,3776678.03792147
1378,0.109968274434408,0.0786670049031575,0.0975246734619141,3662769.77202868
1379,0.109463574727376,0.0794231033325195,0.104430338541667,3657260.18884525
1380,0.109958875020345,0.0795803375244141,0.111563669840495,3514475.05963941
1381,0.109455108642578,0.0803421045939128,0.118543670654297,3508272.8443964
1382,0.10995320892334,0.0804974721272786,0.125602005004883,3410946.10981961
1383,0.109449442545573,0.0812658055623372,0.132658340454102,3378709.03981298
1384,0.109945676167806,0.0814174041748047,0.139642339070638,3320239.8109816
1385,0.10944004313151,0.0821895039876302,0.146772003173828,3293650.04423279
1386,0.109936276753743,0.0823373362223307,0.153679667154948,3247881.96461654
1387,0.109432543436686,0.0831169687906901,0.160883000691732,3220111.64349513
1388,0.109930641174316,0.0832629013061523,0.167714335123698,3213329.29985312
1389,0.109426872253418,0.0840482025146484,0.174992004394531,3162198.68060043
1390,0.109924969991048,0.0841904042561849,0.181747838338216,3155827.33933371
1391,0.109418403625488,0.0849823048909505,0.189099909464518,3110351.20064608
1392,0.109915570576986,0.0851207377115885,0.195779505411784,3101410.33628941
1393,0.109408971150716,0.08591636912028,0.203207773844401,3057171.38649248
1394,0.109907071431478,0.0860500691731771,0.209813069661458,3035452.12463357
1395,0.109401438395182,0.0868541692097982,0.217314804077148,3013298.73268199
1396,0.109899538675944,0.0869860026041667,0.223844802856445,2993417.36435431
1397,0.109393905639648,0.0877939020792643,0.231420903523763,2981697.17772666
1398,0.10989200592041,0.0879191360473633,0.237874603271484,2965974.92161814
1399,0.109386372884115,0.088732671101888,0.245524134318034,2955703.23942153
1400,0.109886339823405,0.0888569717407227,0.251901606241862,2938079.310755
1401,0.109380706787109,0.0896790033976237,0.259627405802409,2921775.07173161
1402,0.109880706787109,0.0897995351155599,0.265931406656901,2916841.44772172
1403,0.109373207092285,0.0906243693033854,0.273733459472656,2890535.59768856
1404,0.109870374043783,0.0907401707967122,0.279961191813151,2883373.32968014
1405,0.109361907958984,0.0915716044108073,0.287833892822266,2854559.87844612
1406,0.10986094156901,0.0916836369832357,0.293985371907552,2849394.84409064
1407,0.109355308532715,0.0925216700236003,0.301935272216797,2822801.41863695
1408,0.109855308532715,0.0926318384806315,0.308011403401693,2815307.75052564
1409,0.109347808837891,0.0934783376057943,0.316035664876302,2792700.15534195
1410,0.109847775777181,0.0935819040934245,0.322035532633464,2788251.27873612
1411,0.109340243021647,0.0944312032063802,0.330135131835938,2768310.9950803
1412,0.109840209960938,0.0945310033162435,0.336058736165365,2762059.53606833
1413,0.109332710266113,0.0953888041178386,0.344232737223307,2743672.43128785
1414,0.109832710266113,0.0954867375691732,0.35008290608724,2739956.05379542
1415,0.109325208028158,0.0963502044677734,0.358330373128255,2720404.63745881
1416,0.109825172424316,0.0964424692789714,0.364104268391927,2708768.0939644
1417,0.109316703796387,0.0973106358846029,0.372426106770833,2693441.21320176
1418,0.109817604064941,0.097398203531901,0.378126637776693,2685837.01079931
1419,0.109309137980143,0.0982739028930664,0.38652207438151,2672427.22174725
1420,0.109811004638672,0.0983595682779948,0.392146341959635,2666405.93138368
1421,0.109301605224609,0.09924183400472,0.400615010579427,2654070.44428319
1422,0.109801605224609,0.0993218688964844,0.406162679036458,2650531.66067221
1423,0.109292205810547,0.100207903544108,0.41470566813151,2638907.11554768
1424,0.109794072469076,0.100284169514974,0.420180002848307,2635167.13759705
1425,0.109286539713542,0.101177736918132,0.428799336751302,2624050.9808994
1426,0.10978840637207,0.101251202901204,0.434197672526042,2620268.209343
1427,0.109279006958008,0.102150436401367,0.442891662597656,2608388.18223402
1428,0.109780906677246,0.102218236287435,0.448214660644531,2603879.19376366
1429,0.109270573933919,0.103122169494629,0.456983662923177,2592979.24558835
1430,0.109771507263184,0.10318620300293,0.46222900390625,2588866.4362966
1431,0.109259274800618,0.104097668965658,0.47107167561849,2577863.45036328
1432,0.109761141459147,0.10415980275472,0.476242004394531,2574335.75208426
1433,0.109251742045085,0.105077870686849,0.485160003662109,2562867.56742607
1434,0.109755475362142,0.105134371439616,0.490256663004557,2559785.35445439
1435,0.109246075948079,0.10605807240804,0.499249664306641,2546832.23192878
1436,0.109749842325846,0.106109837849935,0.504271331787109,2544639.03095268
1437,0.109238576253255,0.107041069030762,0.513338002522786,2531510.57301046
1438,0.109740442911784,0.107089101155599,0.518282338460286,2529458.35542535
1439,0.109229141235352,0.108026934305827,0.52742333984375,2516215.9824909
1440,0.109732874552409,0.10806930287679,0.532294352213542,2514523.43529257
1441,0.109222506205241,0.109010902404785,0.541510009765625,2501708.65617378
1442,0.109726275126139,0.109048568725586,0.5463046875,2499678.99016798
1443,0.109719706217448,0.109700167338053,0.555593343098958,2485098.33050807
1444,0.10920933787028,0.110324434916178,0.560237996419271,2485098.33050807
1445,0.111497439066569,0.0738121388753255,0.0359566701253255,4594407.38555461
1446,0.11099557240804,0.0745061060587565,0.042336669921875,4592130.42249729
1447,0.111491806030273,0.0747019399007161,0.0497743377685547,4287503.77935958
1448,0.110988039652507,0.0754015401204427,0.0562300059000651,4148553.68581972
1449,0.11148427327474,0.0755936050415039,0.0635916697184245,4058892.23703961
1450,0.110980506896973,0.0762988713582357,0.0701233367919922,3910561.30335443
1451,0.111478607177734,0.0764881362915039,0.0774093373616536,3874027.75069304
1452,0.110974840799967,0.0772000045776367,0.0840153401692708,3835377.03555543
1453,0.111472007751465,0.0773864364624023,0.091225336710612,3688307.53051596
1454,0.110967308044434,0.0781029713948568,0.0979050038655599,3662769.77202868
1455,0.111464474995931,0.0782847035725911,0.105038670857747,3564027.90635766
1456,0.110960741678874,0.0790059712727865,0.11179167175293,3514475.05963941
1457,0.111456975301107,0.0791858367919922,0.118852005004883,3437540.79706459
1458,0.11095320892334,0.0799155705769857,0.125682337443034,3431255.24850977
1459,0.111449409484863,0.0800916697184245,0.13266633605957,3356288.31164173
1460,0.110945643107096,0.0808251698811849,0.139570002237956,3340960.62822497
1461,0.111441876729329,0.0809974695841471,0.146477666219076,3271159.58246676
1462,0.110938143412272,0.0817375361124675,0.153457667032878,3247881.96461654
1463,0.111436241149902,0.081907969156901,0.160289001464844,3210936.85667546
1464,0.110932472229004,0.0826537017822266,0.16734233601888,3180491.91570329
1465,0.111430569966634,0.0828194351196289,0.174098337809245,3176490.7294652
1466,0.110926836649577,0.0835708363850911,0.181226170857747,3131061.89706232
1467,0.111424003601074,0.0837328033447266,0.187905939737956,3120923.75546228
1468,0.110919303894043,0.0844908040364583,0.19510720316569,3080279.71540426
1469,0.11141647084554,0.0846489690144857,0.201713470458984,3075564.03690534
1470,0.110910837809245,0.085412602742513,0.208991068522135,3035452.12463357
1471,0.111408938090007,0.0855660680135091,0.215521072387695,3017970.31594627
1472,0.110903271993001,0.0863353678385417,0.222873072306315,2993417.36435431
1473,0.111403271993001,0.086485102335612,0.22932773844401,2978820.60931968
1474,0.110897638956706,0.0872609710693359,0.236753168741862,2965974.92161814
1475,0.111397638956706,0.0874069061279297,0.243130599975586,2952571.53491372
1476,0.110891972859701,0.0881893717447917,0.250629506429036,2938079.310755
1477,0.111391972859701,0.0883334376017253,0.256933512369792,2923499.16496687
1478,0.110886339823405,0.0891215693155925,0.264509613037109,2907906.5854104
1479,0.111386339823405,0.0892609024047852,0.270738260904948,2892004.76475624
1480,0.110877873738607,0.0900546696980794,0.278387786865234,2871152.47720692
1481,0.111375040690104,0.0901902364095052,0.284539235432943,2866466.4746335
1482,0.110866574605306,0.0909877700805664,0.292264119466146,2838172.23550816
1483,0.111366541544596,0.0911196034749349,0.298340250651042,2832015.18399886
1484,0.110860908508301,0.0919256388346354,0.306137634277344,2808423.93476165
1485,0.111360908508301,0.0920556055704753,0.312138427734375,2804119.35324935
1486,0.110855275472005,0.0928653717041016,0.320012064615885,2782731.71750861
1487,0.111355242411296,0.092989636739095,0.325938466389974,2776797.05681062
1488,0.110847709655762,0.0938059692382812,0.333885538736979,2757946.70868839
1489,0.111347709655762,0.0939283701578776,0.339735677083333,2754054.66620776
1490,0.110840209960938,0.0947513376871745,0.347759043375651,2734952.90653987
1491,0.111342076619466,0.0948690388997396,0.35353574625651,2729212.71702917
1492,0.110834541320801,0.0956967035929362,0.361633504231771,2708768.0939644
1493,0.111336407979329,0.0958087692260742,0.367332041422526,2700091.84294678
1494,0.1108279393514,0.0966421025594075,0.375503336588542,2685837.01079931
1495,0.111329806009928,0.0967504043579102,0.38112744140625,2680597.61747567
1496,0.110821337381999,0.097592170715332,0.389375010172526,2666405.93138368
1497,0.111323237101237,0.0976966705322266,0.394922678629557,2663304.26472277
1498,0.11081290435791,0.0985441029866536,0.403241678873698,2650531.66067221
1499,0.11131290435791,0.0986439030965169,0.408713338216146,2648326.66421932
1500,0.110803471883138,0.0994979349772135,0.417108673095703,2635167.13759705
1501,0.111305338541667,0.0995939687093099,0.422507008870443,2632095.98590143
1502,0.110797805786133,0.100453669230143,0.430976674397786,2620268.209343
1503,0.111299705505371,0.100545003255208,0.436299672444661,2616693.17057835
1504,0.110792205810547,0.101410336812337,0.444843668619792,2603879.19376366
1505,0.111294072469076,0.1014988377889,0.450090006510417,2599905.69898735
1506,0.110783706665039,0.102370770772298,0.458706339518229,2588866.4362966
1507,0.111285573323568,0.102454569498698,0.463878672281901,2585777.78713433
1508,0.110775240580241,0.103332135518392,0.472571665445964,2574335.75208426
1509,0.111279940287272,0.103412170410156,0.477668670654297,2570896.61376994
1510,0.110769574483236,0.104296338399251,0.486435668945312,2559785.35445439
1511,0.111273307800293,0.104370737711589,0.491456339518229,2557464.56581545
1512,0.110762975056966,0.105260536193848,0.500299001057943,2544639.03095268
1513,0.111266741434733,0.105332102457682,0.505245340983073,2542373.79728657
1514,0.110755475362142,0.106229436238607,0.51416200764974,2529458.35542535
1515,0.111257342020671,0.106297236124674,0.51903266398112,2528269.62660756
1516,0.11074604288737,0.10719926961263,0.528024007161458,2514523.43529257
1517,0.111249776204427,0.107261403401693,0.532818684895833,2512723.48700953
1518,0.110740376790365,0.108169102986654,0.541883707682292,2499678.99016798
1519,0.111244143168132,0.108227500915527,0.546602030436198,2498659.13615361
1520,0.111240376790365,0.108868733723958,0.555743021647135,2483812.56336022
1521,0.110730041503906,0.109461934407552,0.560313354492188,2483812.56336022
1522,0.112997406005859,0.0726935043334961,0.0310076700846354,4409773.8961341
1523,0.112495539347331,0.0733479385375977,0.0371636708577474,4340333.78377077
1524,0.112991772969564,0.0735682703653971,0.0445993347167969,4408916.35210863
1525,0.112489906311035,0.0742283045450846,0.0508300018310547,4225697.18088359
1526,0.112986106872559,0.0744458033243815,0.0581913350423177,4115216.27324035
1527,0.11248424021403,0.0751115036010742,0.0644973347981771,3962514.03539165
1528,0.112979507446289,0.0753252690633138,0.0717823333740234,3892550.11456363
1529,0.11247764078776,0.0759966354370117,0.0781626688639323,3770074.35922227
1530,0.11297290802002,0.0762066370646159,0.0853743387858073,3725318.3741059
1531,0.112471041361491,0.0768845698038737,0.0918310038248698,3688307.53051596
1532,0.11296630859375,0.0770907694498698,0.0989666697184245,3600586.37976948
1533,0.112464441935221,0.0777743682861328,0.105494669596354,3564027.90635766
1534,0.112960675557454,0.0779777679443359,0.112552001953125,3484093.8579279
1535,0.112456942240397,0.07866796875,0.119156336466471,3437540.79706459
1536,0.112953142801921,0.0788685022989909,0.126139999389648,3381138.22274942
1537,0.112449376424154,0.0795624694824219,0.132819666544596,3369300.28508645
1538,0.112947476704915,0.0797583033243815,0.13972699991862,3307943.24321019
1539,0.112443743387858,0.0804598032633464,0.146481333414714,3300056.94996468
1540,0.11294184366862,0.0806537704467773,0.153313334147135,3235394.55679681
1541,0.112438074747721,0.0813618698120117,0.160141001383464,3225498.09135699
1542,0.112938041687012,0.0815520706176758,0.166897003173828,3177722.43366049
1543,0.112434305826823,0.0822639032999675,0.173801005045573,3147376.53119848
1544,0.112934308369954,0.0824494043986003,0.180481602986654,3126727.5025312
1545,0.112427739461263,0.0831669031778971,0.187458704630534,3105141.02138862
1546,0.112926773071289,0.083348637898763,0.194062067667643,3095923.50587272
1547,0.112420204162598,0.0840727030436198,0.201115570068359,3055324.63394028
1548,0.112920204162598,0.0842506713867188,0.207645568847656,3049541.21334567
1549,0.112414571126302,0.0849804026285807,0.214773473103841,3017970.31594627
1550,0.112914538065592,0.085156504313151,0.221227172851562,3004190.5096879
1551,0.112408905029297,0.0858919041951497,0.228429438273112,2978820.60931968
1552,0.112908905029297,0.0860642064412435,0.234807805379232,2972087.7511874
1553,0.112403271993001,0.0868033396402995,0.242083536783854,2952571.53491372
1554,0.112903238932292,0.0869718729654948,0.248385635375977,2939642.35256249
1555,0.112397605895996,0.0877195053100586,0.255736704508464,2923499.16496687
1556,0.112897605895996,0.0878833389282227,0.261964436848958,2911876.69955717
1557,0.112391972859701,0.088636604309082,0.269389892578125,2892004.76475624
1558,0.112891939798991,0.0887966715494792,0.275540405273437,2875483.9580164
1559,0.112383473714193,0.0895565363566081,0.283040222167969,2854329.91741123
1560,0.112883473714193,0.0897128372192383,0.289116373697917,2848911.87253921
1561,0.112375007629395,0.0904783706665039,0.296691518147786,2825223.49917351
1562,0.112876874287923,0.0906309382120768,0.302691365559896,2820230.43287134
1563,0.112368408203125,0.0914021377563477,0.310340891520182,2797721.9738382
1564,0.112870274861654,0.0915499699910482,0.316267333984375,2792888.03970546
1565,0.11236274210612,0.0923277028401693,0.323991271972656,2774507.66185852
1566,0.112864608764648,0.0924717356363932,0.32984141031901,2768645.67942985
1567,0.112357109069824,0.0932560704549154,0.337638743082682,2749305.25630989
1568,0.112859008789063,0.0933954366048177,0.343412607828776,2744482.35831352
1569,0.112351476033529,0.094185437520345,0.351286244710286,2725196.71354637
1570,0.112853342692057,0.0943210372924805,0.35698481241862,2716504.12082689
1571,0.112345809936523,0.095116704305013,0.364932851155599,2700091.84294678
1572,0.112847676595052,0.0952485376993815,0.370554178873698,2695457.56513131
1573,0.112340141296387,0.0960489044189453,0.378577473958333,2680597.61747567
1574,0.112842007954915,0.0961769383748372,0.384125376383464,2678028.09487123
1575,0.112333572387695,0.0969829381306966,0.392223012288411,2663304.26472277
1576,0.112835474650065,0.0971062698364258,0.397695678710937,2663190.32176161
1577,0.112325139363607,0.097919802347819,0.405867004394531,2648326.66421932
1578,0.112827008565267,0.0980394007364909,0.411265329996745,2646659.10354708
1579,0.112316640218099,0.0988595352172852,0.419509999593099,2632095.98590143
1580,0.112820373535156,0.0989763031005859,0.424832672119141,2630888.25087536
1581,0.112310971577962,0.0998020706176758,0.433152679443359,2616693.17057835
1582,0.112814737955729,0.0999141362508138,0.438399342854818,2613497.88848538
1583,0.112305338541667,0.100745569864909,0.446792673746745,2599905.69898735
1584,0.112809071858724,0.10085386912028,0.451963002522786,2598502.36495367
1585,0.112299672444661,0.101690935770671,0.46043266805013,2585777.78713433
1586,0.112803438822428,0.101792635599772,0.465528666178385,2583474.31442434
1587,0.112294039408366,0.102636304219564,0.47407167561849,2570896.61376994
1588,0.112797772725423,0.102734237670898,0.479092010498047,2569733.14259541
1589,0.112287406921387,0.103584503173828,0.487709676106771,2557464.56581545
1590,0.112791173299154,0.103678667704264,0.492656005859375,2555811.75340367
1591,0.112280840555827,0.104536468505859,0.501349009195964,2542373.79728657
1592,0.112785540262858,0.104625902811686,0.506220672607422,2542359.92140292
1593,0.112273307800293,0.105489336649577,0.514987660725912,2528269.62660756
1594,0.11277707417806,0.105575968424479,0.51978232828776,2527917.94889662
1595,0.112264841715495,0.106446001688639,0.528622009277344,2512723.48700953
1596,0.11277047475179,0.106526036580404,0.533342346191406,2513596.49003827
1597,0.11225917561849,0.107399836222331,0.542257344563802,2498659.13615361
1598,0.112761075337728,0.108107002258301,0.555893676757813,2485457.17360674
1599,0.112764841715495,0.107475168863932,0.546904337565104,2499017.28956835
1600,0.112251642862956,0.10867290242513,0.560387674967448,2485457.17360674
1601,0.11449737294515,0.0716765365600586,0.0265056711832682,5328836.32285942
1602,0.113995506286621,0.072292371114095,0.0324376678466797,4820877.29016447
1603,0.11449077351888,0.0725362370808919,0.0398753356933594,4504094.43238141
1604,0.113988906860352,0.0731577021280925,0.0458810017903646,4306745.12377722
1605,0.114486073811849,0.0733978017171224,0.0532433319091797,4184030.44566874
1606,0.113985140482585,0.074025868733724,0.059322998046875,4028356.79264204
1607,0.114482307434082,0.0742641042073568,0.0666089986165364,3930954.50158662
1608,0.113978541056315,0.0748978042602539,0.0727623341878255,3830949.64543195
1609,0.114475708007812,0.0751313044230143,0.0799723358154297,3749604.66034133
1610,0.113971941630046,0.0757687708536784,0.0862040049235026,3701089.47066681
1611,0.114470074971517,0.0760004043579102,0.093340337117513,3637920.1794501
1612,0.11396630859375,0.0766444702148437,0.0996463368733724,3596695.34191909
1613,0.114464408874512,0.0768723373413086,0.106704335530599,3528158.98321546
1614,0.113960642496745,0.0775220362345378,0.113082000732422,3484093.8579279
1615,0.114458775838216,0.0777480036417643,0.120063669840495,3422230.54375123
1616,0.113955009460449,0.0784042689005534,0.126517333984375,3381138.22274942
1617,0.114453109741211,0.0786246032714844,0.133424667358398,3341932.78930916
1618,0.113949343363444,0.0792846705118815,0.139954666137695,3307943.24321019
1619,0.114449343363444,0.0795022048950195,0.146787002563477,3269796.8745076
1620,0.113945576985677,0.0801698048909505,0.153391337076823,3260920.90825663
1621,0.114445576985677,0.0803835703531901,0.160147338867187,3212556.74781646
1622,0.11394181060791,0.081057736714681,0.166825337727865,3195347.74553469
1623,0.114440877278646,0.081267702738444,0.173507008870443,3151082.37467232
1624,0.113937110900879,0.0819475377400716,0.180259272257487,3126727.5025312
1625,0.114434275309245,0.0821528040568034,0.186864435831706,3104223.8680716
1626,0.113930506388346,0.0828364054361979,0.193690129597982,3080378.38237806
1627,0.114427670796712,0.0830379053751628,0.200220097859701,3062870.63530409
1628,0.113923937479655,0.0837281061808268,0.207122034708659,3043152.09274142
1629,0.114422037760417,0.0839286727905273,0.213576705932617,3031247.12607155
1630,0.11391827138265,0.0846273396809896,0.220553939819336,3004190.5096879
1631,0.114416371663411,0.0848232065836589,0.226932306925456,2997135.25817728
1632,0.113912638346354,0.0855246734619141,0.233983907063802,2972087.7511874
1633,0.114412638346354,0.0857139053344727,0.240286041259766,2960319.83000484
1634,0.113908871968587,0.0864219716389974,0.247412038167318,2939642.35256249
1635,0.114408838907878,0.0866103032430013,0.253639765421549,2926168.99381068
1636,0.113903205871582,0.0873240381876628,0.260841094970703,2911876.69955717
1637,0.114403205871582,0.0875076370239258,0.26699257405599,2895624.84867797
1638,0.113897572835286,0.0882270050048828,0.274266428629557,2875483.9580164
1639,0.114397539774577,0.0884068705240885,0.280342549641927,2864745.62974735
1640,0.113891906738281,0.0891328379313151,0.287692677815755,2843911.2503387
1641,0.114390973409017,0.0893089370727539,0.293694427490234,2837010.6855509
1642,0.113884407043457,0.09004150390625,0.301117970784505,2815011.10542384
1643,0.114383440653483,0.0902129033406575,0.307043436686198,2809684.11128191
1644,0.113877774556478,0.0909501698811849,0.314543273925781,2791924.58274085
1645,0.114377774556478,0.0911177698771159,0.320393442789714,2785872.68219114
1646,0.113872141520182,0.0918616027832031,0.327967641194661,2767050.79077411
1647,0.114374041239421,0.0920263697306315,0.333741505940755,2761666.36936894
1648,0.113868408203125,0.092775868733724,0.341389139811198,2742916.8212199
1649,0.114370274861654,0.0929359690348307,0.347088643391927,2736339.92091011
1650,0.11386274210612,0.0936911366780599,0.354810679117839,2716504.12082689
1651,0.114364608764648,0.0938474375406901,0.360434844970703,2713813.62074902
1652,0.113857076009115,0.0946091715494792,0.368230305989583,2695457.56513131
1653,0.114358942667643,0.0947617034912109,0.373780069986979,2694888.14439957
1654,0.113851409912109,0.0955291035970052,0.381651845296224,2678028.09487123
1655,0.114353309631348,0.0956750691731771,0.387126139322917,2679085.74073725
1656,0.113845809936523,0.0964462356567383,0.395072336832682,2663190.32176161
1657,0.114347676595052,0.0965903015136719,0.400470662434896,2663339.26653291
1658,0.113839210510254,0.0973699340820312,0.408492329915365,2646659.10354708
1659,0.114341077168783,0.0975102335611979,0.413814331054688,2646972.78115942
1660,0.113832608540853,0.0982964680989583,0.421910003662109,2630888.25087536
1661,0.114334475199382,0.0984330037434896,0.427156677246094,2629953.58505595
1662,0.113826006571452,0.0992249043782552,0.435326009114583,2613497.88848538
1663,0.11432787322998,0.0993548380533854,0.440498331705729,2613827.86905773
1664,0.113820337931315,0.100152369181315,0.448741994222005,2598502.36495367
1665,0.114324071248372,0.100277603149414,0.453838663736979,2598795.9397502
1666,0.113816571553548,0.10108080291748,0.462155670166016,2583474.31442434
1667,0.114320337931315,0.101202270507812,0.467178009033203,2584399.32972735
1668,0.113810938517253,0.102012036641439,0.47557133992513,2569733.14259541
1669,0.11431467183431,0.102129735310872,0.48051767985026,2570527.26869983
1670,0.113805272420247,0.102946100870768,0.488984680175781,2555811.75340367
1671,0.114309038798014,0.103060033162435,0.493856679280599,2557539.06744197
1672,0.113799639383952,0.103882034301758,0.502399668375651,2542359.92140292
1673,0.114303372701009,0.103992202758789,0.507195994059245,2544076.69524083
1674,0.113793039957682,0.10482270304362,0.515811665852865,2527917.94889662
1675,0.114296806335449,0.104929102579753,0.520532999674479,2530809.52830723
1676,0.113786473592122,0.105762402852376,0.529223999023438,2513596.49003827
1677,0.114291140238444,0.10586220296224,0.533870666503906,2516384.37486385
1678,0.113780807495117,0.106701169331868,0.542636006673177,2499017.28956835
1679,0.114284573872884,0.106797236124674,0.54720469156901,2502911.43579773
1680,0.114279874165853,0.107418703715007,0.55604335530599,2488982.23913085
1681,0.113772341410319,0.107954470316569,0.560464009602865,2488982.23913085
1682,0.115996373494466,0.0707622706095378,0.0224550069173177,5454752.42615568
1683,0.115494506835937,0.071338503519694,0.0281610056559245,4570760.71933029
1684,0.115991673787435,0.0716068700154622,0.0355986684163411,4566932.371077
1685,0.115489807128906,0.0721887690226237,0.0413810017903646,4504094.43238141
1686,0.115986974080404,0.0724543024698893,0.048742670694987,4261085.86988665
1687,0.115485107421875,0.0730418701171875,0.0545993347167969,4091174.76316892
1688,0.115983207702637,0.0733064702351888,0.0618853352864583,3984977.76851907
1689,0.115481341044108,0.0739006373087565,0.0678153330485026,3900519.24521538
1690,0.115977574666341,0.0741605046590169,0.0750243326822917,3787876.3100668
1691,0.115475708007812,0.0747574717203776,0.0810279998779297,3760547.311264
1692,0.115973808288574,0.0750126368204753,0.0881636657714844,3668407.44562692
1693,0.115471941630046,0.0756181030273437,0.0942443339029948,3639447.00124764
1694,0.115970041910807,0.07587047068278,0.101304336547852,3570683.36872208
1695,0.11546627553304,0.0764806391398112,0.107458338419596,3552124.45560674
1696,0.115964375813802,0.0767292048136393,0.114439341227214,3467662.16662382
1697,0.115460642496745,0.0773468704223633,0.120667007446289,3422230.54375123
1698,0.115960642496745,0.0775926030476888,0.127574671427409,3381046.13632761
1699,0.115456876118978,0.0782140706380208,0.133878667195638,3341932.78930916
1700,0.115956843058268,0.0784560699462891,0.140710998535156,3311985.7170449
1701,0.115453076680501,0.0790841369628906,0.147089335123698,3269796.8745076
1702,0.115953076680501,0.0793223698933919,0.15384733581543,3241779.22794915
1703,0.115449343363444,0.0799542032877604,0.160301005045573,3230427.6189162
1704,0.115946510314941,0.0801877034505208,0.166982671101888,3186819.87581875
1705,0.11544181060791,0.0808270365397135,0.173510676066081,3173824.75208308
1706,0.115940844217936,0.0810586700439453,0.180116973876953,3130470.20352635
1707,0.115437075297038,0.0817046025594075,0.186718470255534,3119766.85508401
1708,0.115937039693197,0.0819324696858724,0.19324663289388,3087651.58718159
1709,0.11543140411377,0.0825821711222331,0.199922566731771,3062870.63530409
1710,0.11593140411377,0.082806271870931,0.206377237955729,3053184.85802687
1711,0.115425771077474,0.0834625727335612,0.213129440307617,3030453.81254986
1712,0.115925738016764,0.0836829045613607,0.219506871541341,3022754.92457684
1713,0.115420104980469,0.0843448715209961,0.226332504272461,2993941.4461487
1714,0.115921971638997,0.0845604705810547,0.232636469523112,2985676.47892594
1715,0.11541823832194,0.085228037516276,0.23953840637207,2960319.83000484
1716,0.115920104980469,0.0854398701985677,0.245766138712565,2949695.16462771
1717,0.115414471944173,0.0861140696207682,0.252741500854492,2926168.99381068
1718,0.115914438883464,0.0863221715291341,0.258893870035807,2914861.32845368
1719,0.115408805847168,0.0870020039876302,0.265943613688151,2895624.84867797
1720,0.115908805847168,0.0872054036458333,0.272019755045573,2885845.55335769
1721,0.115403172810872,0.0878909022013346,0.279144836425781,2864745.62974735
1722,0.115903172810872,0.0880905354817708,0.285147521972656,2859521.86405443
1723,0.115396606445312,0.0887826029459635,0.292346984863281,2835928.77581115
1724,0.115898506164551,0.0889784367879232,0.298273396809896,2832834.43873211
1725,0.115391906738281,0.0896761703491211,0.305546305338542,2809768.13700674
1726,0.11589377339681,0.0898682378133138,0.31139643351237,2802811.48326678
1727,0.115385307312012,0.0905725708007813,0.318743733723958,2786390.59508856
1728,0.11588717397054,0.090760871887207,0.324520426432292,2779880.41418485
1729,0.115381540934245,0.09147083791097,0.331944000244141,2762277.23073738
1730,0.115883407592773,0.0916544392903646,0.337644439697266,2755181.94374992
1731,0.115377774556478,0.0923700714111328,0.345141448974609,2736894.40913676
1732,0.115879641215007,0.0925499369303385,0.350765614827474,2730000.31021417
1733,0.115374008178711,0.0932721354166667,0.358336975097656,2713813.62074902
1734,0.11587587483724,0.0934463017781575,0.363885803222656,2715530.29248968
1735,0.115368342081706,0.0941741358439128,0.371533437093099,2694888.14439957
1736,0.115870208740234,0.0943455022176107,0.377007904052734,2697651.69250636
1737,0.11536270904541,0.0950790354410807,0.384728830973307,2679085.74073725
1738,0.115864575703939,0.0952447687784831,0.390127024332682,2682525.9918683
1739,0.115357042948405,0.095984868367513,0.397922658284505,2663339.26653291
1740,0.115860776265462,0.0961487019856771,0.403245666503906,2665967.65871459
1741,0.115353276570638,0.0968944346110026,0.41111567179362,2646972.78115942
1742,0.115857042948405,0.0970526351928711,0.416364013671875,2649603.6212139
1743,0.115346710205078,0.0978049697875977,0.424309346516927,2629953.58505595
1744,0.115850443522135,0.0979584706624349,0.429481353759766,2632317.97711981
1745,0.115340075174967,0.098716438293457,0.437501007080078,2613827.86905773
1746,0.115843841552734,0.0988661371866862,0.442596669514974,2617017.72126188
1747,0.115335372924805,0.0996297709147135,0.450690663655599,2598795.9397502
1748,0.115839141845703,0.0997757364908854,0.455711334228516,2601655.04097879
1749,0.115331606547038,0.100545036315918,0.463881673177083,2584399.32972735
1750,0.115835375467936,0.100687202453613,0.468828002929688,2587664.71752899
1751,0.115327840169271,0.101462135314941,0.477070678710938,2570527.26869983
1752,0.115831609090169,0.101598668416341,0.481940673828125,2573746.65379535
1753,0.115322207132975,0.102380200703939,0.490259674072266,2557539.06744197
1754,0.115825973510742,0.102512967427572,0.495055999755859,2561008.70422372
1755,0.115316538492839,0.103302968343099,0.503449330647786,2544076.69524083
1756,0.115820304870605,0.103431035359701,0.50816933186849,2547698.67200385
1757,0.115310905456543,0.104226669311523,0.516637329101562,2530809.52830723
1758,0.11581467183431,0.104348134358724,0.52128232828776,2534696.90695892
1759,0.115305239359538,0.105150367736816,0.529824666341146,2516384.37486385
1760,0.115810872395833,0.105268068949382,0.534393005371094,2520755.50880953
1761,0.115300539652507,0.106075970967611,0.543007690429688,2502911.43579773
1762,0.115806205749512,0.106189905802409,0.547502034505208,2507297.16381814
1763,0.115802439371745,0.106801971435547,0.556193033854167,2493935.47081417
1764,0.115292073567708,0.107309504191081,0.560537353515625,2493935.47081417
1765,0.117497273763021,0.0699506378173828,0.0188559977213542,5901947.69170091
1766,0.116995407104492,0.0704882710774739,0.0243363342285156,5295565.66125592
1767,0.11749257405599,0.0707820358276367,0.0317740020751953,4718150.25251344
1768,0.116990707397461,0.0713244018554687,0.0373303375244141,4566932.371077
1769,0.117488807678223,0.0716144358317057,0.0446926727294922,4339399.52357645
1770,0.116986941019694,0.0721624374389648,0.0503226725260417,4261085.86988665
1771,0.117485041300456,0.0724496383666992,0.0576086730957031,4051900.69839531
1772,0.116983174641927,0.073006103515625,0.0633146718343099,3984977.76851907
1773,0.117481274922689,0.0732904688517253,0.0705243377685547,3855928.12856559
1774,0.116977541605632,0.0738507029215495,0.0763040008544922,3787876.3100668
1775,0.117475641886393,0.07413037109375,0.0834376678466797,3719581.73622389
1776,0.116973775227865,0.0746953379313151,0.0892936655680339,3694571.17652763
1777,0.117473742167155,0.0749731038411458,0.0963516693115234,3609752.33785074
1778,0.116971875508626,0.0755427703857422,0.102281672159831,3596347.59745149
1779,0.117469975789388,0.075816769917806,0.109263341267904,3516155.17362665
1780,0.116966242472331,0.0763930358886719,0.115267008463542,3504002.69340649
1781,0.117466242472331,0.0766632690429687,0.122172673543294,3431481.5233971
1782,0.116964375813802,0.0772451705932617,0.128252670288086,3381046.13632761
1783,0.117464342753092,0.0775107040405273,0.135085001627604,3349972.30556812
1784,0.116960576375326,0.0781001358032227,0.141239334106445,3311985.7170449
1785,0.117458676656087,0.0783619028727214,0.14799533589681,3286709.41403729
1786,0.11695494333903,0.0789560699462891,0.154225001017253,3241779.22794915
1787,0.11745494333903,0.0792140706380208,0.160906667073568,3222512.65630201
1788,0.116950243631999,0.0798138707478841,0.16721066792806,3186819.87581875
1789,0.117449277242025,0.0800690383911133,0.173815002441406,3168105.87818758
1790,0.116944577534993,0.0806745045979818,0.180193303426107,3156360.60953624
1791,0.117444577534993,0.0809268697102865,0.186721369425456,3118852.25811671
1792,0.116940808614095,0.0815389022827148,0.193173202514648,3106980.42565023
1793,0.117440808614095,0.0817855707804362,0.19962690226237,3080293.15970691
1794,0.116937039693197,0.0824032389322917,0.20615500386556,3053184.85802687
1795,0.117437039693197,0.0826452382405599,0.212535237630208,3048279.48774167
1796,0.11693137105306,0.0832686030069987,0.219134902954102,3021323.98427869
1797,0.11743137105306,0.0835068359375,0.225438898722331,3015055.01030839
1798,0.116927604675293,0.0841367365519206,0.232114832560221,2986217.08273304
1799,0.117429504394531,0.0843730697631836,0.238342569986979,2976067.21340973
1800,0.116925738016764,0.0850086364746094,0.245091939290365,2949695.16462771
1801,0.117425738016764,0.0852402699788411,0.251243408203125,2941315.81884718
1802,0.116920071919759,0.0858796056111654,0.258069976806641,2914861.32845368
1803,0.117420071919759,0.0861074727376302,0.264147979736328,2908455.3997623
1804,0.116914438883464,0.0867534383138021,0.271048014322917,2885845.55335769
1805,0.117416338602702,0.0869775365193685,0.277049774169922,2881343.74688749
1806,0.116910705566406,0.0876291351318359,0.284024200439453,2859521.86405443
1807,0.117412572224935,0.0878494695027669,0.289950592041016,2857955.99061332
1808,0.116906939188639,0.0885067036946615,0.297000325520833,2832834.43873211
1809,0.117408805847168,0.0887232716878255,0.302850463867188,2832796.9489819
1810,0.116902239481608,0.0893870722452799,0.309973663330078,2808146.93445834
1811,0.117404106140137,0.0895998713175456,0.315747528076172,2800012.57191951
1812,0.116897506713867,0.0902693379720052,0.322946990966797,2784127.47808369
1813,0.117399373372396,0.090474604288737,0.328647430419922,2776833.41801468
1814,0.116890907287598,0.0911497395833333,0.335921305338542,2760098.20457808
1815,0.117392773946126,0.0913512395222982,0.341545471191406,2751220.97503013
1816,0.116887140909831,0.0920358047485351,0.348892771402995,2735299.20626394
1817,0.117390874226888,0.0922335357666016,0.354440633138021,2737320.73088162
1818,0.116885241190592,0.0929218343098958,0.3618623046875,2715530.29248968
1819,0.117387107849121,0.0931158014933268,0.367336741129557,2718685.4452369
1820,0.116879608154297,0.0938116353352865,0.374834706624349,2697651.69250636
1821,0.117381474812826,0.0940037358601888,0.380232971191406,2702173.22714861
1822,0.116873942057292,0.0947033360799154,0.387804361979167,2682525.9918683
1823,0.117377675374349,0.0948897705078125,0.393127329508464,2686131.76610865
1824,0.116872042338053,0.0955950368245443,0.40077300008138,2665967.65871459
1825,0.11737580871582,0.0957767715454102,0.406019673665365,2669564.20057376
1826,0.116868309020996,0.0964886372884114,0.413740681966146,2649603.6212139
1827,0.117370175679525,0.0966666030883789,0.418913014729818,2652758.62308523
1828,0.116862642923991,0.0973841018676758,0.426708353678385,2632317.97711981
1829,0.117366376241048,0.0975554682413737,0.431804341634115,2636687.90349062
1830,0.11685794321696,0.098279535929362,0.439673004150391,2617017.72126188
1831,0.117361709594727,0.0984499689737956,0.444695668538411,2620818.16085732
1832,0.1168513768514,0.0991825358072917,0.452640004475911,2601655.04097879
1833,0.117356043497721,0.0993463694254557,0.457587341308594,2605959.1791323
1834,0.116847577412923,0.100081736246745,0.465605000813802,2587664.71752899
1835,0.117354143778483,0.100240870157878,0.47047666422526,2591498.08650077
1836,0.116845710754395,0.100982869466146,0.478569661458333,2573746.65379535
1837,0.117349477132161,0.101139170328776,0.483365997314453,2578152.62639225
1838,0.116839141845703,0.101887736002604,0.491533335367839,2561008.70422372
1839,0.11734287516276,0.102039337158203,0.496253672281901,2564846.2445205
1840,0.116833473205566,0.102792635599772,0.504496337890625,2547698.67200385
1841,0.117339108784993,0.102938570658366,0.509143351236979,2552057.48391975
1842,0.116829706827799,0.103698435465495,0.517461344401042,2534696.90695892
1843,0.117335342407227,0.103840604146322,0.522032002766927,2538710.77752631
1844,0.116825940450033,0.104608004252116,0.530421325683594,2520755.50880953
1845,0.117331573486328,0.104746406555176,0.534917317708333,2525621.44106563
1846,0.116822171529134,0.10552040608724,0.543383341471354,2507297.16381814
1847,0.11732780456543,0.105654139200846,0.547803344726562,2512105.82660565
1848,0.117325937906901,0.106255839029948,0.556342692057292,2499548.01931295
1849,0.116816538492839,0.106734171549479,0.560613688151042,2499548.01931295
1850,0.118996307373047,0.0692406692504883,0.0157073262532552,5168956.5796109
1851,0.118496307373047,0.0697406361897786,0.0209633280436198,5465978.30406074
1852,0.118994427998861,0.0700589014689128,0.0283993326822917,4862645.40761856
1853,0.118492561340332,0.0705626678466797,0.0337296702067057,4718150.25251344
1854,0.118990681966146,0.0708771692911784,0.0410920054117839,4396075.33334507
1855,0.118488794962565,0.0713865712483724,0.0464986724853516,4339399.52357645
1856,0.118986895243327,0.0716991729736328,0.0537840067545573,4110865.5439325
1857,0.118485008239746,0.0722142384847005,0.0592640075683594,4051900.69839531
1858,0.118985008239746,0.0725221379597982,0.0664736735026042,3926513.73008199
1859,0.118483141581217,0.0730419031778971,0.0720280049641927,3855928.12856559
1860,0.118981257120768,0.0733460362752279,0.0791616719563802,3784174.78953055
1861,0.118477490743001,0.0738742701212565,0.0847916717529297,3719581.73622389
1862,0.118977472941081,0.0741755701700846,0.0918510030110677,3657254.72692986
1863,0.118475591023763,0.0747094370524089,0.0975550028483073,3609752.33785074
1864,0.118975591023763,0.0750069707234701,0.10453667195638,3566072.52737141
1865,0.118471842447917,0.0755446370442708,0.110315007527669,3516155.17362665
1866,0.118971842447917,0.0758384373982747,0.117222671508789,3475406.93129322
1867,0.118469975789388,0.0763808034261068,0.123076670328776,3431481.5233971
1868,0.118969957987467,0.0766708043416341,0.129909001668294,3399458.12527495
1869,0.118466191609701,0.0772188034057617,0.135837336222331,3349972.30556812
1870,0.118964291890462,0.0775060017903646,0.142595336914063,3327966.595728
1871,0.118460543314616,0.0780596694946289,0.148599004109701,3286709.41403729
1872,0.118960543314616,0.0783440373738607,0.155280670166016,3268422.81721406
1873,0.118458676656087,0.0789042714436849,0.16135866800944,3222512.65630201
1874,0.118957717895508,0.0791848704020182,0.167965001424154,3207908.16540326
1875,0.118453018188477,0.0797498372395833,0.174117335001628,3168105.87818758
1876,0.118952059427897,0.0800238367716471,0.180647237141927,3157115.93325356
1877,0.118448318481445,0.0805954030354818,0.186872970581055,3118852.25811671
1878,0.118948308308919,0.0808656361897786,0.193326670328776,3114232.82664879
1879,0.118444567362467,0.0814437713623047,0.199628768920898,3102238.12642507
1880,0.11894642384847,0.0817121047973633,0.206009033203125,3077394.37207541
1881,0.118442665100098,0.082295903523763,0.212387400309245,3067702.80651068
1882,0.118942639668783,0.0825595703125,0.218689534505208,3043977.28456719
1883,0.118437014261882,0.0831471379597982,0.225141367594401,3015055.01030839
1884,0.118938891092936,0.0834070053100586,0.231369099934896,3010565.47718739
1885,0.118435147603353,0.0840030364990234,0.237894368489583,2980044.94748248
1886,0.118937009175618,0.0842591349283854,0.244045837402344,2973900.0589265
1887,0.118431365966797,0.0848608016967773,0.2506455078125,2941439.93735799
1888,0.118933227539063,0.0851103363037109,0.256723510742188,2932122.25347189
1889,0.11842759958903,0.0857176717122396,0.2633994140625,2908455.3997623
1890,0.118929476420085,0.0859643707275391,0.269402099609375,2905698.95402321
1891,0.118423848470052,0.0865782699584961,0.276152425130208,2881343.74688749
1892,0.118925710042318,0.0868202692667643,0.282078847249349,2880131.36187286
1893,0.118420066833496,0.0874398701985677,0.288902587890625,2857955.99061332
1894,0.118921928405762,0.0876799697875977,0.294752726236979,2858095.39279333
1895,0.118416300455729,0.0883061370849609,0.301650868733724,2832796.9489819
1896,0.118918177286784,0.0885396372477214,0.307426635742187,2833696.44474327
1897,0.118412549336751,0.0891695709228516,0.314400095621745,2808433.82424834
1898,0.118916292826335,0.0893993021647135,0.320099599202474,2799722.77970793
1899,0.118409716288249,0.0900348688761393,0.327147471110026,2782675.12139375
1900,0.118911577860514,0.0902599360148112,0.332771647135417,2775077.38058935
1901,0.11840310160319,0.0909011713663737,0.339895772298177,2759129.49035412
1902,0.118907796223958,0.0911252721150716,0.345446502685547,2751212.23625922
1903,0.118401201883952,0.0917730712890625,0.352644063313802,2737320.73088162
1904,0.11890497080485,0.0919915364583333,0.358118499755859,2741174.48092691
1905,0.118396509806315,0.0926459681193034,0.365389506022135,2718685.4452369
1906,0.118900278727214,0.0928606694539388,0.370788645426432,2723929.68945628
1907,0.118392743428548,0.0935226033528646,0.378134145100911,2702173.22714861
1908,0.118896494547526,0.0937325719197591,0.383456878662109,2707088.05841511
1909,0.118388959248861,0.0944001388549805,0.390878672281901,2686131.76610865
1910,0.118892728169759,0.0946035385131836,0.39612700398763,2689995.82695891
1911,0.118385210673014,0.0952749048868815,0.403622334798177,2669564.20057376
1912,0.118888979593913,0.0954745381673177,0.40879433186849,2673186.5853757
1913,0.118381444295247,0.0961543706258138,0.416364003499349,2652758.62308523
1914,0.118885197957357,0.0963502019246419,0.421462666829427,2656845.83921725
1915,0.118377662658691,0.097033800760905,0.429107666015625,2636687.90349062
1916,0.118883316040039,0.0972258682250977,0.434130004882813,2641098.50932579
1917,0.118375796000163,0.09791796875,0.441849344889323,2620818.16085732
1918,0.118879564921061,0.0981063028971354,0.446796346028646,2625125.29804714
1919,0.118370145161947,0.098802136739095,0.454590006510417,2605959.1791323
1920,0.118875780741374,0.0989838358561198,0.459460673014323,2610248.12173451
1921,0.118368245442708,0.0996872024536133,0.467329671223958,2591498.08650077
1922,0.118873898824056,0.0998651682535807,0.472125996907552,2595796.3650004
1923,0.118363563537598,0.100575136820475,0.480069325764974,2578152.62639225
1924,0.118867329915365,0.100749336242676,0.484790334065755,2582249.02664042
1925,0.118356976826986,0.101464970906576,0.492807342529297,2564846.2445205
1926,0.118863543192546,0.101634470621745,0.497454345703125,2568883.39685708
1927,0.118355077107747,0.102354771931966,0.505547688802083,2552057.48391975
1928,0.118861663818359,0.102520472208659,0.51012001546224,2555966.60198982
1929,0.118351331075033,0.103246439615885,0.518286336263021,2538710.77752631
1930,0.118857917785645,0.103408404032389,0.522780314127604,2542806.57822904
1931,0.118347562154134,0.104140970865885,0.53102197265625,2525621.44106563
1932,0.118853187561035,0.104297269185384,0.535440979003906,2530156.22479469
1933,0.118342831929525,0.105036437988281,0.543756327311198,2512105.82660565
1934,0.118850359598796,0.105188036600749,0.548101013183594,2517307.1535003
1935,0.118848480224609,0.105779370625814,0.556492350260417,2504841.74692552
1936,0.11833908589681,0.106229471842448,0.56068701171875,2504841.74692552
1937,0.120496281941732,0.0686352055867513,0.013006337483724,6289343.72578954
1938,0.119996294657389,0.0690947036743164,0.0180390014648437,5834111.89800515
1939,0.120496281941732,0.0694393030802409,0.0254766693115234,5084900.68160832
1940,0.119994415283203,0.0699035339355469,0.0305809987386068,4939857.77349843
1941,0.120492518107096,0.0702434692382812,0.037940668741862,4513188.86316886
1942,0.119990651448568,0.0707133382161458,0.043121337890625,4431477.35421056
1943,0.120490633646647,0.0710513737996419,0.0504073384602865,4156351.59251868
1944,0.119988764444987,0.0715278065999349,0.055663340250651,4110865.5439325
1945,0.120486864725749,0.0718611399332682,0.0628730061848958,3988201.10966252
1946,0.119984995524089,0.0723404057820638,0.0682033386230469,3926513.73008199
1947,0.120484982808431,0.0726681060791016,0.075336669921875,3850733.35893545
1948,0.119983111063639,0.0731539713541667,0.0807406717936198,3784174.78953055
1949,0.120481213887533,0.0734797719319661,0.0877980041503906,3717136.88517532
1950,0.119979342142741,0.0739731369018555,0.0932783355712891,3657254.72692986
1951,0.120479329427083,0.074295171101888,0.100261998494466,3615119.92094421
1952,0.119977460225423,0.0747951380411784,0.105816335042318,3566072.52737141
1953,0.120475565592448,0.075113405863444,0.112724670410156,3520104.34528867
1954,0.119973696390788,0.0756190388997396,0.118352671305339,3475406.93129322
1955,0.12047368367513,0.0759335378011068,0.125184000651042,3442062.74733181
1956,0.119971811930339,0.0764429372151693,0.13088633219401,3399458.12527495
1957,0.120471799214681,0.0767527033487956,0.137642333984375,3376034.43272179
1958,0.119968045552572,0.0772677688598633,0.143423004150391,3327966.595728
1959,0.120467096964518,0.0775738016764323,0.150104670206706,3310093.17302356
1960,0.119963343302409,0.0780964024861654,0.155958669026693,3268422.81721406
1961,0.120464276631673,0.0783986358642578,0.162562001546224,3252279.25219387
1962,0.119960517883301,0.0789268697102865,0.16849033610026,3207908.16540326
1963,0.120459564208984,0.0792244033813477,0.17502033996582,3196407.69447117
1964,0.119955805460612,0.0797564036051432,0.181024907430013,3157115.93325356
1965,0.120457677205404,0.0800501708984375,0.187478510538737,3152404.15260666
1966,0.119953921000163,0.0805878372192383,0.193554539998372,3114232.82664879
1967,0.120453913370768,0.0808797378540039,0.199932942708333,3135289.02002774
1968,0.119950157165527,0.0814258702596029,0.206085337320964,3099061.03512579
1969,0.120452033996582,0.08171400197347,0.212389338175456,3073388.51980175
1970,0.11994827524821,0.0822639032999675,0.218615168253581,3063776.14673235
1971,0.120448265075684,0.0825454381306966,0.224842905680339,3038428.84143816
1972,0.119944506327311,0.0831009724934896,0.231145004272461,3029206.95526921
1973,0.120446378072103,0.0833806381225586,0.237298334757487,3003780.60238979
1974,0.119942624409993,0.0839427693684896,0.243673899332682,2973900.0589265
1975,0.120444496154785,0.0842186686197917,0.249750035603841,2968569.65296312
1976,0.119940742492676,0.0847845687866211,0.25619997660319,2936302.74870741
1977,0.120442614237467,0.0850557708740234,0.262199813842773,2933258.07449392
1978,0.119936976114909,0.0856282374064128,0.268726033528646,2905698.95402321
1979,0.120438847859701,0.0858965708414714,0.274652455647786,2896798.30845466
1980,0.119933209737142,0.0864747034708659,0.281254943847656,2880131.36187286
1981,0.120435081481934,0.0867383702596029,0.287105092366536,2879831.47566774
1982,0.119929443359375,0.0873240356445313,0.293779134114583,2858095.39279333
1983,0.120433197021484,0.0875839029947917,0.299553009033203,2858129.81010194
1984,0.119927558898926,0.0881733373006185,0.306302368164062,2833696.44474327
1985,0.120429428100586,0.088426638285319,0.312002797444661,2832887.9610756
1986,0.119923789978027,0.0890226694742839,0.318826568603516,2808020.10471237
1987,0.120427543640137,0.0892731348673503,0.32445073445638,2806726.35553572
1988,0.11992190806071,0.0898748346964518,0.331347941080729,2782093.81362568
1989,0.120423782348633,0.0901206029256185,0.336898640950521,2774411.78525978
1990,0.119918146769206,0.0907298049926758,0.343873077392578,2760726.62237637
1991,0.120421902974447,0.0909717712402344,0.349347544352214,2762949.83397478
1992,0.119915321350098,0.091585703531901,0.35639540608724,2741174.48092691
1993,0.120416249593099,0.0918239364624023,0.361793568929036,2746150.04462837
1994,0.11990966796875,0.09244447072347,0.368915802001953,2723929.68945628
1995,0.120413421630859,0.0926779708862305,0.374237701416016,2727953.55333031
1996,0.119907783508301,0.0933041381835937,0.381433278401693,2707088.05841511
1997,0.12041153717041,0.0935338719685872,0.386680735270182,2710788.22362109
1998,0.119904017130534,0.0941657053629557,0.393952667236328,2689995.82695891
1999,0.120407773335775,0.0943888702392578,0.399126993815104,2692592.77097682
2000,0.119900253295898,0.0950263366699219,0.406473327636719,2673186.5853757
2001,0.120405891418457,0.0952466710408529,0.411569325764974,2676429.62136731
2002,0.119898371378581,0.0958907038370768,0.418988993326823,2656845.83921725
2003,0.12040212504069,0.0961072692871094,0.424011657714844,2660334.68505422
2004,0.119894605000814,0.0967588348388672,0.431507670084635,2641098.50932579
2005,0.120400240580241,0.096970703125,0.43645399983724,2644838.62870493
2006,0.119892720540365,0.0976260706583659,0.44402333577474,2625125.29804714
2007,0.120396474202474,0.097832270304362,0.448895324707031,2628836.29562475
2008,0.119888954162598,0.0984942016601563,0.456539001464844,2610248.12173451
2009,0.120394592285156,0.0986985015869141,0.461335673014323,2613958.43008116
2010,0.11988707224528,0.099366101582845,0.469053670247396,2595796.3650004
2011,0.120390825907389,0.099563835144043,0.473776000976562,2599400.20990084
2012,0.119881418863932,0.100237101236979,0.4815693359375,2582249.02664042
2013,0.120387054443359,0.10043106842041,0.486215342203776,2585708.05588396
2014,0.119879531860352,0.101112803141276,0.494083343505859,2568883.39685708
2015,0.120385175069173,0.101301104227702,0.498654001871745,2572113.45468144
2016,0.119875773111979,0.101988471984863,0.506597330729167,2555966.60198982
2017,0.120381416320801,0.1021730372111,0.511091328938802,2559288.9652241
2018,0.119873893737793,0.1028670018514,0.519107991536458,2542806.57822904
2019,0.12037952931722,0.10304780069987,0.523528666178385,2546864.76822585
2020,0.119869178771973,0.103745501200358,0.531619995117187,2530156.22479469
2021,0.1203748143514,0.103918769836426,0.535964680989583,2534478.83808078
2022,0.119866350809733,0.104622136433919,0.544130350748698,2517307.1535003
2023,0.120372934977214,0.104793502807617,0.5484013671875,2522801.67996856
2024,0.120371055603027,0.105375401814779,0.556643025716146,2516691.24700021
2025,0.119862592061361,0.105795369466146,0.560763346354167,2510220.9837497
2026,0.121996248881022,0.0681333389282227,0.0107546691894531,7090573.87445801
2027,0.121496259053548,0.0685532735188802,0.0155616760253906,6171303.73358442
2028,0.121996248881022,0.0689205067952474,0.0229993438720703,5269344.48444107
2029,0.121496259053548,0.069347038269043,0.0278816731770833,5084900.68160832
2030,0.121994364420573,0.069711435953776,0.0352410024007161,4616772.12879724
2031,0.12149249013265,0.0701436360677083,0.0401956685384115,4513188.86316886
2032,0.121990595499674,0.07050523630778,0.04747900390625,4257425.79717491
2033,0.121490605672201,0.0709431050618489,0.052510004679362,4185907.39724235
2034,0.121990595499674,0.0712990366617839,0.0597196706136068,4039332.74662766
2035,0.121488723754883,0.0717406387329102,0.0648266703287761,3988201.10966252
2036,0.121986831665039,0.0720946706136068,0.0719603373209635,3891904.78715074
2037,0.121484959920247,0.0725428721110026,0.0771400044759114,3850733.35893545
2038,0.121984949747721,0.0728931376139323,0.0841973368326823,3782057.2151626
2039,0.121483075459798,0.0733441721598307,0.0894513346354167,3717136.88517532
2040,0.121983065287272,0.0736916046142578,0.0964353332519531,3675502.07767938
2041,0.121481190999349,0.0741492385864258,0.101765665690104,3615119.92094421
2042,0.121981180826823,0.0744938379923503,0.108673334757487,3580366.52426167
2043,0.121477424621582,0.0749580383300781,0.114078002929688,3520104.34528867
2044,0.121977414449056,0.0752979380289714,0.120909337361654,3488376.07223235
2045,0.121475542704264,0.0757678044637044,0.126387334187826,3442062.74733181
2046,0.121977414449056,0.0761039708455404,0.13314333597819,3419047.99218121
2047,0.121475542704264,0.076579470316569,0.138696004231771,3376034.43272179
2048,0.121974589029948,0.0769090372721354,0.145378672281901,3355098.49507003
2049,0.121469896952311,0.077388303120931,0.15100666809082,3310093.17302356
2050,0.121968943277995,0.0777169367472331,0.157613001505534,3292845.07946861
2051,0.121467076619466,0.0782046686808268,0.163314336140951,3252279.25219387
2052,0.121968943277995,0.078528569539388,0.169844334920247,3240341.57046582
2053,0.121465189615885,0.0790200703938802,0.175622004191081,3196407.69447117
2054,0.121965174357096,0.0793402048746745,0.182076670328776,3191335.31996124
2055,0.121461420694987,0.0798383051554362,0.18792860921224,3152404.15260666
2056,0.121963292439779,0.0801537373860677,0.194306905110677,3147274.78486607
2057,0.121459541320801,0.0806575037638346,0.200235209147135,3110975.26223112
2058,0.121961413065592,0.0809692026774089,0.206539204915365,3105391.35154995
2059,0.121457661946615,0.0814795684814453,0.212540939331055,3073388.51980175
2060,0.121959528605143,0.081787467956543,0.218768636067708,3067403.89971377
2061,0.121453890482585,0.0823034362792969,0.224844772338867,3058066.42989587
2062,0.121955757141113,0.0826075719197591,0.23099717203776,3031562.10478159
2063,0.121452003479004,0.0831292394002279,0.237148635864258,3022333.96910977
2064,0.121955757141113,0.0834286727905273,0.243224767049154,2997016.47979137
2065,0.121452003479004,0.0839559707641602,0.249450602213542,2968569.65296312
2066,0.121953875223796,0.0842497380574544,0.255451405843099,2964055.53435068
2067,0.121448239644368,0.0847836380004883,0.261750676472982,2933258.07449392
2068,0.12195011138916,0.0850736389160156,0.267677103678385,2930913.53877637
2069,0.121446357727051,0.0856141052246094,0.274052663167318,2904655.02922384
2070,0.121948229471842,0.0859003372192383,0.279905639648438,2903410.80769561
2071,0.121442591349284,0.0864464696248372,0.286355580647786,2879831.47566774
2072,0.121944463094076,0.0867280019124349,0.292132283528646,2878556.40529171
2073,0.121440706888835,0.0872797698974609,0.298655670166016,2858129.81010194
2074,0.121944463094076,0.0875575383504232,0.304355163574219,2855807.00963469
2075,0.121438822428385,0.0881149724324544,0.310952931722005,2832887.9610756
2076,0.121940694173177,0.0883890050252279,0.31657709757487,2830045.69194663
2077,0.121435053507487,0.0889511362711589,0.323251129150391,2806726.35553572
2078,0.121938809712728,0.0892213694254557,0.328800893147786,2805003.37162735
2079,0.121433174133301,0.0897891362508138,0.335551198323568,2782536.95557522
2080,0.121936930338542,0.0900546696980794,0.341025665283203,2783760.16337625
2081,0.121431294759115,0.0906281026204427,0.347847574869792,2762949.83397478
2082,0.121935048421224,0.0908898696899414,0.353245768229167,2765870.68228717
2083,0.121426584879557,0.0914717712402344,0.360143900553385,2746150.04462837
2084,0.121930338541667,0.0917297719319661,0.365468627929687,2749306.37000291
2085,0.121423756917318,0.0923154373168945,0.372440195719401,2727953.55333031
2086,0.121930338541667,0.0925668360392253,0.377687774658203,2730335.0244876
2087,0.121423756917318,0.0931591033935547,0.384732737223307,2710788.22362109
2088,0.121928454081217,0.093407704671224,0.389905008951823,2712663.87422873
2089,0.121419990539551,0.0940056381225586,0.397027333577474,2692592.77097682
2090,0.121924687703451,0.0942495040893555,0.402126007080078,2694570.9945186
2091,0.121418108622233,0.0948530705769857,0.409321665445964,2676429.62136731
2092,0.121924687703451,0.0950931701660156,0.414343994140625,2678833.4005326
2093,0.121416224161784,0.0957033360799154,0.421614318847656,2660334.68505422
2094,0.121919977823893,0.0959387359619141,0.426563323974609,2662749.34551968
2095,0.121411514282227,0.0965545374552409,0.433906992594401,2644838.62870493
2096,0.121917152404785,0.0967842712402344,0.438778666178385,2647331.62539377
2097,0.121409632364909,0.0974066365559896,0.446197662353516,2643779.69353743
2098,0.12191338857015,0.0976326370239258,0.450993998209635,2631720.42411517
2099,0.121405868530273,0.098262570699056,0.45848833211263,2627866.92060138
2100,0.121911506652832,0.0984848047892253,0.463209340413411,2616750.24305278
2101,0.121403984069824,0.0991184692382813,0.470779012044271,2613640.92128035
2102,0.121909622192383,0.0993341013590495,0.475424682617188,2602428.14686737
2103,0.121402099609375,0.0999734344482422,0.483067677815755,2598986.67498542
2104,0.121907740275065,0.100185302734375,0.487638010660807,2588317.72576979
2105,0.121398338317871,0.100831237792969,0.495356333414714,2585340.58546937
2106,0.121903978983561,0.101039337158203,0.499853332519531,2575462.09447293
2107,0.121396458943685,0.101693768819173,0.507644999186198,2572532.58585917
2108,0.121903978983561,0.101897168477376,0.512065002441406,2562010.39947739
2109,0.121394571940104,0.102557235717773,0.519932006835938,2559510.76175097
2110,0.121900207519531,0.102754969278971,0.524278666178385,2550285.49934508
2111,0.121390800476074,0.103418802897135,0.532220011393229,2548553.02656621
2112,0.121898323059082,0.103609937032064,0.536489339192708,2538195.76319178
2113,0.121388921101888,0.104281270345052,0.544505025227865,2533296.39687385
2114,0.121894561767578,0.104471468607585,0.548701680501302,2527133.22580711
2115,0.12189267985026,0.105043968200684,0.556792683919271,2522053.54765143
2116,0.121385159810384,0.105435668945313,0.560837687174479,2514554.64955017
2117,0.12349809773763,0.0677360026041667,0.00895533243815104,8145696.9700466
2118,0.122996225992839,0.0681154708862305,0.0135360005696615,6495642.36109671
2119,0.123496213277181,0.0685071716308594,0.020971669514974,5556535.48331973
2120,0.122996225992839,0.0688922729492187,0.0256280059814453,5269344.48444107
2121,0.123496213277181,0.0692821044921875,0.0329896697998047,4757683.18997463
2122,0.122994341532389,0.0696747360229492,0.0377203369140625,4616772.12879724
2123,0.123494328816732,0.070060801188151,0.045006337483724,4358439.81300851
2124,0.12299245707194,0.0704591013590495,0.0498103383382161,4257425.79717491
2125,0.123492444356283,0.0708404693603516,0.0570203399658203,4130831.06901866
2126,0.122990572611491,0.0712425359090169,0.061898671468099,4066499.11595736
2127,0.123490559895833,0.0716201044718425,0.0690330047607422,3953636.43557425
2128,0.122988690694173,0.072030637105306,0.0739876708984375,3911410.81717497
2129,0.123488677978516,0.0724063034057617,0.0810470021565755,3826220.48267268
2130,0.122986808776855,0.0728206024169922,0.0860770009358724,3782057.2151626
2131,0.123488677978516,0.073189702351888,0.0930606689453125,3721967.32737619
2132,0.122986808776855,0.0736096700032552,0.0981650034586589,3675502.07767938
2133,0.123486798604329,0.0739750035603841,0.105072672526042,3643303.27183759
2134,0.12298304494222,0.0744015375773112,0.110250671386719,3580366.52426167
2135,0.123483034769694,0.0747640711466471,0.117082672119141,3549050.8806329
2136,0.122981160481771,0.0751962712605794,0.122336669921875,3488376.07223235
2137,0.123483034769694,0.0755540720621745,0.12909267171224,3463851.5440056
2138,0.122981160481771,0.0759919052124023,0.134421340942383,3419047.99218121
2139,0.123483034769694,0.0763478393554688,0.141102010091146,3401189.24084296
2140,0.122978335062663,0.0767894719441732,0.146506673177083,3355098.49507003
2141,0.123477381388346,0.0771388041178385,0.153112004597982,3336655.52022292
2142,0.122972681681315,0.0775870030721029,0.158590337117513,3292845.07946861
2143,0.123474553426107,0.07793443552653,0.165120340983073,3281781.06715251
2144,0.122972681681315,0.0783882700602214,0.170673004150391,3240341.57046582
2145,0.123474553426107,0.0787300694783529,0.177126637776693,3234757.7501474
2146,0.122970799763997,0.0791905034383138,0.182752634684245,3191335.31996124
2147,0.123470789591471,0.0795304361979167,0.189129974365234,3183511.23319616
2148,0.122967035929362,0.0799955698649089,0.194832305908203,3147274.78486607
2149,0.123468907674154,0.0803317362467448,0.201136306762695,3140888.78679034
2150,0.122967035929362,0.0808016026814779,0.206914901733398,3105391.35154995
2151,0.123468907674154,0.0811340026855469,0.213142603556315,3096898.23291264
2152,0.122965151468913,0.0816095021565755,0.218994603474935,3067403.89971377
2153,0.123467023213704,0.0819371693929036,0.225147008260091,3075964.2308826
2154,0.122963267008464,0.0824192708333333,0.231073440551758,3050767.22980499
2155,0.123465138753255,0.0827413050333659,0.237149571736654,3023010.82527877
2156,0.122961382548014,0.0832290395100911,0.243149434407552,3014465.63329729
2157,0.123463254292806,0.0835463383992513,0.249151168823242,2990752.07215632
2158,0.122959500630697,0.0840397389729818,0.255227305094401,2982942.95248203
2159,0.123461372375488,0.084354237874349,0.261152776082357,2959901.98589322
2160,0.122957618713379,0.084854237874349,0.267303304036458,2930913.53877637
2161,0.123461372375488,0.0851659037272135,0.273155334472656,2927652.37571299
2162,0.122955736796061,0.0856715367635091,0.279382110595703,2903410.80769561
2163,0.123457608540853,0.0859775695800781,0.285157867431641,2901230.30851307
2164,0.122951972961426,0.0864879023234049,0.291458099365234,2878556.40529171
2165,0.123455726623535,0.086790168762207,0.297157582600911,2874381.29886112
2166,0.122951972961426,0.0873080368041992,0.303531260172526,2855807.00963469
2167,0.123455726623535,0.0876056035359701,0.309155426025391,2851246.39840248
2168,0.122950088500977,0.0881291376749675,0.315603495279948,2830045.69194663
2169,0.123453842163086,0.0884229024251302,0.32115419514974,2825912.73610421
2170,0.122948204040527,0.0889530029296875,0.327677561442057,2805003.37162735
2171,0.123451960245768,0.0892411015828451,0.333151997884115,2804346.30812501
2172,0.12294632212321,0.0897750015258789,0.339749796549479,2783760.16337625
2173,0.123450078328451,0.0900593694051107,0.34514800008138,2784782.09007197
2174,0.122944440205892,0.0906008046468099,0.351822062174479,2765870.68228717
2175,0.123448196411133,0.0908804728190104,0.357143961588542,2767571.84983457
2176,0.122942558288574,0.0914275385538737,0.363892395019531,2749306.37000291
2177,0.123448196411133,0.0917034378051758,0.369140869140625,2750668.27028318
2178,0.122942558288574,0.092257069905599,0.375964680989583,2730335.0244876
2179,0.123446314493815,0.0925292027791341,0.381136983235677,2730996.64016265
2180,0.122938791910807,0.0930875701904297,0.388032348632812,2712663.87422873
2181,0.123442548116048,0.0933540369669596,0.39312900797526,2713839.45147364
2182,0.122936907450358,0.0939180374145508,0.400100341796875,2694570.9945186
2183,0.123442548116048,0.0941816711425781,0.405124674479167,2695447.26414877
2184,0.122936907450358,0.0947532374064128,0.412172668457031,2678833.4005326
2185,0.123440661112467,0.0950112380981445,0.417118998209635,2680053.68501107
2186,0.122932195027669,0.0955865707397461,0.424239329020182,2662749.34551968
2187,0.123435948689779,0.0958408050537109,0.429109334309896,2663657.28557234
2188,0.122929369608561,0.0964227040608724,0.436305002848307,2658386.56534647
2189,0.123435948689779,0.0966731694539388,0.441101338704427,2648795.23781302
2190,0.122927487691243,0.097260737101237,0.448371337890625,2644490.41506924
2191,0.123434066772461,0.0975065027872721,0.45309434000651,2633723.58927923
2192,0.122925605773926,0.0981006368001302,0.460438008626302,2628813.07974627
2193,0.123432187398275,0.0983407363891602,0.465084676106771,2618709.77189026
2194,0.12292372639974,0.0989405364990234,0.472501678466797,2614820.10517206
2195,0.123430308024089,0.0991759363810221,0.477074005126953,2605219.80812834
2196,0.122921844482422,0.099781369527181,0.484567342122396,2600213.87731364
2197,0.123428426106771,0.100011136372884,0.489064331054687,2590126.98719165
2198,0.122919962565104,0.100623168945312,0.496631998697917,2586226.53277929
2199,0.123428426106771,0.100851036071777,0.501052998860677,2577434.03922672
2200,0.122919962565104,0.101470603942871,0.5086943359375,2573840.001753
2201,0.123425598144531,0.10169283803304,0.513039001464844,2563849.87533785
2202,0.122915250142415,0.102317136128743,0.520756327311198,2560343.66222214
2203,0.123420885721842,0.102533701578776,0.525027323404948,2552552.20338163
2204,0.122913365681966,0.103162668863932,0.532818990071615,2549536.85450794
2205,0.123420885721842,0.103374504089355,0.537013671875,2540426.82920084
2206,0.122911483764648,0.10401197052002,0.544880676269531,2536346.69087567
2207,0.123417121887207,0.104220069885254,0.549001017252604,2529594.10469947
2208,0.123415239969889,0.104779401143392,0.556942342122396,2525611.07577766
2209,0.122907719930013,0.105143801371257,0.560913004557292,2517757.35938098
2210,0.124999946594238,0.0674403355916341,0.00760599772135417,8118115.62944945
2211,0.124498074849447,0.0677821350097656,0.0119609985351562,7229316.47060859
2212,0.124996180216471,0.0682002029418945,0.0193966623942057,5834111.89800515
2213,0.124496190388997,0.0685457712809245,0.023826665242513,5495930.13858995
2214,0.124996180216471,0.068959103902181,0.031187998453776,4914621.07564391
2215,0.124496190388997,0.0693103357950846,0.0356946665445964,4710787.71787341
2216,0.124996180216471,0.0697208684285482,0.0429810028076172,4523954.56399168
2217,0.124496190388997,0.0700787022908529,0.047562006632487,4358439.81300851
2218,0.124996180216471,0.0704845377604167,0.0547716725667318,4246312.84044532
2219,0.124494305928548,0.0708480046590169,0.0594260050455729,4130831.06901866
2220,0.124994295756022,0.0712500712076823,0.066559336344401,4038081.48586528
2221,0.124492421468099,0.0716201044718425,0.0712880045572917,3953636.43557425
2222,0.124991470336914,0.0720202713012695,0.0783460032145182,3897072.6407445
2223,0.124489596048991,0.0723959376017253,0.0831503346761068,3849260.48716701
2224,0.124988644917806,0.0727904688517253,0.0901343332926432,3791530.01508635
2225,0.124489596048991,0.0731699345906575,0.0950146687825521,3746033.20525874
2226,0.124988644917806,0.0735597686767578,0.101920338948568,3687284.72619823
2227,0.124487716674805,0.0739448699951172,0.106874008178711,3643303.27183759
2228,0.12498676554362,0.0743328043619792,0.113705337524414,3600295.7300883
2229,0.124485837300618,0.074725471496582,0.118736002604167,3549050.8806329
2230,0.12498676554362,0.0751096725463867,0.125491999308268,3511357.35053622
2231,0.124485837300618,0.0755060729980469,0.130594670613607,3463851.5440056
2232,0.12498676554362,0.0758855056762695,0.137274668375651,3437269.75848845
2233,0.124485837300618,0.0762894388834635,0.142453338623047,3401189.24084296
2234,0.124984881083171,0.0766651382446289,0.149059336344401,3383774.59654784
2235,0.12448112487793,0.0770728708902995,0.154313339233398,3336655.52022292
2236,0.124980168660482,0.0774429041544596,0.160843338012695,3320169.53082253
2237,0.12447829691569,0.0778562698364258,0.166172007242839,3281781.06715251
2238,0.124980168660482,0.0782244364420573,0.172625671386719,3274153.87262184
2239,0.12447829691569,0.078644401550293,0.178027638753255,3234757.7501474
2240,0.124980168660482,0.0790088017781575,0.18440500386556,3220434.65773341
2241,0.124476414998372,0.0794344024658203,0.189881342569987,3183511.23319616
2242,0.124978286743164,0.0797941029866536,0.196185338338216,3172777.69638961
2243,0.124474533081055,0.0802263031005859,0.201737970987956,3140888.78679034
2244,0.124978286743164,0.0805803375244141,0.207966634114583,3129046.46372348
2245,0.124474533081055,0.0810181706746419,0.21359267171224,3096898.23291264
2246,0.124976404825846,0.0813675053914388,0.219744105021159,3083906.23212001
2247,0.124472651163737,0.0818110046386719,0.225446441650391,3059446.98013112
2248,0.124974522908529,0.0821565704345703,0.231524475097656,3048689.81211311
2249,0.124470766703288,0.0826047693888346,0.237301172892253,3023010.82527877
2250,0.124972638448079,0.0829465688069661,0.24330290222168,3011708.31821339
2251,0.124468882242839,0.0834004033406575,0.249153035481771,3005080.46322531
2252,0.124972638448079,0.0837403030395508,0.255081334431966,2983038.45751205
2253,0.124468882242839,0.0842007369995117,0.261004938761393,2976740.74402162
2254,0.124972638448079,0.0845369033813477,0.266855092366536,2952008.45945889
2255,0.124468882242839,0.0850020701090495,0.272854960123698,2944000.00504651
2256,0.124972638448079,0.0853316370646159,0.278631652832031,2922493.66896574
2257,0.124467000325521,0.085801503499349,0.284707784016927,2901230.30851307
2258,0.124968874613444,0.0861282374064128,0.290408223470052,2895093.87391387
2259,0.124463236490885,0.086606569925944,0.296557790120443,2874381.29886112
2260,0.124966992696126,0.0869285710652669,0.302181976318359,2866343.75242861
2261,0.124463236490885,0.0874097366333008,0.308405934651693,2851246.39840248
2262,0.124966992696126,0.0877270380655925,0.313956675211589,2843735.48200383
2263,0.124463236490885,0.0882166697184245,0.320256866455078,2825912.73610421
2264,0.124966992696126,0.0885311381022136,0.32573036702474,2821305.45804705
2265,0.124461354573568,0.0890254694620768,0.332102132161458,2804346.30812501
2266,0.124965110778809,0.089333371480306,0.337500335693359,2803874.14247643
2267,0.12445947265625,0.089833371480306,0.343948404947917,2784782.09007197
2268,0.124965110778809,0.0901394068400065,0.349273142496745,2784272.19812408
2269,0.12445947265625,0.0906450729370117,0.355794637044271,2767571.84983457
2270,0.124963226318359,0.0909445063273112,0.361043100992839,2766879.88406488
2271,0.124457588195801,0.091455805460612,0.367640899658203,2750668.27028318
2272,0.12496134185791,0.0917524058024089,0.372815907796224,2749595.89906195
2273,0.124455706278483,0.0922721710205078,0.37948817952474,2730996.64016265
2274,0.124959459940592,0.0925621719360352,0.384585876464844,2729617.66685694
2275,0.124453824361165,0.0930856704711914,0.391331339518229,2713839.45147364
2276,0.124959459940592,0.0933719050089518,0.396353668212891,2713270.00377043
2277,0.124453824361165,0.0939039052327474,0.403175669352214,2695447.26414877
2278,0.124959459940592,0.0941854731241862,0.408124003092448,2694628.43410653
2279,0.124451937357585,0.0947212397257487,0.415019337972005,2680053.68501107
2280,0.124957572937012,0.0949971389770508,0.419890329996745,2679359.17977305
2281,0.124450050354004,0.0955413716634115,0.426859995524089,2673263.16088909
2282,0.124955691019694,0.0958135045369466,0.431658335367839,2663114.28685538
2283,0.124448168436686,0.0963634033203125,0.438704010009766,2657134.96755899
2284,0.124953809102376,0.0966308034261068,0.443427012125651,2648892.35371611
2285,0.124448168436686,0.0971863352457682,0.450547342936198,2643777.06606637
2286,0.124953809102376,0.0974480692545573,0.455193339029948,2634536.03391953
2287,0.1244462890625,0.0980083363850911,0.462387003580729,2628150.67982571
2288,0.12495192972819,0.0982663370768229,0.466957672119141,2619392.36363115
2289,0.124444409688314,0.0988341369628906,0.474227671305339,2614212.69595083
2290,0.12495192972819,0.099088368733724,0.478723999023437,2606107.96764597
2291,0.124444409688314,0.0996599349975586,0.486067321777344,2599419.81261784
2292,0.124950045267741,0.0999075673421224,0.490488321940104,2590515.8411353
2293,0.124442525227865,0.100486635843913,0.497906331380208,2585284.6128144
2294,0.124948160807292,0.10073237101237,0.502253011067708,2577741.97890026
2295,0.124439697265625,0.101319005330404,0.509744344075521,2572842.34937197
2296,0.124945332845052,0.101559104919434,0.514014343261719,2564083.7024819
2297,0.124436869303385,0.102149503072103,0.521579996744792,2559536.78634207
2298,0.124945332845052,0.102384902954102,0.525776672363281,2552874.8258447
2299,0.124436869303385,0.102980936686198,0.533418680826823,2548926.2906008
2300,0.124945332845052,0.10321257019043,0.537539021809896,2540999.31341014
2301,0.124434987386068,0.103814236958822,0.545254353841146,2537249.48772019
2302,0.124943450927734,0.104040234883626,0.549301350911458,2530424.0974687
2303,0.124941569010417,0.104590136210124,0.557093017578125,2526897.53050615
2304,0.124431223551432,0.104923469543457,0.560987345377604,2520206.15440825
2305,0.126501790364583,0.067244504292806,0.00670566813151042,9932657.88311272
2306,0.125999921162923,0.0675486373901367,0.010836659749349,7693891.61110714
2307,0.126499908447266,0.0679902369181315,0.0182726643880208,5932054.45447434
2308,0.125998039245605,0.0683000030517578,0.0224776662190755,5685330.55317479
2309,0.126497085571289,0.0687378362019857,0.0298390045166016,5112740.28123277
2310,0.125995216369629,0.0690513687133789,0.0341193339029948,4856804.19659969
2311,0.126494262695312,0.0694845021565755,0.0414046681722005,4630474.48869371
2312,0.125995216369629,0.0698027699788411,0.0457596689860026,4468951.04977997
2313,0.126494262695312,0.0702331034342448,0.0529676717122396,4347582.581712
2314,0.125995216369629,0.0705570373535156,0.057398671468099,4246312.84044532
2315,0.126494262695312,0.070984504699707,0.0645320027669271,4147902.02148758
2316,0.125995216369629,0.0713140716552734,0.069038335164388,4038081.48586528
2317,0.126494262695312,0.0717387034098307,0.0760956726074219,3965981.84011131
2318,0.125992390950521,0.0720748697916667,0.0806746724446614,3897072.6407445
2319,0.126491437276204,0.0724948043823242,0.0876566721598307,3849557.71195044
2320,0.125989565531413,0.0728347371419271,0.092312001546224,3791530.01508635
2321,0.126491437276204,0.0732481028238932,0.0992196706136068,3745798.06078045
2322,0.125989565531413,0.0735936686197917,0.103947672526042,3708872.32487329
2323,0.126491437276204,0.074005137125651,0.110779006958008,3631396.22401215
2324,0.125989565531413,0.0743591715494792,0.115583002726237,3600295.7300883
2325,0.126491437276204,0.0747678375244141,0.122338668823242,3551940.96708572
2326,0.125989565531413,0.0751256713867187,0.127217000325521,3511357.35053622
2327,0.126491437276204,0.0755277379353841,0.133896667480469,3463109.97161037
2328,0.125989565531413,0.0758911717732747,0.13885166422526,3437269.75848845
2329,0.126491437276204,0.0762913360595703,0.145455998738607,3409157.95827505
2330,0.125987681070964,0.0766613693237305,0.150485000610352,3383774.59654784
2331,0.126489552815755,0.0770568695068359,0.157014668782552,3352422.20596874
2332,0.125985796610514,0.0774306716918945,0.162119003295898,3320169.53082253
2333,0.126487668355306,0.0778224054972331,0.168572672526042,3302526.45958977
2334,0.125983912150065,0.0782028045654297,0.173750671386719,3274153.87262184
2335,0.126485783894857,0.0785907363891602,0.180128138224284,3256847.11583117
2336,0.125983912150065,0.0789767684936523,0.185380503336589,3220434.65773341
2337,0.126485783894857,0.0793609364827474,0.191682637532552,3199208.44108376
2338,0.125983912150065,0.0797526702880859,0.197011133829753,3172777.69638961
2339,0.126485783894857,0.0801321385701497,0.203238866170247,3153673.44468657
2340,0.125983912150065,0.0805276056925456,0.208641733805339,3129046.46372348
2341,0.126485783894857,0.0809033050537109,0.214794138590495,3104795.71720117
2342,0.125982030232747,0.0813053716023763,0.220270472208659,3083906.23212001
2343,0.126483901977539,0.0816773045857747,0.226348505655924,3065478.37406513
2344,0.12598014831543,0.0820850041707357,0.23190017191569,3048689.81211311
2345,0.126483901977539,0.0824531707763672,0.237902872721354,3030311.6452835
2346,0.12598014831543,0.0828665364583333,0.243528905232747,3011708.31821339
2347,0.126483901977539,0.0832290369669596,0.249455307006836,3008067.72740131
2348,0.12598014831543,0.0836489690144857,0.255157602945964,2993886.67059478
2349,0.126483901977539,0.084007703145345,0.261007741292318,2973246.25324568
2350,0.12598014831543,0.0844352035522461,0.266781626383464,2967899.20007238
2351,0.126483901977539,0.0847892710367839,0.272555511474609,2941744.94105017
2352,0.12598014831543,0.0852205378214518,0.278405670166016,2935568.25030197
2353,0.126483901977539,0.0855679702758789,0.284107991536458,2913135.9399144
2354,0.125978266398112,0.0860058034261068,0.290034413655599,2895093.87391387
2355,0.126482020060221,0.0863523025512695,0.295660451253255,2881512.08663188
2356,0.125976384480794,0.0867967376708984,0.301658447265625,2866343.75242861
2357,0.126480138142904,0.0871366373697917,0.307206339518229,2854468.30171036
2358,0.125974502563477,0.0875857721964518,0.313280609130859,2843735.48200383
2359,0.126478256225586,0.0879238052368164,0.318755035400391,2835656.66450344
2360,0.125974502563477,0.0883795394897461,0.324904602050781,2821305.45804705
2361,0.126478256225586,0.0887119394938151,0.330302764892578,2817130.73580787
2362,0.125974502563477,0.0891714401245117,0.336526733398438,2803874.14247643
2363,0.126478256225586,0.0894991404215495,0.341851470947266,2801816.65877803
2364,0.125974502563477,0.0899671071370443,0.348149810791016,2784272.19812408
2365,0.126478256225586,0.0902910385131836,0.353398274739583,2781143.36750528
2366,0.125972618103027,0.0907627716064453,0.35977007039388,2766879.88406488
2367,0.126476371765137,0.0910801035563151,0.364944163004557,2763226.98539425
2368,0.125970733642578,0.0915584386189779,0.371392201741536,2749595.89906195
2369,0.126476371765137,0.0918720041910807,0.376490936279297,2743394.39140442
2370,0.125970733642578,0.0923559722900391,0.383012339274089,2729617.66685694
2371,0.126476371765137,0.0926657384236654,0.388034800211589,2726202.09188213
2372,0.125970733642578,0.0931581726074219,0.394630666097005,2713270.00377043
2373,0.126476371765137,0.0934642054239909,0.399577992757161,2710500.34466298
2374,0.125970733642578,0.0939595057169596,0.406249328613281,2694628.43410653
2375,0.126476371765137,0.0942589391072591,0.411121327718099,2691981.59411279
2376,0.125970733642578,0.0947608057657878,0.417866994222005,2679359.17977305
2377,0.126476371765137,0.0950592727661133,0.422663330078125,2677103.7086967
2378,0.12596885172526,0.0955677388509115,0.429485005696615,2670365.09610034
2379,0.126474489847819,0.0958596394856771,0.434207010904948,2661213.63880565
2380,0.125966969807943,0.0963728052775065,0.441103342692057,2654581.45084874
2381,0.12647260538737,0.0966600036621094,0.445750335693359,2647628.30689859
2382,0.125965085347493,0.0971797358194987,0.452720001220703,2641490.93730391
2383,0.126470720926921,0.0974622344970703,0.457290669759115,2632486.56522973
2384,0.125965085347493,0.0979885686238607,0.464334676106771,2625889.53059735
2385,0.126470720926921,0.098266367594401,0.468831675211589,2618132.2564054
2386,0.125965085347493,0.0987983678181966,0.475950998942057,2611891.96813757
2387,0.126470720926921,0.0990723673502604,0.48037065633138,2604757.24713954
2388,0.125963200887044,0.0996100006103516,0.487564656575521,2597197.1099729
2389,0.126468836466471,0.0998774007161458,0.491910990397135,2589072.89056704
2390,0.125961316426595,0.100420702616374,0.499181335449219,2583148.74059511
2391,0.126468836466471,0.100685302734375,0.503451334635417,2576192.33828215
2392,0.125961316426595,0.101237070719401,0.510793009440104,2570976.75926771
2393,0.126468836466471,0.101495068868001,0.514987670898438,2562992.65396853
2394,0.125961316426595,0.102052502950033,0.522405680338542,2558444.26767552
2395,0.126468836466471,0.102306734720866,0.526527018229167,2551999.82164396
2396,0.125961316426595,0.102870768229167,0.534018351236979,2548395.86236264
2397,0.126468836466471,0.10311840057373,0.538062337239583,2541141.19187184
2398,0.125961316426595,0.103686200459798,0.545630004882813,2537390.59699928
2399,0.126468836466471,0.10447053527832,0.55724267578125,2527627.32131204
2400,0.126468836466471,0.103930066426595,0.549600667317708,2530936.37714349
2401,0.125959434509277,0.104776570638021,0.561063680013021,2521670.30552764
2402,0.127999880472819,0.0671531702677409,0.00625534057617187,9771027.3216177
2403,0.127500829060872,0.0674158706665039,0.0101603393554688,7819180.91934635
2404,0.127999880472819,0.06788197072347,0.0175963338216146,5932054.45447434
2405,0.127500829060872,0.0681522038777669,0.0215776672363281,5939353.64964686
2406,0.127999880472819,0.0686154708862305,0.0289380035400391,5112740.28123277
2407,0.127498006184896,0.0688913370768229,0.0329943389892578,5021914.89025283
2408,0.127997057596842,0.0693489379882812,0.040277338663737,4669954.21336292
2409,0.127495183308919,0.0696285705566406,0.0444073384602865,4605554.32991142
2410,0.127997057596842,0.0700824381510417,0.0516153361002604,4371292.19385478
2411,0.127495183308919,0.0703687032063802,0.0558206685384115,4331229.02906308
2412,0.127997057596842,0.0708206685384115,0.0629550018310547,4178110.58456503
2413,0.127495183308919,0.0711125361124675,0.0672353363037109,4129238.61194617
2414,0.127997057596842,0.071559804280599,0.0742943369547526,4036777.6804822
2415,0.127495183308919,0.0718564046223958,0.0786483408610026,3965981.84011131
2416,0.127997057596842,0.0723008702596029,0.0856303405761719,3886669.5975745
2417,0.127495183308919,0.0726031036376953,0.0900596720377604,3849557.71195044
2418,0.127997057596842,0.0730428365071615,0.096965337117513,3778347.48009445
2419,0.127495183308919,0.0733479029337565,0.101470006306966,3745798.06078045
2420,0.127997057596842,0.0737838694254557,0.108301340738932,3679337.79008242
2421,0.127495183308919,0.0740955378214518,0.112882339477539,3646464.90879447
2422,0.127997057596842,0.0745277379353841,0.119638336181641,3588814.55286924
2423,0.127495183308919,0.0748460032145182,0.124290669759115,3565293.53308161
2424,0.127997057596842,0.0752735036214193,0.130970336914063,3487219.34859606
2425,0.127495183308919,0.0755974044799805,0.135698003133138,3463109.97161037
2426,0.127997057596842,0.076021105448405,0.142304336547852,3424331.79850926
2427,0.127495183308919,0.0763516031901042,0.147107335408529,3409157.95827505
2428,0.127997057596842,0.0767715682983398,0.153637339274089,3384117.1397035
2429,0.127495183308919,0.0771068013509115,0.158515670776367,3352422.20596874
2430,0.127997057596842,0.0775220362345378,0.164971338907878,3322024.81276271
2431,0.12749329884847,0.0778638381958008,0.169924006144206,3302526.45958977
2432,0.127995173136393,0.078276237487793,0.176301610310872,3277165.49771267
2433,0.127491414388021,0.0786227366129557,0.181327743530273,3256847.11583117
2434,0.127995173136393,0.0790304361979167,0.187631907145182,3221172.86599859
2435,0.127491414388021,0.0793826039632161,0.192734436035156,3199208.44108376
2436,0.127995173136393,0.0797865702311198,0.198962168375651,3170700.54320969
2437,0.127491414388021,0.0801443710327149,0.204138102213542,3153673.44468657
2438,0.127995173136393,0.0805417048136393,0.210290466308594,3125747.4772559
2439,0.127491414388021,0.0809051717122396,0.215543635050456,3104795.71720117
2440,0.127995173136393,0.0812997029622396,0.221621668497721,3080436.97961739
2441,0.127491414388021,0.0816697692871094,0.226950205485026,3065478.37406513
2442,0.127995173136393,0.0820595703125,0.232951934814453,3046993.95585564
2443,0.127491414388021,0.0824352722167969,0.238352935791016,3030311.6452835
2444,0.127995173136393,0.0828213373819987,0.244278401692708,3012787.12649534
2445,0.127491414388021,0.0832017364501953,0.249754740397135,2998867.37715995
2446,0.127995173136393,0.0835830688476562,0.255606775919596,2985389.68851423
2447,0.127491414388021,0.08396910349528,0.261157480875651,2973246.25324568
2448,0.127995173136393,0.0843467051188151,0.266931365966797,2957047.79943474
2449,0.127491414388021,0.084739372253418,0.272555511474609,2952408.75910529
2450,0.127995173136393,0.0851132049560547,0.278255950927734,2928152.6093337
2451,0.127491414388021,0.0855105361938477,0.283958272298177,2923232.63907298
2452,0.127995173136393,0.0858777364095052,0.289584320068359,2898293.31800701
2453,0.127491414388021,0.0862816696166992,0.295360076904297,2893355.58377605
2454,0.127995173136393,0.0866479695638021,0.300907969156901,2867145.48156185
2455,0.127489532470703,0.0870585021972656,0.306756235758464,2854468.30171036
2456,0.127993291219076,0.087418202718099,0.312230702718099,2845412.98168371
2457,0.127487650553385,0.0878343709309896,0.318155232747396,2835656.66450344
2458,0.127993291219076,0.088190305074056,0.323555297851563,2828250.97035253
2459,0.127487650553385,0.0886121393839518,0.329553263346354,2817130.73580787
2460,0.127993291219076,0.0889614715576172,0.334877065022786,2812800.67711125
2461,0.127487650553385,0.0893889719645182,0.340951304117839,2801816.65877803
2462,0.127993291219076,0.0897364044189453,0.346199768066406,2797453.11385073
2463,0.127487650553385,0.0901705042521159,0.352348398844401,2781143.36750528
2464,0.127993291219076,0.0905123036702474,0.357520599365234,2775273.2269917
2465,0.127487650553385,0.0909501698811849,0.363744567871094,2763226.98539425
2466,0.127993291219076,0.0912882029215495,0.368842366536458,2756929.20086698
2467,0.127487650553385,0.0917317021687825,0.375140696207682,2743394.39140442
2468,0.127993291219076,0.0920659688313802,0.380163096110026,2738524.60846081
2469,0.127487650553385,0.0925160369873047,0.386535797119141,2726202.09188213
2470,0.127993291219076,0.0928465372721354,0.391481994628906,2721984.16707842
2471,0.127487650553385,0.0933022715250651,0.39792832438151,2710500.34466298
2472,0.127993291219076,0.0936261723836263,0.402800333658854,2706413.81652007
2473,0.127487650553385,0.0940875396728516,0.409322001139323,2691981.59411279
2474,0.127993291219076,0.0944076716105143,0.414120340983073,2688331.00118471
2475,0.127487650553385,0.0948775380452474,0.420716003417969,2677103.7086967
2476,0.127993291219076,0.0951939036051432,0.425439005533854,2673868.22312146
2477,0.127487650553385,0.0956675389607747,0.432108337402344,2661213.63880565
2478,0.127993291219076,0.0959773381551107,0.436755330403646,2658129.79321034
2479,0.127485766092936,0.0964566370646159,0.443500996907552,2647628.30689859
2480,0.127991406758626,0.0967626368204753,0.448073323567708,2644738.76048218
2481,0.127483881632487,0.0972485020955404,0.454893330891927,2632486.56522973
2482,0.127991406758626,0.0975488688151042,0.459390340169271,2629766.23165418
2483,0.127483881632487,0.0980404001871745,0.466284678141276,2618132.2564054
2484,0.127991406758626,0.098336067199707,0.470707346598307,2615549.56170978
2485,0.127483881632487,0.0988360341389974,0.477674001057943,2604757.24713954
2486,0.127991406758626,0.099127934773763,0.482020334879557,2602122.47542057
2487,0.127483881632487,0.0996316680908203,0.489063323974609,2597197.1099729
2488,0.127991406758626,0.0999169692993164,0.493336334228516,2586856.39430036
2489,0.127483881632487,0.100427302042643,0.50045399983724,2583148.74059511
2490,0.127991406758626,0.100709803263346,0.504649007161458,2574278.25717676
2491,0.127483881632487,0.101225802103678,0.511841003417969,2570976.75926771
2492,0.127991406758626,0.101503570556641,0.515961344401042,2561886.52973252
2493,0.127483881632487,0.102027069091797,0.523229349772135,2558444.26767552
2494,0.127991406758626,0.102301068623861,0.527276346842448,2551424.90178377
2495,0.127483881632487,0.102828366597493,0.534618001302083,2548395.86236264
2496,0.127991406758626,0.103095799763997,0.538588663736979,2541038.3895277
2497,0.127483881632487,0.103629699707031,0.546003662109375,2537531.06730658
2498,0.127991406758626,0.103894266764323,0.549901000976562,2531371.82527708
2499,0.127991406758626,0.104422500610352,0.557392333984375,2528243.88632973
2500,0.127483881632487,0.104698402404785,0.561137003580729,2522588.33939312
2501,0.128998916625977,0.0671531702677409,0.00625534057617187,9771027.3216177
2502,0.129498901367188,0.0674158706665039,0.0101603393554688,7819180.91934635
2503,0.128998916625977,0.06788197072347,0.0175963338216146,5932054.45447434
2504,0.129498901367188,0.0681522038777669,0.0215776672363281,5939353.64964686
2505,0.128998916625977,0.0686154708862305,0.0289380035400391,5112740.28123277
2506,0.129498901367188,0.0688913370768229,0.0329943389892578,5021914.89025283
2507,0.128998916625977,0.0693489379882812,0.040277338663737,4669954.21336292
2508,0.129498901367188,0.0696285705566406,0.0444073384602865,4605554.32991142
2509,0.128998916625977,0.0700824381510417,0.0516153361002604,4371292.19385478
2510,0.129498901367188,0.0703687032063802,0.0558206685384115,4331229.02906308
2511,0.128998916625977,0.0708206685384115,0.0629550018310547,4178110.58456503
2512,0.129498901367188,0.0711125361124675,0.0672353363037109,4129238.61194617
2513,0.128998916625977,0.071559804280599,0.0742943369547526,4036777.6804822
2514,0.129498901367188,0.0718564046223958,0.0786483408610026,3965981.84011131
2515,0.128998916625977,0.0723008702596029,0.0856303405761719,3886669.5975745
2516,0.129500783284505,0.0726031036376953,0.0900596720377604,3849557.71195044
2517,0.129000798543294,0.0730428365071615,0.096965337117513,3778347.48009445
2518,0.129502665201823,0.0733479029337565,0.101470006306966,3745798.06078045
2519,0.129000798543294,0.0737838694254557,0.108301340738932,3679337.79008242
2520,0.129502665201823,0.0740955378214518,0.112882339477539,3646464.90879447
2521,0.129000798543294,0.0745277379353841,0.119638336181641,3588814.55286924
2522,0.129502665201823,0.0748460032145182,0.124290669759115,3565293.53308161
2523,0.129000798543294,0.0752735036214193,0.130970336914063,3487219.34859606
2524,0.129502665201823,0.0755974044799805,0.135698003133138,3454970.48162696
2525,0.129000798543294,0.076021105448405,0.142304336547852,3424331.79850926
2526,0.129502665201823,0.0763516031901042,0.147107335408529,3401961.09655956
2527,0.129000798543294,0.0767715682983398,0.153637339274089,3384117.1397035
2528,0.129502665201823,0.0771068013509115,0.158515670776367,3341902.85347065
2529,0.129000798543294,0.0775220362345378,0.164971338907878,3322024.81276271
2530,0.129502665201823,0.0778638381958008,0.169924006144206,3302526.45958977
2531,0.129000798543294,0.078276237487793,0.176301610310872,3277165.49771267
2532,0.129502665201823,0.0786227366129557,0.181327743530273,3256847.11583117
2533,0.129000798543294,0.0790304361979167,0.187631907145182,3221172.86599859
2534,0.129502665201823,0.0793826039632161,0.192734436035156,3199208.44108376
2535,0.129000798543294,0.0797865702311198,0.198962168375651,3170700.54320969
2536,0.129502665201823,0.0801443710327149,0.204138102213542,3153673.44468657
2537,0.129000798543294,0.0805417048136393,0.210290466308594,3125747.4772559
2538,0.129502665201823,0.0809051717122396,0.215543635050456,3104795.71720117
2539,0.129000798543294,0.0812997029622396,0.221621668497721,3080436.97961739
2540,0.129502665201823,0.0816697692871094,0.226950205485026,3065478.37406513
2541,0.129000798543294,0.0820595703125,0.232951934814453,3046993.95585564
2542,0.129505488077799,0.0824352722167969,0.238352935791016,3030311.6452835
2543,0.129003621419271,0.0828213373819987,0.244278401692708,3012787.12649534
2544,0.129508310953776,0.0832017364501953,0.249754740397135,2998867.37715995
2545,0.129003621419271,0.0835830688476562,0.255606775919596,2985389.68851423
2546,0.129508310953776,0.08396910349528,0.261157480875651,2973246.25324568
2547,0.129003621419271,0.0843467051188151,0.266931365966797,2957047.79943474
2548,0.129508310953776,0.084739372253418,0.272555511474609,2941744.94105017
2549,0.129003621419271,0.0851132049560547,0.278255950927734,2928152.6093337
2550,0.129508310953776,0.0855105361938477,0.283958272298177,2913135.9399144
2551,0.129003621419271,0.0858777364095052,0.289584320068359,2898293.31800701
2552,0.129508310953776,0.0862816696166992,0.295360076904297,2881512.08663188
2553,0.129003621419271,0.0866479695638021,0.300907969156901,2867145.48156185
2554,0.129508310953776,0.0870585021972656,0.306756235758464,2854468.30171036
2555,0.129003621419271,0.087418202718099,0.312230702718099,2845412.98168371
2556,0.129508310953776,0.0878343709309896,0.318155232747396,2835656.66450344
2557,0.129003621419271,0.088190305074056,0.323555297851563,2828250.97035253
2558,0.129508310953776,0.0886121393839518,0.329553263346354,2817130.73580787
2559,0.129003621419271,0.0889614715576172,0.334877065022786,2812800.67711125
2560,0.129508310953776,0.0893889719645182,0.340951304117839,2801816.65877803
2561,0.129003621419271,0.0897364044189453,0.346199768066406,2797453.11385073
2562,0.129508310953776,0.0901705042521159,0.352348398844401,2781143.36750528
2563,0.129003621419271,0.0905123036702474,0.357520599365234,2775273.2269917
2564,0.129510197957357,0.0909501698811849,0.363744567871094,2763226.98539425
2565,0.129005508422852,0.0912882029215495,0.368842366536458,2756929.20086698
2566,0.129512084960937,0.0917317021687825,0.375140696207682,2743394.39140442
2567,0.129005508422852,0.0920659688313802,0.380163096110026,2738524.60846081
2568,0.129512084960937,0.0925160369873047,0.386535797119141,2726202.09188213
2569,0.129005508422852,0.0928465372721354,0.391481994628906,2721984.16707842
2570,0.129512084960937,0.0933022715250651,0.39792832438151,2710500.34466298
2571,0.129005508422852,0.0936261723836263,0.402800333658854,2706413.81652007
2572,0.129512084960937,0.0940875396728516,0.409322001139323,2691981.59411279
2573,0.129005508422852,0.0944076716105143,0.414120340983073,2688331.00118471
2574,0.129512084960937,0.0948775380452474,0.420716003417969,2677103.7086967
2575,0.129005508422852,0.0951939036051432,0.425439005533854,2673868.22312146
2576,0.129512084960937,0.0956675389607747,0.432108337402344,2663114.28685538
2577,0.129005508422852,0.0959773381551107,0.436755330403646,2658129.79321034
2578,0.129512084960937,0.0964566370646159,0.443500996907552,2648892.35371611
2579,0.129005508422852,0.0967626368204753,0.448073323567708,2644738.76048218
2580,0.129512084960937,0.0972485020955404,0.454893330891927,2634536.03391953
2581,0.129005508422852,0.0975488688151042,0.459390340169271,2629766.23165418
2582,0.129512084960937,0.0980404001871745,0.466284678141276,2619392.36363115
2583,0.129005508422852,0.098336067199707,0.470707346598307,2615549.56170978
2584,0.129512084960937,0.0988360341389974,0.477674001057943,2606107.96764597
2585,0.129005508422852,0.099127934773763,0.482020334879557,2602122.47542057
2586,0.129512084960937,0.0996316680908203,0.489063323974609,2590515.8411353
2587,0.129005508422852,0.0999169692993164,0.493336334228516,2586856.39430036
2588,0.129513971964518,0.100427302042643,0.50045399983724,2577741.97890026
2589,0.129007395426432,0.100709803263346,0.504649007161458,2574278.25717676
2590,0.129515858968099,0.101225802103678,0.511841003417969,2570976.75926771
2591,0.129007395426432,0.101503570556641,0.515961344401042,2561886.52973252
2592,0.129515858968099,0.102027069091797,0.523229349772135,2558444.26767552
2593,0.129007395426432,0.102301068623861,0.527276346842448,2551424.90178377
2594,0.129515858968099,0.102828366597493,0.534618001302083,2548395.86236264
2595,0.129007395426432,0.103095799763997,0.538588663736979,2541038.3895277
2596,0.129515858968099,0.103629699707031,0.546003662109375,2537531.06730658
2597,0.129007395426432,0.103894266764323,0.549901000976562,2531371.82527708
2598,0.129515858968099,0.104434735616048,0.557392333984375,2528243.88632973
2599,0.129007395426432,0.10469273630778,0.561213338216146,2522588.33939312
2600,0.130498870849609,0.067244504292806,0.00670566813151042,9932657.88311272
2601,0.13099885559082,0.0675486373901367,0.010836659749349,7693891.61110714
2602,0.130498870849609,0.0679902369181315,0.0182726643880208,5983850.70121845
2603,0.13099885559082,0.0683000030517578,0.0224776662190755,5556535.48331973
2604,0.130498870849609,0.0687378362019857,0.0298390045166016,5064220.04020691
2605,0.13099885559082,0.0690513687133789,0.0341193339029948,4856804.19659969
2606,0.130498870849609,0.0694845021565755,0.0414046681722005,4630474.48869371
2607,0.131000742594401,0.0698027699788411,0.0457596689860026,4468951.04977997
2608,0.13050075785319,0.0702331034342448,0.0529676717122396,4347582.581712
2609,0.131002629597982,0.0705570373535156,0.057398671468099,4246312.84044532
2610,0.13050075785319,0.070984504699707,0.0645320027669271,4147902.02148758
2611,0.131002629597982,0.0713140716552734,0.069038335164388,4038081.48586528
2612,0.13050075785319,0.0717387034098307,0.0760956726074219,3986170.60263575
2613,0.131002629597982,0.0720748697916667,0.0806746724446614,3897072.6407445
2614,0.130502639770508,0.0724948043823242,0.0876566721598307,3864988.6411653
2615,0.131004511515299,0.0728347371419271,0.092312001546224,3791530.01508635
2616,0.130504521687826,0.0732481028238932,0.0992196706136068,3757859.03531568
2617,0.131004511515299,0.0735936686197917,0.103947672526042,3687284.72619823
2618,0.130504521687826,0.074005137125651,0.110779006958008,3646464.90879447
2619,0.131006393432617,0.0743591715494792,0.115583002726237,3583304.81420479
2620,0.130506403605143,0.0747678375244141,0.122338668823242,3565293.53308161
2621,0.131008275349935,0.0751256713867187,0.127217000325521,3495625.82329886
2622,0.130506403605143,0.0755277379353841,0.133896667480469,3463109.97161037
2623,0.131008275349935,0.0758911717732747,0.13885166422526,3426101.24825126
2624,0.130506403605143,0.0762913360595703,0.145455998738607,3409157.95827505
2625,0.131008275349935,0.0766613693237305,0.150485000610352,3365547.47600331
2626,0.130506403605143,0.0770568695068359,0.157014668782552,3352422.20596874
2627,0.131008275349935,0.0774306716918945,0.162119003295898,3320169.53082253
2628,0.130506403605143,0.0778224054972331,0.168572672526042,3302526.45958977
2629,0.131008275349935,0.0782028045654297,0.173750671386719,3274153.87262184
2630,0.130506403605143,0.0785907363891602,0.180128138224284,3256847.11583117
2631,0.131010157267253,0.0789767684936523,0.185380503336589,3220434.65773341
2632,0.130508285522461,0.0793609364827474,0.191682637532552,3199208.44108376
2633,0.13101203918457,0.0797526702880859,0.197011133829753,3172777.69638961
2634,0.130508285522461,0.0801321385701497,0.203238866170247,3153673.44468657
2635,0.13101203918457,0.0805276056925456,0.208641733805339,3129046.46372348
2636,0.130508285522461,0.0809033050537109,0.214794138590495,3104795.71720117
2637,0.13101203918457,0.0813053716023763,0.220270472208659,3083906.23212001
2638,0.130508285522461,0.0816773045857747,0.226348505655924,3065478.37406513
2639,0.13101203918457,0.0820850041707357,0.23190017191569,3048689.81211311
2640,0.130511108398437,0.0824531707763672,0.237902872721354,3030311.6452835
2641,0.131014862060547,0.0828665364583333,0.243528905232747,3011708.31821339
2642,0.130513931274414,0.0832290369669596,0.249455307006836,2998867.37715995
2643,0.131017690022786,0.0836489690144857,0.255157602945964,2983038.45751205
2644,0.130516759236654,0.084007703145345,0.261007741292318,2973246.25324568
2645,0.131020517985026,0.0844352035522461,0.266781626383464,2952008.45945889
2646,0.130516759236654,0.0847892710367839,0.272555511474609,2941744.94105017
2647,0.131020517985026,0.0852205378214518,0.278405670166016,2922493.66896574
2648,0.130516759236654,0.0855679702758789,0.284107991536458,2913135.9399144
2649,0.131020517985026,0.0860058034261068,0.290034413655599,2895093.87391387
2650,0.130516759236654,0.0863523025512695,0.295660451253255,2881512.08663188
2651,0.131020517985026,0.0867967376708984,0.301658447265625,2866343.75242861
2652,0.130516759236654,0.0871366373697917,0.307206339518229,2854468.30171036
2653,0.131020517985026,0.0875857721964518,0.313280609130859,2843735.48200383
2654,0.130516759236654,0.0879238052368164,0.318755035400391,2835656.66450344
2655,0.131022399902344,0.0883795394897461,0.324904602050781,2821305.45804705
2656,0.130518641153971,0.0887119394938151,0.330302764892578,2817130.73580787
2657,0.131024281819661,0.0891714401245117,0.336526733398438,2803874.14247643
2658,0.130518641153971,0.0894991404215495,0.341851470947266,2801816.65877803
2659,0.131024281819661,0.0899671071370443,0.348149810791016,2784272.19812408
2660,0.130518641153971,0.0902910385131836,0.353398274739583,2781143.36750528
2661,0.131024281819661,0.0907627716064453,0.35977007039388,2771043.77220998
2662,0.130520528157552,0.0910801035563151,0.364944163004557,2763226.98539425
2663,0.131026168823242,0.0915584386189779,0.371392201741536,2753364.84052417
2664,0.130522415161133,0.0918720041910807,0.376490936279297,2743394.39140442
2665,0.131028055826823,0.0923559722900391,0.383012339274089,2734290.64024615
2666,0.130524302164714,0.0926657384236654,0.388034800211589,2726202.09188213
2667,0.131029942830404,0.0931581726074219,0.394630666097005,2718170.75823744
2668,0.130524302164714,0.0934642054239909,0.399577992757161,2710500.34466298
2669,0.131029942830404,0.0939595057169596,0.406249328613281,2700731.20196449
2670,0.130524302164714,0.0942589391072591,0.411121327718099,2691981.59411279
2671,0.131029942830404,0.0947608057657878,0.417866994222005,2684544.20801002
2672,0.130524302164714,0.0950592727661133,0.422663330078125,2677103.7086967
2673,0.131029942830404,0.0955677388509115,0.429485005696615,2670365.09610034
2674,0.130524302164714,0.0958596394856771,0.434207010904948,2661213.63880565
2675,0.131029942830404,0.0963728052775065,0.441103342692057,2654581.45084874
2676,0.130524302164714,0.0966600036621094,0.445750335693359,2647628.30689859
2677,0.131031824747721,0.0971797358194987,0.452720001220703,2641490.93730391
2678,0.130526184082031,0.0974622344970703,0.457290669759115,2632486.56522973
2679,0.131033706665039,0.0979885686238607,0.464334676106771,2625889.53059735
2680,0.130526184082031,0.098266367594401,0.468831675211589,2618132.2564054
2681,0.131033706665039,0.0987983678181966,0.475950998942057,2611891.96813757
2682,0.130526184082031,0.0990723673502604,0.48037065633138,2604757.24713954
2683,0.131033706665039,0.0996100006103516,0.487564656575521,2597197.1099729
2684,0.130526184082031,0.0998774007161458,0.491910990397135,2589072.89056704
2685,0.131033706665039,0.100420702616374,0.499181335449219,2583148.74059511
2686,0.130528071085612,0.100685302734375,0.503451334635417,2576192.33828215
2687,0.13103559366862,0.101237070719401,0.510793009440104,2570976.75926771
2688,0.130529958089193,0.101495068868001,0.514987670898438,2562992.65396853
2689,0.131037475585938,0.102052502950033,0.522405680338542,2558444.26767552
2690,0.13053184000651,0.102306734720866,0.526527018229167,2551999.82164396
2691,0.131039357503255,0.102870768229167,0.534018351236979,2548395.86236264
2692,0.13053184000651,0.10311840057373,0.538062337239583,2541141.19187184
2693,0.131039357503255,0.103686200459798,0.545630004882813,2537531.06730658
2694,0.13053184000651,0.103930066426595,0.549600667317708,2530936.37714349
2695,0.131039357503255,0.104506334940592,0.55724267578125,2527627.32131204
2696,0.13053184000651,0.104746437072754,0.561137003580729,2521670.30552764
2697,0.131998830159505,0.0674403355916341,0.00760599772135417,8118115.62944945
2698,0.132498819986979,0.0677821350097656,0.0119609985351562,7229316.47060859
2699,0.131998830159505,0.0682002029418945,0.0193966623942057,5776310.92506692
2700,0.13250070699056,0.0685457712809245,0.023826665242513,5343578.8550226
2701,0.132000717163086,0.068959103902181,0.031187998453776,4914621.07564391
2702,0.132502593994141,0.0693103357950846,0.0356946665445964,4710787.71787341
2703,0.132002604166667,0.0697208684285482,0.0429810028076172,4523954.56399168
2704,0.132504480997721,0.0700787022908529,0.047562006632487,4358439.81300851
2705,0.132004491170247,0.0704845377604167,0.0547716725667318,4281473.27623107
2706,0.132504480997721,0.0708480046590169,0.0594260050455729,4130831.06901866
2707,0.132004491170247,0.0712500712076823,0.066559336344401,4072377.34313804
2708,0.132506362915039,0.0716201044718425,0.0712880045572917,3953636.43557425
2709,0.132006373087565,0.0720202713012695,0.0783460032145182,3922462.23357324
2710,0.132508244832357,0.0723959376017253,0.0831503346761068,3826220.48267268
2711,0.132006373087565,0.0727904688517253,0.0901343332926432,3813120.72609179
2712,0.132508244832357,0.0731699345906575,0.0950146687825521,3721967.32737619
2713,0.132006373087565,0.0735597686767578,0.101920338948568,3708872.32487329
2714,0.132508244832357,0.0739448699951172,0.106874008178711,3621546.69725923
2715,0.132008255004883,0.0743328043619792,0.113705337524414,3600295.7300883
2716,0.132512008666992,0.074725471496582,0.118736002604167,3525230.6044327
2717,0.132012018839518,0.0751096725463867,0.125491999308268,3511357.35053622
2718,0.13251389058431,0.0755060729980469,0.130594670613607,3448342.58795166
2719,0.132012018839518,0.0758855056762695,0.137274668375651,3437269.75848845
2720,0.13251389058431,0.0762894388834635,0.142453338623047,3387587.74501784
2721,0.132012018839518,0.0766651382446289,0.149059336344401,3383774.59654784
2722,0.13251389058431,0.0770728708902995,0.154313339233398,3336655.52022292
2723,0.132012018839518,0.0774429041544596,0.160843338012695,3320169.53082253
2724,0.132515777587891,0.0778562698364258,0.166172007242839,3281781.06715251
2725,0.132013905843099,0.0782244364420573,0.172625671386719,3274153.87262184
2726,0.132517664591471,0.078644401550293,0.178027638753255,3234757.7501474
2727,0.132015787760417,0.0790088017781575,0.18440500386556,3220434.65773341
2728,0.132519546508789,0.0794344024658203,0.189881342569987,3183511.23319616
2729,0.132017669677734,0.0797941029866536,0.196185338338216,3172777.69638961
2730,0.132519546508789,0.0802263031005859,0.201737970987956,3140888.78679034
2731,0.132017669677734,0.0805803375244141,0.207966634114583,3129046.46372348
2732,0.132522369384766,0.0810181706746419,0.21359267171224,3096898.23291264
2733,0.132020492553711,0.0813675053914388,0.219744105021159,3083906.23212001
2734,0.132525192260742,0.0818110046386719,0.225446441650391,3059446.98013112
2735,0.132020492553711,0.0821565704345703,0.231524475097656,3048689.81211311
2736,0.132525192260742,0.0826047693888346,0.237301172892253,3023010.82527877
2737,0.132020492553711,0.0829465688069661,0.24330290222168,3011708.31821339
2738,0.132525192260742,0.0834004033406575,0.249153035481771,2990752.07215632
2739,0.132023320515951,0.0837403030395508,0.255081334431966,2983038.45751205
2740,0.132529902140299,0.0842007369995117,0.261004938761393,2959901.98589322
2741,0.132028030395508,0.0845369033813477,0.266855092366536,2952008.45945889
2742,0.132531784057617,0.0850020701090495,0.272854960123698,2927652.37571299
2743,0.132028030395508,0.0853316370646159,0.278631652832031,2922493.66896574
2744,0.132531784057617,0.085801503499349,0.284707784016927,2901230.30851307
2745,0.132028030395508,0.0861282374064128,0.290408223470052,2895093.87391387
2746,0.132531784057617,0.086606569925944,0.296557790120443,2874381.29886112
2747,0.132028030395508,0.0869285710652669,0.302181976318359,2866343.75242861
2748,0.132533665974935,0.0874097366333008,0.308405934651693,2851246.39840248
2749,0.132029912312826,0.0877270380655925,0.313956675211589,2843735.48200383
2750,0.132535547892253,0.0882166697184245,0.320256866455078,2825912.73610421
2751,0.132031794230143,0.0885311381022136,0.32573036702474,2821305.45804705
2752,0.13253742980957,0.0890254694620768,0.332102132161458,2804346.30812501
2753,0.132033676147461,0.089333371480306,0.337500335693359,2803874.14247643
2754,0.13253742980957,0.089833371480306,0.343948404947917,2784782.09007197
2755,0.132033676147461,0.0901394068400065,0.349273142496745,2784272.19812408
2756,0.132539316813151,0.0906450729370117,0.355794637044271,2776269.8951126
2757,0.132035563151042,0.0909445063273112,0.361043100992839,2766879.88406488
2758,0.132541203816732,0.091455805460612,0.367640899658203,2759148.48800264
2759,0.132035563151042,0.0917524058024089,0.372815907796224,2749595.89906195
2760,0.132541203816732,0.0922721710205078,0.37948817952474,2739104.7787461
2761,0.132037450154622,0.0925621719360352,0.384585876464844,2729617.66685694
2762,0.13254497273763,0.0930856704711914,0.391331339518229,2722043.31223312
2763,0.132041219075521,0.0933719050089518,0.396353668212891,2713270.00377043
2764,0.132546854654948,0.0939039052327474,0.403175669352214,2704869.97391835
2765,0.132041219075521,0.0941854731241862,0.408124003092448,2694628.43410653
2766,0.132546854654948,0.0947212397257487,0.415019337972005,2687802.21274035
2767,0.132041219075521,0.0949971389770508,0.419890329996745,2679359.17977305
2768,0.132546854654948,0.0955413716634115,0.426859995524089,2673263.16088909
2769,0.132041219075521,0.0958135045369466,0.431658335367839,2663114.28685538
2770,0.132548736572266,0.0963634033203125,0.438704010009766,2657134.96755899
2771,0.132043100992839,0.0966308034261068,0.443427012125651,2648892.35371611
2772,0.132550618489583,0.0971863352457682,0.450547342936198,2643777.06606637
2773,0.132044982910156,0.0974480692545573,0.455193339029948,2634536.03391953
2774,0.132552500406901,0.0980083363850911,0.462387003580729,2628150.67982571
2775,0.132046864827474,0.0982663370768229,0.466957672119141,2619392.36363115
2776,0.132552500406901,0.0988341369628906,0.474227671305339,2614212.69595083
2777,0.132046864827474,0.099088368733724,0.478723999023437,2606107.96764597
2778,0.132554382324219,0.0996599349975586,0.486067321777344,2599419.81261784
2779,0.132048746744792,0.0999075673421224,0.490488321940104,2590515.8411353
2780,0.132556264241536,0.100486635843913,0.497906331380208,2585284.6128144
2781,0.132048746744792,0.10073237101237,0.502253011067708,2577741.97890026
2782,0.132556264241536,0.101319005330404,0.509744344075521,2572842.34937197
2783,0.132048746744792,0.101559104919434,0.514014343261719,2564083.7024819
2784,0.132558151245117,0.102149503072103,0.521579996744792,2559536.78634207
2785,0.13205251566569,0.102384902954102,0.525776672363281,2552874.8258447
2786,0.132561920166016,0.102980936686198,0.533418680826823,2548926.2906008
2787,0.132054397583008,0.10321257019043,0.537539021809896,2540999.31341014
2788,0.132561920166016,0.103814236958822,0.545254353841146,2537390.59699928
2789,0.132054397583008,0.104040234883626,0.549301350911458,2530424.0974687
2790,0.132561920166016,0.104647567749023,0.557093017578125,2526897.53050615
2791,0.132054397583008,0.104869801839193,0.561063680013021,2520206.15440825
2792,0.133498799641927,0.0677360026041667,0.00895533243815104,8145696.9700466
2793,0.133998789469401,0.0681154708862305,0.0135360005696615,6495642.36109671
2794,0.133500686645508,0.0685071716308594,0.020971669514974,5556535.48331973
2795,0.134002558390299,0.0688922729492187,0.0256280059814453,5269344.48444107
2796,0.133504455566406,0.0692821044921875,0.0329896697998047,4757683.18997463
2797,0.134004440307617,0.0696747360229492,0.0377203369140625,4616772.12879724
2798,0.133504455566406,0.070060801188151,0.045006337483724,4390298.24865919
2799,0.134004440307617,0.0704591013590495,0.0498103383382161,4257425.79717491
2800,0.133504455566406,0.0708404693603516,0.0570203399658203,4168583.95767042
2801,0.134006322224935,0.0712425359090169,0.061898671468099,4039332.74662766
2802,0.133508219401042,0.0716201044718425,0.0690330047607422,3980126.42061332
2803,0.13401008605957,0.072030637105306,0.0739876708984375,3891904.78715074
2804,0.133510101318359,0.0724063034057617,0.0810470021565755,3849260.48716701
2805,0.13401008605957,0.0728206024169922,0.0860770009358724,3760341.04352595
2806,0.133510101318359,0.073189702351888,0.0930606689453125,3746033.20525874
2807,0.134011973063151,0.0736096700032552,0.0981650034586589,3653605.08098095
2808,0.13351198832194,0.0739750035603841,0.105072672526042,3643303.27183759
2809,0.134013860066732,0.0744015375773112,0.110250671386719,3563316.24527453
2810,0.133513870239258,0.0747640711466471,0.117082672119141,3549050.8806329
2811,0.134017623901367,0.0751962712605794,0.122336669921875,3472555.71282474
2812,0.133517634073893,0.0755540720621745,0.12909267171224,3463851.5440056
2813,0.134019505818685,0.0759919052124023,0.134421340942383,3404770.27188789
2814,0.133517634073893,0.0763478393554688,0.141102010091146,3401189.24084296
2815,0.134019505818685,0.0767894719441732,0.146506673177083,3355098.49507003
2816,0.133517634073893,0.0771388041178385,0.153112004597982,3336655.52022292
2817,0.134021387736003,0.0775870030721029,0.158590337117513,3292845.07946861
2818,0.133521402994792,0.07793443552653,0.165120340983073,3281781.06715251
2819,0.134025156656901,0.0783882700602214,0.170673004150391,3240341.57046582
2820,0.133523289998372,0.0787300694783529,0.177126637776693,3234757.7501474
2821,0.134025156656901,0.0791905034383138,0.182752634684245,3191335.31996124
2822,0.133523289998372,0.0795304361979167,0.189129974365234,3183511.23319616
2823,0.134027984619141,0.0799955698649089,0.194832305908203,3147274.78486607
2824,0.133526117960612,0.0803317362467448,0.201136306762695,3140888.78679034
2825,0.13403081258138,0.0808016026814779,0.206914901733398,3105391.35154995
2826,0.133528940836589,0.0811340026855469,0.213142603556315,3096898.23291264
2827,0.134033635457357,0.0816095021565755,0.218994603474935,3067403.89971377
2828,0.133531763712565,0.0819371693929036,0.225147008260091,3059446.98013112
2829,0.134035517374674,0.0824192708333333,0.231073440551758,3031562.10478159
2830,0.133533645629883,0.0827413050333659,0.237149571736654,3023010.82527877
2831,0.134037399291992,0.0832290395100911,0.243149434407552,2997016.47979137
2832,0.133533645629883,0.0835463383992513,0.249151168823242,2990752.07215632
2833,0.134037399291992,0.0840397389729818,0.255227305094401,2964055.53435068
2834,0.133535527547201,0.084354237874349,0.261152776082357,2959901.98589322
2835,0.134041168212891,0.084854237874349,0.267303304036458,2930913.53877637
2836,0.133539296468099,0.0851659037272135,0.273155334472656,2927652.37571299
2837,0.134043055216471,0.0856715367635091,0.279382110595703,2903410.80769561
2838,0.133539296468099,0.0859775695800781,0.285157867431641,2901230.30851307
2839,0.134043055216471,0.0864879023234049,0.291458099365234,2878556.40529171
2840,0.133539296468099,0.086790168762207,0.297157582600911,2874381.29886112
2841,0.134044937133789,0.0873080368041992,0.303531260172526,2855807.00963469
2842,0.133543060302734,0.0876056035359701,0.309155426025391,2851246.39840248
2843,0.134048700968424,0.0881291376749675,0.315603495279948,2830045.69194663
2844,0.133544942220052,0.0884229024251302,0.32115419514974,2825912.73610421
2845,0.134050582885742,0.0889530029296875,0.327677561442057,2805003.37162735
2846,0.13354682413737,0.0892411015828451,0.333151997884115,2804346.30812501
2847,0.13405246480306,0.0897750015258789,0.339749796549479,2783760.16337625
2848,0.13354682413737,0.0900593694051107,0.34514800008138,2784782.09007197
2849,0.13405246480306,0.0906008046468099,0.351822062174479,2778570.15979376
2850,0.133548711140951,0.0908804728190104,0.357143961588542,2767571.84983457
2851,0.134056233723958,0.0914275385538737,0.363892395019531,2761985.29763077
2852,0.133552480061849,0.0917034378051758,0.369140869140625,2750668.27028318
2853,0.134058115641276,0.092257069905599,0.375964680989583,2742582.24557291
2854,0.133552480061849,0.0925292027791341,0.381136983235677,2730996.64016265
2855,0.134058115641276,0.0930875701904297,0.388032348632812,2724597.91981932
2856,0.133554361979167,0.0933540369669596,0.39312900797526,2713839.45147364
2857,0.134061884562174,0.0939180374145508,0.400100341796875,2707681.89874537
2858,0.133558130900065,0.0941816711425781,0.405124674479167,2695447.26414877
2859,0.134063771565755,0.0947532374064128,0.412172668457031,2689829.03537856
2860,0.133558130900065,0.0950112380981445,0.417118998209635,2680053.68501107
2861,0.134063771565755,0.0955865707397461,0.424239329020182,2675020.0181063
2862,0.133558130900065,0.0958408050537109,0.429109334309896,2663657.28557234
2863,0.13406564839681,0.0964227040608724,0.436305002848307,2658386.56534647
2864,0.133561889648437,0.0966731694539388,0.441101338704427,2648795.23781302
2865,0.134069407145182,0.097260737101237,0.448371337890625,2644490.41506924
2866,0.133563771565755,0.0975065027872721,0.45309434000651,2633723.58927923
2867,0.134072230021159,0.0981006368001302,0.460438008626302,2628813.07974627
2868,0.133566594441732,0.0983407363891602,0.465084676106771,2618709.77189026
2869,0.134075052897135,0.0989405364990234,0.472501678466797,2614820.10517206
2870,0.133566594441732,0.0991759363810221,0.477074005126953,2605219.80812834
2871,0.134075052897135,0.099781369527181,0.484567342122396,2600213.87731364
2872,0.133568476359049,0.100011136372884,0.489064331054687,2590126.98719165
2873,0.134078821818034,0.100623168945312,0.496631998697917,2586226.53277929
2874,0.133572245279948,0.100851036071777,0.501052998860677,2577434.03922672
2875,0.134080708821615,0.101470603942871,0.5086943359375,2573840.001753
2876,0.133572245279948,0.10169283803304,0.513039001464844,2563849.87533785
2877,0.134080708821615,0.102317136128743,0.520756327311198,2560343.66222214
2878,0.133574132283529,0.102533701578776,0.525027323404948,2552552.20338163
2879,0.134084482828776,0.103162668863932,0.532818990071615,2549536.85450794
2880,0.13357790629069,0.103374504089355,0.537013671875,2540426.82920084
2881,0.134086369832357,0.10401197052002,0.544880676269531,2537249.48772019
2882,0.13357790629069,0.104220069885254,0.549001017252604,2529594.10469947
2883,0.134086369832357,0.104864135742188,0.556942342122396,2525611.07577766
2884,0.13357790629069,0.105065635681152,0.560987345377604,2517757.35938098
2885,0.134998769124349,0.0681333389282227,0.0107546691894531,7090573.87445801
2886,0.135500640869141,0.0685532735188802,0.0155616760253906,6171303.73358442
2887,0.135002532958984,0.0689205067952474,0.0229993438720703,5343578.8550226
2888,0.135504404703776,0.069347038269043,0.0278816731770833,5084900.68160832
2889,0.135004414876302,0.069711435953776,0.0352410024007161,4638638.18370534
2890,0.135504404703776,0.0701436360677083,0.0401956685384115,4513188.86316886
2891,0.135004414876302,0.07050523630778,0.04747900390625,4294186.5981549
2892,0.135506286621094,0.0709431050618489,0.052510004679362,4156351.59251868
2893,0.135008178710938,0.0712990366617839,0.0597196706136068,4066499.11595736
2894,0.135510050455729,0.0717406387329102,0.0648266703287761,3967684.05248696
2895,0.135010060628255,0.0720946706136068,0.0719603373209635,3911410.81717497
2896,0.13551193745931,0.0725428721110026,0.0771400044759114,3828486.32416066
2897,0.135011947631836,0.0728931376139323,0.0841973368326823,3782057.2151626
2898,0.135513824462891,0.0733441721598307,0.0894513346354167,3694571.17652763
2899,0.135013834635417,0.0736916046142578,0.0964353332519531,3675502.07767938
2900,0.135517593383789,0.0741492385864258,0.101765665690104,3596347.59745149
2901,0.135017603556315,0.0744938379923503,0.108673334757487,3580366.52426167
2902,0.135519475301107,0.0749580383300781,0.114078002929688,3504002.69340649
2903,0.135019485473633,0.0752979380289714,0.120909337361654,3488376.07223235
2904,0.135523239135742,0.0757678044637044,0.126387334187826,3428024.35918869
2905,0.135023249308268,0.0761039708455404,0.13314333597819,3419047.99218121
2906,0.13552512105306,0.076579470316569,0.138696004231771,3376034.43272179
2907,0.135023249308268,0.0769090372721354,0.145378672281901,3355098.49507003
2908,0.13552512105306,0.077388303120931,0.15100666809082,3310093.17302356
2909,0.135025131225586,0.0777169367472331,0.157613001505534,3292845.07946861
2910,0.135528889973958,0.0782046686808268,0.163314336140951,3252279.25219387
2911,0.135028900146484,0.078528569539388,0.169844334920247,3240341.57046582
2912,0.135530776977539,0.0790200703938802,0.175622004191081,3196407.69447117
2913,0.135028900146484,0.0793402048746745,0.182076670328776,3191335.31996124
2914,0.135533599853516,0.0798383051554362,0.18792860921224,3152404.15260666
2915,0.135034550984701,0.0801537373860677,0.194306905110677,3147274.78486607
2916,0.135539250691732,0.0806575037638346,0.200235209147135,3110975.26223112
2917,0.13503737894694,0.0809692026774089,0.206539204915365,3105391.35154995
2918,0.135541132609049,0.0814795684814453,0.212540939331055,3073388.51980175
2919,0.135039260864258,0.081787467956543,0.218768636067708,3067403.89971377
2920,0.135543014526367,0.0823034362792969,0.224844772338867,3038428.84143816
2921,0.135041142781576,0.0826075719197591,0.23099717203776,3031562.10478159
2922,0.135546778361003,0.0831292394002279,0.237148635864258,3003780.60238979
2923,0.135044906616211,0.0834286727905273,0.243224767049154,2997016.47979137
2924,0.13554866027832,0.0839559707641602,0.249450602213542,2968569.65296312
2925,0.135044906616211,0.0842497380574544,0.255451405843099,2964055.53435068
2926,0.13554866027832,0.0847836380004883,0.261750676472982,2933258.07449392
2927,0.135046793619792,0.0850736389160156,0.267677103678385,2930913.53877637
2928,0.135552429199219,0.0856141052246094,0.274052663167318,2904655.02922384
2929,0.13505056254069,0.0859003372192383,0.279905639648438,2903410.80769561
2930,0.135554311116536,0.0864464696248372,0.286355580647786,2879831.47566774
2931,0.13505056254069,0.0867280019124349,0.292132283528646,2878556.40529171
2932,0.135556198120117,0.0872797698974609,0.298655670166016,2858129.81010194
2933,0.135054331461589,0.0875575383504232,0.304355163574219,2855807.00963469
2934,0.135559967041016,0.0881149724324544,0.310952931722005,2832887.9610756
2935,0.135056213378906,0.0883890050252279,0.31657709757487,2830045.69194663
2936,0.135561848958333,0.0889511362711589,0.323251129150391,2806726.35553572
2937,0.135059977213542,0.0892213694254557,0.328800893147786,2805003.37162735
2938,0.135565612792969,0.0897891362508138,0.335551198323568,2782536.95557522
2939,0.135061859130859,0.0900546696980794,0.341025665283203,2783760.16337625
2940,0.135567494710286,0.0906281026204427,0.347847574869792,2778505.57708526
2941,0.135063741048177,0.0908898696899414,0.353245768229167,2765870.68228717
2942,0.135569376627604,0.0914717712402344,0.360143900553385,2762028.26404136
2943,0.135065622965495,0.0917297719319661,0.365468627929687,2749306.37000291
2944,0.135573145548503,0.0923154373168945,0.372440195719401,2743398.79110046
2945,0.135069391886393,0.0925668360392253,0.377687774658203,2730335.0244876
2946,0.135575032552083,0.0931591033935547,0.384732737223307,2725122.79713572
2947,0.135069391886393,0.093407704671224,0.389905008951823,2712663.87422873
2948,0.135575032552083,0.0940056381225586,0.397027333577474,2707950.80452549
2949,0.135071278889974,0.0942495040893555,0.402126007080078,2694570.9945186
2950,0.135578801472982,0.0948530705769857,0.409321665445964,2690004.12085304
2951,0.135075047810872,0.0950931701660156,0.414343994140625,2678833.4005326
2952,0.135580683390299,0.0957033360799154,0.421614318847656,2675114.98791308
2953,0.135075047810872,0.0959387359619141,0.426563323974609,2662749.34551968
2954,0.135583511352539,0.0965545374552409,0.433906992594401,2658372.6412759
2955,0.135079752604167,0.0967842712402344,0.438778666178385,2647331.62539377
2956,0.135588216145833,0.0974066365559896,0.446197662353516,2643779.69353743
2957,0.135081629435221,0.0976326370239258,0.450993998209635,2631720.42411517
2958,0.135590092976888,0.098262570699056,0.45848833211263,2610248.12173451
2959,0.135086329142253,0.0984848047892253,0.463209340413411,2616750.24305278
2960,0.135594792683919,0.0991184692382813,0.470779012044271,2595796.3650004
2961,0.135089152018229,0.0993341013590495,0.475424682617188,2602428.14686737
2962,0.1355966796875,0.0999734344482422,0.483067677815755,2582249.02664042
2963,0.13509103902181,0.100185302734375,0.487638010660807,2588317.72576979
2964,0.135598566691081,0.100831237792969,0.495356333414714,2568883.39685708
2965,0.135092926025391,0.101039337158203,0.499853332519531,2575462.09447293
2966,0.135602335611979,0.101693768819173,0.507644999186198,2572532.58585917
2967,0.135096694946289,0.101897168477376,0.512065002441406,2562010.39947739
2968,0.135604217529297,0.102557235717773,0.519932006835938,2559510.76175097
2969,0.135096694946289,0.102754969278971,0.524278666178385,2550285.49934508
2970,0.135606099446615,0.103418802897135,0.532220011393229,2548553.02656621
2971,0.135100463867187,0.103609937032064,0.536489339192708,2538195.76319178
2972,0.135609868367513,0.104281270345052,0.544505025227865,2522801.67996856
2973,0.135102350870768,0.104471468607585,0.548701680501302,2527133.22580711
2974,0.135611750284831,0.105149434407552,0.556792683919271,2510220.9837497
2975,0.135104232788086,0.105334002176921,0.560913004557292,2514554.64955017
2976,0.136499674479167,0.0686352055867513,0.013006337483724,6289343.72578954
2977,0.137001546223958,0.0690947036743164,0.0180390014648437,5834111.89800515
2978,0.136504384358724,0.0694393030802409,0.0254766693115234,5128665.95617859
2979,0.137004374186198,0.0699035339355469,0.0305809987386068,4862645.40761856
2980,0.136504384358724,0.0702434692382812,0.037940668741862,4556076.13725309
2981,0.137006256103516,0.0707133382161458,0.043121337890625,4396075.33334507
2982,0.136508148193359,0.0710513737996419,0.0504073384602865,4185907.39724235
2983,0.137010019938151,0.0715278065999349,0.055663340250651,4091174.76316892
2984,0.136510030110677,0.0718611399332682,0.0628730061848958,3988201.10966252
2985,0.137011901855469,0.0723404057820638,0.0682033386230469,3900519.24521538
2986,0.136513799031576,0.0726681060791016,0.075336669921875,3850733.35893545
2987,0.137015670776367,0.0731539713541667,0.0807406717936198,3760547.311264
2988,0.136515686035156,0.0734797719319661,0.0877980041503906,3717136.88517532
2989,0.137017552693685,0.0739731369018555,0.0932783355712891,3639447.00124764
2990,0.136519449869792,0.074295171101888,0.100261998494466,3615119.92094421
2991,0.137023203531901,0.0747951380411784,0.105816335042318,3552124.45560674
2992,0.13652321879069,0.075113405863444,0.112724670410156,3520104.34528867
2993,0.137025090535482,0.0756190388997396,0.118352671305339,3461638.74871251
2994,0.136525100708008,0.0759335378011068,0.125184000651042,3442062.74733181
2995,0.137028854370117,0.0764429372151693,0.13088633219401,3399458.12527495
2996,0.136528864542643,0.0767527033487956,0.137642333984375,3376034.43272179
2997,0.137030736287435,0.0772677688598633,0.143423004150391,3327966.595728
2998,0.136528864542643,0.0775738016764323,0.150104670206706,3310093.17302356
2999,0.137032623291016,0.0780964024861654,0.155958669026693,3268422.81721406
3000,0.136532638549805,0.0783986358642578,0.162562001546224,3252279.25219387
3001,0.137036397298177,0.0789268697102865,0.16849033610026,3207908.16540326
3002,0.136534525553385,0.0792244033813477,0.17502033996582,3196407.69447117
3003,0.137038279215495,0.0797564036051432,0.181024907430013,3157115.93325356
3004,0.13653923034668,0.0800501708984375,0.187478510538737,3152404.15260666
3005,0.137042984008789,0.0805878372192383,0.193554539998372,3114232.82664879
3006,0.136542053222656,0.0808797378540039,0.199932942708333,3110975.26223112
3007,0.137045806884766,0.0814258702596029,0.206085337320964,3077394.37207541
3008,0.136546758015951,0.08171400197347,0.212389338175456,3073388.51980175
3009,0.13705051167806,0.0822639032999675,0.218615168253581,3043977.28456719
3010,0.136548639933268,0.0825454381306966,0.224842905680339,3038428.84143816
3011,0.137052398681641,0.0831009724934896,0.231145004272461,3010565.47718739
3012,0.136552408854167,0.0833806381225586,0.237298334757487,3003780.60238979
3013,0.137056167602539,0.0839427693684896,0.243673899332682,2973900.0589265
3014,0.136554290771484,0.0842186686197917,0.249750035603841,2968569.65296312
3015,0.137058049519857,0.0847845687866211,0.25619997660319,2936302.74870741
3016,0.136556172688802,0.0850557708740234,0.262199813842773,2933258.07449392
3017,0.137061808268229,0.0856282374064128,0.268726033528646,2905698.95402321
3018,0.136559931437174,0.0858965708414714,0.274652455647786,2904655.02922384
3019,0.137065567016602,0.0864747034708659,0.281254943847656,2880131.36187286
3020,0.136561813354492,0.0867383702596029,0.287105092366536,2879831.47566774
3021,0.137067454020182,0.0873240356445313,0.293779134114583,2858095.39279333
3022,0.136565587361654,0.0875839029947917,0.299553009033203,2858129.81010194
3023,0.137071228027344,0.0881733373006185,0.306302368164062,2833696.44474327
3024,0.136567474365234,0.088426638285319,0.312002797444661,2832887.9610756
3025,0.137073109944661,0.0890226694742839,0.318826568603516,2808020.10471237
3026,0.13657123819987,0.0892731348673503,0.32445073445638,2806726.35553572
3027,0.137076873779297,0.0898748346964518,0.331347941080729,2782093.81362568
3028,0.136573120117188,0.0901206029256185,0.336898640950521,2782536.95557522
3029,0.137078755696615,0.0907298049926758,0.343873077392578,2760726.62237637
3030,0.136576883951823,0.0909717712402344,0.349347544352214,2762949.83397478
3031,0.13708251953125,0.091585703531901,0.35639540608724,2759550.21466603
3032,0.136578765869141,0.0918239364624023,0.361793568929036,2746150.04462837
3033,0.137084406534831,0.09244447072347,0.368915802001953,2741792.03633438
3034,0.136582539876302,0.0926779708862305,0.374237701416016,2727953.55333031
3035,0.137091003417969,0.0933041381835937,0.381433278401693,2723853.94619251
3036,0.136587249755859,0.0935338719685872,0.386680735270182,2710788.22362109
3037,0.137093826293945,0.0941657053629557,0.393952667236328,2706070.39112497
3038,0.136587249755859,0.0943888702392578,0.399126993815104,2692592.77097682
3039,0.137095713297526,0.0950263366699219,0.406473327636719,2688519.66546728
3040,0.136591018676758,0.0952466710408529,0.411569325764974,2676429.62136731
3041,0.137099482218424,0.0958907038370768,0.418988993326823,2673059.13153434
3042,0.136592900594076,0.0961072692871094,0.424011657714844,2660334.68505422
3043,0.137101364135742,0.0967588348388672,0.431507670084635,2636687.90349062
3044,0.136597610473633,0.096970703125,0.43645399983724,2644838.62870493
3045,0.137106074015299,0.0976260706583659,0.44402333577474,2620818.16085732
3046,0.136600438435872,0.097832270304362,0.448895324707031,2628836.29562475
3047,0.137107955932617,0.0984942016601563,0.456539001464844,2605959.1791323
3048,0.136604197184245,0.0986985015869141,0.461335673014323,2613958.43008116
3049,0.137113596598307,0.099366101582845,0.469053670247396,2591498.08650077
3050,0.136607955932617,0.099563835144043,0.473776000976562,2599400.20990084
3051,0.137115478515625,0.100237101236979,0.4815693359375,2578152.62639225
3052,0.136609842936198,0.10043106842041,0.486215342203776,2585708.05588396
3053,0.137119252522786,0.101112803141276,0.494083343505859,2564846.2445205
3054,0.136613616943359,0.101301104227702,0.498654001871745,2572113.45468144
3055,0.137121139526367,0.101988471984863,0.506597330729167,2552057.48391975
3056,0.136615498860677,0.1021730372111,0.511091328938802,2559288.9652241
3057,0.13712489827474,0.1028670018514,0.519107991536458,2542806.57822904
3058,0.136619257609049,0.10304780069987,0.523528666178385,2546864.76822585
3059,0.137126775105794,0.103745501200358,0.531619995117187,2530156.22479469
3060,0.136621139526367,0.103918769836426,0.535964680989583,2534478.83808078
3061,0.137130544026693,0.104622136433919,0.544130350748698,2517307.1535003
3062,0.136624908447266,0.104793502807617,0.5484013671875,2522801.67996856
3063,0.13713525390625,0.105505335489909,0.556643025716146,2504841.74692552
3064,0.13662961324056,0.105671068827311,0.560837687174479,2510220.9837497
3065,0.137998682657878,0.0692406692504883,0.0157073262532552,5168956.5796109
3066,0.138500559488932,0.0697406361897786,0.0209633280436198,5465978.30406074
3067,0.138003412882487,0.0700589014689128,0.0283993326822917,4939857.77349843
3068,0.138505294799805,0.0705626678466797,0.0337296702067057,4648159.8825641
3069,0.138008127848307,0.0708771692911784,0.0410920054117839,4431477.35421056
3070,0.138510009765625,0.0713865712483724,0.0464986724853516,4306745.12377722
3071,0.138010009765625,0.0716991729736328,0.0537840067545573,4110865.5439325
3072,0.138511876424154,0.0722142384847005,0.0592640075683594,4028356.79264204
3073,0.138013758341471,0.0725221379597982,0.0664736735026042,3926513.73008199
3074,0.138515625,0.0730419031778971,0.0720280049641927,3830949.64543195
3075,0.138015640258789,0.0733460362752279,0.0791616719563802,3784174.78953055
3076,0.138517522176107,0.0738742701212565,0.0847916717529297,3701089.47066681
3077,0.138019419352214,0.0741755701700846,0.0918510030110677,3657254.72692986
3078,0.13852316792806,0.0747094370524089,0.0975550028483073,3596695.34191909
3079,0.138025054931641,0.0750069707234701,0.10453667195638,3566072.52737141
3080,0.138526921590169,0.0755446370442708,0.110315007527669,3501580.95981605
3081,0.138026941935221,0.0758384373982747,0.117222671508789,3475406.93129322
3082,0.138528823852539,0.0763808034261068,0.123076670328776,3431481.5233971
3083,0.138030726114909,0.0766708043416341,0.129909001668294,3399458.12527495
3084,0.138534474690755,0.0772188034057617,0.135837336222331,3349972.30556812
3085,0.138034474690755,0.0775060017903646,0.142595336914063,3327966.595728
3086,0.138536341349284,0.0780596694946289,0.148599004109701,3286709.41403729
3087,0.138036361694336,0.0783440373738607,0.155280670166016,3268422.81721406
3088,0.138540130615234,0.0789042714436849,0.16135866800944,3222512.65630201
3089,0.138040150960286,0.0791848704020182,0.167965001424154,3207908.16540326
3090,0.138543899536133,0.0797498372395833,0.174117335001628,3168105.87818758
3091,0.138043899536133,0.0800238367716471,0.180647237141927,3157115.93325356
3092,0.138547648111979,0.0805954030354818,0.186872970581055,3118852.25811671
3093,0.138045781453451,0.0808656361897786,0.193326670328776,3114232.82664879
3094,0.138550481160482,0.0814437713623047,0.199628768920898,3080293.15970691
3095,0.13805143737793,0.0817121047973633,0.206009033203125,3077394.37207541
3096,0.13855800374349,0.082295903523763,0.212387400309245,3048279.48774167
3097,0.138056126912435,0.0825595703125,0.218689534505208,3043977.28456719
3098,0.138559870402018,0.0831471379597982,0.225141367594401,3015055.01030839
3099,0.138058013916016,0.0834070053100586,0.231369099934896,3010565.47718739
3100,0.138563654581706,0.0840030364990234,0.237894368489583,2980044.94748248
3101,0.138061798095703,0.0842591349283854,0.244045837402344,2973900.0589265
3102,0.138565551757812,0.0848608016967773,0.2506455078125,2941439.93735799
3103,0.138063680013021,0.0851103363037109,0.256723510742188,2936302.74870741
3104,0.138569300333659,0.0857176717122396,0.2633994140625,2908455.3997623
3105,0.138069305419922,0.0859643707275391,0.269402099609375,2905698.95402321
3106,0.138574946085612,0.0865782699584961,0.276152425130208,2881343.74688749
3107,0.138073084513346,0.0868202692667643,0.282078847249349,2880131.36187286
3108,0.138576848347982,0.0874398701985677,0.288902587890625,2857955.99061332
3109,0.138074971516927,0.0876799697875977,0.294752726236979,2858095.39279333
3110,0.138580602010091,0.0883061370849609,0.301650868733724,2832796.9489819
3111,0.138078725179036,0.0885396372477214,0.307426635742187,2833696.44474327
3112,0.138584365844727,0.0891695709228516,0.314400095621745,2808433.82424834
3113,0.138082504272461,0.0893993021647135,0.320099599202474,2808020.10471237
3114,0.138588144938151,0.0900348688761393,0.327147471110026,2782675.12139375
3115,0.138084386189779,0.0902599360148112,0.332771647135417,2782093.81362568
3116,0.13859001159668,0.0909011713663737,0.339895772298177,2759129.49035412
3117,0.138088134765625,0.0911252721150716,0.345446502685547,2760726.62237637
3118,0.138596593221029,0.0917730712890625,0.352644063313802,2737320.73088162
3119,0.138092849731445,0.0919915364583333,0.358118499755859,2741174.48092691
3120,0.138599426269531,0.0926459681193034,0.365389506022135,2738457.65200026
3121,0.138094736735026,0.0928606694539388,0.370788645426432,2723929.68945628
3122,0.138603215535482,0.0935226033528646,0.378134145100911,2720935.13624725
3123,0.138101348876953,0.0937325719197591,0.383456878662109,2707088.05841511
3124,0.138609807332357,0.0944001388549805,0.390878672281901,2703275.69924691
3125,0.138106038411458,0.0946035385131836,0.39612700398763,2689995.82695891
3126,0.138611673990885,0.0952749048868815,0.403622334798177,2686130.20495815
3127,0.138107925415039,0.0954745381673177,0.40879433186849,2673186.5853757
3128,0.138615458170573,0.0961543706258138,0.416364003499349,2670012.04593905
3129,0.138111709594727,0.0963502019246419,0.421462666829427,2656845.83921725
3130,0.138619222005208,0.097033800760905,0.429107666015625,2632317.97711981
3131,0.138115458170573,0.0972258682250977,0.434130004882813,2641098.50932579
3132,0.138622970581055,0.09791796875,0.441849344889323,2617017.72126188
3133,0.138117340087891,0.0981063028971354,0.446796346028646,2625125.29804714
3134,0.138624872843424,0.098802136739095,0.454590006510417,2601655.04097879
3135,0.138121124267578,0.0989838358561198,0.459460673014323,2610248.12173451
3136,0.138630523681641,0.0996872024536133,0.467329671223958,2587664.71752899
3137,0.138126754760742,0.0998651682535807,0.472125996907552,2595796.3650004
3138,0.138634272257487,0.100575136820475,0.480069325764974,2573746.65379535
3139,0.13812863667806,0.100749336242676,0.484790334065755,2582249.02664042
3140,0.138636174519857,0.101464970906576,0.492807342529297,2561008.70422372
3141,0.13813242594401,0.101634470621745,0.497454345703125,2568883.39685708
3142,0.138642761230469,0.102354771931966,0.505547688802083,2547698.67200385
3143,0.138137110392253,0.102520472208659,0.51012001546224,2555966.60198982
3144,0.1386474609375,0.103246439615885,0.518286336263021,2538710.77752631
3145,0.138140889485677,0.103408404032389,0.522780314127604,2542806.57822904
3146,0.138651240030924,0.104140970865885,0.53102197265625,2525621.44106563
3147,0.138142766316732,0.104297269185384,0.535440979003906,2530156.22479469
3148,0.138653106689453,0.105036437988281,0.543756327311198,2512105.82660565
3149,0.138146519978841,0.105188036600749,0.548101013183594,2517307.1535003
3150,0.138658757527669,0.105933804829915,0.556492350260417,2499548.01931295
3151,0.138153127034505,0.106079737345378,0.560763346354167,2504841.74692552
3152,0.139497706095378,0.0699506378173828,0.0188559977213542,5901947.69170091
3153,0.139999608357747,0.0704882710774739,0.0243363342285156,5295565.66125592
3154,0.13950434366862,0.0707820358276367,0.0317740020751953,4718150.25251344
3155,0.140006210327148,0.0713244018554687,0.0373303375244141,4519224.2970135
3156,0.139509043375651,0.0716144358317057,0.0446926727294922,4339399.52357645
3157,0.14001091003418,0.0721624374389648,0.0503226725260417,4225697.18088359
3158,0.139513743082682,0.0724496383666992,0.0576086730957031,4051900.69839531
3159,0.140015609741211,0.073006103515625,0.0633146718343099,3962514.03539165
3160,0.139515609741211,0.0732904688517253,0.0705243377685547,3855928.12856559
3161,0.14001747639974,0.0738507029215495,0.0763040008544922,3770074.35922227
3162,0.139519373575846,0.07413037109375,0.0834376678466797,3719581.73622389
3163,0.140023137410482,0.0746953379313151,0.0892936655680339,3657637.89426085
3164,0.139525034586589,0.0749731038411458,0.0963516693115234,3609752.33785074
3165,0.140028767903646,0.0755427703857422,0.102281672159831,3558267.66280912
3166,0.139528767903646,0.075816769917806,0.109263341267904,3516155.17362665
3167,0.140030634562174,0.0763930358886719,0.115267008463542,3467662.16662382
3168,0.139530670166016,0.0766632690429687,0.122172673543294,3431481.5233971
3169,0.140034439086914,0.0772451705932617,0.128252670288086,3381046.13632761
3170,0.139536341349284,0.0775107040405273,0.135085001627604,3349972.30556812
3171,0.140040074666341,0.0781001358032227,0.141239334106445,3311985.7170449
3172,0.139540074666341,0.0783619028727214,0.14799533589681,3286709.41403729
3173,0.14004384358724,0.0789560699462891,0.154225001017253,3241779.22794915
3174,0.139543879191081,0.0792140706380208,0.160906667073568,3222512.65630201
3175,0.140047648111979,0.0798138707478841,0.16721066792806,3186819.87581875
3176,0.139547648111979,0.0800690383911133,0.173815002441406,3168105.87818758
3177,0.140051381429036,0.0806745045979818,0.180193303426107,3130470.20352635
3178,0.139551381429036,0.0809268697102865,0.186721369425456,3118852.25811671
3179,0.140056081136068,0.0815389022827148,0.193173202514648,3087651.58718159
3180,0.139557047526042,0.0817855707804362,0.19962690226237,3080293.15970691
3181,0.14006364440918,0.0824032389322917,0.20615500386556,3053184.85802687
3182,0.13956364440918,0.0826452382405599,0.212535237630208,3048279.48774167
3183,0.140067408243815,0.0832686030069987,0.219134902954102,3021323.98427869
3184,0.139565511067708,0.0835068359375,0.225438898722331,3015055.01030839
3185,0.140069274902344,0.0841367365519206,0.232114832560221,2986217.08273304
3186,0.139569274902344,0.0843730697631836,0.238342569986979,2980044.94748248
3187,0.140074940999349,0.0850086364746094,0.245091939290365,2949695.16462771
3188,0.13957307434082,0.0852402699788411,0.251243408203125,2941439.93735799
3189,0.140078709920247,0.0858796056111654,0.258069976806641,2914861.32845368
3190,0.139576807657878,0.0861074727376302,0.264147979736328,2908455.3997623
3191,0.140082443237305,0.0867534383138021,0.271048014322917,2885845.55335769
3192,0.139580576578776,0.0869775365193685,0.277049774169922,2881343.74688749
3193,0.140086242675781,0.0876291351318359,0.284024200439453,2859521.86405443
3194,0.139584376017253,0.0878494695027669,0.289950592041016,2857955.99061332
3195,0.140090006510417,0.0885067036946615,0.297000325520833,2832834.43873211
3196,0.13958810933431,0.0887232716878255,0.302850463867188,2832796.9489819
3197,0.140095642089844,0.0893870722452799,0.309973663330078,2808146.93445834
3198,0.139593775431315,0.0895998713175456,0.315747528076172,2808433.82424834
3199,0.14009944152832,0.0902693379720052,0.322946990966797,2784127.47808369
3200,0.139595672607422,0.090474604288737,0.328647430419922,2782675.12139375
3201,0.140102238972982,0.0911497395833333,0.335921305338542,2760098.20457808
3202,0.139600336710612,0.0913512395222982,0.341545471191406,2759129.49035412
3203,0.140108805338542,0.0920358047485351,0.348892771402995,2735299.20626394
3204,0.139606938680013,0.0922335357666016,0.354440633138021,2737320.73088162
3205,0.140115407307943,0.0929218343098958,0.3618623046875,2715530.29248968
3206,0.139611638387044,0.0931158014933268,0.367336741129557,2718685.4452369
3207,0.140117273966471,0.0938116353352865,0.374834706624349,2697651.69250636
3208,0.139613540649414,0.0940037358601888,0.380232971191406,2702173.22714861
3209,0.140121073404948,0.0947033360799154,0.387804361979167,2682525.9918683
3210,0.139619206746419,0.0948897705078125,0.393127329508464,2686131.76610865
3211,0.140126703898112,0.0955950368245443,0.40077300008138,2665967.65871459
3212,0.139622940063477,0.0957767715454102,0.406019673665365,2669564.20057376
3213,0.14013047281901,0.0964886372884114,0.413740681966146,2646972.78115942
3214,0.139626739501953,0.0966666030883789,0.418913014729818,2652758.62308523
3215,0.140136138916016,0.0973841018676758,0.426708353678385,2629953.58505595
3216,0.139632369995117,0.0975554682413737,0.431804341634115,2636687.90349062
3217,0.140139872233073,0.098279535929362,0.439673004150391,2613827.86905773
3218,0.139634236653646,0.0984499689737956,0.444695668538411,2620818.16085732
3219,0.140141774495443,0.0991825358072917,0.452640004475911,2598795.9397502
3220,0.139638041178385,0.0993463694254557,0.457587341308594,2605959.1791323
3221,0.140148376464844,0.100081736246745,0.465605000813802,2584399.32972735
3222,0.139644607543945,0.100240870157878,0.47047666422526,2591498.08650077
3223,0.140154942830404,0.100982869466146,0.478569661458333,2570527.26869983
3224,0.139648376464844,0.101139170328776,0.483365997314453,2578152.62639225
3225,0.140156845092773,0.101887736002604,0.491533335367839,2557539.06744197
3226,0.139650278727214,0.102039337158203,0.496253672281901,2564846.2445205
3227,0.140160614013672,0.102792635599772,0.504496337890625,2544076.69524083
3228,0.139656845092773,0.102938570658366,0.509143351236979,2552057.48391975
3229,0.140167175292969,0.103698435465495,0.517461344401042,2534696.90695892
3230,0.139663441975911,0.103840604146322,0.522032002766927,2538710.77752631
3231,0.140172841389974,0.104608004252116,0.530421325683594,2520755.50880953
3232,0.13966721089681,0.104746406555176,0.534917317708333,2525621.44106563
3233,0.140176610310872,0.10552040608724,0.543383341471354,2507297.16381814
3234,0.139670979817708,0.105654139200846,0.547803344726562,2512105.82660565
3235,0.140180379231771,0.106433804829915,0.556342692057292,2493935.47081417
3236,0.139674743652344,0.106561871846517,0.56068701171875,2499548.01931295
3237,0.140997706095378,0.0707622706095378,0.0224550069173177,5454752.42615568
3238,0.141499572753906,0.071338503519694,0.0281610056559245,4944439.75391402
3239,0.141003341674805,0.0716068700154622,0.0355986684163411,4566932.371077
3240,0.141505208333333,0.0721887690226237,0.0413810017903646,4448054.95522514
3241,0.141009943644206,0.0724543024698893,0.048742670694987,4261085.86988665
3242,0.141511810302734,0.0730418701171875,0.0545993347167969,4148553.68581972
3243,0.141014643351237,0.0733064702351888,0.0618853352864583,3984977.76851907
3244,0.141516510009766,0.0739006373087565,0.0678153330485026,3910561.30335443
3245,0.141019343058268,0.0741605046590169,0.0750243326822917,3787876.3100668
3246,0.141523076375326,0.0747574717203776,0.0810279998779297,3738128.32883688
3247,0.141024973551432,0.0750126368204753,0.0881636657714844,3668407.44562692
3248,0.141528737386068,0.0756181030273437,0.0942443339029948,3637920.1794501
3249,0.141030634562174,0.07587047068278,0.101304336547852,3570683.36872208
3250,0.141532501220703,0.0764806391398112,0.107458338419596,3528158.98321546
3251,0.141032501220703,0.0767292048136393,0.114439341227214,3467662.16662382
3252,0.141534367879232,0.0773468704223633,0.120667007446289,3422230.54375123
3253,0.141036270141602,0.0775926030476888,0.127574671427409,3381046.13632761
3254,0.1415400390625,0.0782140706380208,0.133878667195638,3341932.78930916
3255,0.14104194132487,0.0784560699462891,0.140710998535156,3311985.7170449
3256,0.141545674641927,0.0790841369628906,0.147089335123698,3269796.8745076
3257,0.141047576904297,0.0793223698933919,0.15384733581543,3241779.22794915
3258,0.141551345825195,0.0799542032877604,0.160301005045573,3212556.74781646
3259,0.141051381429036,0.0801877034505208,0.166982671101888,3186819.87581875
3260,0.141555114746094,0.0808270365397135,0.173510676066081,3151082.37467232
3261,0.141055114746094,0.0810586700439453,0.180116973876953,3130470.20352635
3262,0.141558848063151,0.0817046025594075,0.186718470255534,3104223.8680716
3263,0.141059814453125,0.0819324696858724,0.19324663289388,3087651.58718159
3264,0.14156357828776,0.0825821711222331,0.199922566731771,3062870.63530409
3265,0.141066441853841,0.082806271870931,0.206377237955729,3053184.85802687
3266,0.141570205688477,0.0834625727335612,0.213129440307617,3030453.81254986
3267,0.141071172078451,0.0836829045613607,0.219506871541341,3021323.98427869
3268,0.141574905395508,0.0843448715209961,0.226332504272461,2993941.4461487
3269,0.141074905395508,0.0845604705810547,0.232636469523112,2986217.08273304
3270,0.141580540974935,0.085228037516276,0.23953840637207,2960319.83000484
3271,0.141080576578776,0.0854398701985677,0.245766138712565,2949695.16462771
3272,0.141586212158203,0.0861140696207682,0.252741500854492,2926168.99381068
3273,0.141086212158203,0.0863221715291341,0.258893870035807,2914861.32845368
3274,0.141591842651367,0.0870020039876302,0.265943613688151,2895624.84867797
3275,0.141089975992839,0.0872054036458333,0.272019755045573,2885845.55335769
3276,0.141595606486003,0.0878909022013346,0.279144836425781,2864745.62974735
3277,0.141093739827474,0.0880905354817708,0.285147521972656,2859521.86405443
3278,0.141599370320638,0.0887826029459635,0.292346984863281,2835928.77581115
3279,0.141097503662109,0.0889784367879232,0.298273396809896,2832834.43873211
3280,0.141603139241536,0.0896761703491211,0.305546305338542,2809768.13700674
3281,0.141103174845378,0.0898682378133138,0.31139643351237,2808146.93445834
3282,0.141608810424805,0.0905725708007813,0.318743733723958,2786390.59508856
3283,0.141106943766276,0.090760871887207,0.324520426432292,2784127.47808369
3284,0.141613510131836,0.09147083791097,0.331944000244141,2762277.23073738
3285,0.14111257425944,0.0916544392903646,0.337644439697266,2760098.20457808
3286,0.141621007283529,0.0923700714111328,0.345141448974609,2736894.40913676
3287,0.141119140625,0.0925499369303385,0.350765614827474,2735299.20626394
3288,0.141626673380534,0.0932721354166667,0.358336975097656,2713813.62074902
3289,0.141124806722005,0.0934463017781575,0.363885803222656,2715530.29248968
3290,0.141632303873698,0.0941741358439128,0.371533437093099,2694888.14439957
3291,0.141128540039062,0.0943455022176107,0.377007904052734,2697651.69250636
3292,0.141636072794596,0.0950790354410807,0.384728830973307,2679085.74073725
3293,0.141132339477539,0.0952447687784831,0.390127024332682,2682525.9918683
3294,0.141639872233073,0.095984868367513,0.397922658284505,2663339.26653291
3295,0.141136103312174,0.0961487019856771,0.403245666503906,2665967.65871459
3296,0.14164360555013,0.0968944346110026,0.41111567179362,2646659.10354708
3297,0.141141738891602,0.0970526351928711,0.416364013671875,2649603.6212139
3298,0.141649276733398,0.0978049697875977,0.424309346516927,2630888.25087536
3299,0.14114741007487,0.0979584706624349,0.429481353759766,2632317.97711981
3300,0.141654912312826,0.098716438293457,0.437501007080078,2613497.88848538
3301,0.141151143391927,0.0988661371866862,0.442596669514974,2617017.72126188
3302,0.141659612019857,0.0996297709147135,0.450690663655599,2598502.36495367
3303,0.141155878702799,0.0997757364908854,0.455711334228516,2601655.04097879
3304,0.141666244506836,0.100545036315918,0.463881673177083,2583474.31442434
3305,0.141162475585938,0.100687202453613,0.468828002929688,2587664.71752899
3306,0.141672805786133,0.101462135314941,0.477070678710938,2569733.14259541
3307,0.141169041951497,0.101598668416341,0.481940673828125,2573746.65379535
3308,0.141678476969401,0.102380200703939,0.490259674072266,2555811.75340367
3309,0.141172846476237,0.102512967427572,0.495055999755859,2561008.70422372
3310,0.141682245890299,0.103302968343099,0.503449330647786,2542359.92140292
3311,0.141176579793294,0.103431035359701,0.50816933186849,2547698.67200385
3312,0.141687876383464,0.104226669311523,0.516637329101562,2530809.52830723
3313,0.141182240804036,0.104348134358724,0.52128232828776,2534696.90695892
3314,0.141691670735677,0.105150367736816,0.529824666341146,2516384.37486385
3315,0.141186004638672,0.105268068949382,0.534393005371094,2520755.50880953
3316,0.141695404052734,0.106075970967611,0.543007690429688,2502911.43579773
3317,0.141191640218099,0.106189905802409,0.547502034505208,2507297.16381814
3318,0.141701075236003,0.107003471374512,0.556193033854167,2488982.23913085
3319,0.141195444742839,0.107113637288411,0.560613688151042,2493935.47081417
3320,0.142499537150065,0.0716765365600586,0.0265056711832682,5328836.32285942
3321,0.143003270467122,0.072292371114095,0.0324376678466797,4820877.29016447
3322,0.142505172729492,0.0725362370808919,0.0398753356933594,4504094.43238141
3323,0.143007039388021,0.0731577021280925,0.0458810017903646,4357461.77256688
3324,0.142508941650391,0.0733978017171224,0.0532433319091797,4184030.44566874
3325,0.143010808308919,0.074025868733724,0.059322998046875,4087047.50822828
3326,0.142515543619792,0.0742641042073568,0.0666089986165364,3930954.50158662
3327,0.14301741027832,0.0748978042602539,0.0727623341878255,3881424.16140879
3328,0.142522109985352,0.0751313044230143,0.0799723358154297,3749604.66034133
3329,0.143023040771484,0.0757687708536784,0.0862040049235026,3725318.3741059
3330,0.142527770996094,0.0760004043579102,0.093340337117513,3637920.1794501
3331,0.143029668172201,0.0766444702148437,0.0996463368733724,3600586.37976948
3332,0.142532501220703,0.0768723373413086,0.106704335530599,3528158.98321546
3333,0.143034367879232,0.0775220362345378,0.113082000732422,3484093.8579279
3334,0.14253623453776,0.0777480036417643,0.120063669840495,3422230.54375123
3335,0.143040003458659,0.0784042689005534,0.126517333984375,3381138.22274942
3336,0.142541905721029,0.0786246032714844,0.133424667358398,3341932.78930916
3337,0.143045674641927,0.0792846705118815,0.139954666137695,3307943.24321019
3338,0.142547541300456,0.0795022048950195,0.146787002563477,3269796.8745076
3339,0.143051310221354,0.0801698048909505,0.153391337076823,3235394.55679681
3340,0.142553212483724,0.0803835703531901,0.160147338867187,3212556.74781646
3341,0.143056981404622,0.081057736714681,0.166825337727865,3177722.43366049
3342,0.142558848063151,0.081267702738444,0.173507008870443,3151082.37467232
3343,0.143062611897786,0.0819475377400716,0.180259272257487,3126727.5025312
3344,0.142562611897786,0.0821528040568034,0.186864435831706,3104223.8680716
3345,0.143066375732422,0.0828364054361979,0.193690129597982,3080378.38237806
3346,0.142566375732422,0.0830379053751628,0.200220097859701,3062870.63530409
3347,0.14307297261556,0.0837281061808268,0.207122034708659,3043152.09274142
3348,0.142573939005534,0.0839286727905273,0.213576705932617,3030453.81254986
3349,0.143080505371094,0.0846273396809896,0.220553939819336,3004190.5096879
3350,0.142580505371094,0.0848232065836589,0.226932306925456,2993941.4461487
3351,0.143086140950521,0.0855246734619141,0.233983907063802,2972087.7511874
3352,0.142586176554362,0.0857139053344727,0.240286041259766,2960319.83000484
3353,0.143091812133789,0.0864219716389974,0.247412038167318,2939642.35256249
3354,0.142591812133789,0.0866103032430013,0.253639765421549,2926168.99381068
3355,0.143097442626953,0.0873240381876628,0.260841094970703,2911876.69955717
3356,0.142597473144531,0.0875076370239258,0.26699257405599,2895624.84867797
3357,0.143103103637695,0.0882270050048828,0.274266428629557,2875483.9580164
3358,0.142603103637695,0.0884068705240885,0.280342549641927,2864745.62974735
3359,0.143108739217122,0.0891328379313151,0.287692677815755,2843911.2503387
3360,0.142606872558594,0.0893089370727539,0.293694427490234,2835928.77581115
3361,0.143112508138021,0.09004150390625,0.301117970784505,2815011.10542384
3362,0.142610641479492,0.0902129033406575,0.307043436686198,2809768.13700674
3363,0.143119110107422,0.0909501698811849,0.314543273925781,2791924.58274085
3364,0.142617243448893,0.0911177698771159,0.320393442789714,2786390.59508856
3365,0.14312570699056,0.0918616027832031,0.327967641194661,2767050.79077411
3366,0.142623840332031,0.0920263697306315,0.333741505940755,2762277.23073738
3367,0.143132303873698,0.092775868733724,0.341389139811198,2742916.8212199
3368,0.142630406697591,0.0929359690348307,0.347088643391927,2736894.40913676
3369,0.143137939453125,0.0936911366780599,0.354810679117839,2716504.12082689
3370,0.142636072794596,0.0938474375406901,0.360434844970703,2713813.62074902
3371,0.14314360555013,0.0946091715494792,0.368230305989583,2695457.56513131
3372,0.14264170328776,0.0947617034912109,0.373780069986979,2694888.14439957
3373,0.143149205525716,0.0955291035970052,0.381651845296224,2678028.09487123
3374,0.142647338867188,0.0956750691731771,0.387126139322917,2679085.74073725
3375,0.143154876708984,0.0964462356567383,0.395072336832682,2663190.32176161
3376,0.142651143391927,0.0965903015136719,0.400470662434896,2663339.26653291
3377,0.143158676147461,0.0973699340820312,0.408492329915365,2648326.66421932
3378,0.142654907226562,0.0975102335611979,0.413814331054688,2646972.78115942
3379,0.143165242513021,0.0982964680989583,0.421910003662109,2632095.98590143
3380,0.142661478678385,0.0984330037434896,0.427156677246094,2629953.58505595
3381,0.143171844482422,0.0992249043782552,0.435326009114583,2616693.17057835
3382,0.142667144775391,0.0993548380533854,0.440498331705729,2613827.86905773
3383,0.143177474975586,0.100152369181315,0.448741994222005,2599905.69898735
3384,0.142673711140951,0.100277603149414,0.453838663736979,2598795.9397502
3385,0.143184076944987,0.10108080291748,0.462155670166016,2585777.78713433
3386,0.14268034362793,0.101202270507812,0.467178009033203,2584399.32972735
3387,0.143189743041992,0.102012036641439,0.47557133992513,2570896.61376994
3388,0.142685974121094,0.102129735310872,0.48051767985026,2570527.26869983
3389,0.143195373535156,0.102946100870768,0.488984680175781,2557464.56581545
3390,0.142691640218099,0.103060033162435,0.493856679280599,2557539.06744197
3391,0.143201039632161,0.103882034301758,0.502399668375651,2542373.79728657
3392,0.142697275797526,0.103992202758789,0.507195994059245,2544076.69524083
3393,0.143206675211589,0.10482270304362,0.515811665852865,2527917.94889662
3394,0.142702941894531,0.104929102579753,0.520532999674479,2530809.52830723
3395,0.143213272094727,0.105762402852376,0.529223999023438,2513596.49003827
3396,0.142707636515299,0.10586220296224,0.533870666503906,2516384.37486385
3397,0.143217971801758,0.106701169331868,0.542636006673177,2499017.28956835
3398,0.142711405436198,0.106797236124674,0.54720469156901,2502911.43579773
3399,0.143223607381185,0.107642804463704,0.55604335530599,2485457.17360674
3400,0.142717041015625,0.107735104878743,0.560537353515625,2488982.23913085
3401,0.144003270467122,0.0726935043334961,0.0310076700846354,4409773.8961341
3402,0.144505137125651,0.0733479385375977,0.0371636708577474,4340333.78377077
3403,0.14400700378418,0.0735682703653971,0.0445993347167969,4408916.35210863
3404,0.144508906046549,0.0742283045450846,0.0508300018310547,4266304.07778208
3405,0.144010808308919,0.0744458033243815,0.0581913350423177,4115216.27324035
3406,0.144514577229818,0.0751115036010742,0.0644973347981771,4051750.16436654
3407,0.144016443888346,0.0753252690633138,0.0717823333740234,3892550.11456363
3408,0.144520207722982,0.0759966354370117,0.0781626688639323,3874027.75069304
3409,0.144022104899089,0.0762066370646159,0.0853743387858073,3725318.3741059
3410,0.144525868733724,0.0768845698038737,0.0918310038248698,3688307.53051596
3411,0.144028701782227,0.0770907694498698,0.0989666697184245,3600586.37976948
3412,0.144533401489258,0.0777743682861328,0.105494669596354,3564027.90635766
3413,0.14403623453776,0.0779777679443359,0.112552001953125,3484093.8579279
3414,0.144539967854818,0.07866796875,0.119156336466471,3437540.79706459
3415,0.144041870117187,0.0788685022989909,0.126139999389648,3381138.22274942
3416,0.144545639038086,0.0795624694824219,0.132819666544596,3356288.31164173
3417,0.144047541300456,0.0797583033243815,0.13972699991862,3307943.24321019
3418,0.144551274617513,0.0804598032633464,0.146481333414714,3271159.58246676
3419,0.144053176879883,0.0806537704467773,0.153313334147135,3235394.55679681
3420,0.144556940714518,0.0813618698120117,0.160141001383464,3210936.85667546
3421,0.144058842976888,0.0815520706176758,0.166897003173828,3177722.43366049
3422,0.144562571207682,0.0822639032999675,0.173801005045573,3147376.53119848
3423,0.144064473470052,0.0824494043986003,0.180481602986654,3126727.5025312
3424,0.144568237304688,0.0831669031778971,0.187458704630534,3105141.02138862
3425,0.144070139567057,0.083348637898763,0.194062067667643,3080378.38237806
3426,0.144576705932617,0.0840727030436198,0.201115570068359,3055324.63394028
3427,0.14407953898112,0.0842506713867188,0.207645568847656,3043152.09274142
3428,0.14458610534668,0.0849804026285807,0.214773473103841,3017970.31594627
3429,0.14408610534668,0.085156504313151,0.221227172851562,3004190.5096879
3430,0.144591740926107,0.0858919041951497,0.228429438273112,2978820.60931968
3431,0.144091776529948,0.0860642064412435,0.234807805379232,2972087.7511874
3432,0.144597412109375,0.0868033396402995,0.242083536783854,2952571.53491372
3433,0.144097412109375,0.0869718729654948,0.248385635375977,2939642.35256249
3434,0.144603042602539,0.0877195053100586,0.255736704508464,2923499.16496687
3435,0.144103073120117,0.0878833389282227,0.261964436848958,2911876.69955717
3436,0.144608739217122,0.088636604309082,0.269389892578125,2892004.76475624
3437,0.144108739217122,0.0887966715494792,0.275540405273437,2875483.9580164
3438,0.144614374796549,0.0895565363566081,0.283040222167969,2854329.91741123
3439,0.144114374796549,0.0897128372192383,0.289116373697917,2843911.2503387
3440,0.144620010375977,0.0904783706665039,0.296691518147786,2825223.49917351
3441,0.144120010375977,0.0906309382120768,0.302691365559896,2815011.10542384
3442,0.144626576741536,0.0914021377563477,0.310340891520182,2797721.9738382
3443,0.14412754313151,0.0915499699910482,0.316267333984375,2791924.58274085
3444,0.144634140014648,0.0923277028401693,0.323991271972656,2774507.66185852
3445,0.144134170532227,0.0924717356363932,0.32984141031901,2767050.79077411
3446,0.14464170328776,0.0932560704549154,0.337638743082682,2749305.25630989
3447,0.14414170328776,0.0933954366048177,0.343412607828776,2742916.8212199
3448,0.144649205525716,0.094185437520345,0.351286244710286,2725196.71354637
3449,0.144147338867188,0.0943210372924805,0.35698481241862,2716504.12082689
3450,0.144654876708984,0.095116704305013,0.364932851155599,2700091.84294678
3451,0.144153010050456,0.0952485376993815,0.370554178873698,2695457.56513131
3452,0.144660512288411,0.0960489044189453,0.378577473958333,2680597.61747567
3453,0.144158610026042,0.0961769383748372,0.384125376383464,2678028.09487123
3454,0.144666142781576,0.0969829381306966,0.392223012288411,2663304.26472277
3455,0.144164276123047,0.0971062698364258,0.397695678710937,2663190.32176161
3456,0.144672744750977,0.097919802347819,0.405867004394531,2648326.66421932
3457,0.144170878092448,0.0980394007364909,0.411265329996745,2646659.10354708
3458,0.144679341634115,0.0988595352172852,0.419509999593099,2635167.13759705
3459,0.144177474975586,0.0989763031005859,0.424832672119141,2630888.25087536
3460,0.144685907999674,0.0998020706176758,0.433152679443359,2620268.209343
3461,0.144184041341146,0.0999141362508138,0.438399342854818,2613497.88848538
3462,0.14469157409668,0.100745569864909,0.446792673746745,2603879.19376366
3463,0.144189707438151,0.10085386912028,0.451963002522786,2598502.36495367
3464,0.144699106852214,0.101690935770671,0.46043266805013,2588866.4362966
3465,0.144197240193685,0.101792635599772,0.465528666178385,2583474.31442434
3466,0.144706639607747,0.102636304219564,0.47407167561849,2574335.75208426
3467,0.144202875773112,0.102734237670898,0.479092010498047,2569733.14259541
3468,0.144712275187174,0.103584503173828,0.487709676106771,2559785.35445439
3469,0.144208541870117,0.103678667704264,0.492656005859375,2555811.75340367
3470,0.144718907674154,0.104536468505859,0.501349009195964,2544639.03095268
3471,0.144215138753255,0.104625902811686,0.506220672607422,2542359.92140292
3472,0.144725474039714,0.105489336649577,0.514987660725912,2528269.62660756
3473,0.144220774332682,0.105575968424479,0.51978232828776,2527917.94889662
3474,0.144731140136719,0.106446001688639,0.528622009277344,2512723.48700953
3475,0.14422737121582,0.106526036580404,0.533342346191406,2513596.49003827
3476,0.144737701416016,0.107399836222331,0.542257344563802,2498659.13615361
3477,0.14423393758138,0.107475168863932,0.546904337565104,2499017.28956835
3478,0.144745239257812,0.108356501261393,0.555893676757813,2483812.56336022
3479,0.144241475423177,0.108428070068359,0.560464009602865,2485457.17360674
3480,0.145503239949544,0.0738121388753255,0.0359566701253255,4594407.38555461
3481,0.146005106608073,0.0745061060587565,0.042336669921875,4592130.42249729
3482,0.145508906046549,0.0747019399007161,0.0497743377685547,4287503.77935958
3483,0.146010772705078,0.0754015401204427,0.0562300059000651,4196590.74150441
3484,0.145514541625977,0.0755936050415039,0.0635916697184245,4058892.23703961
3485,0.146016408284505,0.0762988713582357,0.0701233367919922,4024563.97177192
3486,0.145520207722982,0.0764881362915039,0.0774093373616536,3874027.75069304
3487,0.14602207438151,0.0772000045776367,0.0840153401692708,3835377.03555543
3488,0.145525838216146,0.0773864364624023,0.091225336710612,3688307.53051596
3489,0.146029571533203,0.0781029713948568,0.0979050038655599,3662769.77202868
3490,0.145534301757813,0.0782847035725911,0.105038670857747,3564027.90635766
3491,0.146039001464844,0.0790059712727865,0.11179167175293,3514475.05963941
3492,0.145541834513346,0.0791858367919922,0.118852005004883,3437540.79706459
3493,0.146045567830404,0.0799155705769857,0.125682337443034,3410946.10981961
3494,0.145547470092773,0.0800916697184245,0.13266633605957,3356288.31164173
3495,0.146051239013672,0.0808251698811849,0.139570002237956,3320239.8109816
3496,0.145553141276042,0.0809974695841471,0.146477666219076,3271159.58246676
3497,0.146056874593099,0.0817375361124675,0.153457667032878,3247881.96461654
3498,0.145558771769206,0.081907969156901,0.160289001464844,3210936.85667546
3499,0.14606440226237,0.0826537017822266,0.16734233601888,3180491.91570329
3500,0.145566299438477,0.0828194351196289,0.174098337809245,3147376.53119848
3501,0.146071935017904,0.0835708363850911,0.181226170857747,3131061.89706232
3502,0.145571970621745,0.0837328033447266,0.187905939737956,3105141.02138862
3503,0.146077606201172,0.0844908040364583,0.19510720316569,3080279.71540426
3504,0.145580439249674,0.0846489690144857,0.201713470458984,3055324.63394028
3505,0.146087005615234,0.085412602742513,0.208991068522135,3035452.12463357
3506,0.145589838663737,0.0855660680135091,0.215521072387695,3017970.31594627
3507,0.146093607584635,0.0863353678385417,0.222873072306315,2993417.36435431
3508,0.145595509847005,0.086485102335612,0.22932773844401,2978820.60931968
3509,0.14610117594401,0.0872609710693359,0.236753168741862,2965974.92161814
3510,0.145603042602539,0.0874069061279297,0.243130599975586,2952571.53491372
3511,0.146108673095703,0.0881893717447917,0.250629506429036,2938079.310755
3512,0.145608673095703,0.0883334376017253,0.256933512369792,2923499.16496687
3513,0.146114339192708,0.0891215693155925,0.264509613037109,2907906.5854104
3514,0.145614374796549,0.0892609024047852,0.270738260904948,2892004.76475624
3515,0.146120010375977,0.0900546696980794,0.278387786865234,2871152.47720692
3516,0.145620010375977,0.0901902364095052,0.284539235432943,2854329.91741123
3517,0.146125640869141,0.0909877700805664,0.292264119466146,2838172.23550816
3518,0.145625640869141,0.0911196034749349,0.298340250651042,2825223.49917351
3519,0.146134104410807,0.0919256388346354,0.306137634277344,2808423.93476165
3520,0.145635040283203,0.0920556055704753,0.312138427734375,2797721.9738382
3521,0.14614350382487,0.0928653717041016,0.320012064615885,2782731.71750861
3522,0.145641637166341,0.092989636739095,0.325938466389974,2774507.66185852
3523,0.146149169921875,0.0938059692382812,0.333885538736979,2757946.70868839
3524,0.145649205525716,0.0939283701578776,0.339735677083333,2749305.25630989
3525,0.146156707763672,0.0947513376871745,0.347759043375651,2734952.90653987
3526,0.145656707763672,0.0948690388997396,0.35353574625651,2725196.71354637
3527,0.146164210001628,0.0956967035929362,0.361633504231771,2708768.0939644
3528,0.145664245605469,0.0958087692260742,0.367332041422526,2700091.84294678
3529,0.146171778361003,0.0966421025594075,0.375503336588542,2685837.01079931
3530,0.145669911702474,0.0967504043579102,0.38112744140625,2680597.61747567
3531,0.146177408854167,0.097592170715332,0.389375010172526,2666405.93138368
3532,0.145675542195638,0.0976966705322266,0.394922678629557,2663304.26472277
3533,0.146184005737305,0.0985441029866536,0.403241678873698,2650531.66067221
3534,0.145683074951172,0.0986439030965169,0.408713338216146,2648326.66421932
3535,0.146191543579102,0.0994979349772135,0.417108673095703,2638907.11554768
3536,0.145689676920573,0.0995939687093099,0.422507008870443,2632095.98590143
3537,0.146199106852214,0.100453669230143,0.430976674397786,2624050.9808994
3538,0.145697204589844,0.100545003255208,0.436299672444661,2616693.17057835
3539,0.146206604003906,0.101410336812337,0.444843668619792,2608388.18223402
3540,0.145702840169271,0.1014988377889,0.450090006510417,2599905.69898735
3541,0.146212275187174,0.102370770772298,0.458706339518229,2592979.24558835
3542,0.145710408528646,0.102454569498698,0.463878672281901,2585777.78713433
3543,0.146219807942708,0.103332135518392,0.472571665445964,2577863.45036328
3544,0.145717905680339,0.103412170410156,0.477668670654297,2570896.61376994
3545,0.146228240966797,0.104296338399251,0.486435668945312,2562867.56742607
3546,0.145726374308268,0.104370737711589,0.491456339518229,2557464.56581545
3547,0.146236740112305,0.105260536193848,0.500299001057943,2544639.03095268
3548,0.145733006795247,0.105332102457682,0.505245340983073,2542373.79728657
3549,0.146243336995443,0.106229436238607,0.51416200764974,2529458.35542535
3550,0.145739573160807,0.106297236124674,0.51903266398112,2528269.62660756
3551,0.146250839233398,0.10719926961263,0.528024007161458,2514523.43529257
3552,0.145747105916341,0.107261403401693,0.532818684895833,2512723.48700953
3553,0.146258407592773,0.108169102986654,0.541883707682292,2499678.99016798
3554,0.145752772013346,0.108227500915527,0.546602030436198,2498659.13615361
3555,0.146264043172201,0.109140866597493,0.555743021647135,2485098.33050807
3556,0.145760274251302,0.109194534301758,0.560387674967448,2483812.56336022
3557,0.147003209431966,0.0750352732340495,0.0413556722005208,4688447.543701
3558,0.147505076090495,0.0757687733968099,0.0479636739095052,4811612.72646064
3559,0.14700883992513,0.0759392064412435,0.0554003397623698,4205709.05257716
3560,0.147510706583659,0.0766774063110352,0.0620820058186849,4132075.48007708
3561,0.147014506022135,0.0768450063069661,0.0694433390299479,4024563.97177192
3562,0.147518274943034,0.0775907389322917,0.0761993408203125,3916430.59628659
3563,0.147022043863932,0.077756472269694,0.083485341389974,3835377.03555543
3564,0.14752577718099,0.0785069376627604,0.0903150075276693,3776678.03792147
3565,0.147029541015625,0.0786670049031575,0.0975246734619141,3662769.77202868
3566,0.14753330485026,0.0794231033325195,0.104430338541667,3614757.45488199
3567,0.14703803507487,0.0795803375244141,0.111563669840495,3514475.05963941
3568,0.147541803995768,0.0803421045939128,0.118543670654297,3467068.20707318
3569,0.147046503702799,0.0804974721272786,0.125602005004883,3410946.10981961
3570,0.147550272623698,0.0812658055623372,0.132658340454102,3378709.03981298
3571,0.147053105672201,0.0814174041748047,0.139642339070638,3320239.8109816
3572,0.147556874593099,0.0821895039876302,0.146772003173828,3293650.04423279
3573,0.147058741251628,0.0823373362223307,0.153679667154948,3247881.96461654
3574,0.147562505086263,0.0831169687906901,0.160883000691732,3220111.64349513
3575,0.147066268920898,0.0832629013061523,0.167714335123698,3180491.91570329
3576,0.147571935017904,0.0840482025146484,0.174992004394531,3162198.68060043
3577,0.147075703938802,0.0841904042561849,0.181747838338216,3131061.89706232
3578,0.147579472859701,0.0849823048909505,0.189099909464518,3110351.20064608
3579,0.147081339518229,0.0851207377115885,0.195779505411784,3080279.71540426
3580,0.147585108439128,0.08591636912028,0.203207773844401,3057171.38649248
3581,0.14708794148763,0.0860500691731771,0.209813069661458,3035452.12463357
3582,0.147594543457031,0.0868541692097982,0.217314804077148,3013298.73268199
3583,0.147097376505534,0.0869860026041667,0.223844802856445,2993417.36435431
3584,0.147603012084961,0.0877939020792643,0.231420903523763,2981697.17772666
3585,0.147104909261068,0.0879191360473633,0.237874603271484,2965974.92161814
3586,0.147610539754232,0.088732671101888,0.245524134318034,2955703.23942153
3587,0.147112436930339,0.0888569717407227,0.251901606241862,2938079.310755
3588,0.147618072509766,0.0896790033976237,0.259627405802409,2921775.07173161
3589,0.147119974772135,0.0897995351155599,0.265931406656901,2907906.5854104
3590,0.147625610351562,0.0906243693033854,0.273733459472656,2890535.59768856
3591,0.147125610351562,0.0907401707967122,0.279961191813151,2871152.47720692
3592,0.147631240844727,0.0915716044108073,0.287833892822266,2854559.87844612
3593,0.147131271362305,0.0916836369832357,0.293985371907552,2838172.23550816
3594,0.147639734903971,0.0925216700236003,0.301935272216797,2822801.41863695
3595,0.147142567952474,0.0926318384806315,0.308011403401693,2808423.93476165
3596,0.147651036580404,0.0934783376057943,0.316035664876302,2792700.15534195
3597,0.147151036580404,0.0935819040934245,0.322035532633464,2782731.71750861
3598,0.147656672159831,0.0944312032063802,0.330135131835938,2768310.9950803
3599,0.147156672159831,0.0945310033162435,0.336058736165365,2757946.70868839
3600,0.147664210001628,0.0953888041178386,0.344232737223307,2743672.43128785
3601,0.147164210001628,0.0954867375691732,0.35008290608724,2734952.90653987
3602,0.147671712239583,0.0963502044677734,0.358330373128255,2720404.63745881
3603,0.147171712239583,0.0964424692789714,0.364104268391927,2708768.0939644
3604,0.147681111653646,0.0973106358846029,0.372426106770833,2693441.21320176
3605,0.147181142171224,0.097398203531901,0.378126637776693,2685837.01079931
3606,0.147689605712891,0.0982739028930664,0.38652207438151,2672427.22174725
3607,0.147187739054362,0.0983595682779948,0.392146341959635,2666405.93138368
3608,0.147696207682292,0.09924183400472,0.400615010579427,2654070.44428319
3609,0.147194341023763,0.0993218688964844,0.406162679036458,2650531.66067221
3610,0.147704706827799,0.100207903544108,0.41470566813151,2644464.99038197
3611,0.147202840169271,0.100284169514974,0.420180002848307,2635167.13759705
3612,0.147712239583333,0.101177736918132,0.428799336751302,2630692.69683232
3613,0.147210372924805,0.101251202901204,0.434197672526042,2620268.209343
3614,0.147719772338867,0.102150436401367,0.442891662597656,2614535.31001518
3615,0.147217905680339,0.102218236287435,0.448214660644531,2603879.19376366
3616,0.147727305094401,0.103122169494629,0.456983662923177,2599983.63685302
3617,0.147225438435872,0.10318620300293,0.46222900390625,2588866.4362966
3618,0.147735773722331,0.104097668965658,0.47107167561849,2583492.2449789
3619,0.147232009887695,0.10415980275472,0.476242004394531,2574335.75208426
3620,0.147742340087891,0.105077870686849,0.485160003662109,2566766.58979326
3621,0.147240473429362,0.105134371439616,0.490256663004557,2559785.35445439
3622,0.147752705891927,0.10605807240804,0.499249664306641,2546832.23192878
3623,0.147250839233398,0.106109837849935,0.504271331787109,2544639.03095268
3624,0.147760238647461,0.107041069030762,0.513338002522786,2531510.57301046
3625,0.147256469726563,0.107089101155599,0.518282338460286,2529458.35542535
3626,0.147767740885417,0.108026934305827,0.52742333984375,2516215.9824909
3627,0.147265874226888,0.10806930287679,0.532294352213542,2514523.43529257
3628,0.14777717590332,0.109010902404785,0.541510009765625,2501708.65617378
3629,0.147273442586263,0.109048568725586,0.5463046875,2499678.99016798
3630,0.147783808390299,0.109998634338379,0.555593343098958,2486378.90303912
3631,0.147280044555664,0.110032534281413,0.560313354492188,2485098.33050807
3632,0.148502212524414,0.0763610382080078,0.0472076721191406,4811612.72646064
3633,0.149003143310547,0.0771331380208333,0.0540390065511068,5005933.36409935
3634,0.148507873535156,0.0772790730794271,0.0614766743977865,4132075.48007708
3635,0.149011637369792,0.0780568389892578,0.0683823394775391,3999073.40709216
3636,0.148518239339193,0.0782009048461914,0.0757436726888021,3916430.59628659
3637,0.14902197265625,0.078986203511556,0.0827236735026042,3836824.692532
3638,0.148525741577148,0.0791265029907227,0.0900090077718099,3776678.03792147
3639,0.149029505411784,0.07991650390625,0.0970653381347656,3698640.55306849
3640,0.14853330485026,0.0800530370076497,0.104277002970378,3614757.45488199
3641,0.149037068684896,0.0808486709594727,0.111406667073568,3531241.25867365
3642,0.148540837605794,0.0809805043538411,0.118540003458659,3467068.20707318
3643,0.149044570922852,0.0817818044026693,0.125744338989258,3420749.43299799
3644,0.148549306233724,0.0819117380777995,0.132804341634115,3378709.03981298
3645,0.149054005940755,0.0827196375528971,0.140084004720052,3342992.34546439
3646,0.148558741251628,0.0828458048502604,0.147067667643229,3293650.04423279
3647,0.149062474568685,0.0836593704223633,0.154421666463216,3265617.38490166
3648,0.148564371744792,0.0837827021280925,0.161329335530599,3220111.64349513
3649,0.149070002237956,0.0846019032796224,0.16875666809082,3203611.44097841
3650,0.148573801676432,0.0847214711507161,0.175588002522786,3162198.68060043
3651,0.149079437255859,0.0855472717285156,0.183091471354167,3133595.12510424
3652,0.148581339518229,0.0856659037272135,0.189847544352214,3110351.20064608
3653,0.149086975097656,0.0864982706705729,0.197425445556641,3083862.85839898
3654,0.148588877360026,0.0866103032430013,0.204106079101563,3057171.38649248
3655,0.149094512939453,0.0874455032348633,0.211759373982747,3041729.15921219
3656,0.148597345987956,0.087555669148763,0.218362803141276,3013298.73268199
3657,0.149103912353516,0.0883993377685547,0.226089569091797,3002980.55832457
3658,0.148606745402018,0.0885057373046875,0.232617670694987,2981697.17772666
3659,0.149112375895182,0.0893531697591146,0.240419738769531,2968399.73150455
3660,0.148614273071289,0.0894548695882161,0.246872502644857,2955703.23942153
3661,0.149119903564453,0.0903089040120443,0.254748031616211,2938241.06284582
3662,0.148621805826823,0.0904087371826172,0.261125462849935,2921775.07173161
3663,0.149129308064779,0.0912684020996094,0.269076314290365,2906035.89908982
3664,0.148631210327148,0.0913635025024414,0.275380310058594,2890535.59768856
3665,0.149136840820313,0.0922288360595703,0.283405558268229,2874999.11805126
3666,0.148636871337891,0.0923211364746094,0.289631408691406,2854559.87844612
3667,0.149145334879557,0.0931949361165365,0.297731048583984,2837855.71810012
3668,0.14864816792806,0.093283437093099,0.303883433024089,2822801.41863695
3669,0.14915663655599,0.0941628723144531,0.312057434082031,2807019.09465057
3670,0.148656672159831,0.0942476043701172,0.318133534749349,2792700.15534195
3671,0.149164210001628,0.0951308034261068,0.326381001790365,2778602.59577755
3672,0.148664210001628,0.0952108357747396,0.332382731119792,2768310.9950803
3673,0.149171712239583,0.0960997034708659,0.340705535888672,2755438.67219505
3674,0.148671712239583,0.0961778717041016,0.34663193766276,2743672.43128785
3675,0.149181111653646,0.0970742721557617,0.355029103597005,2730294.81580345
3676,0.148681111653646,0.097148671468099,0.360877370198568,2720404.63745881
3677,0.14918864440918,0.0980507380167643,0.369348002115885,2705293.13466552
3678,0.14868864440918,0.0981204376220703,0.375122843424479,2693441.21320176
3679,0.149199010213216,0.0990281372070313,0.383669708251953,2679711.63500878
3680,0.148699940999349,0.0990940348307292,0.389368408203125,2672427.22174725
3681,0.149208409627279,0.100009267171224,0.397989664713542,2661035.67827417
3682,0.14870654296875,0.100071400960286,0.403611999511719,2654070.44428319
3683,0.149215942382812,0.100991335550944,0.412306671142578,2652798.96250773
3684,0.148715972900391,0.101047803243001,0.417852671305339,2638907.11554768
3685,0.149225372314453,0.101973403930664,0.426624674479167,2636332.5274814
3686,0.148723505655924,0.102027071634928,0.432097005208333,2624050.9808994
3687,0.149232905069987,0.102960205078125,0.440942342122396,2622969.93123621
3688,0.148731038411458,0.103010103861491,0.446338663736979,2608388.18223402
3689,0.149241404215495,0.103949836730957,0.455258666992187,2606861.36627493
3690,0.148739537556966,0.103994102478027,0.46058066813151,2592979.24558835
3691,0.149251770019531,0.104939470926921,0.469572672526042,2591645.21741308
3692,0.148749872843424,0.10497900390625,0.474818339029948,2577863.45036328
3693,0.149260208129883,0.105930971781413,0.483885009765625,2573627.28037867
3694,0.148756439208984,0.105967704772949,0.489056345621745,2562867.56742607
3695,0.149267740885417,0.106926272074382,0.498199005126953,2551104.15581451
3696,0.148765874226888,0.106960138956706,0.503295664469401,2546832.23192878
3697,0.14927717590332,0.10792337290446,0.512512003580729,2534323.0999373
3698,0.148773406982422,0.107952537536621,0.517532674153646,2531510.57301046
3699,0.149285639444987,0.108922403971354,0.526823689778646,2519674.48707827
3700,0.14878374226888,0.108948768615723,0.53177001953125,2516215.9824909
3701,0.149295974731445,0.109925203959147,0.541135009765625,2503959.52896377
3702,0.148791275024414,0.109944969177246,0.546003987630208,2501708.65617378
3703,0.149303507486979,0.110926137288411,0.555443318684896,2489526.77386803
3704,0.148799774169922,0.110942136128743,0.560237996419271,2486378.90303912
3705,0.150000310262044,0.077789436340332,0.0535070037841797,5005933.36409935
3706,0.150502176920573,0.0786010716756185,0.0605633392333984,4938781.38546938
3707,0.150008773803711,0.0787225392659505,0.0680010070800781,3999073.40709216
3708,0.150513473510742,0.0795398381551107,0.0751326700846354,3930927.43931984
3709,0.15002007039388,0.0796594365437825,0.0824940032958984,3836824.692532
3710,0.150523839314779,0.0804833374023437,0.0896993357340495,3764403.67018969
3711,0.150029505411784,0.0806001052856445,0.0969853363037109,3698640.55306849
3712,0.150533274332682,0.0814277725219727,0.104266667683919,3643705.57331362
3713,0.150037038167318,0.081539805094401,0.111476333618164,3531241.25867365
3714,0.150540771484375,0.0823731384277344,0.118829335530599,3487356.57712543
3715,0.15004453531901,0.0824833043416341,0.125964004516602,3420749.43299799
3716,0.150548304239909,0.0833232040405273,0.133394007364909,3398295.98118525
3717,0.150053039550781,0.0834296035766602,0.140454004923503,3342992.34546439
3718,0.150559641520182,0.0842751388549805,0.147959335327148,3317471.97355871
3719,0.150064341227214,0.0843787384033203,0.154943333943685,3265617.38490166
3720,0.150568074544271,0.0852299372355143,0.16252333577474,3245822.44104828
3721,0.150071838378906,0.0853297704060872,0.169429000854492,3203611.44097841
3722,0.15057746887207,0.0861875712076823,0.177082265218099,3183006.86792478
3723,0.150081268310547,0.0862855046590169,0.183913401285807,3133595.12510424
3724,0.150585037231445,0.0871498692830404,0.191641204833984,3125892.36070955
3725,0.150088841756185,0.0872440032958984,0.198397176106771,3083862.85839898
3726,0.150594477335612,0.0881140365600586,0.206199274698893,3079296.23774029
3727,0.15009824625651,0.0882035039265951,0.212880839029948,3041729.15921219
3728,0.15060481262207,0.0890792032877604,0.220756368001302,3041028.04799051
3729,0.150107645670573,0.0891648712158203,0.227361668904622,3002980.55832457
3730,0.150614242553711,0.0900471394856771,0.235313471476237,2992168.04479566
3731,0.150116139729818,0.0901290384928385,0.241843439737956,2968399.73150455
3732,0.150623672485352,0.091016970316569,0.249869603474935,2957556.84357973
3733,0.15012553914388,0.0910951360066732,0.256321431477865,2938241.06284582
3734,0.150631174723307,0.0919887364705404,0.264422943115234,2927612.10608705
3735,0.150133041381836,0.0920621693929036,0.27080039469401,2906035.89908982
3736,0.15064057413737,0.092963269551595,0.278975351969401,2894188.45623034
3737,0.150142471313477,0.0930348358154297,0.285276519775391,2874999.11805126
3738,0.150648137410482,0.0939406712849935,0.293525838216146,2862060.91959288
3739,0.150150970458984,0.0940084711710612,0.299754516601562,2837855.71810012
3740,0.150659439086914,0.0949208730061849,0.308078236897786,2823667.79582334
3741,0.150162272135417,0.0949867731730143,0.314228769938151,2807019.09465057
3742,0.150669809977214,0.0959048385620117,0.322625935872396,2795717.35205815
3743,0.150171712239583,0.0959641367594401,0.328702067057292,2778602.59577755
3744,0.150679214477539,0.0968878351847331,0.337175496419271,2767684.67013488
3745,0.150179214477539,0.096943369547526,0.343177235921224,2755438.67219505
3746,0.150686711629232,0.09787366994222,0.351724110921224,2744634.45970165
3747,0.150188608805339,0.0979264043172201,0.357649576822917,2730294.81580345
3748,0.150696141560872,0.0988623708089193,0.366270843505859,2717044.54767804
3749,0.150196177164714,0.0989123051961263,0.372121002197266,2705293.13466552
3750,0.150704645792643,0.0998558044433594,0.380816772460937,2692546.17770493
3751,0.150207478841146,0.0999019368489583,0.386590637207031,2679711.63500878
3752,0.150717809041341,0.100849169413249,0.395362670898438,2669071.03160413
3753,0.150217809041341,0.100890602111816,0.401062998453776,2661035.67827417
3754,0.150725341796875,0.101846303304036,0.409908325195313,2652798.96250773
3755,0.150225341796875,0.101884902954102,0.415529663085937,2644464.99038197
3756,0.150734741210937,0.102845303853353,0.424448333740234,2646457.39851882
3757,0.150234741210937,0.102877337137858,0.429997344970703,2630692.69683232
3758,0.150745107014974,0.103844370524089,0.438993336995443,2631040.8844627
3759,0.150245137532552,0.103873570760091,0.444466003417969,2614535.31001518
3760,0.150755467732747,0.104847170511882,0.45353266398112,2616847.14844244
3761,0.150253601074219,0.104873537699382,0.458929005940755,2599983.63685302
3762,0.150763936360677,0.105853736877441,0.468072011311849,2599419.84911734
3763,0.150263971964518,0.10587540435791,0.473393676757813,2583492.2449789
3764,0.150773376464844,0.106859369913737,0.482610005696615,2573627.28037867
3765,0.150271509806315,0.10687540435791,0.487855672200521,2566766.58979326
3766,0.150780909220378,0.107867835998535,0.497147338867187,2556005.91298324
3767,0.150280909220378,0.10788197072347,0.5023193359375,2551104.15581451
3768,0.15079221089681,0.108879102071126,0.511686340332031,2540261.10998032
3769,0.150290344238281,0.108886637369792,0.516782348632812,2534323.0999373
3770,0.150800674438477,0.109889437357585,0.526222025553385,2523340.93911213
3771,0.150299738566081,0.109896039326986,0.531242696126302,2519674.48707827
3772,0.150811940511068,0.110908271789551,0.540757690429687,2509009.50818455
3773,0.150310073852539,0.110911071777344,0.545703674316406,2503959.52896377
3774,0.15082133992513,0.111927037556966,0.555292663574219,2492715.22234748
3775,0.150319473266602,0.111922337849935,0.560163330078125,2489526.77386803
3776,0.151500279744466,0.0793204701741536,0.0602573394775391,4938781.38546938
3777,0.152004043579102,0.0801697718302409,0.0675386759440104,4757943.90946027
3778,0.15151064046224,0.0802676722208659,0.0749763387044271,3930927.43931984
3779,0.152014404296875,0.0811236038208008,0.0823340047200521,3760730.67229716
3780,0.151521006266276,0.0812196706136068,0.0896956685384115,3764403.67018969
3781,0.152024739583333,0.0820822041829427,0.0971256713867188,3710906.46386418
3782,0.151531341552734,0.0821735382080078,0.104410669962565,3643705.57331362
3783,0.152035074869792,0.0830407384236654,0.111916005452474,3590057.00754487
3784,0.151540740966797,0.0831283060709635,0.119125005086263,3487356.57712543
3785,0.152044504801432,0.0840021057128906,0.126705006917318,3457772.15471423
3786,0.151548304239909,0.0840868377685547,0.133839340209961,3398295.98118525
3787,0.152052073160807,0.0849662704467773,0.141495340983073,3383438.51055723
3788,0.151558675130208,0.0850481719970703,0.148555338541667,3317471.97355871
3789,0.152065241495768,0.0859332733154297,0.156285003662109,3298535.18544288
3790,0.151569941202799,0.0860114390055339,0.163269002278646,3245822.44104828
3791,0.152073674519857,0.0869031372070312,0.171072006225586,3227320.84889165
3792,0.151577438354492,0.0869794362386068,0.177979604085286,3183006.86792478
3793,0.152083104451497,0.0878767700195312,0.185856872558594,3172697.56314064
3794,0.151586903889974,0.0879492696126302,0.192687337239583,3125892.36070955
3795,0.152092539469401,0.0888532028198242,0.200639139811198,3123840.00990374
3796,0.151596308390299,0.0889238357543945,0.207395105997721,3079296.23774029
3797,0.152101943969727,0.0898334376017253,0.215422236124674,3085224.74886651
3798,0.151606679280599,0.0898993377685547,0.222101933797201,3041028.04799051
3799,0.152113245646159,0.0908126703898112,0.230203430175781,3028589.24752927
3800,0.151617975870768,0.0908748041788737,0.236809666951497,2992168.04479566
3801,0.152123606363932,0.0917947362263997,0.244986501057943,2982619.54769271
3802,0.151627405802409,0.0918550033569336,0.251516469319661,2957556.84357973
3803,0.152134908040365,0.0927824681599935,0.259765803019206,2954014.36297571
3804,0.151636810302734,0.0928380355834961,0.266220448811849,2927612.10608705
3805,0.152142440795898,0.0937711690266927,0.274545125325521,2921386.2500094
3806,0.151644337972005,0.0938229700724284,0.280922576904297,2894188.45623034
3807,0.152151870727539,0.0947626698811849,0.289321634928385,2889532.95776018
3808,0.151653772989909,0.0948088048299154,0.295623728434245,2862060.91959288
3809,0.152162241617839,0.0957522710164388,0.304099039713542,2852229.80824408
3810,0.151665074666341,0.0957965393066406,0.310324869791667,2823667.79582334
3811,0.15217350769043,0.0967484715779622,0.318874603271484,2818889.23550058
3812,0.151675409952799,0.0967908706665039,0.325025136311849,2795717.35205815
3813,0.152182912190755,0.0977484690348307,0.333648305257161,2787910.67815073
3814,0.151684814453125,0.0977861353556315,0.339722534179688,2767684.67013488
3815,0.152192311604818,0.0987493693033854,0.348421936035156,2758575.36081733
3816,0.151694208780924,0.098781369527181,0.35442177327474,2744634.45970165
3817,0.152203608194987,0.0997512359619141,0.363194641113281,2734391.16043735
3818,0.151703643798828,0.0997795028686524,0.369118245442708,2717044.54767804
3819,0.152212112426758,0.100755002339681,0.37796543375651,2706645.01330067
3820,0.151713078816732,0.100781369527181,0.383813802083333,2692546.17770493
3821,0.152223409016927,0.10176343536377,0.392735331217448,2683984.7054863
3822,0.151725306193034,0.101785102844238,0.398510335286458,2669071.03160413
3823,0.152234705607096,0.102772834777832,0.407507334391276,2662232.90111875
3824,0.151734741210937,0.102792602539062,0.413204996744792,2652798.96250773
3825,0.152244140625,0.103788803100586,0.42227333577474,2656259.56466941
3826,0.151744140625,0.103802904764811,0.427895334879557,2636332.5274814
3827,0.152253540039062,0.104802904764811,0.437041005452474,2641025.80190365
3828,0.151754506429036,0.104812337239583,0.442589996337891,2622969.93123621
3829,0.152264872233073,0.105817970275879,0.451809326171875,2626138.37109664
3830,0.151765803019206,0.105823603312174,0.457279327392578,2606861.36627493
3831,0.152275207519531,0.10683580271403,0.466572001139323,2608590.30824127
3832,0.151775207519531,0.106839569091797,0.471968343098958,2591645.21741308
3833,0.152286509195964,0.107859336853027,0.481337005615234,2581780.75667412
3834,0.151784642537435,0.107857470194499,0.486657002766927,2573627.28037867
3835,0.152294041951497,0.108881004333496,0.496099334716797,2563958.83303426
3836,0.151792175292969,0.108875335693359,0.501344004313151,2556005.91298324
3837,0.152304407755534,0.109906369527181,0.510861663818359,2546497.02216897
3838,0.151804443359375,0.109896001180013,0.516032002766927,2540261.10998032
3839,0.15231667582194,0.110933667500814,0.525623331705729,2530389.18216019
3840,0.15181477355957,0.11091956837972,0.530717346191406,2523340.93911213
3841,0.152327006022135,0.111965670267741,0.540382670084635,2513966.23969832
3842,0.151825108846029,0.111947771708171,0.54540234375,2509009.50818455
3843,0.152338307698568,0.112999537150065,0.555143005371094,2499011.80510154
3844,0.151836405436198,0.112976003011068,0.560087341308594,2492715.22234748
3845,0.153002141316732,0.0809532038370768,0.0674586741129557,4757943.90946027
3846,0.153505874633789,0.0818430048624675,0.0749640045166016,4466080.60205108
3847,0.153011540730794,0.0819155044555664,0.0824016723632812,3760730.67229716
3848,0.153515274047852,0.0828109690348307,0.0899836680094401,3724810.04785277
3849,0.15302187093099,0.082881601969401,0.0973460032145182,3710906.46386418
3850,0.153526570638021,0.0837827021280925,0.105001337687174,3668831.556953
3851,0.153033172607422,0.0838505045572917,0.112286341349284,3590057.00754487
3852,0.15353694152832,0.0847582041422526,0.120017674763997,3521734.80570723
3853,0.153042607625326,0.0848222376505534,0.127227340698242,3457772.15471423
3854,0.153546371459961,0.0857365366617839,0.135031336466471,3451501.28585429
3855,0.153052037556966,0.0857958374023438,0.142165003458659,3383438.51055723
3856,0.153557673136393,0.0867157719930013,0.15004433186849,3351025.67165581
3857,0.153064275105794,0.0867713063557943,0.157104334513346,3298535.18544288
3858,0.153569905598958,0.087696907043457,0.165057998657227,3271072.84660669
3859,0.15307460530599,0.0877505722045898,0.17204167175293,3227320.84889165
3860,0.153578369140625,0.0886827697753906,0.180068837483724,3212550.64554435
3861,0.153083104451497,0.0887326685587565,0.186976440429688,3172697.56314064
3862,0.153588770548503,0.0896705017089844,0.19507807413737,3166684.16246009
3863,0.15309440612793,0.0897185363769531,0.201910308837891,3123840.00990374
3864,0.153600041707357,0.0906629689534505,0.210087137858073,3117827.20528452
3865,0.153103810628255,0.0907072372436523,0.216843098958333,3085224.74886651
3866,0.15360947672526,0.0916544698079427,0.225096196492513,3054945.49530163
3867,0.153114176432292,0.0916940027872721,0.231776830037435,3028589.24752927
3868,0.153622639973958,0.092647834777832,0.240104298909505,3014334.87754701
3869,0.15312733968099,0.0926864344278971,0.246707733154297,2982619.54769271
3870,0.153634872436523,0.0936478017171224,0.255108673095703,2974824.23256798
3871,0.153138641357422,0.0936835683186849,0.261636774698893,2954014.36297571
3872,0.153644276936849,0.0946506017049154,0.270112080891927,2945898.58968944
3873,0.153146174112956,0.0946826349894206,0.276565785725911,2921386.2500094
3874,0.15365180460612,0.0956543680826823,0.285116455078125,2911545.62813529
3875,0.153155604044596,0.0956826019287109,0.291494852701823,2889532.95776018
3876,0.153663106282552,0.0966609013875325,0.300118011474609,2879027.31610042
3877,0.153167841593424,0.09668443552653,0.306420104980469,2852229.80824408
3878,0.153676310221354,0.0976684010823568,0.315119506835937,2844581.58460723
3879,0.153179143269857,0.0976881688435872,0.321348175048828,2818889.23550058
3880,0.153686676025391,0.0986806360880534,0.330121978759766,2809781.82710967
3881,0.153188542683919,0.0986985371907552,0.336271575927734,2787910.67815073
3882,0.153697977701823,0.0996966374715169,0.345118804931641,2777874.1302352
3883,0.153199844360352,0.0997098032633464,0.351194936116536,2758575.36081733
3884,0.153709274291992,0.100713536580404,0.360118438720703,2749987.31554092
3885,0.153211140950521,0.100722969055176,0.366118306477865,2734391.16043735
3886,0.153721506754557,0.101731435139974,0.375113444010417,2724858.52275453
3887,0.153222442626953,0.101735201517741,0.381036966959635,2706645.01330067
3888,0.15373090616862,0.102751167297363,0.390108337402344,2698987.7163789
3889,0.15323090616862,0.102753033955892,0.395958333333333,2683984.7054863
3890,0.153740305582682,0.103774668375651,0.40510400390625,2676137.96349223
3891,0.153242207845052,0.103772801717122,0.410878000895182,2662232.90111875
3892,0.153751607259115,0.104801968892415,0.420096333821615,2656259.56466941
3893,0.153253504435221,0.104798202514648,0.425794006347656,2646457.39851882
3894,0.153763870239258,0.105832069396973,0.435086344401042,2648579.11088337
3895,0.153263905843099,0.10582266998291,0.440711344401042,2631040.8844627
3896,0.153774241129557,0.10686220296224,0.450080342610677,2626138.37109664
3897,0.153274241129557,0.106848070780436,0.455629333496094,2616847.14844244
3898,0.153786473592122,0.107893236796061,0.465071665445964,2608590.30824127
3899,0.153286509195964,0.107875335693359,0.47054433186849,2599419.84911734
3900,0.153797775268555,0.108929003397624,0.480061004638672,2590533.60740507
3901,0.153297775268555,0.108909238179525,0.485457336425781,2581780.75667412
3902,0.15381000773112,0.109968538920085,0.495048329671224,2572027.44294562
3903,0.153308141072591,0.109942171732585,0.500370330810547,2563958.83303426
3904,0.153820373535156,0.111006169637044,0.510036000569661,2554293.90134869
3905,0.153318506876628,0.110976036071777,0.51528266398112,2546497.02216897
3906,0.153832641601562,0.112047569274902,0.525023315429687,2537102.19222377
3907,0.153330774943034,0.112015569051107,0.530193644205729,2530389.18216019
3908,0.153842041015625,0.113093701680501,0.540007975260417,2521256.75947222
3909,0.153340174357096,0.113057902018229,0.545102986653646,2513966.23969832
3910,0.153851440429688,0.114141670227051,0.554993326822917,2505450.54586289
3911,0.153351470947266,0.114101203918457,0.560013671875,2499011.80510154
3912,0.154502075195313,0.0826904703776042,0.0751080017089844,4466080.60205108
3913,0.155005844116211,0.0836207707722982,0.0828393351236979,4313945.23485599
3914,0.154513376871745,0.0836687698364258,0.090277333577474,3724810.04785277
3915,0.15501714070638,0.0846047032674154,0.0980850016276042,3622331.35330158
3916,0.154523737589518,0.0846480026245117,0.105446670532227,3668831.556953
3917,0.155027506510417,0.085589604695638,0.113325673421224,3536174.77459674
3918,0.154534108479818,0.0856320037841797,0.120611673990885,3521734.80570723
3919,0.155039744059245,0.0865802052815755,0.128567006429036,3458185.53150617
3920,0.154546340942383,0.0866207046508789,0.135777002970378,3451501.28585429
3921,0.155051971435547,0.0875717061360677,0.143806004842122,3381422.37475025
3922,0.154557637532552,0.0876074727376302,0.150939666748047,3351025.67165581
3923,0.155063273111979,0.0885650736490885,0.159045003255208,3297651.92931686
3924,0.154568939208984,0.0885989735921224,0.166103332519531,3271072.84660669
3925,0.155074569702148,0.0895622406005859,0.174282938639323,3236983.17858352
3926,0.154579299926758,0.0895923716227214,0.181264770507813,3212550.64554435
3927,0.155085871378581,0.0905622049967448,0.189517903645833,3192525.27347265
3928,0.154590606689453,0.0905904362996419,0.196423604329427,3166684.16246009
3929,0.155098108927409,0.0915659383138021,0.204752970377604,3137501.83278991
3930,0.154601908365885,0.0915904362996419,0.211584269205729,3117827.20528452
3931,0.155109410603841,0.0925725377400716,0.219988032023112,3081933.31507704
3932,0.154613210042318,0.0925923029581706,0.226743998209635,3054945.49530163
3933,0.15512070719401,0.0935800374348958,0.235222137451172,3031653.31197178
3934,0.15462543741862,0.0935960362752279,0.24190180460612,3014334.87754701
3935,0.15513200378418,0.0945922368367513,0.250452438354492,2993369.09359453
3936,0.154636739095052,0.0946054026285807,0.257055872599284,2974824.23256798
3937,0.155142374674479,0.0956072692871094,0.265680918375651,2958284.96929972
3938,0.154646143595378,0.0956167017618815,0.272209025065104,2945898.58968944
3939,0.155151774088542,0.0966232681274414,0.280910319010417,2927108.93759575
3940,0.154655537923177,0.096628901163737,0.287364044189453,2911545.62813529
3941,0.155163070678711,0.0976411005655925,0.296139739990234,2896797.61373932
3942,0.154666839599609,0.0976448669433594,0.302515309651693,2879027.31610042
3943,0.155175308227539,0.0986646347045898,0.311364440917969,2864317.33493882
3944,0.154680043538411,0.0986646347045898,0.317666544596354,2844581.58460723
3945,0.155188512166341,0.0996900355021159,0.326591949462891,2829875.92158733
3946,0.154692311604818,0.099686269124349,0.332818715413411,2809781.82710967
3947,0.15519980875651,0.10071733601888,0.341815673828125,2793365.87496815
3948,0.154703608194987,0.100709803263346,0.347966166178385,2777874.1302352
3949,0.155211110432943,0.101747436523437,0.357039398193359,2763569.62118938
3950,0.154714909871419,0.101738004048665,0.363115539550781,2749987.31554092
3951,0.155223342895508,0.102781303405762,0.372262247721354,2738775.81680394
3952,0.154728073120117,0.102765302022298,0.378260284423828,2724858.52275453
3953,0.155236541748047,0.103812367757161,0.387481475830078,2713682.35380973
3954,0.154738438924154,0.10379446665446,0.393406005859375,2698987.7163789
3955,0.155245941162109,0.104850001017253,0.402702341715495,2688088.33117235
3956,0.154747807820638,0.104828336079915,0.40855034383138,2676137.96349223
3957,0.155257207234701,0.105889536539714,0.417919342041016,2665836.14027381
3958,0.154759104410807,0.105865036010742,0.423691335042318,2656259.56466941
3959,0.155271336873372,0.1069328028361,0.433135670979818,2648579.11088337
3960,0.154774205525716,0.106903602600098,0.4388330078125,2641025.80190365
3961,0.155286443074544,0.107977968851725,0.448352681477865,2632741.62579373
3962,0.154786443074544,0.10794596862793,0.453975016276042,2626138.37109664
3963,0.155297709147135,0.10902503712972,0.463568013509115,2616366.99532792
3964,0.154797739664714,0.108986437479655,0.46911567179362,2608590.30824127
3965,0.155309041341146,0.110072102864583,0.478785003662109,2597206.63645776
3966,0.154809041341146,0.110032569885254,0.484257670084635,2590533.60740507
3967,0.155321243286133,0.111126703898112,0.493998667399089,2578649.50774442
3968,0.154822209676107,0.111082438151042,0.499392995198568,2572027.44294562
3969,0.155334442138672,0.112179402669271,0.509210001627604,2560972.49053768
3970,0.15483447265625,0.112129501342773,0.514531005859375,2554293.90134869
3971,0.155345738728841,0.113234934488932,0.524421671549479,2543794.7647599
3972,0.154845774332682,0.113183135986328,0.529667317708333,2537102.19222377
3973,0.155357040405273,0.114294237772624,0.539633992513021,2527828.63281271
3974,0.154855173746745,0.114236803690592,0.544804321289063,2521256.75947222
3975,0.15536740620931,0.115354469299316,0.554843668619792,2511622.1581484
3976,0.154865539550781,0.115295135498047,0.559937662760417,2505450.54586289
3977,0.156002039591471,0.0845322367350261,0.0832093353271484,4313945.23485599
3978,0.15650580851237,0.0855020701090495,0.0911650034586589,4186568.82693175
3979,0.156013376871745,0.0855265375773112,0.0986026713053385,3622331.35330158
3980,0.15651714070638,0.0865001373291016,0.106631673177083,3553370.55863673
3981,0.156024673461914,0.086519905090332,0.113993006388346,3536174.77459674
3982,0.156528406778971,0.0874991709391276,0.122098337809245,3435435.27118237
3983,0.156036875406901,0.0875170720418294,0.129386337280273,3458185.53150617
3984,0.156541575113932,0.0885029373168945,0.137568003336589,3373370.57158537
3985,0.15605007425944,0.0885170720418294,0.144777674357096,3381422.37475025
3986,0.156555704752604,0.0895085703531901,0.153031005859375,3312354.02313609
3987,0.156063237508138,0.0895208053588867,0.160164672851562,3297651.92931686
3988,0.156568873087565,0.0905189030965169,0.168494333902995,3253243.52602452
3989,0.15607453918457,0.0905264383951823,0.175554270426432,3236983.17858352
3990,0.156580169677734,0.0915301717122396,0.18395790608724,3209874.97679525
3991,0.156086771647135,0.0915358072916667,0.190939707438151,3192525.27347265
3992,0.156593343098958,0.0925461400349935,0.199416905721029,3148148.52193637
3993,0.156099945068359,0.0925480397542318,0.206324467976888,3137501.83278991
3994,0.156605575561523,0.0935640385945638,0.214877934773763,3098225.69432538
3995,0.156111241658529,0.0935640385945638,0.221710199991862,3081933.31507704
3996,0.156616877237956,0.0945856704711914,0.230337102254232,3043418.50838106
3997,0.156122543334961,0.0945819040934245,0.237093073527018,3031653.31197178
3998,0.156628173828125,0.0956091690063477,0.245794372558594,3002849.09176074
3999,0.156132904052734,0.0956035029093425,0.25247407023112,2993369.09359453
4000,0.156639506022135,0.0966364364624023,0.261248830159505,2964182.06709206
4001,0.156144241333008,0.0966270370483398,0.267852244059245,2958284.96929972
4002,0.156651774088542,0.0976665700276693,0.276701395670573,2932444.07309524
4003,0.156155537923177,0.0976533686319987,0.283231363932292,2927108.93759575
4004,0.156663070678711,0.0986985346476237,0.29215678914388,2903528.79089448
4005,0.156166839599609,0.0986806335449219,0.298611440022786,2896797.61373932
4006,0.156677174886068,0.0997314682006836,0.307610270182292,2875253.87615686
4007,0.156181874593099,0.0997117029825846,0.313987701416016,2864317.33493882
4008,0.156692209879557,0.100769137064616,0.32306093343099,2840531.87678722
4009,0.156194112141927,0.100747469584147,0.329363077799479,2829875.92158733
4010,0.15670351155599,0.101811470031738,0.338510670979818,2807462.70009786
4011,0.156205408732096,0.101785102844238,0.344736501057943,2793365.87496815
4012,0.156714808146159,0.102854769388835,0.353957560221354,2773364.95735722
4013,0.156216710408529,0.102824635823568,0.36010996500651,2763569.62118938
4014,0.156727076212565,0.103900871276855,0.369406372070313,2746812.40452542
4015,0.156229909261068,0.103866971333822,0.375482513427734,2738775.81680394
4016,0.156740275065104,0.104947937011719,0.384853210449219,2722652.00643583
4017,0.156242177327474,0.104909334818522,0.390854136149089,2713682.35380973
4018,0.156751607259115,0.105996869405111,0.400299326578776,2696974.00042742
4019,0.156253473917643,0.105955436706543,0.406223002115885,2688088.33117235
4020,0.156764739990234,0.107051470438639,0.415743336995443,2673841.84443714
4021,0.156266606648763,0.107007235209147,0.421591674804688,2665836.14027381
4022,0.156778839111328,0.108108901977539,0.431186665852865,2652815.16268103
4023,0.156281672159831,0.108058970133464,0.436958669026693,2648579.11088337
4024,0.156793909708659,0.109165336608887,0.446629669189453,2636154.10052641
4025,0.156295811971029,0.109113535563151,0.452326344807943,2632741.62579373
4026,0.156805211385091,0.110227467854818,0.462070017496745,2618587.23465572
4027,0.156307108561198,0.110170969645182,0.46768935139974,2616366.99532792
4028,0.15681650797526,0.111290537516276,0.477508341471354,2600860.03604918
4029,0.15631841023763,0.111230270385742,0.483056335449219,2597206.63645776
4030,0.156828776041667,0.112356435139974,0.492950002034505,2583209.88438553
4031,0.156331609090169,0.112292401631673,0.498419667561849,2578649.50774442
4032,0.156843841552734,0.113426068623861,0.508384674072266,2564930.90542372
4033,0.156345708211263,0.113357335408529,0.513780680338542,2560972.49053768
4034,0.156857004801432,0.114494801839193,0.523821695963542,2548592.0499446
4035,0.156357004801432,0.114422302246094,0.529141682942708,2543794.7647599
4036,0.156868306477865,0.115568204243978,0.53925634765625,2531478.49739818
4037,0.156368306477865,0.115491938273112,0.544503011067708,2527828.63281271
4038,0.15688053894043,0.116641637166341,0.554693684895833,2516420.60831297
4039,0.156381505330404,0.116561602274577,0.559864013671875,2511622.1581484
4040,0.157501073201497,0.0864775365193685,0.0917593383789062,4186568.82693175
4041,0.158006744384766,0.087485969543457,0.0999410044352214,4056139.54980337
4042,0.157515243530273,0.0874841028849284,0.107375671386719,3553370.55863673
4043,0.158020874023438,0.0884963022867839,0.115630671183268,3442504.10848572
4044,0.157526504516602,0.0884916025797526,0.122992004394531,3435435.27118237
4045,0.158032140096029,0.0895113703409831,0.131324335734049,3337376.93890717
4046,0.15753874206543,0.0895048039754232,0.138612335205078,3373370.57158537
4047,0.158045344034831,0.0905292714436849,0.147018000284831,3298450.84592699
4048,0.157553807576497,0.0905189030965169,0.15422699991862,3312354.02313609
4049,0.158059438069661,0.0915508702596029,0.162705998738607,3261800.80100891
4050,0.157566970825195,0.0915386352539063,0.169839665730794,3253243.52602452
4051,0.158072606404622,0.0925743687947591,0.178394866943359,3213680.99348496
4052,0.157580139160156,0.0925583699544271,0.185453170776367,3209874.97679525
4053,0.15808576965332,0.0936016387939453,0.194079940795898,3150598.43043007
4054,0.157592371622721,0.0935837732950846,0.201061874389648,3148148.52193637
4055,0.158098973592122,0.0946308390299479,0.209765070597331,3103370.57026965
4056,0.157605575561523,0.0946092046101888,0.216673568725586,3098225.69432538
4057,0.158111241658529,0.0956647364298503,0.225451166788737,3051128.18364066
4058,0.157616877237956,0.0956412022908529,0.232282435099284,3043418.50838106
4059,0.158122543334961,0.0967023696899414,0.24113346862793,3003879.2687239
4060,0.157628173828125,0.0966741027832031,0.247889434814453,3002849.09176074
4061,0.158135706583659,0.0977418696085612,0.256814870198568,2967011.10154038
4062,0.15764230855306,0.0977098693847656,0.263494567871094,2964182.06709206
4063,0.15815077718099,0.0987833048502604,0.272495290120443,2931353.48035797
4064,0.157655507405599,0.0987494049072266,0.279098704020182,2932444.07309524
4065,0.158163004557292,0.0998294041951497,0.288173807779948,2904227.95647884
4066,0.157666803995768,0.0997917353312174,0.294701924641927,2903528.79089448
4067,0.158174306233724,0.100877403259277,0.303853312174479,2875943.78932376
4068,0.157680908203125,0.100835037231445,0.310307006835937,2875253.87615686
4069,0.158191243489583,0.101926338195801,0.31953184000651,2846210.27023774
4070,0.157697845458984,0.10188020324707,0.325908335367839,2840531.87678722
4071,0.158205378214518,0.102978103637695,0.335205678304036,2813219.83487452
4072,0.157709142049154,0.102931037902832,0.341505869547526,2807462.70009786
4073,0.158216674804688,0.104034571329753,0.350878540039062,2780663.77494804
4074,0.157720443725586,0.103984670003255,0.357104400634766,2773364.95735722
4075,0.158229843139648,0.105093869527181,0.366551472981771,2753182.50301466
4076,0.157734573364258,0.105040204366048,0.372701039632161,2746812.40452542
4077,0.158244939168294,0.106156003316243,0.382224375406901,2726973.67821764
4078,0.157747807820638,0.106097635904948,0.388300404866536,2722652.00643583
4079,0.158257207234701,0.107219067891439,0.39789800008138,2703613.40465359
4080,0.157759104410807,0.107156903584798,0.40389599609375,2696974.00042742
4081,0.15826850382487,0.10828493754069,0.41356733194987,2678564.33667314
4082,0.157772272745768,0.108220937093099,0.419490997314453,2673841.84443714
4083,0.158284474690755,0.109356503804525,0.429235666910807,2656535.41817064
4084,0.157789174397786,0.109288703918457,0.435082997639974,2652815.16268103
4085,0.158299509684245,0.11042803700765,0.444901997884115,2635931.03931294
4086,0.157801411946615,0.110354601542155,0.450676666259766,2636154.10052641
4087,0.158310811360677,0.111502400716146,0.460569997151693,2618111.83648707
4088,0.157812708536784,0.111427068074544,0.466266672770182,2618587.23465572
4089,0.158324005126953,0.112580535888672,0.476233673095703,2601668.50769973
4090,0.157825907389323,0.112500503540039,0.48185600789388,2600860.03604918
4091,0.158338139851888,0.113659604390462,0.49189800008138,2583765.10727367
4092,0.157839106241862,0.113575803120931,0.497444000244141,2583209.88438553
4093,0.158351338704427,0.114741503397624,0.507560333251953,2567202.84946042
4094,0.157853240966797,0.114655802408854,0.513031341552734,2564930.90542372
4095,0.158366409301758,0.115829035441081,0.523222005208333,2549743.86584444
4096,0.157868306477865,0.115736768086751,0.528616353352865,2548592.0499446
4097,0.15838053894043,0.116913767496745,0.538882344563802,2533937.12338962
4098,0.15788053894043,0.11681770324707,0.544202351888021,2531478.49739818
4099,0.158392776489258,0.118003158569336,0.554543009440104,2517497.70408482
4100,0.157892776489258,0.117903358459473,0.559787679036458,2516420.60831297
4101,0.159002009073893,0.0885236028035482,0.100760335286458,4056139.54980337
4102,0.159508575439453,0.0895688018798828,0.109164998372396,3793659.17597858
4103,0.15901894124349,0.0895433680216471,0.116600667317708,3442504.10848572
4104,0.159522674560547,0.0905951360066732,0.125079671223958,3392875.87619562
4105,0.159030242919922,0.0905678380330404,0.132442006429036,3337376.93890717
4106,0.159533976236979,0.0916271387736003,0.140999338785807,3282597.30936395
4107,0.159042475382487,0.0915951385498047,0.148287333170573,3298450.84592699
4108,0.159548105875651,0.0926581700642904,0.156917999267578,3281901.45365559
4109,0.159056605021159,0.0926242701212565,0.164127665201823,3261800.80100891
4110,0.159562235514323,0.0936958033243815,0.17283066813151,3217937.3577924
4111,0.159070704142253,0.0936581370035807,0.179964202880859,3213680.99348496
4112,0.15957633972168,0.0947334696451823,0.188743738810221,3148559.03783475
4113,0.159083872477214,0.0946929702758789,0.195801172892253,3150598.43043007
4114,0.159589502970378,0.0957767715454102,0.204655008951823,3098778.8764984
4115,0.159098002115885,0.0957325057983398,0.211636973063151,3103370.57026965
4116,0.159604604085286,0.0968200709025065,0.220566141764323,3045654.95829941
4117,0.159111241658529,0.096773935953776,0.227471837361654,3051128.18364066
4118,0.159618743896484,0.0978699696858724,0.236474436442057,3005454.19798401
4119,0.15912440999349,0.0978219375610352,0.243304799397786,3003879.2687239
4120,0.159631907145182,0.0989217046101888,0.252381800333659,2962718.9637004
4121,0.159137573242187,0.0988699035644531,0.259135904947917,2967011.10154038
4122,0.159645075480143,0.0999762700398763,0.268287282307943,2930977.10461244
4123,0.159151677449544,0.0999216715494792,0.274966969807943,2931353.48035797
4124,0.159660140991211,0.101032737731934,0.284191762288411,2898573.52240575
4125,0.159166737874349,0.100974370320638,0.290795186360677,2904227.95647884
4126,0.159674270629883,0.102092035929362,0.300094401041667,2872177.73842203
4127,0.159178039550781,0.102032737731934,0.30662440999349,2875943.78932376
4128,0.159687438964844,0.103156071980794,0.315999908447266,2843531.61400586
4129,0.159194040934245,0.103092038472493,0.322453643798828,2846210.27023774
4130,0.159704406738281,0.104221003214518,0.331900675455729,2814607.17116416
4131,0.159209142049154,0.104153203328451,0.338276214599609,2813219.83487452
4132,0.159716674804687,0.10528973642985,0.347799509684245,2787317.81706514
4133,0.159220443725586,0.105218170166016,0.354101643880208,2780663.77494804
4134,0.159729843139648,0.10636220296224,0.363700307210286,2757254.96993311
4135,0.159235473632813,0.106287803649902,0.369924275716146,2753182.50301466
4136,0.159745803833008,0.107437505086263,0.379597432454427,2730699.19808722
4137,0.15925053914388,0.107359369913737,0.385747965494792,2726973.67821764
4138,0.159760904947917,0.108514701843262,0.395494333902995,2705384.92670005
4139,0.159264704386393,0.108432767232259,0.401568339029948,2703613.40465359
4140,0.159774103800456,0.109594701131185,0.411389333089193,2682836.02222825
4141,0.159276006062826,0.109509035746257,0.417390329996745,2678564.33667314
4142,0.159788243611654,0.110678502400716,0.42728466796875,2657923.97255633
4143,0.159292943318685,0.110589970906576,0.433206339518229,2656535.41817064
4144,0.15980517578125,0.111766003926595,0.443175008138021,2635255.67506605
4145,0.159307042439779,0.111671869913737,0.44902333577474,2635931.03931294
4146,0.159818344116211,0.112851702372233,0.459068339029948,2616509.41726703
4147,0.15932021077474,0.112755668640137,0.46484033203125,2618111.83648707
4148,0.159831507364909,0.113943936665853,0.474957000732422,2599137.16322579
4149,0.159333404541016,0.11384413655599,0.480653666178385,2601668.50769973
4150,0.159845637003581,0.115035270690918,0.490846333821615,2583042.97414595
4151,0.159348470052083,0.114930770874023,0.496468332926432,2583765.10727367
4152,0.159860702514648,0.11613037109375,0.506734334309896,2566087.71265439
4153,0.159362604777018,0.116024904886882,0.512280334472656,2567202.84946042
4154,0.159873906453451,0.117231104532878,0.522621012369792,2550082.54475988
4155,0.15937580871582,0.117120936075846,0.528091674804688,2549743.86584444
4156,0.159889907836914,0.118331825256348,0.538506693522135,2533355.15708386
4157,0.159392740885417,0.118216924031576,0.543903015136719,2533937.12338962
4158,0.159904973347982,0.119434394836426,0.554393351236979,2517295.20671058
4159,0.159405008951823,0.119316693623861,0.559713338216146,2517497.70408482
4160,0.160503840128581,0.0906705017089844,0.110208333333333,3793659.17597858
4161,0.161009475708008,0.0917561696370443,0.118840001424154,3700262.49846962
4162,0.160517944335937,0.0917062377929688,0.126275670369466,3392875.87619562
4163,0.161021713256836,0.0927984720865885,0.134983673095703,3309810.73682191
4164,0.160530176798503,0.0927466710408529,0.142345006306966,3282597.30936395
4165,0.161035807291667,0.0938436381022136,0.151126337687174,3291533.23222082
4166,0.160545237223307,0.0937871373494466,0.158411336263021,3281901.45365559
4167,0.161050872802734,0.0948907038370768,0.167267003377279,3228443.67782465
4168,0.160559371948242,0.0948332697550456,0.174476669311523,3217937.3577924
4169,0.161065938313802,0.0959434382120768,0.183405838012695,3165607.6523102
4170,0.16057443745931,0.0958813044230143,0.190539372762044,3148559.03783475
4171,0.161080073038737,0.0969971033732096,0.19954497273763,3106493.54128891
4172,0.160587605794271,0.0969330698649089,0.206603174845378,3098778.8764984
4173,0.161095138549805,0.0980545043945313,0.215680170694987,3057429.04871425
4174,0.160603637695312,0.0979857711791992,0.222661173502604,3045654.95829941
4175,0.161110239664714,0.0991128692626953,0.231813501993815,2998381.74974876
4176,0.160618708292643,0.099043202718099,0.238721069335938,3005454.19798401
4177,0.161126210530599,0.100176869710286,0.24794873046875,2960265.147517
4178,0.160633743286133,0.100103403727214,0.254779098510742,2962718.9637004
4179,0.161139373779297,0.101242736816406,0.264080210367839,2924330.19300355
4180,0.160645039876302,0.101167404174805,0.270834289550781,2930977.10461244
4181,0.161153508504232,0.102312403361003,0.280208831787109,2893863.37526261
4182,0.16066200764974,0.102232335408529,0.28688661702474,2898573.52240575
4183,0.161172373453776,0.103383934020996,0.296337443033854,2862024.04631279
4184,0.160678039550781,0.103302001953125,0.302941802978516,2872177.73842203
4185,0.161185577392578,0.104462069193522,0.312467041015625,2835279.0216784
4186,0.160691207885742,0.10437543741862,0.318995137532552,2843531.61400586
4187,0.161201543172201,0.105539271036784,0.32859380086263,2812687.91831159
4188,0.160708140055339,0.105448870340983,0.335045603434245,2814607.17116416
4189,0.161216608683268,0.106621170043945,0.344717702229818,2786896.05847448
4190,0.160720408121745,0.10652983601888,0.351096069335938,2787317.81706514
4191,0.161229807535807,0.10770777130127,0.360845367431641,2760410.88506913
4192,0.160735473632812,0.107611704508464,0.367147471110026,2757254.96993311
4193,0.161244873046875,0.108795270284017,0.376968475341797,2731478.5323461
4194,0.160749572753906,0.108695470174154,0.383194468180339,2730699.19808722
4195,0.161259908040365,0.109884702046712,0.393091664632161,2706580.3756719
4196,0.160766504923503,0.109782068888346,0.399240997314453,2705384.92670005
4197,0.161277806599935,0.110977900187174,0.409211334228516,2682513.58803875
4198,0.160781606038411,0.110872467041016,0.415285664876302,2682836.02222825
4199,0.161291010538737,0.11207396697998,0.42533066813151,2658313.50160626
4200,0.160795745849609,0.111965667724609,0.431328674316406,2657923.97255633
4201,0.161307978312174,0.11317280069987,0.441447011311849,2634389.55571277
4202,0.160812708536784,0.113061668395996,0.447371673583984,2635255.67506605
4203,0.161322107950846,0.114275400797526,0.457564666748047,2613154.48833888
4204,0.160825876871745,0.114159568786621,0.463413004557292,2616509.41726703
4205,0.161337142944336,0.115378934224447,0.473681009928385,2595423.5336189
4206,0.160840906778971,0.115259335835775,0.479453013102214,2599137.16322579
4207,0.161353139241536,0.11648716990153,0.489795338948568,2579675.09481559
4208,0.160855972290039,0.116362904866536,0.495491994222005,2583042.97414595
4209,0.161368204752604,0.117596415201823,0.505908650716146,2564260.27106711
4210,0.160870101928711,0.117468381245931,0.511528991699219,2566087.71265439
4211,0.161383270263672,0.118708450317383,0.522019327799479,2548187.84151363
4212,0.160885172526042,0.118576639811198,0.527565348307292,2550082.54475988
4213,0.161399276733398,0.119822359720866,0.538132019042969,2531996.2962334
4214,0.160902109781901,0.119687713623047,0.543602701822917,2533355.15708386
4215,0.161416208902995,0.120940963745117,0.554243693033854,2516264.07198855
4216,0.160916239420573,0.120802546183268,0.559638020833333,2517295.20671058
4217,0.162004745483398,0.092921869913737,0.120110336303711,3700262.49846962
4218,0.162508478800456,0.0940470708211263,0.128966003417969,3615781.8373658
4219,0.162016977945964,0.0939736048380534,0.136403671264648,3309810.73682191
4220,0.162523544311523,0.0951054026285807,0.145334671020508,3313515.18569288
4221,0.16203391011556,0.0950272369384766,0.152696004231771,3291533.23222082
4222,0.162539540608724,0.0961628036499023,0.161700337727865,3215712.42043681
4223,0.162047073364258,0.0960827713012695,0.168986338297526,3228443.67782465
4224,0.162552739461263,0.0972268040974935,0.178067108154297,3173276.45833926
4225,0.162063105265299,0.097144905090332,0.185276941935221,3165607.6523102
4226,0.162571568806966,0.0982927042643229,0.194429275512695,3120796.42706567
4227,0.162080037434896,0.098207036336263,0.201563771565755,3106493.54128891
4228,0.162585673014323,0.0993604685465495,0.210791437784831,3064316.20931979
4229,0.162093241373698,0.0992719701131185,0.217849634806315,3057429.04871425
4230,0.162600774129232,0.100431070963542,0.227150736490885,3000950.94063124
4231,0.16210927327474,0.100340703328451,0.234133600870768,2998381.74974876
4232,0.162617741902669,0.101508270263672,0.243510971069336,2953408.09305927
4233,0.162126210530599,0.101414103190104,0.250418533325195,2960265.147517
4234,0.162633743286133,0.102586369832357,0.259870300292969,2920970.65851941
4235,0.162139373779297,0.102488469441732,0.26670160929362,2924330.19300355
4236,0.162646906534831,0.103668301900228,0.276226816813151,2884647.31713
4237,0.16215537516276,0.1035675684611,0.282979960123698,2893863.37526261
4238,0.162665740966797,0.104753967285156,0.292581420898438,2852047.27057907
4239,0.162174240112305,0.104650400797526,0.299261118570964,2862024.04631279
4240,0.162681772867839,0.105842468261719,0.308938873291016,2824214.85500731
4241,0.162187444051107,0.105736068725586,0.315540435791016,2835279.0216784
4242,0.162694946289063,0.106933769226074,0.325288798014323,2804528.60867665
4243,0.162203414916992,0.106823603312174,0.33181406656901,2812687.91831159
4244,0.162713745117188,0.108026969909668,0.341638661702474,2782415.20319858
4245,0.162220342000326,0.10791493733724,0.348090494791667,2786896.05847448
4246,0.162729741414388,0.109126770019531,0.357989491780599,2757366.46280241
4247,0.162235407511393,0.109010938008626,0.364365997314453,2760410.88506913
4248,0.162744806925456,0.110226537068685,0.374339294433594,2731772.56469608
4249,0.162248606363932,0.110106936136882,0.380639668782552,2731478.5323461
4250,0.162758941650391,0.11132913462321,0.390686665852865,2703743.44227034
4251,0.162265543619792,0.111206700642904,0.396912668863932,2706580.3756719
4252,0.162777776082357,0.112435501098633,0.40703466796875,2680348.97781846
4253,0.162283442179362,0.11230933380127,0.413184000651042,2682513.58803875
4254,0.162792877197266,0.113544733683268,0.423378672281901,2655649.50650118
4255,0.162296646118164,0.113414800008138,0.429451009114583,2658313.50160626
4256,0.162806981404622,0.114655832926432,0.439720347086589,2631200.58958453
4257,0.16231357828776,0.114522132873535,0.445718343098958,2634389.55571277
4258,0.162825810750326,0.115769734700521,0.456062672932943,2608944.24112659
4259,0.162329610188802,0.115634134928385,0.461984334309896,2613154.48833888
4260,0.162840876261393,0.116887369791667,0.472403004964193,2589533.35769969
4261,0.162344640096029,0.116748001098633,0.478251342773438,2595423.5336189
4262,0.162858739217122,0.118007858276367,0.488746348063151,2575235.80274945
4263,0.162363474527995,0.117866625467936,0.494518341064453,2579675.09481559
4264,0.16287570699056,0.119134030659993,0.505084991455078,2560344.52573734
4265,0.162377604166667,0.118988085428874,0.510778645833333,2564260.27106711
4266,0.162888905843099,0.120259251912435,0.521419657389323,2544796.80443652
4267,0.162392674763997,0.120107650756836,0.527039998372396,2548187.84151363
4268,0.162906778971354,0.121387280782064,0.53775634765625,2528987.93828566
4269,0.162411478678385,0.121233800252279,0.54330234781901,2531996.2962334
4270,0.16292561340332,0.122519083658854,0.554093017578125,2513250.46523914
4271,0.162427510579427,0.122360893249512,0.559563680013021,2516264.07198855
4272,0.163504679361979,0.0952786687215169,0.130459335327148,3615781.8373658
4273,0.164008443196615,0.0964443689982096,0.139540003458659,3587202.59516158
4274,0.163518809000651,0.0963445688883464,0.146977671305339,3313515.18569288
4275,0.164025410970052,0.097514035542806,0.156134668986003,3203959.49331891
4276,0.163535776774089,0.0974104359944661,0.163496002197266,3215712.42043681
4277,0.164041407267253,0.0985855356852214,0.172725336710612,3154265.02384761
4278,0.163550837198893,0.0984819361368815,0.180010442097982,3173276.45833926
4279,0.164058369954427,0.0996655349731445,0.189313440958659,3120617.81518955
4280,0.163568735758464,0.0995582021077474,0.196522440592448,3120796.42706567
4281,0.164077168782552,0.100745567321777,0.205901702880859,3066826.77388354
4282,0.163585637410482,0.100633501688639,0.213036204020182,3064316.20931979
4283,0.164091272989909,0.101829335530599,0.222489837646484,2998035.84816154
4284,0.163598841349284,0.101715403238932,0.229546173095703,3000950.94063124
4285,0.164106374104818,0.102916903177897,0.239075139363607,2956468.17799473
4286,0.163616775512695,0.102800137837728,0.246057072957357,2953408.09305927
4287,0.164125244140625,0.104008204142253,0.25565950012207,2913186.99722832
4288,0.163633743286133,0.103888603210449,0.262565165201823,2920970.65851941
4289,0.164141240437826,0.105100435892741,0.272241984049479,2878271.24394158
4290,0.163648773193359,0.104978034973145,0.279072326660156,2884647.31713
4291,0.164158172607422,0.106197402954102,0.288822560628255,2841401.920118
4292,0.16366667175293,0.106074068705241,0.29557851155599,2852047.27057907
4293,0.164175135294596,0.107298136393229,0.305405008951823,2811362.59957442
4294,0.163681737263997,0.107170102437337,0.312085673014323,2824214.85500731
4295,0.164189239501953,0.108401702880859,0.321983764648437,2792096.10192461
4296,0.16369677734375,0.108271769205729,0.328585327148438,2804528.60867665
4297,0.164206176757812,0.109509002685547,0.338557769775391,2772042.70506924
4298,0.16371467590332,0.109374369303385,0.34508583577474,2782415.20319858
4299,0.164225041707357,0.110617268880208,0.355134541829427,2750816.02449491
4300,0.163733510335286,0.110481702168783,0.361586364746094,2757366.46280241
4301,0.164242909749349,0.111731201171875,0.371709503173828,2724474.55814737
4302,0.163748540242513,0.111591868082682,0.378085927327474,2731772.56469608
4303,0.164257970174154,0.112847002665202,0.388282633463542,2699988.95843093
4304,0.163764572143555,0.112703870137533,0.394582997639974,2703743.44227034
4305,0.16427680460612,0.113965604146322,0.40485400390625,2672966.52650988
4306,0.163783406575521,0.113819669087728,0.411079671223958,2680348.97781846
4307,0.164294708251953,0.115088935852051,0.421424011230469,2648184.2962678
4308,0.163798512776693,0.114940167744954,0.42757367960612,2655649.50650118
4309,0.164307912190755,0.116214134216309,0.437992350260417,2625872.54367335
4310,0.163812611897786,0.116059733072917,0.444066680908203,2631200.58958453
4311,0.164324844360352,0.117339368184408,0.454561676025391,2600716.81704642
4312,0.163831446329753,0.117183069864909,0.46055967203776,2608944.24112659
4313,0.164342742919922,0.118471163431803,0.471128000895182,2583125.3388014
4314,0.163848373413086,0.118311063130697,0.477049672444661,2589533.35769969
4315,0.164360605875651,0.119604817708333,0.487692667643229,2567497.42428255
4316,0.163867207845052,0.119440981547038,0.493541005452474,2575235.80274945
4317,0.164379440307617,0.120743227640788,0.504257334391276,2553117.83224421
4318,0.163883204142253,0.120577509562174,0.510029327392578,2560344.52573734
4319,0.164394505818685,0.121884447733561,0.520819986979167,2539490.3145582
4320,0.163898310343424,0.121712135314941,0.526516662597656,2544796.80443652
4321,0.164412414550781,0.123023780822754,0.537383666992188,2522979.52515706
4322,0.163917114257812,0.122850527445475,0.543003011067708,2528987.93828566
4323,0.164431213378906,0.12417064666748,0.553943339029948,2509619.8144429
4324,0.163935012817383,0.123992683410645,0.559487345377604,2513250.46523914
4325,0.165004679361979,0.0977381362915039,0.141259338378906,3587202.59516158
4326,0.165510309855143,0.0989415028889974,0.150566004435221,3628499.66757364
4327,0.16502067565918,0.0988172022501628,0.158003667195638,3203959.49331891
4328,0.165528208414714,0.100025268554688,0.16738466389974,3151831.26909313
4329,0.16503857421875,0.0998972015380859,0.174745000203451,3154265.02384761
4330,0.165546071370443,0.101112800598145,0.184199569702148,3104794.85317949
4331,0.165056437174479,0.100984733581543,0.191482905069987,3120617.81518955
4332,0.165562072753906,0.102206934611003,0.201013870239258,3061159.72735444
4333,0.165072438557943,0.102075101216634,0.208223668416341,3066826.77388354
4334,0.16557807413737,0.103300102233887,0.217828903198242,3016181.66611955
4335,0.165088439941406,0.10316640218099,0.224960571289062,2998035.84816154
4336,0.165594111124674,0.10439990234375,0.234637369791667,2952403.50658302
4337,0.165104476928711,0.104264335632324,0.241695602416992,2956468.17799473
4338,0.165612009684245,0.10550346883138,0.251448664347331,2908674.0582295
4339,0.165122375488281,0.105364102681478,0.258430628458659,2913186.99722832
4340,0.165630844116211,0.106609835306803,0.268257130940755,2870765.68168812
4341,0.165141209920247,0.10646576944987,0.275162821451823,2878271.24394158
4342,0.16564870707194,0.107717168172201,0.285065592447917,2831628.66957919
4343,0.165158137003581,0.107571202596029,0.291894989013672,2841401.920118
4344,0.165665669759115,0.10882920328776,0.301871205647786,2804279.01509184
4345,0.165174168904622,0.108679471333822,0.308625274658203,2811362.59957442
4346,0.165682601928711,0.109943105061849,0.318676839192708,2779925.38960221
4347,0.165191070556641,0.109793370564779,0.325354665120443,2792096.10192461
4348,0.165700475056966,0.11106453704834,0.335479665120443,2762718.03343436
4349,0.165208043416341,0.110910102844238,0.342081207275391,2772042.70506924
4350,0.165717478434245,0.112185035705566,0.352280578613281,2741607.5075016
4351,0.165225977579753,0.112026835123698,0.358805847167969,2750816.02449491
4352,0.165736312866211,0.11331120300293,0.369078674316406,2716366.7688983
4353,0.165244776407878,0.113151135762533,0.375530507405599,2724474.55814737
4354,0.16575417582194,0.11444113667806,0.385877604166667,2691522.30682188
4355,0.165261739095052,0.114276336669922,0.392253306070964,2699988.95843093
4356,0.16577207438151,0.115571970621745,0.402674011230469,2663766.73382744
4357,0.165280537923177,0.115404370625814,0.408974344889323,2672966.52650988
4358,0.165790873209635,0.116706601460775,0.419471008300781,2640100.35492156
4359,0.16529844156901,0.116537101745605,0.425695007324219,2648184.2962678
4360,0.165807846069336,0.117845916748047,0.436265340169271,2614271.91796727
4361,0.165313512166341,0.117671717325846,0.442413014729818,2625872.54367335
4362,0.165825744628906,0.118985254923503,0.453057678222656,2589992.88063117
4363,0.165332377115885,0.118807306925456,0.459132008870443,2600716.81704642
4364,0.165846476236979,0.120129318237305,0.469851328531901,2571377.31288587
4365,0.165350240071615,0.119949473063151,0.475849324544271,2583125.3388014
4366,0.165864339192708,0.121277112325033,0.48664198811849,2556154.85947431
4367,0.165369074503581,0.121092557271322,0.492563659667969,2567497.42428255
4368,0.165883173624674,0.122425862630208,0.503432657877604,2543934.65530793
4369,0.16538693745931,0.12224036916097,0.509277994791667,2553117.83224421
4370,0.165900105794271,0.1235802637736,0.520220336914063,2528746.55215891
4371,0.16540391031901,0.123390060424805,0.52599033610026,2539490.3145582
4372,0.165918045043945,0.12473560333252,0.537007019042969,2513552.63524031
4373,0.165422744750977,0.124541636149089,0.542703674316406,2522979.52515706
4374,0.16593684387207,0.125893770853678,0.553793680826823,2501064.82937339
4375,0.165440612792969,0.125696034749349,0.559414001464844,2509619.8144429
4376,0.166506510416667,0.100299270629883,0.152509338378906,3628499.66757364
4377,0.167012140909831,0.10154310353597,0.162040003458659,3500001.28800828
4378,0.166523473103841,0.101393402099609,0.169477666219076,3151831.26909313
4379,0.167029108683268,0.102641036987305,0.179082901000977,3088265.16407432
4380,0.166541341145833,0.102488502502441,0.186444468180339,3104794.85317949
4381,0.167047907511393,0.103743637084961,0.196123240152995,3040570.21003852
4382,0.16655827331543,0.103590136210124,0.203409306844076,3061159.72735444
4383,0.167063939412435,0.104850003560384,0.213162373860677,3016471.13292831
4384,0.166573374430339,0.104691802978516,0.22037217203776,3016181.66611955
4385,0.167080907185872,0.105957303365072,0.230200571695964,2956040.51088101
4386,0.166591278076172,0.105799102783203,0.237334101359049,2952403.50658302
4387,0.167099746704102,0.107073102315267,0.247236902872721,2912973.81355326
4388,0.166610112508138,0.10691303507487,0.254293233235677,2908674.0582295
4389,0.167117609659831,0.108190767923991,0.264272298177083,2866033.72540392
4390,0.166627975463867,0.108026934305827,0.271254231770833,2870765.68168812
4391,0.167138341267904,0.109310335795085,0.28130674235026,2830676.05962664
4392,0.16664870707194,0.109144635518392,0.288212412516276,2831628.66957919
4393,0.167158106486003,0.110436503092448,0.29833930460612,2798552.15277602
4394,0.166665639241536,0.110267036437988,0.305168701171875,2804279.01509184
4395,0.167175038655599,0.11156453704834,0.315368103027344,2773187.0180382
4396,0.166683502197266,0.111390337626139,0.32212217203776,2779925.38960221
4397,0.167193837483724,0.112693501790365,0.332396901448568,2752385.37819246
4398,0.166702341715495,0.112517435709635,0.339076568603516,2762718.03343436
4399,0.167211776733398,0.11382906850179,0.349424733479818,2733286.67539951
4400,0.166719345092773,0.113651102701823,0.356027201334635,2741607.5075016
4401,0.167229675292969,0.114966501871745,0.366449768066406,2712677.98767382
4402,0.166738143920898,0.11478480275472,0.37297597249349,2716366.7688983
4403,0.167250340779622,0.116108703613281,0.383474833170573,2686366.80435028
4404,0.166757909138997,0.115925104777018,0.389924631754557,2691522.30682188
4405,0.167269205729167,0.117251803080241,0.400496999104818,2659617.68738079
4406,0.166775807698568,0.117063468933105,0.406870676676432,2663766.73382744
4407,0.167288040161133,0.11839865620931,0.417517344156901,2632645.12551699
4408,0.166794642130534,0.11820938873291,0.423817342122396,2640100.35492156
4409,0.167305943806966,0.119551162719727,0.434537333170573,2606198.46282834
4410,0.166811579386393,0.119357190450033,0.44076133219401,2614271.91796727
4411,0.167323811848958,0.12070462290446,0.451555999755859,2583096.76814645
4412,0.166832310994466,0.12050688680013,0.457704671223958,2589992.88063117
4413,0.167346440633138,0.121860903422038,0.468575337727865,2562256.67384862
4414,0.166853973388672,0.121661282857259,0.474647664388021,2571377.31288587
4415,0.167365239461263,0.123020952860514,0.485591990152995,2546422.19063706
4416,0.166871841430664,0.122816627502441,0.491588317871094,2556154.85947431
4417,0.167384073893229,0.12418194325765,0.502606994628906,2532590.08653691
4418,0.166890670776367,0.123975733439128,0.508529663085938,2543934.65530793
4419,0.167401972452799,0.12534952545166,0.519621663411458,2518236.56315626
4420,0.166907643636068,0.125139549255371,0.525467000325521,2528746.55215891
4421,0.167421778361003,0.126518987019857,0.536630350748698,2504603.08771996
4422,0.166928375244141,0.126305244445801,0.542400370279948,2513552.63524031
4423,0.167442474365234,0.127690335591634,0.553641031901042,2491610.35786289
4424,0.166946243286133,0.127472829182943,0.559337687174479,2501064.82937339
4425,0.16800553894043,0.102964937845866,0.164207672119141,3500001.28800828
4426,0.168511174519857,0.104246437072754,0.173964569091797,3449989.93464559
4427,0.168023412068685,0.104072237650553,0.181402135213216,3088265.16407432
4428,0.168529047648112,0.105359402974447,0.19123350016276,3039287.21423458
4429,0.168041310628255,0.105183336893717,0.198593037923177,3040570.21003852
4430,0.168549774169922,0.106477068583171,0.208497706095378,3020964.33882376
4431,0.168062037150065,0.106297236124674,0.215780975341797,3016471.13292831
4432,0.168569569905599,0.107596636454264,0.225761906941732,2973896.25447721
4433,0.168079004923503,0.10741490427653,0.232971705118815,2956040.51088101
4434,0.168586507161458,0.10872087097168,0.243027002970378,2925283.8408731
4435,0.168096878051758,0.108537269592285,0.250158671061198,2912973.81355326
4436,0.168605346679687,0.109850802103678,0.260285568237305,2875397.50458266
4437,0.168115712483724,0.109664367675781,0.267342864990234,2866033.72540392
4438,0.168625111897786,0.110981669108073,0.277546010335286,2833561.0790199
4439,0.16813737487793,0.11079147084554,0.284527954101563,2830676.05962664
4440,0.168647740681966,0.11211723836263,0.294804555257161,2799217.11066226
4441,0.168158106486003,0.11192797088623,0.301710235595703,2798552.15277602
4442,0.168665608723958,0.113259401957194,0.312061228434245,2772671.73320902
4443,0.168175008138021,0.113065434773763,0.31888969930013,2773187.0180382
4444,0.168685338338216,0.114400634765625,0.329314107259115,2747177.82417969
4445,0.168195704142253,0.114202901204427,0.336067240397135,2752385.37819246
4446,0.168706075032552,0.115546567281087,0.346566975911458,2725960.83651517
4447,0.168213643391927,0.11534880065918,0.353244801839193,2733286.67539951
4448,0.16872304280599,0.116699035644531,0.363818003336589,2707556.04795304
4449,0.168231506347656,0.116494702657064,0.370420501708984,2712677.98767382
4450,0.168743708292643,0.117849675496419,0.381069071451823,2686328.63077567
4451,0.16825407409668,0.117645375569661,0.387597198486328,2686366.80435028
4452,0.168765375773112,0.11900882212321,0.398319000244141,2660650.44212315
4453,0.168272939046224,0.118798848470052,0.404769002278646,2659617.68738079
4454,0.168782338460286,0.120166030883789,0.415565348307292,2631543.38708191
4455,0.168290837605794,0.119954172770182,0.421940012613932,2632645.12551699
4456,0.168803075154622,0.121329846700033,0.432810679117839,2603750.41170982
4457,0.168311579386393,0.121116104125977,0.439108001708984,2606198.46282834
4458,0.168822845458984,0.122495541890462,0.450054341634115,2580283.18326121
4459,0.168329442342122,0.122278032938639,0.456278340657552,2583096.76814645
4460,0.168841674804688,0.123664065043132,0.467299011230469,2559573.79063871
4461,0.168350173950195,0.123444671630859,0.473447336832682,2562256.67384862
4462,0.168863342285156,0.124838233947754,0.484542002360026,2541992.6763493
4463,0.16837087504069,0.124614135742188,0.490614329020182,2546422.19063706
4464,0.168883107503255,0.12601335144043,0.501780985514323,2525546.9471386
4465,0.168389704386393,0.125785484313965,0.507777323404948,2532590.08653691
4466,0.168903839111328,0.127193171183268,0.519019999186198,2511650.63636979
4467,0.168409510294596,0.126963422139486,0.524941670735677,2518236.56315626
4468,0.168922678629557,0.128376757303874,0.536257670084635,2499076.49969591
4469,0.168429275512695,0.128142298380534,0.542101013183594,2504603.08771996
4470,0.168943374633789,0.129562227884928,0.553491353352865,2486534.23043497
4471,0.16844997660319,0.129324007670085,0.559261352539063,2491610.35786289
4472,0.169504542032878,0.105731335957845,0.176360234578451,3449989.93464559
4473,0.170011113484701,0.107051434834798,0.186341033935547,3477019.33091717
4474,0.169523381551107,0.1068537012736,0.193776733398438,3039287.21423458
4475,0.170030914306641,0.1081795018514,0.203831100463867,3019461.86976239
4476,0.169545043945313,0.107978935241699,0.211192535400391,3020964.33882376
4477,0.170053507486979,0.109310368855794,0.221323201497396,2978538.98374004
4478,0.169565770467122,0.109107902526855,0.228609303792318,2973896.25447721
4479,0.170073303222656,0.11044780476888,0.238814336140951,2929995.50128432
4480,0.169584604899089,0.110242505391439,0.246022237141927,2925283.8408731
4481,0.170092107137044,0.111588071187337,0.256298833211263,2883118.36647421
4482,0.169602478027344,0.111379969278971,0.26343049621582,2875397.50458266
4483,0.170110946655273,0.112731168111165,0.273782440185547,2841911.63750326
4484,0.16962321472168,0.112519302368164,0.280840657552083,2833561.0790199
4485,0.170132614135742,0.113877103169759,0.291266957600911,2807555.08612257
4486,0.169644877115885,0.113665237426758,0.298248911539714,2799217.11066226
4487,0.170153340657552,0.11503150177002,0.308749593098958,2773447.46591388
4488,0.169663706461589,0.114814933776855,0.315656229654948,2772671.73320902
4489,0.170173105875651,0.116184033711751,0.326231302897135,2745900.82522502
4490,0.169685338338216,0.115963701883952,0.333060709635417,2747177.82417969
4491,0.170194737752279,0.117339370727539,0.343709238688151,2720812.08702996
4492,0.169705108642578,0.117119969685872,0.350462371826172,2725960.83651517
4493,0.170214513142904,0.118503158569336,0.361187174479167,2701285.18301959
4494,0.16972487894694,0.118279991149902,0.367864980061849,2707556.04795304
4495,0.170234278361003,0.119666971842448,0.378664276123047,2685249.56964531
4496,0.169744644165039,0.119440989176432,0.385265869140625,2686328.63077567
4497,0.170256876627604,0.120836446126302,0.396138336181641,2660859.58249758
4498,0.169767242431641,0.120608578999837,0.402663340250651,2660650.44212315
4499,0.170276672363281,0.122010620117187,0.413610341389974,2632329.10892509
4500,0.169784205118815,0.121778045654297,0.420062347412109,2631543.38708191
4501,0.17029643758138,0.1231857325236,0.431084014892578,2603946.48585158
4502,0.16980680847168,0.122949391682943,0.437457682291667,2603750.41170982
4503,0.170319046020508,0.124363672892253,0.448551676432292,2580917.7738186
4504,0.169826578776042,0.124123565673828,0.454851013183594,2580283.18326121
4505,0.170338811238607,0.125543492635091,0.466021016438802,2560698.6131287
4506,0.169847310384115,0.125301500956217,0.47224501546224,2559573.79063871
4507,0.17035954284668,0.126729909261068,0.483487670898438,2540970.22824423
4508,0.169867075602214,0.126486035664876,0.48963633219401,2541992.6763493
4509,0.170380238850911,0.127919146219889,0.500954996744792,2522350.16687323
4510,0.169888737996419,0.127670560201009,0.507027323404948,2525546.9471386
4511,0.170400970458984,0.129110265096029,0.518420003255208,2508356.91174803
4512,0.169909474690755,0.128860743204753,0.524416341145833,2511650.63636979
4513,0.170422643025716,0.130306096394857,0.535882019042969,2496513.64115656
4514,0.16993017578125,0.13005185953776,0.541801676432292,2499076.49969591
4515,0.170444274902344,0.131502863566081,0.553341674804688,2484116.32028192
4516,0.169950876871745,0.131247690836589,0.559188008626302,2486534.23043497
4517,0.171004511515299,0.108601333618164,0.188960571289062,3477019.33091717
4518,0.171512980143229,0.109961001078288,0.199165506998698,3436087.99029892
4519,0.171027114868164,0.109736902872721,0.206600336710612,3019461.86976239
4520,0.171534647623698,0.11110223642985,0.216880701700846,2946836.36159561
4521,0.171046910603841,0.110876269022624,0.224242131551107,2978538.98374004
4522,0.171554443359375,0.112250035603841,0.23459689839681,2905437.87873408
4523,0.171068572998047,0.112024037679036,0.241883000691732,2929995.50128432
4524,0.171576105753581,0.113403470357259,0.252311172485352,2877748.19729344
4525,0.171088338216146,0.113172803243001,0.259519104003906,2883118.36647421
4526,0.171595840454102,0.114556002298991,0.270021687825521,2839627.96307018
4527,0.17110807800293,0.114322469075521,0.277153361002604,2841911.63750326
4528,0.171616546630859,0.11571223449707,0.287732198079427,2806274.12500085
4529,0.171128814697266,0.11547873433431,0.294787577311198,2807555.08612257
4530,0.171638214111328,0.116876068115234,0.305440795898437,2775880.39453433
4531,0.171150477091471,0.116640701293945,0.312420857747396,2773447.46591388
4532,0.171660807291667,0.118043678283691,0.32314756266276,2745069.17746269
4533,0.17117307027181,0.117803578694661,0.33005137125651,2745900.82522502
4534,0.171682469685872,0.119213137308757,0.34085151163737,2717877.34167866
4535,0.171191904703776,0.118969261169434,0.347679972330729,2720812.08702996
4536,0.171702239990234,0.12038542175293,0.358554463704427,2696390.23112856
4537,0.171214477539062,0.120138720194499,0.365308532714844,2701285.18301959
4538,0.171726710001628,0.12156241607666,0.376258473714193,2680491.69514531
4539,0.171236145019531,0.121313835144043,0.382936411539714,2685249.56964531
4540,0.171745574951172,0.122741299947103,0.393958669026693,2660779.66428706
4541,0.171255940755208,0.122489893595378,0.400559000651042,2660859.58249758
4542,0.171768173217773,0.123925829569499,0.411655670166016,2634192.00799412
4543,0.17127853902181,0.123674423217773,0.418182006835937,2632329.10892509
4544,0.171789840698242,0.125116010030111,0.429354339599609,2606162.04829526
4545,0.171300206502279,0.124859893798828,0.435804341634115,2603946.48585158
4546,0.171812444051107,0.12630712890625,0.447050669352214,2583434.33616933
4547,0.171320912679036,0.126047248840332,0.453424336751302,2580917.7738186
4548,0.171832214355469,0.12750107828776,0.464743998209635,2563498.48101643
4549,0.171342580159505,0.127237429300944,0.471041341145833,2560698.6131287
4550,0.171856709798177,0.128698786417643,0.482435343424479,2541701.68507092
4551,0.171365173339844,0.128433258056641,0.488657674153646,2540970.22824423
4552,0.171876439412435,0.129901209513346,0.500126342773437,2521522.40265647
4553,0.171383972167969,0.129630971272786,0.50627500406901,2522350.16687323
4554,0.171898071289063,0.131103622436523,0.517817016601563,2506370.54801066
4555,0.17140657043457,0.130831502278646,0.523889689127604,2508356.91174803
4556,0.171920674641927,0.132310750325521,0.53550634765625,2494636.58616775
4557,0.171428243001302,0.132034866333008,0.54150233968099,2496513.64115656
4558,0.171944244384766,0.133519765218099,0.55319199625651,2482102.25158773
4559,0.171452743530273,0.133241999308268,0.559111673990885,2484116.32028192
4560,0.172506378173828,0.111573969523112,0.202011037190755,3436087.99029892
4561,0.173013910929362,0.112973169962565,0.212441101074219,3383939.78051623
4562,0.172528045654297,0.11272553507487,0.219875935872396,2946836.36159561
4563,0.173035578409831,0.114131334940592,0.230380401611328,2876976.29378443
4564,0.172549713134766,0.11388180287679,0.237739934285482,2905437.87873408
4565,0.173057210286458,0.115293235778809,0.248320673624674,2865681.49072266
4566,0.172569473266602,0.115040901184082,0.255605809529622,2877748.19729344
4567,0.173077936808268,0.116458000183105,0.266260925292969,2839158.00436448
4568,0.172592071533203,0.116203768412272,0.273468872070313,2839627.96307018
4569,0.173101470947266,0.117627456665039,0.284195566813151,2808319.07079851
4570,0.172613708496094,0.117369455973307,0.291327219645182,2806274.12500085
4571,0.17312407430013,0.118798812866211,0.302130167643229,2779459.06003698
4572,0.172636311848958,0.118538925170898,0.309188364664714,2775880.39453433
4573,0.173145711263021,0.119976763407389,0.320064758300781,2744945.79974373
4574,0.172657943725586,0.119716883341471,0.32704389444987,2745069.17746269
4575,0.173168309529622,0.121160357157389,0.337993764241536,2718268.89521891
4576,0.172680572509766,0.120896710713704,0.344897572835286,2717877.34167866
4577,0.173189971923828,0.122344886779785,0.355922709147135,2695645.89138209
4578,0.172702204386393,0.122077473958333,0.362751139322917,2696390.23112856
4579,0.173214441935221,0.12353035736084,0.373849802652995,2675242.60588999
4580,0.172726710001628,0.123262001037598,0.380603068033854,2680491.69514531
4581,0.17323610941569,0.124723360697428,0.391777008056641,2657837.40474047
4582,0.172745539347331,0.124451240539551,0.398454671223958,2660779.66428706
4583,0.173255874633789,0.125919194539388,0.409700998942057,2636311.67994573
4584,0.172768142700195,0.125645189921061,0.416301666259766,2634192.00799412
4585,0.17328037516276,0.12712161509196,0.427624338785807,2610863.43417225
4586,0.172791707356771,0.126843841552734,0.434150675455729,2606162.04829526
4587,0.173303939819336,0.128323089599609,0.445546671549479,2587620.20100418
4588,0.172814310709635,0.128042493184408,0.451996663411458,2583434.33616933
4589,0.173326543172201,0.129529273986816,0.463466990152995,2565799.83811332
4590,0.172835978190104,0.129247739156087,0.469840657552083,2563498.48101643
4591,0.173349141438802,0.130741114298503,0.48138466389974,2543627.70332868
4592,0.172859507242839,0.130455810546875,0.487682006835937,2541701.68507092
4593,0.173373606363932,0.131954833984375,0.49930034383138,2522444.28326341
4594,0.172882074991862,0.131665761311849,0.505522349039714,2521522.40265647
4595,0.173395243326823,0.133171381632487,0.517215342203776,2505702.71224383
4596,0.17290370686849,0.132879480997721,0.523361348470052,2506370.54801066
4597,0.173417841593424,0.13439262898763,0.535127665201823,2492132.49193603
4598,0.172926310221354,0.134096018473307,0.541199991861979,2494636.58616775
4599,0.173439514160156,0.135615758260091,0.553042317708333,2479626.50058253
4600,0.172949879964193,0.135315388997396,0.559038330078125,2482102.25158773
4601,0.174005406697591,0.114651102701823,0.215509765625,3280884.21257761
4602,0.174512903849284,0.116090802510579,0.226165837605794,3260525.4249015
4603,0.174028940836589,0.115818669637044,0.233601638793945,2876976.29378443
4604,0.174537409464518,0.117262135823568,0.244332107543945,2872453.61431737
4605,0.174051544189453,0.116986234029134,0.251691609700521,2865681.49072266
4606,0.174559076944987,0.118435356140137,0.26249550374349,2852108.05594417
4607,0.174073206583659,0.118159456888835,0.26977968343099,2839158.00436448
4608,0.174583572387695,0.119617060343424,0.280658905029297,2825457.7130953
4609,0.174097702026367,0.119339291890462,0.287866841634115,2808319.07079851
4610,0.17460710144043,0.120800666809082,0.298819488525391,2790482.11255215
4611,0.174121236165365,0.120518188476562,0.305951161702474,2779459.06003698
4612,0.174631571451823,0.121988021850586,0.316980102539063,2752670.09791369
4613,0.174143809000651,0.121706484476725,0.324035502115885,2744945.79974373
4614,0.174653208414714,0.123181966145833,0.335136006673177,2723270.66075728
4615,0.17416547648112,0.122895718892415,0.34211513264974,2718268.89521891
4616,0.174677708943685,0.12437685139974,0.353290008544922,2696768.63104779
4617,0.17418994140625,0.124089665730794,0.360193776448568,2695645.89138209
4618,0.174699340820312,0.125577390034993,0.371443145751953,2672436.59834872
4619,0.174211608886719,0.125285494486491,0.378270741780599,2675242.60588999
4620,0.174721979777018,0.126780754089355,0.38959434000651,2651620.92161903
4621,0.174234212239583,0.126486976623535,0.396347340901693,2657837.40474047
4622,0.174743611653646,0.127988828023275,0.407745340983073,2636630.48773472
4623,0.174255844116211,0.127693166097005,0.41442133585612,2636311.67994573
4624,0.174768076578776,0.129200660705566,0.425893666585286,2615956.74216621
4625,0.174280339558919,0.128903114318848,0.432496002197266,2610863.43417225
4626,0.174791636149089,0.130416259765625,0.444042673746745,2591612.6363222
4627,0.174303904215495,0.130114008585612,0.450567006429036,2587620.20100418
4628,0.174816106160482,0.131632807413737,0.462187337239583,2568950.08872091
4629,0.174328374226888,0.131328669230143,0.468637329101563,2565799.83811332
4630,0.174841542561849,0.132856887817383,0.48033100382487,2546548.87586464
4631,0.174352874755859,0.132550867716471,0.486704671223958,2543627.70332868
4632,0.174866973876953,0.134082850138346,0.498473012288411,2524620.27105402
4633,0.17437733968099,0.133772120157878,0.504771341959635,2522444.28326341
4634,0.174891438802083,0.135311630249023,0.516614013671875,2505436.28789547
4635,0.174400873819987,0.134999964396159,0.522836008707682,2505702.71224383
4636,0.174914972941081,0.13654606628418,0.53475400797526,2489321.22939593
4637,0.174423477172852,0.136230631510417,0.540899658203125,2492132.49193603
4638,0.174937576293945,0.137783325195313,0.552891662597656,2476406.00842706
4639,0.17444514465332,0.13746506245931,0.558961995442708,2479626.50058253
4640,0.175505335489909,0.117831817626953,0.229461441040039,3207811.63475491
4641,0.176012868245443,0.119309178670247,0.240343510945638,3263780.11225519
4642,0.175528905232747,0.119011629740397,0.247778376261393,2872453.61431737
4643,0.176037373860677,0.120494646708171,0.25873291015625,2839505.15072968
4644,0.175553410847982,0.120194274902344,0.266090535481771,2852108.05594417
4645,0.176060907999674,0.121683886210124,0.277119445800781,2831192.82361107
4646,0.175576939900716,0.121382570902507,0.284403635660807,2825457.7130953
4647,0.176087270100911,0.12287877146403,0.29550883992513,2795020.79577587
4648,0.175603302001953,0.122574635823568,0.302716756184896,2790482.11255215
4649,0.176112701416016,0.124075543721517,0.313892598470052,2760188.82594007
4650,0.175626836140951,0.123771408081055,0.321024271647135,2752670.09791369
4651,0.176137171427409,0.125280789693197,0.332276377360026,2726205.96558594
4652,0.175651306152344,0.124972885131836,0.339332712809245,2723270.66075728
4653,0.176160705566406,0.126486035664876,0.350659169514974,2697555.21433868
4654,0.175674840291341,0.126176249186198,0.357637339274089,2696768.63104779
4655,0.176185175577799,0.127697875976563,0.369037241617839,2669782.09443701
4656,0.175697443644206,0.127386202494303,0.375939280192057,2672436.59834872
4657,0.176206843058268,0.12891441599528,0.387413543701172,2645201.97204978
4658,0.175719111124674,0.128600863138835,0.394241007486979,2651620.92161903
4659,0.17623134358724,0.130134730021159,0.40578867594401,2630042.88932625
4660,0.175743611653646,0.129816472371419,0.412540008544922,2636630.48773472
4661,0.176254908243815,0.131355982462565,0.424163004557292,2617344.68813887
4662,0.17576714070638,0.131035832722982,0.430840667724609,2615956.74216621
4663,0.176281239827474,0.132582875569661,0.442539001464844,2594226.95758115
4664,0.175793472290039,0.132260848999023,0.449138671875,2591612.6363222
4665,0.176306640625,0.133814488728841,0.460908671061198,2571738.46631259
4666,0.175817006429036,0.133488698323568,0.46743300374349,2568950.08872091
4667,0.176331110636393,0.135047983805339,0.479279337565104,2549680.38630063
4668,0.175843378702799,0.134720311482747,0.485727345784505,2546548.87586464
4669,0.17635654703776,0.136288065592448,0.497647013346354,2527347.8759129
4670,0.175868810017904,0.135956624348958,0.504019012451172,2524620.27105402
4671,0.176381042480469,0.137530039469401,0.516013336181641,2505345.55936289
4672,0.175893305460612,0.137195775349935,0.52231000773112,2505436.28789547
4673,0.176406473795573,0.138774836222331,0.534378336588542,2487070.53386549
4674,0.175918706258138,0.13843679300944,0.540600341796875,2489321.22939593
4675,0.176432810465495,0.140022455851237,0.552742004394531,2472706.9573419
4676,0.175943176269531,0.139684422810872,0.558887674967448,2476406.00842706
4677,0.177004369099935,0.121114217122396,0.243862243652344,3171707.1543723
4678,0.177513768513997,0.122630190531413,0.254966512044271,3313466.25071757
4679,0.177030736287435,0.122308169047038,0.262402313232422,2839505.15072968
4680,0.177541071573893,0.123829788208008,0.273580942789714,2797939.06341451
4681,0.177055206298828,0.123505877176921,0.280940450032552,2831192.82361107
4682,0.177564605712891,0.125034085591634,0.292195343017578,2785594.55783146
4683,0.177080637613932,0.124708295186361,0.29947954305013,2795020.79577587
4684,0.177591003417969,0.126244041442871,0.310807902018229,2760986.14514254
4685,0.17710703531901,0.12591542561849,0.318013041178385,2760188.82594007
4686,0.177616434733073,0.127456822713216,0.329414845784505,2725890.48672902
4687,0.177132436116536,0.127126322428385,0.336546508789063,2726205.96558594
4688,0.177642771402995,0.128676190694173,0.348022705078125,2695993.84387388
4689,0.17715690612793,0.128343808492025,0.355079030354818,2697555.21433868
4690,0.177666305541992,0.129897440592448,0.366629628499349,2665046.11974009
4691,0.177180440266927,0.129561294555664,0.373609670003255,2669782.09443701
4692,0.177690775553385,0.131123397827148,0.385233713785807,2639991.61548737
4693,0.17720491027832,0.130788192749023,0.392135548909505,2645201.97204978
4694,0.17771620686849,0.132355951944987,0.403834014892578,2622675.99912027
4695,0.177230372111003,0.132016042073568,0.410659678141276,2630042.88932625
4696,0.177742604573568,0.133589452107747,0.422433349609375,2610736.85460806
4697,0.177254872639974,0.133247650146484,0.429185343424479,2617344.68813887
4698,0.177766138712565,0.134828587849935,0.441033345540365,2594107.14895047
4699,0.1772802734375,0.134483963012695,0.447709340413411,2594226.95758115
4700,0.177794372558594,0.136071497599284,0.459631011962891,2573383.85096251
4701,0.177308507283529,0.135724049886068,0.466230672200521,2571738.46631259
4702,0.177819803873698,0.137318181355794,0.478224670410156,2552248.46035314
4703,0.177332041422526,0.136967905680339,0.484749003092448,2549680.38630063
4704,0.177846176147461,0.138567682902018,0.4968193359375,2529338.77305369
4705,0.177358413696289,0.138215515136719,0.503269337972005,2527347.8759129
4706,0.177872543334961,0.139820933024089,0.515412994384766,2505914.83795638
4707,0.177382909138997,0.13946689860026,0.521784993489583,2505345.55936289
4708,0.177897038777669,0.141077967325846,0.534001322428385,2485549.46692386
4709,0.177408340454102,0.140720169067383,0.540297993977865,2487070.53386549
4710,0.177924341837565,0.142336873372396,0.55259033203125,2468944.07706492
4711,0.177436579386393,0.141977203369141,0.558812337239583,2472706.9573419
4712,0.17850526936849,0.124499262491862,0.258712178548177,3248751.74756652
4713,0.179015635172526,0.126054784138997,0.270043365478516,3215396.15014276
4714,0.178534469604492,0.125707331339518,0.277476328531901,2797939.06341451
4715,0.179042007446289,0.127268498738607,0.288879994710286,2757821.32012456
4716,0.178558008829753,0.12691916402181,0.296239501953125,2785594.55783146
4717,0.179067443847656,0.128488810221354,0.307717569986979,2745167.99283085
4718,0.178584406534831,0.128139478047689,0.315001770019531,2760986.14514254
4719,0.179094772338867,0.129714769999186,0.326553304036458,2721693.92630545
4720,0.178610768636068,0.129360730489095,0.333761240641276,2725890.48672902
4721,0.179122034708659,0.13094167582194,0.345387135823568,2692588.70501793
4722,0.178638036092122,0.130587636311849,0.352516937255859,2695993.84387388
4723,0.179148371378581,0.132175170898437,0.36421723429362,2659688.29808482
4724,0.178662506103516,0.131817357381185,0.371273600260417,2665046.11974009
4725,0.179171905517578,0.13341054280599,0.383050099690755,2636024.80678333
4726,0.178686040242513,0.133052729288737,0.39003017171224,2639991.61548737
4727,0.179198272705078,0.134654388427734,0.401878346761068,2616952.92709856
4728,0.17871430460612,0.134292816162109,0.408780354817708,2622675.99912027
4729,0.179225601196289,0.135900126139323,0.42070302327474,2599765.8774372
4730,0.178739735921224,0.13553667195638,0.427530354817708,2610736.85460806
4731,0.179251973470052,0.137150578816732,0.439528015136719,2588735.79998861
4732,0.178766108194987,0.136784296671549,0.446279012044271,2594107.14895047
4733,0.179277409871419,0.138403839111328,0.458351338704427,2573459.43189458
4734,0.178791539510091,0.138035664876302,0.46502734375,2573383.85096251
4735,0.179305674235026,0.139661794026693,0.477174011230469,2553033.04218658
4736,0.178819803873698,0.139291758219401,0.483771677652995,2552248.46035314
4737,0.179333908081055,0.140923533121745,0.495991668701172,2529511.24286837
4738,0.17884804280599,0.140549733479818,0.502514994303385,2529338.77305369
4739,0.179362147013346,0.142187169392904,0.514809661865234,2506369.2686083
4740,0.17887440999349,0.141810536702474,0.521257659912109,2505914.83795638
4741,0.179388509114583,0.143455505371094,0.533625651041667,2484321.92393503
4742,0.178900772094727,0.143076970418294,0.539997314453125,2485549.46692386
4743,0.179413940429688,0.144728535970052,0.552439656575521,2465896.80136793
4744,0.178926208496094,0.144346237182617,0.558736002604167,2468944.07706492
4745,0.180007136027018,0.127987884521484,0.274014068603516,3127068.32946753
4746,0.180517471313477,0.129582005818685,0.285567464192708,3144124.58278921
4747,0.180033508300781,0.129210072835286,0.293000427246094,2757821.32012456
4748,0.180542912801107,0.130809844970703,0.304630106608073,2720078.01062015
4749,0.180060846964518,0.130437917073568,0.31198774210612,2745167.99283085
4750,0.180571177164714,0.132046162923177,0.323692738850911,2710442.56733797
4751,0.180088139851888,0.131672348022461,0.330974100748698,2721693.92630545
4752,0.180598470052083,0.133285303751628,0.342752563476563,2685374.375353
4753,0.180116368611654,0.132908671061198,0.349957661946615,2692588.70501793
4754,0.180625768025716,0.13452821858724,0.36181049601237,2657667.83868241
4755,0.18014176940918,0.13414875793457,0.368940266927083,2659688.29808482
4756,0.180652140299479,0.135774892171224,0.380866465250651,2635658.83967281
4757,0.180168141682943,0.135394490559896,0.387919932047526,2636024.80678333
4758,0.180679443359375,0.137028157552083,0.399920664469401,2612852.13975254
4759,0.180195439656576,0.136645868937174,0.406899007161458,2616952.92709856
4760,0.180707672119141,0.138286137898763,0.418973012288411,2593297.8924192
4761,0.180221801757812,0.137901967366536,0.425875020345052,2599765.8774372
4762,0.180733103434245,0.139547887166341,0.438025349934896,2581977.19773535
4763,0.180249140421549,0.139159952799479,0.444851013183594,2588735.79998861
4764,0.180763244628906,0.140811503092448,0.457074666341146,2572813.3394191
4765,0.180277379353841,0.140421671549479,0.463823994954427,2573459.43189458
4766,0.180788645426432,0.142080774943034,0.476120330810547,2553707.99525652
4767,0.180302810668945,0.141689071655273,0.482794342041016,2553033.04218658
4768,0.180816909790039,0.14335383605957,0.49516401163737,2530753.34532078
4769,0.180333877563477,0.142958333333333,0.501763671875,2529511.24286837
4770,0.18084797668457,0.144629669189453,0.5142080078125,2507888.82146796
4771,0.180362111409505,0.144232304890951,0.520730672200521,2506369.2686083
4772,0.180875274658203,0.145911173502604,0.533249348958333,2485168.06267554
4773,0.180389409383138,0.145511006673177,0.539696329752604,2484321.92393503
4774,0.18090353902181,0.147196472167969,0.552289998372396,2465357.05004868
4775,0.180415807088216,0.146792536417643,0.558661661783854,2465896.80136793
4776,0.181508972167969,0.13157725016276,0.289763214111328,3057870.65885656
4777,0.182017440795898,0.133210922241211,0.301543538411458,3007498.04560181
4778,0.181535344441732,0.132815450032552,0.308977467854818,2720078.01062015
4779,0.182044743855794,0.134456659952799,0.320832173665365,2710031.8814876
4780,0.181562642415365,0.13405930074056,0.328189809163411,2710442.56733797
4781,0.18207297261556,0.135707097371419,0.340117980957031,2681274.86316333
4782,0.181591837565104,0.135306915283203,0.347399373372396,2685374.375353
4783,0.182103139241536,0.136960362752279,0.359401000976563,2662819.12393979
4784,0.181619171142578,0.136558298746745,0.366607025146484,2657667.83868241
4785,0.182128570556641,0.138218348185221,0.378682861328125,2642193.71272102
4786,0.181645538330078,0.13781440226237,0.385812530517578,2635658.83967281
4787,0.182157775878906,0.139481969197591,0.397963002522786,2616761.28499865
4788,0.18167567952474,0.139076126098633,0.405017669677734,2612852.13975254
4789,0.182186945597331,0.140749359130859,0.417244344075521,2595674.66246365
4790,0.181702941894531,0.140341659545898,0.424221343994141,2593297.8924192
4791,0.182215174357096,0.142020538330078,0.436521341959635,2581648.24966438
4792,0.181731206258138,0.141610936482747,0.44342333984375,2581977.19773535
4793,0.182244374593099,0.143296401977539,0.45579600016276,2570569.15601025
4794,0.181760375976562,0.142884902954102,0.462621663411458,2572813.3394191
4795,0.182274475097656,0.14457600402832,0.475067657470703,2555466.04939762
4796,0.181788609822591,0.144161707560221,0.48181699625651,2553707.99525652
4797,0.182302739461263,0.145861307779948,0.494336334228516,2534412.05003273
4798,0.181816874186198,0.145445139567057,0.501009338378906,2530753.34532078
4799,0.18233100382487,0.147148473103841,0.513605336507161,2512701.48540779
4800,0.181845138549805,0.146728505452474,0.520204345703125,2507888.82146796
4801,0.18235927327474,0.148440307617187,0.532874674479167,2490462.94707175
4802,0.181875274658203,0.14802033996582,0.539397013346354,2485168.06267554
4803,0.182388442993164,0.149737838745117,0.552140340169271,2468631.84354003
4804,0.181902572631836,0.149314137776693,0.558586344401042,2465357.05004868
4805,0.183008972167969,0.135272079467773,0.305964345296224,2955542.05177946
4806,0.183519307454427,0.136946243286133,0.317968770345052,2892576.25196949
4807,0.183037175496419,0.136526295979818,0.325402669270833,2820766.64083617
4808,0.183548477172852,0.138206100463867,0.337480539957682,2695694.6222219
4809,0.183066375732422,0.137784261067708,0.344838216145833,2681274.86316333
4810,0.183576741536458,0.139469731648763,0.356992380777995,2670864.48599393
4811,0.183094640096029,0.139046015421549,0.364273773193359,2662819.12393979
4812,0.183604039510091,0.140737121582031,0.376500264485677,2652894.78621303
4813,0.183121938069661,0.140311518351237,0.383703328450521,2642193.71272102
4814,0.183632268269857,0.142010167439779,0.396005330403646,2628614.18569306
4815,0.183151138305664,0.141584564208984,0.403135335286458,2616761.28499865
4816,0.183663375854492,0.143289800008138,0.415512003580729,2603651.81091284
4817,0.183181279500326,0.142860438028971,0.422566345214844,2595674.66246365
4818,0.183692545572917,0.14457133992513,0.43501601155599,2585815.41266208
4819,0.183210444132487,0.144139139811198,0.441994008382161,2581648.24966438
4820,0.183722676595052,0.145856602986654,0.454515329996745,2569905.97894914
4821,0.183240575154622,0.145423467000326,0.461415323893229,2570569.15601025
4822,0.183754674275716,0.147149398803711,0.474010986328125,2557052.30515561
4823,0.183272572835286,0.146713434855143,0.480837656656901,2555466.04939762
4824,0.183786707560221,0.148444071451823,0.493508656819661,2539087.34473604
4825,0.183302739461263,0.148006240844727,0.500257995605469,2534412.05003273
4826,0.183816838582357,0.149745371500651,0.513003326416016,2517988.5279424
4827,0.183330968221029,0.149303771972656,0.519677663167318,2512701.48540779
4828,0.18384413655599,0.151046671549479,0.532498677571615,2496226.63886266
4829,0.183358306884766,0.150603174845378,0.5390966796875,2490462.94707175
4830,0.183874308268229,0.152354537963867,0.551990681966146,2472822.84757766
4831,0.183388442993164,0.151909169514974,0.558512003580729,2468631.84354003
4832,0.184510808308919,0.139071416219076,0.322614603678385,2838006.05947816
4833,0.185020207722982,0.140782302856445,0.334845001220703,2826252.50180673
4834,0.184540008544922,0.140336934407552,0.342277038574219,2810150.67742975
4835,0.185049407958984,0.142056299845378,0.354580912272135,2693345.98685254
4836,0.184568242390951,0.141610936482747,0.36193857828776,2670864.48599393
4837,0.185078572591146,0.1433359375,0.374316975911458,2654232.81165009
4838,0.184596471150716,0.142885838826497,0.38159726969401,2652894.78621303
4839,0.185107772827148,0.144617436726888,0.394047007242839,2629686.4241459
4840,0.184625671386719,0.144167368570964,0.40125200398763,2628614.18569306
4841,0.185137903849284,0.145906499226888,0.413778340657552,2610154.51746509
4842,0.18465673828125,0.145454533894857,0.420908335367839,2603651.81091284
4843,0.185170873006185,0.147198369344076,0.433508677164714,2585543.55681871
4844,0.184688776652018,0.146744537353516,0.44056201171875,2585815.41266208
4845,0.185201939900716,0.148495905558268,0.453235677083333,2566542.08872403
4846,0.18471794128418,0.148040171305339,0.460210998535156,2569905.97894914
4847,0.185232070922852,0.149798105875651,0.472958323160807,2550480.77495383
4848,0.184750905354818,0.149340469360352,0.479858317057292,2557052.30515561
4849,0.185265004475911,0.151105972290039,0.492680989583333,2536275.85544483
4850,0.184782908121745,0.150645538330078,0.499504659016927,2539087.34473604
4851,0.185296076456706,0.152414805094401,0.512401000976562,2518349.24566253
4852,0.184813975016276,0.15195246887207,0.519150329589844,2517988.5279424
4853,0.18532807413737,0.15373019917806,0.532121012369792,2497813.06949491
4854,0.184844106038411,0.153266001383464,0.53879502360026,2496226.63886266
4855,0.185357309977214,0.155049402872721,0.551839029947917,2474464.29243112
4856,0.184873341878255,0.154581436157227,0.558436686197917,2472822.84757766
4857,0.186009841918945,0.142971501668294,0.339715901692708,2784876.71203232
4858,0.186519241333008,0.144722869873047,0.352170440673828,2790019.93361931
4859,0.186039006551107,0.144253036499023,0.35960341389974,2758373.50349804
4860,0.186549341837565,0.146012873331706,0.372131479899089,2648835.58998411
4861,0.186070073445638,0.145541137695312,0.379487375895182,2654232.81165009
4862,0.186582305908203,0.14730473836263,0.392089670817057,2633121.68093457
4863,0.186102106730143,0.146831136067708,0.399369008382161,2629686.4241459
4864,0.186613408406576,0.148602305094401,0.412046681722005,2608510.11399066
4865,0.186131306966146,0.148127736409505,0.419251017252604,2610154.51746509
4866,0.18664350382487,0.149904505411784,0.432003011067708,2583652.4343049
4867,0.186164235432943,0.149427103678385,0.439130676269531,2585543.55681871
4868,0.186678370157878,0.151210505167643,0.451956013997396,2559363.29323035
4869,0.186198170979818,0.150733139038086,0.459007680257161,2566542.08872403
4870,0.186709437052409,0.15252500406901,0.471905670166016,2537057.9087133
4871,0.186227335611979,0.152045705159505,0.478880991617839,2550480.77495383
4872,0.186741434733073,0.153843200683594,0.491853332519531,2525286.97707147
4873,0.186260269165039,0.153361104329427,0.498753336588542,2536275.85544483
4874,0.186774373372396,0.155164271036784,0.511799336751302,2512474.57205899
4875,0.186292277018229,0.154678405761719,0.518623331705729,2518349.24566253
4876,0.186805475870768,0.15648720296224,0.531744669596354,2493417.58821838
4877,0.186323374430339,0.156001332600911,0.538493021647135,2497813.06949491
4878,0.18683750406901,0.157818634033203,0.551688354492187,2471422.58387253
4879,0.186355407714844,0.157330902099609,0.5583603515625,2474464.29243112
4880,0.187509775797526,0.146976104736328,0.357266377766927,2754976.92907635
4881,0.188019175211589,0.14876513671875,0.369945983886719,2878479.22951318
4882,0.187538976033529,0.148271738688151,0.377378112792969,2726006.02822168
4883,0.188051208496094,0.150069269816081,0.390132008870443,2533133.25252392
4884,0.187573806762695,0.149574005126953,0.397487670898438,2633121.68093457
4885,0.188085108439128,0.15137717183431,0.410315999348958,2349956.56953594
4886,0.187604909261068,0.15087907409668,0.417595672607422,2608510.11399066
4887,0.1881162109375,0.15268977355957,0.430497334798177,2578347.08911974
4888,0.187636906941732,0.15218977355957,0.437700337727865,2583652.4343049
4889,0.188149139404297,0.154007970174154,0.450674336751302,2551624.9272587
4890,0.18766987101237,0.153506103515625,0.45780234781901,2559363.29323035
4891,0.188184005737305,0.155330001831055,0.470850016276042,2523835.94219272
4892,0.187703770955404,0.154826268513997,0.477901672363281,2537057.9087133
4893,0.188216939290365,0.156655766805013,0.491023661295573,2509113.31626285
4894,0.187736704508464,0.156151997884115,0.498,2525286.97707147
4895,0.188250839233398,0.157989034016927,0.511197672526042,2499700.16440124
4896,0.187769673665365,0.157483403523763,0.518097005208333,2512474.57205899
4897,0.188283808390299,0.159327041625977,0.531368998209635,2482909.81542402
4898,0.18780170694987,0.158816706339518,0.538192667643229,2493417.58821838
4899,0.188314870198568,0.160666005452474,0.55153867594401,2463664.55768733
4900,0.187832768758138,0.160153803507487,0.558286010742188,2471422.58387253
4901,0.189008809407552,0.151082433064779,0.375267883300781,2815622.55235725
4902,0.189520111083984,0.152911966959635,0.388172342936198,2934250.54872334
4903,0.189042709350586,0.152392201741536,0.395604339599609,2635095.97169498
4904,0.189554941813151,0.154230204264323,0.408582336425781,2441128.11234858
4905,0.189074742635091,0.153710439046224,0.415938334147135,2607885.29831072
4906,0.189586044311523,0.155554072062174,0.428990000406901,2308198.55147159
4907,0.189107711791992,0.155031504313151,0.436269327799479,2578347.08911974
4908,0.189621810913086,0.156880803426107,0.449394002278646,2529198.35427751
4909,0.189142542521159,0.156357269287109,0.456596008300781,2551624.9272587
4910,0.189654774983724,0.158213170369466,0.469796346028646,2510969.17526581
4911,0.189175506591797,0.15768776957194,0.476922342936198,2523835.94219272
4912,0.189689605712891,0.159548370361328,0.490196004231771,2492788.56045932
4913,0.189211273193359,0.159020100911458,0.497245666503906,2509113.31626285
4914,0.18972444152832,0.160889170328776,0.510595662434896,2480111.99276129
4915,0.18924424235026,0.160361872355143,0.517571329752604,2499700.16440124
4916,0.189758341471354,0.162239440917969,0.530993001302083,2470842.12358442
4917,0.189279073079427,0.161710240681966,0.537891337076823,2482909.81542402
4918,0.189795038859049,0.163591573079427,0.551387003580729,2455724.13372964
4919,0.18931293741862,0.163057673136393,0.558210673014323,2463664.55768733
4920,0.190509709676107,0.155293299357096,0.393718343098958,2843533.63523869
4921,0.191021942138672,0.15716140238444,0.406846008300781,2862257.93367516
4922,0.190544576009115,0.156618072509766,0.414278004964193,2584921.42136564
4923,0.19105680847168,0.158493738810221,0.427481333414714,2377804.0826624
4924,0.190578475952148,0.157949503580729,0.434837331136068,2558427.50587398
4925,0.191091644287109,0.15983083597819,0.448114664713542,2241263.0055097
4926,0.190613311767578,0.159284703572591,0.455392008463542,2529198.35427751
4927,0.191127410888672,0.161171671549479,0.468741678873698,2512273.25545877
4928,0.190648142496745,0.160623672485352,0.475944010416667,2510969.17526581
4929,0.191162241617839,0.162519104003906,0.489368672688802,2491418.67960044
4930,0.190682973225911,0.161969202677409,0.496494669596354,2492788.56045932
4931,0.191197072347005,0.163872166951497,0.50999267578125,2474385.37049211
4932,0.190716873168945,0.163320404052734,0.517044006347656,2480111.99276129
4933,0.191230041503906,0.165229970296224,0.530617350260417,2466234.5562831
4934,0.190751708984375,0.164676305135091,0.537590677897135,2470842.12358442
4935,0.191265808105469,0.166591501871745,0.551236348470052,2455241.39169011
4936,0.19078840637207,0.166035970052083,0.558134338378906,2455724.13372964
4937,0.192009674072266,0.159606735229492,0.412618011474609,2835906.62753328
4938,0.192521906534831,0.161516270955404,0.425971669514974,2827256.04525621
4939,0.192046407063802,0.160946604410807,0.433402994791667,2526901.9432559
4940,0.192558639526367,0.162861836751302,0.446831319173177,2441517.46356114
4941,0.192082209269206,0.162290303548177,0.454186991373698,2528674.39193458
4942,0.192593475341797,0.16421396891276,0.467686665852865,2263275.37828634
4943,0.192117009480794,0.163641469319661,0.474964009602865,2512273.25545877
4944,0.192629236857096,0.16557080078125,0.488538350423177,2491555.4481617
4945,0.192153737386068,0.164996434529622,0.495740681966146,2491418.67960044
4946,0.192667836507161,0.166932367960612,0.509390340169271,2475280.24597632
4947,0.192190439860026,0.166358001708984,0.516516337076823,2474385.37049211
4948,0.192704569498698,0.168299570719401,0.530239990234375,2458219.5540077
4949,0.192224370320638,0.167723302205404,0.537289672851562,2466234.5562831
4950,0.192739435831706,0.169670501708984,0.551086669921875,2453863.34111855
4951,0.192259206136068,0.169092366536458,0.558060017903646,2455241.39169011
4952,0.193509638468424,0.164024703979492,0.431970672607422,2808090.83519643
4953,0.194023737589518,0.165971939086914,0.445550669352214,2763181.52077065
4954,0.19354823811849,0.16537873840332,0.452979990641276,2545208.81743575
4955,0.194061406453451,0.167331639607747,0.466634002685547,2441145.92230339
4956,0.193583073933919,0.166738403320313,0.473985005696615,2513887.96216414
4957,0.194096237182617,0.168699737548828,0.487710673014323,2225459.48836478
4958,0.193618865966797,0.168104634602865,0.494986673990885,2491555.4481617
4959,0.194132995605469,0.170069768269857,0.508786682128906,2476592.82263796
4960,0.193657465616862,0.169471867879232,0.515988016764323,2475280.24597632
4961,0.194173467000326,0.17144450378418,0.529861328125,2456608.54447234
4962,0.193697967529297,0.170846572875977,0.5369873046875,2458219.5540077
4963,0.194212097167969,0.172827707926432,0.550934977213542,2453993.22593572
4964,0.193733764648438,0.172227905273438,0.557984659830729,2453863.34111855
4965,0.195011505126953,0.168543436686198,0.451774668375651,2716783.56471976
4966,0.195525604248047,0.170531138102214,0.465577667236328,2611096.90998771
4967,0.195051005045573,0.169912541707357,0.473007680257161,2500681.93468287
4968,0.195562306722005,0.171905873616536,0.486883015950521,2486268.25124409
4969,0.195085871378581,0.171286305745443,0.494235005696615,2491764.25732118
4970,0.195600001017253,0.173286239624023,0.508184997558594,2212372.88288053
4971,0.195124496459961,0.172664805094401,0.515460673014323,2476592.82263796
4972,0.195638595581055,0.174669469197591,0.529485677083333,2467549.05642387
4973,0.195163096110026,0.174047068277995,0.536684997558594,2456608.54447234
4974,0.19567909749349,0.176062067667643,0.550784322102865,2456791.56974556
4975,0.195203598022461,0.175440638224284,0.557908325195313,2453993.22593572
4976,0.196511469523112,0.173168538411458,0.472025675455729,2607287.29890833
4977,0.19702463277181,0.175193939208984,0.486053680419922,2606688.22393306
4978,0.196550069173177,0.174549870808919,0.49348100789388,2497694.61897199
4979,0.197063237508138,0.176580902099609,0.507582346598307,2444026.84861521
4980,0.196589604695638,0.175936838785807,0.514934346516927,2480478.62025818
4981,0.197103703816732,0.177976338704427,0.529110005696615,2472235.22209283
4982,0.19662819925944,0.177330403645833,0.536385660807292,2467549.05642387
4983,0.197142298380534,0.179377436319987,0.55063466389974,2449927.24519116
4984,0.196668696085612,0.178731501261393,0.557834004720052,2456791.56974556
4985,0.198012364705404,0.17789350382487,0.492727671305339,2542476.59663478
4986,0.198525533040365,0.179956537882487,0.506978668212891,2691686.19088124
4987,0.198050969441732,0.179288004557292,0.514406016031901,2481084.52154855
4988,0.198565073649089,0.181361404418945,0.52873134358724,2465058.23567785
4989,0.198091440836589,0.180693801879883,0.536083333333333,2472235.22209283
4990,0.19860557047526,0.182773803710937,0.550482991536458,2443835.91148013
4991,0.198131932576497,0.182103373209635,0.557758666992187,2449927.24519116
4992,0.199513270060221,0.182721074422201,0.513878662109375,2602518.28622926
4993,0.200026438395182,0.184825541178385,0.528353658040365,2609654.02877909
4994,0.199552805582682,0.184134404500326,0.535778991699219,2465058.23567785
4995,0.200068806966146,0.186246404012044,0.550330322265625,2404753.32323247
4996,0.199595204671224,0.185553405761719,0.557682332356771,2443835.91148013
4997,0.201014170328776,0.187655039469401,0.535479654947917,2660837.1206817
4998,0.20152826944987,0.189798105875651,0.5501806640625,2580198.18963501
4999,0.20105653889974,0.189080607096354,0.557605997721354,2404753.32323247
5000,0.202514134724935,0.19268977355957,0.557532674153646,2599232.05146317
5001,0.054440372467041,0.187446004231771,0.550102661132812,2319645.64417387
5002,0.0538801409403483,0.18938193766276,0.557527994791667,2580198.18963501
5003,0.0542793718973796,0.188154103597005,0.550094319661458,2367701.29607039
5004,0.0537417386372884,0.190092834472656,0.557524332682292,2612298.06603683
5005,0.0541795743306478,0.188870635986328,0.550090657552083,2500092.27039921
5006,0.0536626421610514,0.190810338338216,0.557524332682292,2622165.59422758
5007,0.0541381416320801,0.18959287516276,0.550090657552083,2580198.18963501
5008,0.0536428718566895,0.191534439086914,0.557524332682292,2599232.05146317
5009,0.0541598040262858,0.190316935221354,0.550090657552083,2612298.06603683
5010,0.0536843045552572,0.192256632486979,0.557524332682292,2599232.05146317
5011,0.0542417081197103,0.191035400390625,0.550094319661458,2622165.59422758
5012,0.0537822100321452,0.19297226969401,0.557527994791667,2599232.05146317
5013,0.0543801053365072,0.191744405110677,0.550102661132812,2599232.05146317
5014,0.0539404029846191,0.193677505493164,0.557532674153646,2599232.05146317
5015,0.0559356371561686,0.182413172403971,0.528124003092448,2375473.81888335
5016,0.0553763058980306,0.184313303629557,0.535394999186198,2548025.23018014
5017,0.0557699063618978,0.183119369506836,0.528110656738281,2435422.91599976
5018,0.0552332038879395,0.185024236043294,0.535384643554688,2687107.29884287
5019,0.0556654040018717,0.183837804158529,0.528103312174479,2548025.23018014
5020,0.0551494077046712,0.185745473225911,0.535379313151042,2719049.94183291
5021,0.0556220792134603,0.184561874389648,0.528101643880208,2609654.02877909
5022,0.0551277453104655,0.186469573974609,0.535379313151042,2660837.1206817
5023,0.055643741607666,0.185285970052083,0.528103312174479,2687107.29884287
5024,0.055171070098877,0.187191767374674,0.535380981445313,2660837.1206817
5025,0.055729434967041,0.186004399617513,0.528106994628906,2719049.94183291
5026,0.055275572458903,0.187908335367839,0.535386657714844,2660837.1206817
5027,0.0558753751118978,0.18671440633138,0.528119323730469,2660837.1206817
5028,0.0554394060770671,0.188613606770833,0.535401652018229,2660837.1206817
5029,0.0574299354553223,0.177486775716146,0.506597330729167,2506869.52855337
5030,0.056866870880127,0.179350173950195,0.513716674804688,2658863.25341534
5031,0.0572529029846191,0.178191040039062,0.506583017985026,2548661.69240662
5032,0.056715269724528,0.180060104370117,0.51370600382487,2694527.22001231
5033,0.057142770131429,0.178908538818359,0.506576324462891,2658863.25341534
5034,0.0566296068827311,0.180781372070313,0.513699645996094,2676433.36271582
5035,0.0570994758605957,0.179634506225586,0.506571980794271,2691686.19088124
5036,0.0566079444885254,0.181507339477539,0.513697977701823,2602518.28622926
5037,0.0571211077372233,0.180360473632812,0.50657465616862,2694527.22001231
5038,0.0566512387593587,0.182231404622396,0.513702321370443,2602518.28622926
5039,0.0572105344136556,0.181079839070638,0.50658100382487,2676433.36271582
5040,0.056761402130127,0.182947036743164,0.5137080078125,2602518.28622926
5041,0.0573668352762858,0.181787938435872,0.506590677897135,2602518.28622926
5042,0.0569346707661947,0.183651372273763,0.513722330729167,2602518.28622926
5043,0.0589261360168457,0.172662938435872,0.485519673665365,2527712.3868867
5044,0.058358336130778,0.174492472330729,0.492489339192708,2497694.61897199
5045,0.0587368710835775,0.173364435831706,0.485503682454427,2569269.41833922
5046,0.0581945025126139,0.17519960530599,0.492478017171224,2600342.54932483
5047,0.0586163724263509,0.174081904093424,0.485496012369792,2598325.33069887
5048,0.0581022733052572,0.17592177327474,0.492471333821615,2571284.0783209
5049,0.0585702756245931,0.174809773763021,0.485491333007812,2606688.22393306
5050,0.0580806414286296,0.176649673461914,0.492468658447266,2542476.59663478
5051,0.0585947405497233,0.175537638346354,0.485493336995443,2600342.54932483
5052,0.0581267382303874,0.177375605265299,0.492473337809245,2542476.59663478
5053,0.0586907386779785,0.176259806315104,0.485501678466797,2571284.0783209
5054,0.0582444038391113,0.178093109130859,0.492481679280599,2542476.59663478
5055,0.058858336130778,0.176966974894206,0.485514017740885,2542476.59663478
5056,0.0584298998514811,0.178794606526693,0.492496012369792,2542476.59663478
5057,0.060417667388916,0.167939870198568,0.464892008463542,2487133.71272602
5058,0.0598461036682129,0.169733601888021,0.47171201578776,2500681.93468287
5059,0.0602142728169759,0.168640401204427,0.464876007080078,2525321.0002893
5060,0.0596728401184082,0.170441701253255,0.471698008219401,2500681.93468287
5061,0.0600843391418457,0.169357935587565,0.464866668701172,2605732.31991714
5062,0.059570240020752,0.171162968953451,0.471690338134766,2616667.97440516
5063,0.0600316403706869,0.17008576965332,0.464862660725911,2611096.90998771
5064,0.0595457750956217,0.171892705281576,0.471688334147135,2607287.29890833
5065,0.0600598742167155,0.170817403157552,0.464864664713542,2613484.12547491
5066,0.0595984738667806,0.172622436523438,0.471692342122396,2607287.29890833
5067,0.0601643714904785,0.171540532430013,0.464872344970703,2616667.97440516
5068,0.0597246386210124,0.173339935302734,0.471701680501302,2607287.29890833
5069,0.0603461036682129,0.172246734619141,0.464885335286458,2607287.29890833
5070,0.0599261360168457,0.174040471394857,0.47171767171224,2607287.29890833
5071,0.0619119707743327,0.163319468180339,0.444714335123698,2483869.42426938
5072,0.061331968943278,0.165079299926758,0.451383666992188,2545208.81743575
5073,0.0616878700256348,0.164017166137695,0.44469633992513,2530196.93817208
5074,0.0611417376200358,0.165784535725911,0.451368672688802,2545208.81743575
5075,0.06154754002889,0.164736536661784,0.444685333251953,2647542.50590801
5076,0.0610315742492676,0.166508636474609,0.451361328125,2753605.68692511
5077,0.0614891751607259,0.165466303507487,0.444681660970052,2712767.79921023
5078,0.0610033404032389,0.167238403320313,0.45135932413737,2716783.56471976
5079,0.0615193061828613,0.166197937011719,0.444683329264323,2763181.52077065
5080,0.061061705271403,0.167970001220703,0.451362996419271,2716783.56471976
5081,0.0616360715230306,0.166923904418945,0.444692667643229,2753605.68692511
5082,0.061200138092041,0.16868940226237,0.451374338785807,2716783.56471976
5083,0.0618319384256999,0.167629170735677,0.444708679199219,2716783.56471976
5084,0.0614176368713379,0.169387100219727,0.451390340169271,2716783.56471976
5085,0.0634034411112467,0.1587998046875,0.424985015869141,2442311.59383669
5086,0.0628177731831868,0.160523869832357,0.431504679361979,2526901.9432559
5087,0.0631595700581869,0.159496571858724,0.424966339111328,2527040.381356
5088,0.0626096687316895,0.161230036417643,0.43148866780599,2526901.9432559
5089,0.0630051358540853,0.160217803955078,0.424954996744792,2696577.98416649
5090,0.0624891395568848,0.161956934611003,0.431479329427083,2866332.0613629
5091,0.0629430071512858,0.160953201293945,0.424951324462891,2757451.59869933
5092,0.0624590085347494,0.162690470377604,0.431477661132812,2808090.83519643
5093,0.0629750048319499,0.161686737060547,0.424953328450521,2827256.04525621
5094,0.0625211372375488,0.163422103881836,0.431481333414714,2808090.83519643
5095,0.0631011695861816,0.162412704467773,0.424960673014323,2866332.0613629
5096,0.0626737047831217,0.164142440795898,0.431492340087891,2808090.83519643
5097,0.0633177731831868,0.163117039998372,0.424978342692057,2808090.83519643
5098,0.0629119402567546,0.164838272094727,0.431513010660807,2808090.83519643
5099,0.0648949724833171,0.154387466430664,0.405706675211589,2497424.72603216
5100,0.0643008066813151,0.156072937011719,0.412074676513672,2584921.42136564
5101,0.0646284726460775,0.155077672322591,0.40568500773112,2563080.66863562
5102,0.0640729039510091,0.15677724202474,0.412057006835937,2584921.42136564
5103,0.0644589703877767,0.155799840291341,0.405673004150391,2696617.08065072
5104,0.0639411036173503,0.15750693766276,0.412048665364583,2862257.93367516
5105,0.0643912061055501,0.156539001464844,0.405668334960938,2768880.0618856
5106,0.0639091059366862,0.158246134440104,0.412046661376953,2835906.62753328
5107,0.0644269727071126,0.157279134114583,0.40567100016276,2862257.93367516
5108,0.0639768702189128,0.158982467651367,0.412051330566406,2835906.62753328
5109,0.0645644365946452,0.158006968180339,0.405681335449219,2905897.75865143
5110,0.0641426035563151,0.159701838175456,0.412062672932943,2835906.62753328
5111,0.0648008054097493,0.158708470662435,0.40569834391276,2835906.62753328
5112,0.064403439839681,0.160393936157227,0.412082346598307,2835906.62753328
5113,0.0663883056640625,0.150078735351562,0.386880615234375,2589885.42652835
5114,0.0657847722371419,0.151728398640951,0.393096944173177,2635095.97169498
5115,0.066096440633138,0.150765131632487,0.386856943766276,2665833.04914098
5116,0.0655343068440755,0.152428934733073,0.393077006022135,2635095.97169498
5117,0.0659099756876628,0.151487335205078,0.386840901692708,2821575.8208017
5118,0.0653902079264323,0.153158671061198,0.393064900716146,2934250.54872334
5119,0.0658355763753255,0.152228368123372,0.386834462483724,2884669.3346192
5120,0.0653544413248698,0.153901601155599,0.393062235514323,2843533.63523869
5121,0.0658742090861003,0.152974136352539,0.386838236490885,2934250.54872334
5122,0.065428840637207,0.154644536336263,0.393068674723307,2843533.63523869
5123,0.066026741027832,0.153706705729167,0.386851277669271,2935667.83722768
5124,0.06561243947347,0.155365804036458,0.393083607991536,2843533.63523869
5125,0.0662856725056966,0.154405370076497,0.38687294514974,2843533.63523869
5126,0.065895871480306,0.156053166707357,0.39310634358724,2843533.63523869
5127,0.0678788401285807,0.145870737711589,0.36850434366862,2702028.17488721
5128,0.0672677408854167,0.147483703613281,0.374571075439453,2650812.55167646
5129,0.0675643742879232,0.146552434285482,0.368477040608724,2775397.30824091
5130,0.0669966074625651,0.148184199015299,0.374546579996745,2881801.13385172
5131,0.067361941019694,0.147276499430339,0.368460072835286,2883796.03012712
5132,0.0668374430338542,0.148915832519531,0.374534332275391,2878479.22951318
5133,0.0672809092203776,0.148022267659505,0.368454427083333,2881801.13385172
5134,0.0667988103230794,0.149663467407227,0.374530558268229,2888726.56374941
5135,0.0673233083089193,0.148773666381836,0.368456298828125,2878479.22951318
5136,0.0668798421223958,0.150411102294922,0.374536204020182,2815622.55235725
5137,0.0674862416585286,0.149509969075521,0.368470438639323,2888726.56374941
5138,0.0670785090128581,0.151135172526042,0.37455507405599,2815622.55235725
5139,0.0677677408854167,0.150204869588216,0.368494944254557,2815622.55235725
5140,0.0673892059326172,0.15181596883138,0.374580485026042,2815622.55235725
5141,0.0693684717814128,0.141764404296875,0.350576304117839,2737087.86213738
5142,0.0687470067342122,0.143341603597005,0.356492370605469,2822964.88282979
5143,0.0690276082356771,0.142439539591471,0.350549001057943,2766795.75979947
5144,0.0684560750325521,0.144037404378255,0.356466939290365,2806707.42078055
5145,0.068812006632487,0.143165471394857,0.350528279622396,2822964.88282979
5146,0.068285639444987,0.144772801717122,0.356451873779297,2790019.93361931
5147,0.0687234725952148,0.143918802897135,0.350521708170573,2806707.42078055
5148,0.0682432403564453,0.145528935750326,0.356450002034505,2775049.7176952
5149,0.0687696075439453,0.144677703857422,0.350526407877604,2790019.93361931
5150,0.0683317743937175,0.146281234741211,0.356456573486328,2754976.92907635
5151,0.0689457066853841,0.145414967854818,0.350540506998698,2775049.7176952
5152,0.0685436401367188,0.147006266276042,0.356474466959635,2754976.92907635
5153,0.0692470067342122,0.146108901977539,0.35056689453125,2754976.92907635
5154,0.0688788401285807,0.147682301839193,0.356502736409505,2754976.92907635
5155,0.0708599395751953,0.137761657714844,0.333098368326823,2756379.14245186
5156,0.0702281392415365,0.139301183064779,0.338862833658854,2848095.63783898
5157,0.0704917729695638,0.138433039347331,0.333066365559896,2790504.04638806
5158,0.0699127070109049,0.139994196573893,0.338836466471354,2844346.67561323
5159,0.0702582753499349,0.139160868326823,0.333046600341797,2848095.63783898
5160,0.0697291081746419,0.140734278361003,0.338820475260417,2826252.50180673
5161,0.0701622416178385,0.139918874104818,0.33303813680013,2844346.67561323
5162,0.0696829732259115,0.141496068318685,0.338815775553385,2808961.02904038
5163,0.0702121404012044,0.140682535807292,0.333041900634766,2826252.50180673
5164,0.0697790069580078,0.142254038492839,0.338824239095052,2784876.71203232
5165,0.0704042078653971,0.141422602335612,0.333058837890625,2808961.02904038
5166,0.0700087407430013,0.142980000813802,0.338844940185547,2784876.71203232
5167,0.0707281061808268,0.142113733927409,0.333088002522786,2784876.71203232
5168,0.0703684387207031,0.143651336669922,0.338875996907552,2784876.71203232
5169,0.0723505071004232,0.133860631306966,0.316070505777995,2714491.38872465
5170,0.0717102076212565,0.135364364624023,0.321683369954427,2897334.45472988
5171,0.0719578755696614,0.134527282714844,0.316035675048828,2773888.53094806
5172,0.0713712412516276,0.136056432088216,0.321654205322266,2921459.47313415
5173,0.0717055079142253,0.135256072998047,0.316014038085937,2897334.45472988
5174,0.0711716079711914,0.136799352010091,0.32163633219401,2892576.25196949
5175,0.0716019083658854,0.136021596272786,0.316004638671875,2921459.47313415
5176,0.0711217091878255,0.137567708333333,0.321632568359375,2864415.88634492
5177,0.0716556091308594,0.136791829427083,0.316010274251302,2892576.25196949
5178,0.0712253087361654,0.138329462687174,0.321641967773438,2838006.05947816
5179,0.0718618418375651,0.137535685221354,0.316027201334635,2864415.88634492
5180,0.0714738744099935,0.139057322184245,0.321661732991536,2838006.05947816
5181,0.0722102076212565,0.138223999023437,0.316057342529297,2838006.05947816
5182,0.0718599065144857,0.139723012288411,0.321697509765625,2838006.05947816
5183,0.0738420054117839,0.130065989176432,0.299493682861328,2732814.57785619
5184,0.0731923065185547,0.131529235839844,0.304954010009766,2937849.14758692
5185,0.0734220733642578,0.130723225911458,0.299454142252604,2761498.70649643
5186,0.0728279418945312,0.132217539469401,0.304922943115234,3015369.62316338
5187,0.0731518402099609,0.131455780029297,0.29943061319987,2937849.14758692
5188,0.0726160405476888,0.13296516418457,0.304903177897135,3034364.24739443
5189,0.0730425720214844,0.132226954142253,0.299418375651042,3015369.62316338
5190,0.0725623397827148,0.133740107218424,0.304897542317708,3007498.04560181
5191,0.073098139444987,0.133004720052083,0.299424977620443,3034364.24739443
5192,0.0726716079711914,0.134510330200195,0.304909779866536,2955542.05177946
5193,0.0733194402058919,0.133753280639648,0.299446614583333,3007498.04560181
5194,0.0729399744669596,0.135241002400716,0.304932342529297,2955542.05177946
5195,0.0736923065185547,0.134436879475911,0.29947954305013,2955542.05177946
5196,0.0733505071004232,0.135898239135742,0.304970011393229,2955542.05177946
5197,0.0753316065470378,0.126373039245605,0.283367889404297,2787188.43810175
5198,0.0746734390258789,0.127800504048665,0.288677551269531,2844593.75105029
5199,0.0748871739705404,0.127024625142415,0.283323638916016,2766599.79571007
5200,0.0742855072021484,0.128484100341797,0.288639902750651,3000006.05302284
5201,0.0745971755981445,0.127759068806966,0.28329633585612,2844593.75105029
5202,0.0740576400756836,0.129236434936523,0.288618245442708,3069176.52181193
5203,0.0744813410441081,0.128536829630534,0.28328407796224,3000006.05302284
5204,0.074002072652181,0.13001796468099,0.288611643473307,3144124.58278921
5205,0.0745416081746419,0.129322128295898,0.283289733886719,3069176.52181193
5206,0.0741179072062175,0.13079573059082,0.288623901367188,3057870.65885656
5207,0.074775141398112,0.130076349894206,0.283314239501953,3144124.58278921
5208,0.074403205871582,0.131528289794922,0.288652150472005,3057870.65885656
5209,0.0751734059651693,0.13075617980957,0.283351888020833,3057870.65885656
5210,0.0748419723510742,0.132177047729492,0.288693552652995,3057870.65885656
5211,0.0768202743530273,0.12278178914388,0.267691243489583,2834623.59247365
5212,0.0761526743570964,0.124171585083008,0.272849314371745,2880711.17915871
5213,0.0763504079182943,0.123425842285156,0.267645111083984,2834623.59247365
5214,0.0757430750528971,0.124851417541504,0.272809773763021,3059199.62482886
5215,0.0760453414916992,0.124162167867025,0.267613098144531,2880711.17915871
5216,0.0755011088053385,0.125610343933105,0.272783396402995,3173218.11015302
5217,0.0759210739135742,0.124950289408366,0.267598968505859,3059199.62482886
5218,0.0754408416748047,0.126399408976237,0.272777740478516,3215396.15014276
5219,0.0759850743611654,0.125741233825684,0.267607442220052,3173218.11015302
5220,0.0755651092529297,0.127182818094889,0.272791870117187,3127068.32946753
5221,0.0762327092488607,0.126499219258626,0.26763286336263,3215396.15014276
5222,0.0758664423624675,0.127919148763021,0.272821065266927,3127068.32946753
5223,0.076651741027832,0.127177169799805,0.26767524210612,3127068.32946753
5224,0.0763306401570638,0.128562260945638,0.272868153889974,3127068.32946753
5225,0.0783117752075195,0.119293167114258,0.252463704427083,2858297.88943452
5226,0.0776338424682617,0.120645306905111,0.25747206624349,2961161.87935906
5227,0.0778165105183919,0.119929690043132,0.252412862141927,2858297.88943452
5228,0.0772006759643555,0.121320429484049,0.25742783610026,3062141.1377252
5229,0.0774925765991211,0.120666015625,0.252379938761393,2961161.87935906
5230,0.076944574991862,0.122082178751628,0.257400538126628,3266119.54496956
5231,0.0773598429361979,0.121464487711589,0.252363932291667,3173702.51877914
5232,0.0768805745442708,0.122884422302246,0.257392064412435,3313466.25071757
5233,0.07742857615153,0.122265795389811,0.252371465047201,3266119.54496956
5234,0.077013308207194,0.123673487345378,0.257408070882161,3248751.74756652
5235,0.0776931432088216,0.123025665283203,0.252401570638021,3313466.25071757
5236,0.0773325093587239,0.124409812927246,0.257441935221354,3248751.74756652
5237,0.0781338094075521,0.123699844360352,0.252444864908854,3248751.74756652
5238,0.0778193079630534,0.125047271728516,0.257489969889323,3248751.74756652
5239,0.0798032404581706,0.115908137003581,0.237686274210612,2872293.99314506
5240,0.0791177749633789,0.117219769795736,0.242542068481445,3064262.03271862
5241,0.0792835083007812,0.116534301757813,0.237631632486979,2872293.99314506
5242,0.0786601765950521,0.117892082214355,0.242494064331055,3157775.23040251
5243,0.0789417088826497,0.117276280721029,0.237593999226888,3064262.03271862
5244,0.0783899434407552,0.118659474690755,0.242464899698893,3241858.69637568
5245,0.0788033091227214,0.118082260131836,0.23757893371582,3241858.69637568
5246,0.0783212102254232,0.119471110026042,0.242457366943359,3263780.11225519
5247,0.0788729756673177,0.118893915812174,0.237586466471354,3285712.83215349
5248,0.0784596099853516,0.120268666585286,0.242472432454427,3171707.1543723
5249,0.0791516749064128,0.119656626383464,0.237617533365885,3263780.11225519
5250,0.0788004760742188,0.121005933125814,0.242510065714518,3171707.1543723
5251,0.0796177749633789,0.120326098124186,0.237668370564779,3171707.1543723
5252,0.0793117421468099,0.121635861714681,0.242562805175781,3171707.1543723
5253,0.0812928746541341,0.112628570556641,0.223358006795247,2908490.58329331
5254,0.0805989074707031,0.11390160369873,0.228064107259115,3058551.99769366
5255,0.0807505086263021,0.1132453028361,0.223299601236979,2908490.58329331
5256,0.0801205749511719,0.114566368103027,0.22801133219401,3166955.0414194
5257,0.0803908081054688,0.113987269083659,0.223259099324544,3058551.99769366
5258,0.0798352737426758,0.115339401245117,0.227979334513346,3260219.23558493
5259,0.0802458063761393,0.114801734924316,0.223243103027344,3260219.23558493
5260,0.0797656071980794,0.116161399841309,0.227971801757813,3260525.4249015
5261,0.0803211415608724,0.115624699910482,0.22325156656901,3290712.22105295
5262,0.0799106089274089,0.116968365987142,0.227987798055013,3207811.63475491
5263,0.0806102091471354,0.116393999735514,0.223283599853516,3260525.4249015
5264,0.0802646408081055,0.117707509358724,0.228027369181315,3207811.63475491
5265,0.0810989074707031,0.117057810465495,0.223337270100911,3207811.63475491
5266,0.0808032404581706,0.118327092488607,0.228085739135742,3207811.63475491
5267,0.0827853088378906,0.109448768615723,0.209479766845703,3000331.81908737
5268,0.0820810089111328,0.110685101826986,0.214032404581706,3083732.34659721
5269,0.0822165756225586,0.110060801188151,0.209417638142904,2962517.48944516
5270,0.0815800425211589,0.111347969055176,0.21397873433431,3162666.52040384
5271,0.0818418095906576,0.110803736368815,0.209376200358073,2962517.48944516
5272,0.0812825088500977,0.112121971130371,0.213944834391276,3252795.65898725
5273,0.0816883417765299,0.111623870849609,0.209358337402344,2962517.48944516
5274,0.0812071736653646,0.112951502482096,0.213936370849609,3315957.42265252
5275,0.0817664744059245,0.112457168579102,0.209367736816406,3315957.42265252
5276,0.0813606414794922,0.113770701090495,0.213954233805339,3280884.21257761
5277,0.082072509765625,0.113233034769694,0.209401601155599,3383939.78051623
5278,0.0817326100667318,0.114512667338053,0.213994735717773,3280884.21257761
5279,0.0825809758504232,0.113891202290853,0.209458134969076,3280884.21257761
5280,0.0822928415934245,0.115122835795085,0.214056900024414,3280884.21257761
5281,0.0842767740885417,0.106373504638672,0.196054504394531,3051073.58485437
5282,0.08356494140625,0.107571202596029,0.200454569498698,3160692.72713617
5283,0.083686408996582,0.106976135253906,0.19598573811849,3070132.23423851
5284,0.0830423431396484,0.108229400634766,0.200396169026693,3254816.59036276
5285,0.0832937418619792,0.107722801208496,0.195941467285156,3070132.23423851
5286,0.082729741414388,0.109009969075521,0.20036040242513,3348439.49985207
5287,0.0831337076822917,0.108552370707194,0.195921702067057,3070132.23423851
5288,0.0826516087849935,0.109848037719727,0.200351003011068,3460608.86994829
5289,0.0832156092325846,0.109392270406087,0.195932067871094,3070132.23423851
5290,0.082811642964681,0.110673769632975,0.200370768229167,3436087.99029892
5291,0.0835338414510091,0.11017470296224,0.195969736735026,3070132.23423851
5292,0.0832005411783854,0.111420435587565,0.200414072672526,3436087.99029892
5293,0.08406494140625,0.11082913462321,0.196030008951823,3436087.99029892
5294,0.083785275777181,0.112020268758138,0.200480936686198,3436087.99029892
5295,0.0857729746500651,0.103398068745931,0.183078440348307,3169085.61535321
5296,0.0850507736206055,0.104558102925618,0.187326843261719,3256890.78911587
5297,0.0851581064860026,0.103994069417318,0.18300407409668,3169085.61535321
5298,0.0845055745442708,0.105214403788249,0.187262903849284,3358615.45063767
5299,0.0847475763956706,0.104744570414225,0.182954167683919,3169085.61535321
5300,0.0841798095703125,0.105999702453613,0.187222300211589,3462690.33076731
5301,0.0845800094604492,0.105581637064616,0.182931467692057,3169085.61535321
5302,0.0840979080200195,0.106847137451172,0.187211934407552,3550726.27843979
5303,0.0846656748453776,0.106431905110677,0.182943801879883,3169085.61535321
5304,0.0842654749552409,0.10768137105306,0.187234634399414,3562307.15898847
5305,0.0849999084472656,0.107217170715332,0.182986170450846,3169085.61535321
5306,0.0846722412109375,0.108429003397624,0.187282572428385,3477019.33091717
5307,0.0855526402791341,0.107868769327799,0.183052073160807,3169085.61535321
5308,0.0852786407470703,0.10902316792806,0.187355173746745,3477019.33091717
5309,0.0872654418945313,0.100529034932454,0.170547668457031,3206846.04582446
5310,0.0865385080973307,0.101648567199707,0.174646336873372,3281588.40724943
5311,0.0866298421223958,0.101112800598145,0.170469334920247,3206846.04582446
5312,0.0859716415405273,0.102298268636068,0.174578669230143,3381068.63319706
5313,0.0862014083862305,0.101867037455241,0.170417668660482,3206846.04582446
5314,0.0856298751831055,0.103093004862467,0.174534337361654,3470411.52883814
5315,0.0860263086954753,0.102715436299642,0.170393005371094,3206846.04582446
5316,0.0855442097981771,0.103948936462402,0.174522003173828,3550922.24604422
5317,0.0861157430013021,0.103575103759766,0.170405334472656,3206846.04582446
5318,0.0857193094889323,0.104792572021484,0.174546666463216,3531894.48054543
5319,0.0864631754557292,0.104366004943848,0.170449666341146,3206846.04582446
5320,0.0861439743041992,0.105541137695312,0.174598337809245,3449989.93464559
5321,0.0870375747680664,0.105011037190755,0.170519337972005,3206846.04582446
5322,0.0867739079793294,0.106126836140951,0.174676671346029,3449989.93464559
5323,0.0887559763590495,0.0977616704305013,0.158469670613607,3307061.8916108
5324,0.0880206095377604,0.0988435694376628,0.162414001464844,3349841.99676811
5325,0.0881006418863932,0.0983379033406575,0.158385665893555,3307061.8916108
5326,0.0874368082682292,0.0994876022338867,0.162342330932617,3453290.41937734
5327,0.0876590067545573,0.0990911687215169,0.158332000732422,3307061.8916108
5328,0.0870818074544271,0.100285135904948,0.162298004150391,3573723.14587151
5329,0.0874763387044271,0.0999499359130859,0.158307342529297,3307061.8916108
5330,0.0869923731486003,0.101154268900553,0.162285675048828,3628682.9761227
5331,0.0875695724487305,0.100820002237956,0.158319671630859,3307061.8916108
5332,0.0871750411987305,0.102007336934408,0.162310333251953,3586532.23019113
5333,0.0879283091227214,0.101617505391439,0.158365997314453,3307061.8916108
5334,0.0876128768920898,0.10275870513916,0.162363998413086,3500001.28800828
5335,0.0885205764770508,0.102256838480632,0.158439336140951,3307061.8916108
5336,0.0882644755045573,0.103334037780762,0.162446004231771,3500001.28800828
5337,0.0902502746582031,0.0950988388061523,0.146843673706055,3386450.76735262
5338,0.0895064086914062,0.0961402384440104,0.150636337280273,3514043.10623903
5339,0.0895723419189453,0.0956666056315104,0.146753336588542,3386450.76735262
5340,0.0889019419352214,0.0967823715209961,0.150558334350586,3611463.55977522
5341,0.0891156743367513,0.0964226710001628,0.146693003336589,3386450.76735262
5342,0.0885365727742513,0.0975817693074544,0.150510004679362,3653545.30954759
5343,0.0889263737996419,0.0972880020141602,0.146666341145833,3386450.76735262
5344,0.0884433390299479,0.0984622014363607,0.150497675577799,3663838.35896878
5345,0.0890224405924479,0.0981684366861979,0.146680674235026,3386450.76735262
5346,0.0886326395670573,0.0993219045003255,0.150524337768555,3671074.20289356
5347,0.0893962732950846,0.0989697392781576,0.146731669108073,3386450.76735262
5348,0.0890864741007487,0.100078005472819,0.150582667032878,3628499.66757364
5349,0.0900064086914062,0.0996062723795573,0.146811670939128,3386450.76735262
5350,0.0897559432983398,0.100643905639648,0.150670338948568,3628499.66757364
5351,0.0917436752319336,0.0925395380655925,0.135667002360026,3422613.21845361
5352,0.090994140625,0.0935433044433594,0.13930800374349,3622157.84417162
5353,0.0910478057861328,0.0930979359944661,0.135569000244141,3422613.21845361
5354,0.090369873046875,0.0941798375447591,0.139221669514974,3697700.52003425
5355,0.0905732727050781,0.0938578033447266,0.135502334594727,3422613.21845361
5356,0.0899894739786784,0.0949848709106445,0.139168670654297,3720069.41786545
5357,0.0903774058024089,0.094728769938151,0.135473668416341,3422613.21845361
5358,0.0898934071858724,0.095872802734375,0.139154337565104,3727524.64643866
5359,0.0904772059122721,0.0956214040120443,0.135488001505534,3422613.21845361
5360,0.0900892740885417,0.0967428385416667,0.13918300374349,3724865.06159672
5361,0.0908632736206055,0.0964245732625326,0.135544667561849,3422613.21845361
5362,0.0905600738525391,0.0974980061848958,0.139249669392904,3587202.59516158
5363,0.091494140625,0.0970582707722982,0.135633000691732,3422613.21845361
5364,0.0912502746582031,0.0980582707722982,0.139344004313151,3587202.59516158
5365,0.0932379760742188,0.0900801035563151,0.124938669840495,3680707.86102445
5366,0.0924818751017253,0.0910461705525716,0.128427001953125,3733068.80986471
5367,0.0925242411295573,0.0906309356689453,0.124833669026693,3716701.16763785
5368,0.0918397064208984,0.0916789347330729,0.128334665934245,3783029.7363769
5369,0.0920355733235677,0.091392702738444,0.12476133219401,3458890.79757249
5370,0.0914470723470052,0.0924896697998047,0.128276331583659,3808031.6096135
5371,0.0918331400553385,0.0922749710083008,0.124730997721354,3458890.79757249
5372,0.0913472722371419,0.0933870035807292,0.128261998494466,3786326.40085383
5373,0.0919357732137044,0.0931751378377279,0.124746999104818,3458890.79757249
5374,0.0915497055053711,0.094265505472819,0.128292332967122,3705485.43691664
5375,0.0923340403238932,0.09398583984375,0.124805669148763,3458890.79757249
5376,0.0920355402628581,0.0950234731038411,0.128363001505534,3615781.8373658
5377,0.0929818420410156,0.0946110712687175,0.124902669270833,3458890.79757249
5378,0.092743642171224,0.0955724360148112,0.128467666625977,3615781.8373658
5379,0.0947313435872396,0.0877270355224609,0.114662002563477,3756066.46273169
5380,0.0939695765177409,0.0886526362101237,0.117997004191081,3809666.74097656
5381,0.0940016098022461,0.0882675374348958,0.114547673543294,3782921.13687296
5382,0.093312375386556,0.0892797698974609,0.117896006266276,3843325.42874942
5383,0.0934978739420573,0.0890321044921875,0.114471338907878,3812165.5405872
5384,0.0929056065877279,0.090097038269043,0.11783566792806,3853409.44291224
5385,0.0932869389851888,0.0899228388468424,0.114439336140951,3835031.56712786
5386,0.092802973429362,0.0910038045247396,0.117819666544596,3852673.5667153
5387,0.0933952407836914,0.0908324381510417,0.114455337524414,3558783.6727077
5388,0.0930139083862305,0.0918917388916016,0.117851669311523,3793290.86162757
5389,0.0938057759602865,0.0916478729248047,0.114519337972005,3558783.6727077
5390,0.0935119756062825,0.092651606241862,0.11792800394694,3700262.49846962
5391,0.0944695765177409,0.0922702713012695,0.114621337890625,3558783.6727077
5392,0.0942379430135091,0.0931921030680339,0.118038670857747,3700262.49846962
5393,0.0962247060139974,0.0854757029215495,0.104832667032878,3838029.23284874
5394,0.0954573084513346,0.0863636042277018,0.108016001383464,3817644.59149071
5395,0.0954770736694336,0.0860076726277669,0.104713668823242,3937070.46739444
5396,0.0947831420898437,0.0869860051472982,0.107910339355469,3902273.81606063
5397,0.0949611078898112,0.0867741724650065,0.104631006876628,4030929.77728101
5398,0.0943650741577148,0.0878080393473307,0.107843673706055,3903354.63060372
5399,0.0947426401774089,0.0876733729044596,0.104596338907878,4100726.30972728
5400,0.0942567723592122,0.0887232386271159,0.107827672322591,3893578.75054128
5401,0.0948528060913086,0.088591438293457,0.104615005493164,4122639.72026903
5402,0.0944752400716146,0.0896196721394857,0.107862340291341,3862796.53949924
5403,0.095277473449707,0.0894134724934896,0.104681671142578,3658383.6961476
5404,0.0949893417358398,0.0903823725382487,0.107942337036133,3793659.17597858
5405,0.0959563395182292,0.0900302047729492,0.104791000366211,3658383.6961476
5406,0.0957303746541341,0.0909143702189128,0.108061335245768,3793659.17597858
5407,0.0977171376546224,0.0833269704182943,0.0954563395182292,3970668.76842321
5408,0.0969440714518229,0.0841763051350911,0.0984853363037109,3917296.95870444
5409,0.0969544397989909,0.0838505071004232,0.0953263397216797,4085232.70749797
5410,0.0962548395792643,0.0847939732869466,0.098371337890625,4011752.13500357
5411,0.0964262059529622,0.0846179046630859,0.0952376708984375,4219781.48532251
5412,0.095826405843099,0.0856197713216146,0.0983006693522135,4132723.70521672
5413,0.096203971862793,0.0855256042480469,0.0951990000406901,4310876.81326267
5414,0.0957162399291992,0.0865453389485677,0.0982820027669271,4173978.61910157
5415,0.0963160400390625,0.0864530385335286,0.095219004313151,4205507.6305645
5416,0.0959384740193685,0.0874492721557617,0.0983206736246745,4160247.4857739
5417,0.0967482401529948,0.0872798055013021,0.0952943420410156,4155873.49135544
5418,0.0964648056030273,0.0882157719930013,0.0984080047607422,4056139.54980337
5419,0.0974440714518229,0.0878956044514974,0.0954110056559245,4155873.49135544
5420,0.0972237370808919,0.0887411371866862,0.0985333353678386,4056139.54980337
5421,0.0992133712768555,0.0812818018595378,0.0865270029703776,4114176.08360967
5422,0.0984337056477865,0.0820934702555339,0.0894046732584635,4095127.19325224
5423,0.0984337056477865,0.0817978363037109,0.0863896738688151,4255705.86993792
5424,0.0977275060017904,0.0827055384318034,0.0892823435465495,4095127.19325224
5425,0.0978932393391927,0.0825671030680339,0.0862926737467448,4376251.1586878
5426,0.0972915395100911,0.083536003112793,0.0892030029296875,4283157.75529176
5427,0.0976672388712565,0.0834823354085286,0.08625,4403713.90845121
5428,0.0971794713338216,0.0844700698852539,0.0891829986572266,4305283.34883347
5429,0.0977811711629232,0.0844201380411784,0.0862726694742839,4342044.29825864
5430,0.0974054718017578,0.0853833719889323,0.0892256724039714,4293885.62350849
5431,0.0982237396240234,0.0852496719360352,0.0863530069986979,4326652.67845121
5432,0.0979440739949544,0.0861498718261719,0.0893200073242188,4186568.82693175
5433,0.0989337056477865,0.0858598709106445,0.08647900390625,4326652.67845121
5434,0.0987171376546224,0.0866696370442708,0.0894563395182292,4186568.82693175
5435,0.100708605448405,0.0793383356730143,0.0780466664632161,4243122.9659025
5436,0.0999252065022786,0.0801123352050781,0.0807699991861979,4192317.07362626
5437,0.0999176737467448,0.0798477350870768,0.0778973337809245,4371992.14387671
5438,0.0992058385213216,0.0807215677897136,0.0806393381754557,4192317.07362626
5439,0.0993630727132161,0.080619867960612,0.0777966715494792,4491707.53281008
5440,0.0987566731770833,0.0815577011108398,0.0805573374430339,4320715.652866
5441,0.0991304753621419,0.0815454355875651,0.0777523345947266,4569189.43364094
5442,0.0986427408854167,0.0825011698404948,0.08053466796875,4437832.54628096
5443,0.0992491404215495,0.0824889373779297,0.0777740020751953,4535222.40461973
5444,0.0988753382364909,0.083420171101888,0.0805790049235026,4454739.02497644
5445,0.0997011057535807,0.083324104309082,0.0778596700032552,4433337.73644394
5446,0.0994252065022786,0.0841903711954753,0.080680669148763,4313945.23485599
5447,0.100425173441569,0.0839286371866862,0.0779950002034505,4433337.73644394
5448,0.100213338216146,0.0846979370117188,0.0808263346354167,4313945.23485599
5449,0.1022029393514,0.077499402364095,0.0700176696777344,4191001.31020073
5450,0.101414807637533,0.0782338358561198,0.0725863342285156,4214016.46866173
5451,0.101396909077962,0.0780003356933594,0.0698550008138021,4358568.93360922
5452,0.100683174133301,0.0788402353922526,0.0724426676432292,4329874.16528836
5453,0.10083290608724,0.0787743352254232,0.0697440032958984,4501298.22505601
5454,0.100224639892578,0.0796801350911458,0.0723560028076172,4449715.41884789
5455,0.100593739827474,0.0797065022786458,0.0696986694335937,4642257.7432469
5456,0.100105974833171,0.0806339696248372,0.0723343353271484,4582907.2064463
5457,0.100714241027832,0.0806622034708659,0.0697223358154297,4779292.16250838
5458,0.100345141092936,0.0815614369710286,0.0723796691894531,4593061.58927437
5459,0.101177541097005,0.0814993031819661,0.0698136698404948,4809022.45139574
5460,0.100907307942708,0.0823307367960612,0.0724886678059896,4597168.70235681
5461,0.101914807637533,0.0821010030110677,0.0699613342285156,4715229.96090346
5462,0.101708572387695,0.0828326365152995,0.0726466674804687,4466080.60205108
5463,0.103700070699056,0.0757621688842774,0.0624380035400391,4311774.75497094
5464,0.102904439290365,0.0764598693847656,0.0648530019124349,4302911.1196004
5465,0.102879941304525,0.0762565027872721,0.062263666788737,4496142.25775453
5466,0.10216054280599,0.0770625356038411,0.0646970011393229,4456660.33602815
5467,0.102306475321452,0.0770352350870768,0.0621426696777344,4668827.96982323
5468,0.101692573547363,0.0779071350097656,0.0646020050048828,4592557.97202067
5469,0.102062639872233,0.0779730351765951,0.0620936737060547,4830445.23967281
5470,0.101572072347005,0.0788666025797526,0.0645783386230469,4749053.51422477
5471,0.102185974121094,0.078936269124349,0.0621190032958984,4991374.33968299
5472,0.101815907796224,0.0798044026692708,0.0646273345947266,4879338.95578103
5473,0.102655807495117,0.0797799352010091,0.0622176666259766,4963886.83743235
5474,0.102386540730794,0.0805756022135417,0.0647466684977214,4825967.95416776
5475,0.103406305948893,0.0803750686645508,0.0623776702880859,4894001.83786288
5476,0.103204806009928,0.0810690358479818,0.0649173380533854,4757943.90946027
5477,0.105200037638346,0.0741294682820638,0.0553063354492188,4442541.36382065
5478,0.104399670918783,0.074788569132487,0.0575670013427734,4415563.70389766
5479,0.104365770975749,0.0746171696980794,0.0551196645100911,4678013.23291762
5480,0.103641672770182,0.0753874028523763,0.0574013315836589,4604702.81159121
5481,0.10378197479248,0.0753959019978841,0.0549883321126302,4840576.52590133
5482,0.103166175842285,0.0762377014160156,0.0572963358561198,4775622.50105489
5483,0.103532475789388,0.0763431345621745,0.0549330037434896,5040832.89744586
5484,0.103042841593424,0.0772065684000651,0.057271006266276,4964112.21241347
5485,0.10365864054362,0.0773139038085938,0.0549630025227865,5167397.05514398
5486,0.103292340596517,0.07815003712972,0.0573263346354167,5059274.2557533
5487,0.104139773050944,0.0781622721354167,0.0550699971516927,5094657.66821112
5488,0.103873306274414,0.0789240366617839,0.0574529978434245,4980391.24408235
5489,0.104899670918783,0.0787545700073242,0.0552419993082682,5022894.02383089
5490,0.104701937357585,0.0794099349975586,0.0576376698811849,4938781.38546938
5491,0.10669623819987,0.0726003036499023,0.0486246693929036,4665988.91954332
5492,0.105894004821777,0.0732217686971029,0.0507300008138021,4599096.52092086
5493,0.105853505452474,0.0730795694986979,0.0484203338623047,4850432.38051772
5494,0.105125638326009,0.0738158696492513,0.0505493316650391,4788427.95438425
5495,0.105259338378906,0.0738582356770833,0.0482803344726562,5034965.57050266
5496,0.104639773050944,0.0746680348714193,0.0504376678466797,4970517.23584699
5497,0.105005106608073,0.0748140029907227,0.0482203369140625,5198778.67202973
5498,0.104513608296712,0.0756473032633464,0.0504076690673828,5151068.53964715
5499,0.105133173624674,0.0757951049804687,0.0482503356933594,5149418.94386751
5500,0.104767840067546,0.0765982716878255,0.0504676666259766,5178766.05891508
5501,0.105621871948242,0.0766463063557943,0.0483686676025391,5088573.74001342
5502,0.105360104878743,0.0773741734822591,0.050607666015625,5081015.56161338
5503,0.106393971761068,0.0772348378499349,0.0485540008544922,4961197.99730031
5504,0.106200004577637,0.0778534698486328,0.0508053334554036,5005933.36409935
5505,0.108192438761393,0.0711747055053711,0.042392339070638,4709238.44297558
5506,0.107387372334798,0.0717585042317708,0.0443413391113281,4783347.83425863
5507,0.107341239929199,0.0716464691162109,0.0421710052490234,4838536.78942453
5508,0.106609606424967,0.0723460693359375,0.0441446685791016,4947159.83119593
5509,0.106739540100098,0.0724261042277018,0.0420146687825521,5049801.91354656
5510,0.106117139180501,0.0732019704182943,0.0440213368733724,5114395.98624602
5511,0.106481539408366,0.0733874715169271,0.0419496714274089,5031889.0167858
5512,0.1059890721639,0.0741897048950195,0.0439913380940755,5176264.68094512
5513,0.106611473083496,0.0743780059814453,0.0419846700032552,4575491.65181025
5514,0.106247072855632,0.0751501057942708,0.0440563354492187,5106544.03664132
5515,0.107106773376465,0.0752339045206706,0.0421126708984375,4330486.57197456
5516,0.106846906026204,0.0759269383748372,0.0442076721191406,4953995.27640092
5517,0.107886439005534,0.0758186721801758,0.0423170064290365,4592130.42249729
5518,0.107695271809896,0.0763987045288086,0.0444243367513021,4811612.72646064
5519,0.109689572652181,0.0698489379882812,0.0366093393961589,4808827.00814378
5520,0.108881706237793,0.0703969370524089,0.0384020080566406,4807462.37436198
5521,0.108829907735189,0.0703169021606445,0.0363680063883463,4807462.37436198
5522,0.10809450785319,0.0709826354980469,0.0381880035400391,4770195.70097781
5523,0.108220675150553,0.0710984700520833,0.0361976674397786,4770195.70097781
5524,0.107597340901693,0.0718423385620117,0.0380506693522135,4899750.41714901
5525,0.107960807800293,0.0720664393107096,0.0361233367919922,4499733.41316466
5526,0.107467407226563,0.0728357060750325,0.0380156707763672,4719925.53543434
5527,0.108090741475423,0.0730616709391276,0.0361626688639323,4305913.31114507
5528,0.107727274576823,0.0738017374674479,0.0380900014241536,4502487.95238738
5529,0.108592608133952,0.0739222691853841,0.0363050028483073,4766290.97352147
5530,0.108336507161458,0.0745823364257813,0.0382560068766276,4829166.96548734
5531,0.109381673177083,0.0745042037963867,0.0365263417561849,4766290.97352147
5532,0.109191472371419,0.0750475056966146,0.0384923400878906,4688447.543701
5533,0.111187639872233,0.0686276702880859,0.0312760060628255,5007358.16557574
5534,0.110377873738607,0.0691370697021484,0.032909673055013,5021723.06083466
5535,0.110324208577474,0.069087168375651,0.0310103403727214,5021723.06083466
5536,0.109584108988444,0.0697190017700195,0.0326760050455729,5108521.93653174
5537,0.10970650990804,0.0698706029256185,0.0308246714274089,5108521.93653174
5538,0.109078475952148,0.07058433787028,0.0325263366699219,5076472.07534129
5539,0.109442876180013,0.070847038269043,0.0307430063883464,5076472.07534129
5540,0.108948542277018,0.0715852711995443,0.0324870045979818,5076472.07534129
5541,0.10957657623291,0.0718489049275716,0.0307853393554688,5128380.65313579
5542,0.109212176005046,0.072556037902832,0.0325686696370443,5128380.65313579
5543,0.110082209269206,0.0727123387654622,0.0309423370361328,5128380.65313579
5544,0.109826108296712,0.073338503519694,0.0327513376871745,4841847.0281656
5545,0.110877873738607,0.073292371114095,0.0311856740315755,4841847.0281656
5546,0.110689539591471,0.0737980041503906,0.0330096740722656,4820877.29016447
5547,0.112687639872233,0.0675100021362305,0.0263910013834635,5172570.29844393
5548,0.111875974019368,0.0679817352294922,0.0278663380940755,5257954.24331107
5549,0.111820406595866,0.0679629007975261,0.0260950063069661,5257954.24331107
5550,0.111078407287598,0.0685589345296224,0.0276053415934245,5384860.65162207
5551,0.111199872334798,0.0687472686767578,0.0258880106608073,5384860.65162207
5552,0.110568074544271,0.0694271036783854,0.0274416758219401,5384860.65162207
5553,0.11093153889974,0.0697312367757161,0.0257996775309245,5281258.21951949
5554,0.110434374491374,0.0704374364217122,0.0273993428548177,5281258.21951949
5555,0.111066172281901,0.070741569519043,0.0258456776936849,5281258.21951949
5556,0.110702707926432,0.071414805094401,0.0274876759847005,4598330.23905898
5557,0.111578407287598,0.0716059392293294,0.0260196736653646,4598330.23905898
5558,0.111322308858236,0.0721963399251302,0.0276910044352214,4648233.67099281
5559,0.112375974019368,0.0721822052001953,0.0262910003662109,4648233.67099281
5560,0.112187639872233,0.0726520716349284,0.0279766693115234,4570760.71933029
5561,0.114186640421549,0.0664940032958984,0.0219533386230469,5723270.09355632
5562,0.113375007629395,0.066928103129069,0.0232686665852865,5032345.32954861
5563,0.113318509419759,0.0669403381347656,0.0216253356933594,5032345.32954861
5564,0.112575574239095,0.0675034027099609,0.0229763387044271,5032345.32954861
5565,0.112697041829427,0.0677275034586589,0.0213916727701823,4733728.99813153
5566,0.112063339233398,0.0683753356933594,0.0227930094401042,4733728.99813153
5567,0.111928705851237,0.0693913370768229,0.0227470092773438,4698245.42622546
5568,0.112428708394368,0.0687152709960937,0.0212940063476562,4733728.99813153
5569,0.112562408447266,0.0697331364949544,0.0213456726074219,4698245.42622546
5570,0.112197039286296,0.0703771692911784,0.0228446756998698,5007596.75435367
5571,0.113074607849121,0.0706050364176432,0.0215396728515625,5007596.75435367
5572,0.112819440205892,0.0711605707804362,0.0230726725260417,4815240.14394796
5573,0.113874974568685,0.0711765696207682,0.021843007405599,4815240.14394796
5574,0.113687606811523,0.0716078033447266,0.0233900044759115,5280311.78391025
5575,0.115691307067871,0.0655825703938802,0.0179626770019531,6012434.09503577
5576,0.114878707885742,0.0659789708455404,0.0191163431803385,5886234.87295363
5577,0.114826942443848,0.0660232391357422,0.0175976765950521,6012434.09503577
5578,0.11407837677002,0.0665505065917969,0.0187913411458333,5886234.87295363
5579,0.114204544067383,0.0668122711181641,0.0173336791992188,5743089.67677302
5580,0.113566144307454,0.0674262034098307,0.0185830078125,6129715.5794393
5581,0.113432444254557,0.0684478708902995,0.0185313415527344,5736881.12616436
5582,0.113936177571615,0.067806635538737,0.0172216796875,5848399.28814078
5583,0.114070844014486,0.0688292058308919,0.0172820129394531,5736881.12616436
5584,0.113700810750326,0.0694384053548177,0.0186433410644531,5428526.92901074
5585,0.114583076477051,0.0697048721313477,0.0175013427734375,5428526.92901074
5586,0.114322242736816,0.0702274703979492,0.018898671468099,5428526.92901074
5587,0.115378707885742,0.070275505065918,0.0178413391113281,5782920.80062887
5588,0.11518660736084,0.070669069925944,0.019252675374349,5546994.3030332
5589,0.117194073994954,0.0647718709309896,0.0144200032552083,6532735.57216463
5590,0.116387140909831,0.0651325047810872,0.0154080098470052,6576910.83017462
5591,0.11634287516276,0.0652068710327148,0.0140040079752604,6532735.57216463
5592,0.115595275878906,0.0657012049357096,0.0150400085449219,6576910.83017462
5593,0.115727109273275,0.0659968388875325,0.0137046712239583,6662872.34935405
5594,0.115084943135579,0.0665806376139323,0.014804677327474,6752084.89267981
5595,0.114950276692708,0.0676107686360677,0.0147443440755208,6232053.87451907
5596,0.115460642496745,0.0669987030029297,0.013576670328776,6152186.95923529
5597,0.115592442830404,0.0680307032267253,0.0136443379720052,6002854.36878904
5598,0.115216743469238,0.068607905069987,0.0148723449707031,5536944.87114066
5599,0.116099009195964,0.0689073053995768,0.0138966776529948,6002854.36878904
5600,0.115835375467936,0.0693950729370117,0.0151643473307292,5536944.87114066
5601,0.116886174519857,0.0694732386271159,0.0142836710611979,6177926.1042455
5602,0.116690340677897,0.0698310724894206,0.0155633341471354,5700774.79525479
5603,0.118702527364095,0.0640675354003906,0.0113223266601562,6794191.57036161
5604,0.117899327596029,0.0643886362711589,0.012142333984375,6775964.28428461
5605,0.117872027079264,0.0644950358072917,0.010846669514974,6794191.57036161
5606,0.11712250773112,0.06495263671875,0.0117203369140625,6775964.28428461
5607,0.11727033996582,0.0652850036621094,0.0105020039876302,6701005.82658778
5608,0.116622540791829,0.0658348719278971,0.0114503377278646,7179769.51772162
5609,0.116490740458171,0.0668725382486979,0.0113826700846354,6593652.90392174
5610,0.11701047261556,0.0662925059000651,0.0103563435872396,6599276.14900218
5611,0.117138539632161,0.067332036336263,0.010434336344401,6599276.14900218
5612,0.116750607808431,0.0678781356811523,0.011528330485026,6593652.90392174
5613,0.117631927490234,0.0682133356730143,0.0107223307291667,6231421.2766548
5614,0.117356028238932,0.0686653035481771,0.0118626708984375,6175778.0392656
5615,0.118399327596029,0.0687726694742839,0.011167002360026,6251338.98114148
5616,0.11819310760498,0.0690928370157878,0.0123203328450521,5200499.18982969
5617,0.12021662902832,0.0634639333089193,0.00866733805338542,7369485.55030299
5618,0.119422861735026,0.0637502009073893,0.00931500244140625,7114429.34065742
5619,0.11942098236084,0.063887700398763,0.00811900838216146,7369485.55030299
5620,0.118673347473145,0.0643114344278971,0.00883066813151042,7114429.34065742
5621,0.118843777974447,0.0646786346435547,0.00772133382161458,7589086.80145341
5622,0.118190289815267,0.0651946029663086,0.00851900227864583,8073467.40195652
5623,0.118062222798665,0.0662379048665365,0.00844100952148438,7172710.22686892
5624,0.118594240824382,0.0656898701985677,0.007552001953125,7147622.50746527
5625,0.118715710957845,0.0667360382080078,0.00764334106445312,7147622.50746527
5626,0.11831175994873,0.0672501373291016,0.00861034138997396,7172710.22686892
5627,0.119187461853027,0.0676220703125,0.00797667439778646,6840483.19702581
5628,0.118895561218262,0.0680391693115234,0.00899466959635417,6636492.75798195
5629,0.119922849019368,0.0681794713338216,0.00848933919270833,6840483.19702581
5630,0.119702514648437,0.0684610036214193,0.00952133178710938,6636492.75798195
5631,0.121742017110189,0.0629630355834961,0.00645833333333333,8295612.59026393
5632,0.120962374369303,0.0632116012573242,0.00692634073893229,7724119.03727552
5633,0.121006629943848,0.063381103515625,0.00581700642903646,8295612.59026393
5634,0.120259005228678,0.0637709350585938,0.00636200968424479,7724119.03727552
5635,0.120470863342285,0.0641748682657878,0.00535267130533854,9370434.48656695
5636,0.119803270975749,0.0646588338216146,0.00600033569335937,8639588.40213674
5637,0.119681800842285,0.065707768758138,0.00590899658203125,8639588.40213674
5638,0.120237342834473,0.0651927007039388,0.00515499877929688,7470053.28979942
5639,0.120349393208822,0.0662435353597005,0.00526133219401042,7470053.28979942
5640,0.119915321350098,0.0667237701416016,0.00610666910807292,7520080.02348112
5641,0.12078441619873,0.0671324361165365,0.00565300496419271,7104806.74074447
5642,0.120460507710775,0.0675166371663411,0.00655600992838542,7242880.84697006
5643,0.121462364196777,0.0676880035400391,0.00625200398763021,7104806.74074447
5644,0.121216606140137,0.0679337387084961,0.00716733805338542,7242880.84697006
5645,0.123286237080892,0.0625675684611003,0.00469099934895833,7727751.47566643
5646,0.122530133565267,0.0627794367472331,0.00497533162434896,8433959.34795117
5647,0.122647832234701,0.062979970296224,0.00394066365559896,7727751.47566643
5648,0.121903971354167,0.0633330713907878,0.0043143310546875,8433959.34795117
5649,0.12218174235026,0.0637728042602539,0.00339633178710937,7474277.31362003
5650,0.121496259053548,0.0642247695922852,0.00388966878255208,10085268.743307
5651,0.121384208679199,0.0652812347412109,0.00378333536783854,10085268.743307
5652,0.121975532531738,0.0647972691853841,0.00316566975911458,10085268.743307
5653,0.122069691975911,0.065856569925944,0.00328999837239583,9012667.97403489
5654,0.121590418497721,0.0663038024902344,0.00401399739583333,8388583.79600422
5655,0.122446329752604,0.0667454045613607,0.00374666341145833,8388583.79600422
5656,0.122074399312337,0.0670938034057617,0.00454033406575521,8388583.79600422
5657,0.123032005310059,0.0672981363932292,0.00445000203450521,8277201.27606902
5658,0.122743878682454,0.0675081354777018,0.0052586669921875,7359239.25858063
5659,0.124853996276855,0.0622719014485677,0.00337533569335937,9872994.92697044
5660,0.124140263875326,0.0624479675292969,0.00346600341796875,8280752.91558311
5661,0.124375663757324,0.0626796010335287,0.00250466918945312,8280752.91558311
5662,0.123639335632324,0.0629997355143229,0.00269499715169271,8280752.91558311
5663,0.124022567749023,0.0634733683268229,0.00187267049153646,8280752.91558311
5664,0.123308835347493,0.0638933359781901,0.00220033772786458,12725545.1486023
5665,0.12321467590332,0.0649564030965169,0.00207600911458333,12725545.1486023
5666,0.123862495422363,0.0645044352213542,0.00160401407877604,12725545.1486023
5667,0.12392840830485,0.0655684356689453,0.00174834187825521,9539067.65853008
5668,0.12337474822998,0.0659846369425456,0.00234466552734375,9539067.65853008
5669,0.124205235799154,0.0664639027913411,0.00227866617838542,9539067.65853008
5670,0.123756090799967,0.0667774378458659,0.0029566650390625,9539067.65853008
5671,0.124640251159668,0.0670119043986003,0.00309200032552083,9539067.65853008
5672,0.124288096110026,0.0671842041015625,0.00379166666666667,9794833.64237694
5673,0.126447179158529,0.0620826365152995,0.00251933797200521,10869247.9262392
5674,0.125799359639486,0.0622182362874349,0.00241966756184896,9872994.92697044
5675,0.126203305562337,0.0624818700154622,0.00155166625976562,10869247.9262392
5676,0.125493342081706,0.0627671686808268,0.00154600016276042,9872994.92697044
5677,0.12602064259847,0.0632794036865234,0.000846333821614583,10869247.9262392
5678,0.125286196390788,0.0636654688517253,0.000982676188151042,13632981.2856157
5679,0.125220283508301,0.0647341690063477,0.000838348388671875,13632981.2856157
5680,0.125930252075195,0.0643151702880859,0.000544677734375,22985726.8498418
5681,0.125954729715983,0.065385737101237,0.000702006022135417,22985726.8498418
5682,0.125310674031576,0.0657680358886719,0.00114000447591146,11184339.1388934
5683,0.126086550394694,0.0662821706136068,0.00128999837239583,15984612.4681516
5684,0.125534772237142,0.0665618362426758,0.00183233642578125,11184339.1388934
5685,0.126299346923828,0.0668273696899414,0.00219367472330729,15984612.4681516
5686,0.12585397084554,0.0669639027913411,0.00277533976236979,9855556.23336659
5687,0.127999880472819,0.0619988352457682,0.00214067586263021,19138153.0457922
5688,0.127446217854818,0.0620986353556315,0.00185934448242187,19138153.0457922
5689,0.127945269266764,0.0623962020874023,0.00113533528645833,19138153.0457922
5690,0.127350176493327,0.0626438369750976,0.000927327473958333,10869247.9262392
5691,0.127903839111328,0.0631909027099609,0.000399993896484375,13017186.3882902
5692,0.127284268697103,0.0635411707560221,0.000324666341145833,13017186.3882902
5693,0.127259791056315,0.0646145706176758,0.000167338053385417,13017186.3882902
5694,0.12787936147054,0.0642266362508138,8.36690266927083e-05,13017186.3882902
5695,0.12787936147054,0.0653000361124675,0.000242665608723958,15109955.5762525
5696,0.127284268697103,0.0656522038777669,0.000483662923177083,15109955.5762525
5697,0.127903839111328,0.0662002029418945,0.0008489990234375,15109955.5762525
5698,0.127350176493327,0.0664478708902995,0.00121733601888021,15109955.5762525
5699,0.127945269266764,0.0667454376220703,0.00178500366210937,11998907.1495831
5700,0.127446217854818,0.0668452707926432,0.00221900431315104,11998907.1495831
5701,0.129553512573242,0.0620148366292318,0.00221900431315104,19138153.0457922
5702,0.129053527832031,0.0620807698567708,0.00178500366210937,19138153.0457922
5703,0.129649551391602,0.0624122034708659,0.00121733601888021,19138153.0457922
5704,0.129094955444336,0.0626278355916341,0.0008489990234375,19138153.0457922
5705,0.129715464274089,0.0632097371419271,0.000483662923177083,19138153.0457922
5706,0.129119440714518,0.0635251693725586,0.000242665608723958,13017186.3882902
5707,0.129119440714518,0.0645957361857096,8.36690266927083e-05,13017186.3882902
5708,0.129739949544271,0.0642445373535156,0.000167338053385417,13017186.3882902
5709,0.129715464274089,0.0653179372151693,0.000324666341145833,13017186.3882902
5710,0.129094955444336,0.0656343027750651,0.000399993896484375,15109955.5762525
5711,0.129649551391602,0.0662162373860677,0.000927327473958333,15109955.5762525
5712,0.129053527832031,0.0664299697875977,0.00113533528645833,15109955.5762525
5713,0.129553512573242,0.0667614364624023,0.00185934448242187,15109955.5762525
5714,0.128998916625977,0.06682923634847,0.00214067586263021,15109955.5762525
5715,0.131144805908203,0.0621363016764323,0.00277533976236979,9872994.92697044
5716,0.130699432373047,0.0621683019002279,0.00219367472330729,10869247.9262392
5717,0.131463068644206,0.0625355351765951,0.00183233642578125,9872994.92697044
5718,0.130913172403971,0.062713503519694,0.00128999837239583,10869247.9262392
5719,0.131686223347982,0.0633312021891276,0.00114000447591146,9872994.92697044
5720,0.131043111165365,0.0636118036905924,0.000702006022135417,22985726.8498418
5721,0.131067596435547,0.0646823705037435,0.000544677734375,22985726.8498418
5722,0.13177473449707,0.0643650690714518,0.000838348388671875,13632981.2856157
5723,0.131710708618164,0.0654337692260742,0.000982676188151042,13632981.2856157
5724,0.130979085286458,0.065718137105306,0.000846333821614583,15984612.4681516
5725,0.13150449625651,0.0663320693969727,0.00154600016276042,11184339.1388934
5726,0.130795471191406,0.0665138041178385,0.00155166625976562,15984612.4681516
5727,0.131199417114258,0.0668801040649414,0.00241966756184896,11184339.1388934
5728,0.130553482055664,0.0669140040079753,0.00251933797200521,11735432.1422283
5729,0.132710683186849,0.0623623021443685,0.00379166666666667,8280752.91558311
5730,0.132356643676758,0.0623623021443685,0.00309200032552083,8280752.91558311
5731,0.133238927205404,0.0627681020100911,0.0029566650390625,8280752.91558311
5732,0.132790725708008,0.0629093348185221,0.00227866617838542,8280752.91558311
5733,0.133620274861654,0.0635609359741211,0.00234466552734375,12725545.1486023
5734,0.133065668741862,0.0638048350016276,0.00174834187825521,12725545.1486023
5735,0.133129694620768,0.0648688354492187,0.00160401407877604,12725545.1486023
5736,0.133777516682943,0.0645892028808594,0.00207600911458333,12725545.1486023
5737,0.13368430074056,0.0656522369384766,0.00220033772786458,9539067.65853008
5738,0.132972452799479,0.0658998692830404,0.00187267049153646,9539067.65853008
5739,0.133356628417969,0.0665458043416341,0.00269499715169271,9539067.65853008
5740,0.132620295206706,0.0666936365763346,0.00250466918945312,9794833.64237694
5741,0.132856633504232,0.0670975697835286,0.00346600341796875,9794833.64237694
5742,0.132144780476888,0.0671023025512695,0.00337533569335937,9794833.64237694
5743,0.134252080281576,0.0626890360514323,0.0052586669921875,8433959.34795117
5744,0.133963953653971,0.0626598358154297,0.00445000203450521,7727751.47566643
5745,0.134921564737956,0.0631033376057943,0.00454033406575521,8433959.34795117
5746,0.134550577799479,0.0632116038004557,0.00374666341145833,7727751.47566643
5747,0.135406489054362,0.0638933029174805,0.00401399739583333,10085268.743307
5748,0.134924387613932,0.0641014022827148,0.00328999837239583,7474277.31362003
5749,0.135609868367513,0.0649168345133464,0.00378333536783854,10085268.743307
5750,0.135017603556315,0.0651607360839844,0.00316566975911458,7474277.31362003
5751,0.135499704996745,0.0659723688761393,0.00388966878255208,8388583.79600422
5752,0.134814224243164,0.0661842371622721,0.00339633178710937,9012667.97403489
5753,0.135091995239258,0.0668640696207682,0.0043143310546875,7359239.25858063
5754,0.134346247355143,0.0669780044555664,0.00394066365559896,9012667.97403489
5755,0.134463943481445,0.0674177373250325,0.00497533162434896,7359239.25858063
5756,0.133710662841797,0.0673894704182943,0.00469099934895833,8277201.27606902
5757,0.135778411865234,0.0631193339029948,0.00716733805338542,7724119.03727552
5758,0.135531712849935,0.0630572026570638,0.00625200398763021,8295612.59026393
5759,0.136533574422201,0.063539301554362,0.00655600992838542,7724119.03727552
5760,0.136211552937826,0.0636146367390951,0.00565300496419271,8295612.59026393
5761,0.137081588745117,0.0643302357991536,0.00610666910807292,8639588.40213674
5762,0.13664751180013,0.0645006357828776,0.00526133219401042,9370434.48656695
5763,0.137313217163086,0.0653443018595378,0.00590899658203125,7520080.02348112
5764,0.136757675170898,0.0655524012247721,0.00515499877929688,9370434.48656695
5765,0.137191752115885,0.0663961029052734,0.00600033569335937,7520080.02348112
5766,0.13652604675293,0.0665721689860026,0.00535267130533854,7470053.28979942
5767,0.136737904866536,0.0672840372721354,0.00636200968424479,7242880.84697006
5768,0.135989334106445,0.0673640696207682,0.00581700642903646,7104806.74074447
5769,0.136031702677409,0.067842404683431,0.00692634073893229,7242880.84697006
5770,0.135252059936523,0.0677821375528971,0.00645833333333333,7104806.74074447
5771,0.137293441772461,0.0636560338338216,0.00952133178710938,7114429.34065742
5772,0.13707405090332,0.0635600001017253,0.00848933919270833,7369485.55030299
5773,0.138103205362956,0.0640779012044271,0.00899466959635417,7114429.34065742
5774,0.137809427897135,0.0641193339029948,0.00797667439778646,7369485.55030299
5775,0.138686996459961,0.0648688354492187,0.00861034138997396,8073467.40195652
5776,0.138281178792318,0.0650044021606445,0.00764334106445312,7589086.80145341
5777,0.138936528523763,0.0658782043457031,0.00844100952148438,7172710.22686892
5778,0.138402643839518,0.0660477040608724,0.007552001953125,7589086.80145341
5779,0.138808461507161,0.0669215037027995,0.00851900227864583,7172710.22686892
5780,0.138153111775716,0.0670618031819661,0.00772133382161458,7147622.50746527
5781,0.138325424194336,0.0678075358072917,0.00883066813151042,6636492.75798195
5782,0.137575922648112,0.0678537038167318,0.00811900838216146,6840483.19702581
5783,0.137573094685872,0.0683668696085612,0.00931500244140625,6509702.40362687
5784,0.13677744547526,0.0682755381266276,0.00866733805338542,6840483.19702581
5785,0.138799997965495,0.0642925694783529,0.0123203328450521,6775964.28428461
5786,0.13859662882487,0.0641673355102539,0.011167002360026,6794191.57036161
5787,0.139640869140625,0.0647210032145182,0.0118626708984375,6775964.28428461
5788,0.139366836547852,0.0647276026407878,0.0107223307291667,6794191.57036161
5789,0.140246271769206,0.0655091044108073,0.011528330485026,7179769.51772162
5790,0.139860209147135,0.0656089045206706,0.010434336344401,6701005.82658778
5791,0.140506139119466,0.0665147043863932,0.0113826700846354,6593652.90392174
5792,0.139988276163737,0.0666484375,0.0103563435872396,6599276.14900218
5793,0.140374338785807,0.067552370707194,0.0114503377278646,6593652.90392174
5794,0.139728408813477,0.0676559371948242,0.0105020039876302,6599276.14900218
5795,0.139874374389648,0.0684336700439453,0.0117203369140625,6175778.0392656
5796,0.139126739501953,0.0684449691772461,0.010846669514974,6231421.2766548
5797,0.139096603393555,0.0689967702229818,0.012142333984375,5200499.18982969
5798,0.138292460123698,0.0688725026448568,0.0113223266601562,6251338.98114148
5799,0.140305603027344,0.0650327046712239,0.0155633341471354,6576910.83017462
5800,0.140109771728516,0.0648745040893555,0.0142836710611979,6532735.57216463
5801,0.141161539713542,0.0654686381022136,0.0151643473307292,6576910.83017462
5802,0.140896006266276,0.0654403711954753,0.0138966776529948,6532735.57216463
5803,0.141777338663737,0.0662567367553711,0.0148723449707031,6752084.89267981
5804,0.14140163675944,0.0663188705444336,0.0136443379720052,6662872.34935405
5805,0.142042872111003,0.0672548370361328,0.0147443440755208,6232053.87451907
5806,0.141533437093099,0.0673508707682292,0.013576670328776,6152186.95923529
5807,0.141909138997396,0.0682840042114258,0.014804677327474,5536944.87114066
5808,0.141267903645833,0.0683517710367839,0.0137046712239583,6152186.95923529
5809,0.14140163675944,0.06916343943278,0.0150400085449219,5536944.87114066
5810,0.140654037475586,0.0691417719523112,0.0140040079752604,6002854.36878904
5811,0.140609771728516,0.0697312393188477,0.0154080098470052,5700774.79525479
5812,0.13979997253418,0.0695749384562175,0.0144200032552083,6177926.1042455
5813,0.141807469685872,0.0658763376871745,0.019252675374349,5886234.87295363
5814,0.141617268880208,0.0656871058146159,0.0178413391113281,6012434.09503577
5815,0.142672805786133,0.0663170064290365,0.018898671468099,5886234.87295363
5816,0.142412907918294,0.0662567392985026,0.0175013427734375,6012434.09503577
5817,0.143293279012044,0.0671041717529297,0.0186433410644531,6129715.5794393
5818,0.142923243204753,0.0671324361165365,0.0172820129394531,5743089.67677302
5819,0.143561645507813,0.068095703125,0.0185313415527344,5736881.12616436
5820,0.143056976318359,0.0681559702555339,0.0172216796875,5848399.28814078
5821,0.143427012125651,0.0691173375447591,0.0185830078125,5428526.92901074
5822,0.142788609822591,0.0691493377685547,0.0173336791992188,5428526.92901074
5823,0.142914774576823,0.0699930038452148,0.0187913411458333,5546994.3030332
5824,0.142169036865234,0.069939338684082,0.0175976765950521,5389280.1472265
5825,0.142117268880208,0.0705673700968425,0.0191163431803385,5546994.3030332
5826,0.141305603027344,0.0703809382120768,0.0179626770019531,5782920.80062887
5827,0.14331120300293,0.0668235677083333,0.0233900044759115,5032345.32954861
5828,0.143121002197266,0.0666023025512695,0.021843007405599,5032345.32954861
5829,0.144178405761719,0.0672699025472005,0.0230726725260417,5032345.32954861
5830,0.14392041015625,0.067173838297526,0.0215396728515625,4733728.99813153
5831,0.144797978719076,0.068055170694987,0.0228446756998698,4733728.99813153
5832,0.144430745442708,0.0680457712809245,0.0213456726074219,4733728.99813153
5833,0.145064442952474,0.069042002360026,0.0227470092773438,4698245.42622546
5834,0.14456537882487,0.0690636698404948,0.0212940063476562,4698245.42622546
5835,0.144932612101237,0.0700570373535156,0.0227930094401042,5007596.75435367
5836,0.144298914591471,0.0700504379272461,0.0213916727701823,5007596.75435367
5837,0.144422276814779,0.0709261042277018,0.0229763387044271,4815240.14394796
5838,0.14367653910319,0.070836669921875,0.0216253356933594,4815240.14394796
5839,0.143622868855794,0.0715023701985677,0.0232686665852865,5280311.78391025
5840,0.142809336344401,0.071286735534668,0.0219533386230469,4815240.14394796
5841,0.144811172485352,0.0678734359741211,0.0279766693115234,5257954.24331107
5842,0.144622838338216,0.0676211013793945,0.0262910003662109,5257954.24331107
5843,0.145676472981771,0.068325434366862,0.0276910044352214,5384860.65162207
5844,0.145422241210937,0.0681955006917318,0.0260196736653646,5384860.65162207
5845,0.146296040852865,0.0691088358561198,0.0274876759847005,5384860.65162207
5846,0.145929773966471,0.0690645701090495,0.0258456776936849,5384860.65162207
5847,0.146559702555339,0.0700890375773112,0.0273993428548177,5281258.21951949
5848,0.146061604817708,0.0700758692423503,0.0257996775309245,5281258.21951949
5849,0.146427871704102,0.0710975036621094,0.0274416758219401,4598330.23905898
5850,0.145797943115234,0.071057004292806,0.0258880106608073,4598330.23905898
5851,0.145920344034831,0.0719647064208984,0.0276053415934245,4648233.67099281
5852,0.145178375244141,0.0718404057820638,0.0260950063069661,4648233.67099281
5853,0.145122838338216,0.0725419057210286,0.0278663380940755,4570760.71933029
5854,0.144313069661458,0.0722933044433594,0.0263910013834635,4570760.71933029
5855,0.146311141967773,0.0690259704589844,0.0330096740722656,5021723.06083466
5856,0.146120941162109,0.0687434692382812,0.0311856740315755,5021723.06083466
5857,0.147170806884766,0.0694864018758138,0.0327513376871745,5108521.93653174
5858,0.146914672851563,0.0693207015991211,0.0309423370361328,5108521.93653174
5859,0.147786605834961,0.0702670364379883,0.0325686696370443,5076472.07534129
5860,0.147422205607096,0.0701851043701172,0.0307853393554688,5108521.93653174
5861,0.148050272623698,0.0712406387329102,0.0324870045979818,5076472.07534129
5862,0.147554036458333,0.0711888376871745,0.0307430063883464,5076472.07534129
5863,0.147918436686198,0.072240603129069,0.0325263366699219,5128380.65313579
5864,0.147290369669596,0.0721624374389648,0.0308246714274089,5128380.65313579
5865,0.147414672851563,0.0731040369669596,0.0326760050455729,4841847.0281656
5866,0.146674575805664,0.0729468053181966,0.0310103403727214,4841847.0281656
5867,0.146620910644531,0.0736869049072266,0.032909673055013,4820877.29016447
5868,0.145811141967773,0.0734063059488932,0.0312760060628255,4820877.29016447
5869,0.147809209187826,0.0702811381022136,0.0384923400878906,4807462.37436198
5870,0.147619008382161,0.0699675699869792,0.0365263417561849,4807462.37436198
5871,0.148664174397786,0.0707491022745768,0.0382560068766276,4770195.70097781
5872,0.148406173706055,0.0705504353841146,0.0363050028483073,4770195.70097781
5873,0.149271504720052,0.071527837117513,0.0380900014241536,4899750.41714901
5874,0.148908070882161,0.0714101384480794,0.0361626688639323,4499733.41316466
5875,0.14953330485026,0.072493906656901,0.0380156707763672,4899750.41714901
5876,0.149039906819661,0.0724063390096029,0.0361233367919922,4499733.41316466
5877,0.149403340657552,0.0734882049560547,0.0380506693522135,4719925.53543434
5878,0.148778106689453,0.0733742701212565,0.0361976674397786,4305913.31114507
5879,0.148904271443685,0.0743478698730469,0.0381880035400391,4502487.95238738
5880,0.148168904622396,0.0741558024088542,0.0363680063883463,4766290.97352147
5881,0.148119008382161,0.0749335708618164,0.0384020080566406,4829166.96548734
5882,0.147311111450195,0.0746219050089518,0.0366093393961589,4340333.78377077
5883,0.149303512573242,0.0716398722330729,0.0444243367513021,4783347.83425863
5884,0.149112375895182,0.071294303894043,0.0423170064290365,4838536.78942453
5885,0.15015190633138,0.0721125361124675,0.0442076721191406,4947159.83119593
5886,0.149893905639648,0.0718809026082357,0.0421126708984375,5049801.91354656
5887,0.150753575642904,0.0728903020222982,0.0440563354492187,5114395.98624602
5888,0.150389175415039,0.0727359034220378,0.0419846700032552,5031889.0167858
5889,0.151011576334635,0.0738498051961263,0.0439913380940755,5114395.98624602
5890,0.150519139607747,0.0737255071004232,0.0419496714274089,4575491.65181025
5891,0.150883539835612,0.0748375066121419,0.0440213368733724,5176264.68094512
5892,0.150261138916016,0.0746877721150716,0.0420146687825521,4575491.65181025
5893,0.150389175415039,0.0756934051513672,0.0441446685791016,5106544.03664132
5894,0.149657541910807,0.0754674377441406,0.0421710052490234,4330486.57197456
5895,0.149611409505208,0.0762810033162435,0.0443413391113281,4953995.27640092
5896,0.148808242797852,0.075939203898112,0.042392339070638,4592130.42249729
5897,0.15080067952474,0.073102170308431,0.0508053334554036,4599096.52092086
5898,0.15060481262207,0.0727255376180013,0.0485540008544922,4850432.38051772
5899,0.151638676961263,0.0735814361572266,0.050607666015625,4788427.95438425
5900,0.151376907348633,0.0733140029907227,0.0483686676025391,5034965.57050266
5901,0.152230936686198,0.0743582356770833,0.0504676666259766,4970517.23584699
5902,0.151865605672201,0.0741661682128906,0.0482503356933594,5198778.67202973
5903,0.152483271280924,0.0753092676798503,0.0504076690673828,5151068.53964715
5904,0.151993642171224,0.0751473032633464,0.0482203369140625,5149418.94386751
5905,0.152358973185221,0.0762885055541992,0.0504376678466797,5151068.53964715
5906,0.151741307576497,0.0761030069986979,0.0482803344726562,5088573.74001342
5907,0.151875040690104,0.0771406402587891,0.0505493316650391,5178766.05891508
5908,0.151145309448242,0.0768807729085286,0.0484203338623047,4961197.99730031
5909,0.15110481262207,0.0777329381306966,0.0507300008138021,5081015.56161338
5910,0.150302546183268,0.077359135945638,0.0486246693929036,4961197.99730031
5911,0.152295944213867,0.074663335164388,0.0576376698811849,4415563.70389766
5912,0.152098210652669,0.0742575022379557,0.0552419993082682,4678013.23291762
5913,0.153123606363932,0.0751529693603516,0.0574529978434245,4604702.81159121
5914,0.152859939575195,0.0748535359700521,0.0550699971516927,4840576.52590133
5915,0.153707372029622,0.0759297688802083,0.0573263346354167,4775622.50105489
5916,0.153340138753255,0.0757019017537435,0.0549630025227865,5040832.89744586
5917,0.153955973307292,0.0768732681274414,0.057271006266276,4964112.21241347
5918,0.153464436848958,0.0766727015177409,0.0549330037434896,5167397.05514398
5919,0.153831670125326,0.0778421351114909,0.0572963358561198,5059274.2557533
5920,0.153215835571289,0.0776199035644531,0.0549883321126302,5094657.66821112
5921,0.153355204264323,0.0786895701090495,0.0574013315836589,5059274.2557533
5922,0.152632074991862,0.0783958053588867,0.0551196645100911,5022894.02383089
5923,0.152598210652669,0.0792856369018555,0.0575670013427734,4980391.24408235
5924,0.15180067952474,0.0788826370239258,0.0553063354492188,5022894.02383089
5925,0.153792109171549,0.0763318354288737,0.0649173380533854,4302911.1196004
5926,0.15358967590332,0.0758921025594076,0.0623776702880859,4496142.25775453
5927,0.154607538859049,0.0768261693318685,0.0647466684977214,4456660.33602815
5928,0.154339202880859,0.0764928690592448,0.0622176666259766,4668827.96982323
5929,0.155179102579753,0.0776011352539062,0.0646273345947266,4592557.97202067
5930,0.154810938517253,0.0773374684651693,0.0621190032958984,4830445.23967281
5931,0.155422973632812,0.0785370356241862,0.0645783386230469,4749053.51422477
5932,0.154935241699219,0.0783007024129232,0.0620936737060547,4991374.33968299
5933,0.155303405761719,0.0794984029134115,0.0646020050048828,4879338.95578103
5934,0.154691370646159,0.0792404022216797,0.0621426696777344,4963886.83743235
5935,0.154835403442383,0.0803420689900716,0.0646970011393229,4825967.95416776
5936,0.154115071614583,0.0800134684244792,0.062263666788737,4894001.83786288
5937,0.154089640299479,0.0809409688313802,0.0648530019124349,4757943.90946027
5938,0.153295908610026,0.0805069020589193,0.0624380035400391,4894001.83786288
5939,0.15528830464681,0.0781039021809896,0.0726466674804687,4214016.46866173
5940,0.155082071940104,0.0776340357462565,0.0699613342285156,4358568.93360922
5941,0.156091471354167,0.07860386912028,0.0724886678059896,4329874.16528836
5942,0.155819371541341,0.0782357355753581,0.0698136698404948,4501298.22505601
5943,0.156652704874674,0.0793779017130534,0.0723796691894531,4449715.41884789
5944,0.156280771891276,0.0790766016642253,0.0697223358154297,4642257.7432469
5945,0.156889973958333,0.0803063023885091,0.0723343353271484,4582907.2064463
5946,0.15640033976237,0.080030403137207,0.0696986694335937,4779292.16250838
5947,0.156772272745768,0.0812573038736979,0.0723560028076172,4593061.58927437
5948,0.156163070678711,0.0809616368611654,0.0697440032958984,4809022.45139574
5949,0.156315602620443,0.0820972035725911,0.0724426676432292,4597168.70235681
5950,0.155599970499674,0.0817356363932292,0.0698550008138021,4715229.96090346
5951,0.155582071940104,0.082700803120931,0.0725863342285156,4466080.60205108
5952,0.154792073567708,0.0822347361246745,0.0700176696777344,4715229.96090346
5953,0.156783569335938,0.0799777018229167,0.0808263346354167,4059474.25962712
5954,0.156573603312174,0.0794777018229167,0.0779950002034505,4243122.9659025
5955,0.157572636922201,0.0804861679077148,0.080680669148763,4192317.07362626
5956,0.157296737670898,0.0800822016398112,0.0778596700032552,4371992.14387671
5957,0.158122538248698,0.0812554346720378,0.0805790049235026,4320715.652866
5958,0.157750605265299,0.0809192682902018,0.0777740020751953,4491707.53281008
5959,0.158357004801432,0.0821772689819336,0.08053466796875,4437832.54628096
5960,0.157868306477865,0.081865603129069,0.0777523345947266,4569189.43364094
5961,0.158240239461263,0.0831207377115886,0.0805573374430339,4454739.02497644
5962,0.15763383992513,0.0827883377075195,0.0777966715494792,4535222.40461973
5963,0.157792037963867,0.0839540379842122,0.0806393381754557,4385560.73848751
5964,0.157083002726237,0.0835585708618164,0.0778973337809245,4433337.73644394
5965,0.157073567708333,0.084564203898112,0.0807699991861979,4313945.23485599
5966,0.156288269042969,0.0840680033365886,0.0780466664632161,4433337.73644394
5967,0.158276936848958,0.0819541041056315,0.0894563395182292,3980976.85060216
5968,0.158063201904297,0.0814240036010742,0.08647900390625,4114176.08360967
5969,0.15905283610026,0.082471071879069,0.0893200073242188,4095127.19325224
5970,0.158772237141927,0.0820332361857096,0.0863530069986979,4255705.86993792
5971,0.159590474446615,0.0832366027832031,0.0892256724039714,4202347.87249395
5972,0.159216674804688,0.0828627675374349,0.0862726694742839,4376251.1586878
5973,0.159821177164714,0.08414990234375,0.0891829986572266,4283157.75529176
5974,0.159333440144857,0.0838005701700846,0.08625,4403713.90845121
5975,0.159707239786784,0.0850839716593424,0.0892030029296875,4305283.34883347
5976,0.159102737426758,0.0847158050537109,0.0862926737467448,4342044.29825864
5977,0.159266571044922,0.0859154052734375,0.0892823435465495,4293885.62350849
5978,0.158562271118164,0.0854860382080078,0.0863896738688151,4326652.67845121
5979,0.158562271118164,0.0865302708943685,0.0894046732584635,4186568.82693175
5980,0.157782602945964,0.0860039037068685,0.0865270029703776,4326652.67845121
5981,0.159771275838216,0.0840341033935547,0.0985333353678386,3835695.37872604
5982,0.159551874796549,0.083472905476888,0.0954110056559245,3970668.76842321
5983,0.160532073974609,0.0845585734049479,0.0984080047607422,3917296.95870444
5984,0.160246770222982,0.0840868403116862,0.0952943420410156,4085232.70749797
5985,0.16105653889974,0.0853241068522135,0.0983206736246745,4011752.13500357
5986,0.160680842081706,0.0849117050170898,0.095219004313151,4219781.48532251
5987,0.161280644734701,0.0862271041870117,0.0982820027669271,4132723.70521672
5988,0.160794779459635,0.0858391367594401,0.0951990000406901,4310876.81326267
5989,0.161170476277669,0.0871536051432292,0.0983006693522135,4173978.61910157
5990,0.160570673624674,0.0867477722167969,0.0952376708984375,4155873.49135544
5991,0.160742039998372,0.0879794057210286,0.098371337890625,4160247.4857739
5992,0.160042439778646,0.0875152053833008,0.0953263397216797,4155873.49135544
5993,0.160051874796549,0.0885971043904622,0.0984853363037109,4056139.54980337
5994,0.159276006062826,0.0880415369669596,0.0954563395182292,3829562.06384928
5995,0.16126747639974,0.0862176691691081,0.108061335245768,3711940.45680318
5996,0.161041478474935,0.0856254043579102,0.104791000366211,3937070.46739444
5997,0.162011311848958,0.0867496719360352,0.107942337036133,3817644.59149071
5998,0.161721308390299,0.0862440388997396,0.104681671142578,4030929.77728101
5999,0.162521672566732,0.0875142389933268,0.107862340291341,3902273.81606063
6000,0.162142206827799,0.0870660400390625,0.104615005493164,4100726.30972728
6001,0.162738240559896,0.0884097061157227,0.107827672322591,3903354.63060372
6002,0.162252375284831,0.0879831720987956,0.104596338907878,4122639.72026903
6003,0.162631841023763,0.0893249384562175,0.107843673706055,3893578.75054128
6004,0.162035807291667,0.0888833389282227,0.104631006876628,4052964.98060389
6005,0.162215642293294,0.09014697265625,0.107910339355469,3862796.53949924
6006,0.161521677652995,0.0896488723754883,0.104713668823242,3658383.6961476
6007,0.161543345133464,0.0907684377034505,0.108016001383464,3793659.17597858
6008,0.160773142496745,0.0901808700561523,0.104832667032878,3658383.6961476
6009,0.162762710571289,0.088502934773763,0.118038670857747,3692064.01000483
6010,0.162531077067057,0.0878814697265625,0.114621337890625,3782921.13687296
6011,0.163486775716146,0.0890434036254883,0.11792800394694,3809666.74097656
6012,0.163193008422852,0.0885038706461589,0.114519337972005,3812165.5405872
6013,0.163984903971354,0.089805170694987,0.117851669311523,3843325.42874942
6014,0.163603571573893,0.0893211720784505,0.114455337524414,3835031.56712786
6015,0.164195836385091,0.0906940053304036,0.117819666544596,3853409.44291224
6016,0.163709971110026,0.0902307383219401,0.114439336140951,3558783.6727077
6017,0.164091303507487,0.0915998382568359,0.11783566792806,3852673.5667153
6018,0.163499038696289,0.0911205724080404,0.114471338907878,3558783.6727077
6019,0.163686406453451,0.0924162063598633,0.117896006266276,3793290.86162757
6020,0.162999043782552,0.0918842061360677,0.114547673543294,3558783.6727077
6021,0.163031046549479,0.0930414377848307,0.117997004191081,3700262.49846962
6022,0.16226931254069,0.0924237696329753,0.114662002563477,3558783.6727077
6023,0.164257013956706,0.09089173634847,0.128467666625977,3640429.29309598
6024,0.164018778483073,0.0902401682535807,0.124902669270833,3716701.16763785
6025,0.164962275187174,0.0914426015218099,0.128363001505534,3733068.80986471
6026,0.164661905924479,0.090867301940918,0.124805669148763,3754346.39290526
6027,0.165446273803711,0.0922006022135417,0.128292332967122,3783029.7363769
6028,0.16506303914388,0.0916780039469401,0.124746999104818,3458890.79757249
6029,0.165653442382812,0.0930791041056315,0.128261998494466,3808031.6096135
6030,0.165167572021484,0.0925791041056315,0.124730997721354,3458890.79757249
6031,0.165550806681315,0.0939773712158203,0.128276331583659,3786326.40085383
6032,0.164960403442383,0.0934613723754883,0.12476133219401,3458890.79757249
6033,0.165156239827474,0.0947871398925781,0.128334665934245,3705485.43691664
6034,0.16447450764974,0.0942212397257487,0.124833669026693,3458890.79757249
6035,0.164518778483073,0.0954189376831055,0.128427001953125,3615781.8373658
6036,0.163762680053711,0.0947711359659831,0.124938669840495,3458890.79757249
6037,0.165750411987305,0.0933832397460937,0.139344004313151,3535726.89381894
6038,0.165506510416667,0.0927015050252279,0.135633000691732,3422613.21845361
6039,0.166437739054362,0.0939434712727864,0.139249669392904,3622157.84417162
6040,0.166131739298503,0.0933361358642578,0.135544667561849,3422613.21845361
6041,0.166904805501302,0.0946995697021484,0.13918300374349,3697700.52003425
6042,0.166519709269206,0.0941393356323242,0.135488001505534,3422613.21845361
6043,0.167105377197266,0.0955686696370443,0.139154337565104,3720069.41786545
6044,0.166622344970703,0.0950310363769531,0.135473668416341,3422613.21845361
6045,0.167007441202799,0.0964566040039063,0.139168670654297,3727524.64643866
6046,0.16642177327474,0.0959029388427734,0.135502334594727,3422613.21845361
6047,0.166625137329102,0.0972626063028971,0.139221669514974,3724865.06159672
6048,0.165950007120768,0.0966628061930339,0.135569000244141,3422613.21845361
6049,0.166006510416667,0.0978982060750326,0.13930800374349,3587202.59516158
6050,0.165257013956706,0.0972202377319336,0.135667002360026,3422613.21845361
6051,0.16724284362793,0.095978271484375,0.150670338948568,3410942.12502474
6052,0.166992375691732,0.0952664388020833,0.146811670939128,3386450.76735262
6053,0.167912307739258,0.0965441716512044,0.150582667032878,3514043.10623903
6054,0.167601572672526,0.0959029388427734,0.146731669108073,3386450.76735262
6055,0.168365208943685,0.0973002370198568,0.150524337768555,3611463.55977522
6056,0.16797444152832,0.0967042032877604,0.146680674235026,3386450.76735262
6057,0.168556345621745,0.0981599349975586,0.150497675577799,3653545.30954759
6058,0.168072377522786,0.0975846354166667,0.146666341145833,3386450.76735262
6059,0.168463144938151,0.0990403696695964,0.150510004679362,3663838.35896878
6060,0.167881240844727,0.0984499715169271,0.146693003336589,3386450.76735262
6061,0.168094039916992,0.0998397725423177,0.150558334350586,3628499.66757364
6062,0.167423604329427,0.0992060724894206,0.146753336588542,3386450.76735262
6063,0.167492340087891,0.100481938680013,0.150636337280273,3628499.66757364
6064,0.166750376383464,0.0997738723754883,0.146843673706055,3386450.76735262
6065,0.168735270182292,0.0986759694417318,0.162446004231771,3252568.04603256
6066,0.168478205362956,0.0979339701334635,0.158439336140951,3307061.8916108
6067,0.169383107503255,0.0992512690226237,0.162363998413086,3349841.99676811
6068,0.169067677815755,0.0985733032226563,0.158365997314453,3307061.8916108
6069,0.169820943196615,0.10000360361735,0.162310333251953,3453290.41937734
6070,0.169429209391276,0.0993717702229818,0.158319671630859,3307061.8916108
6071,0.170004506429036,0.100857635498047,0.162285675048828,3573723.14587151
6072,0.16952241007487,0.10024183400472,0.158307342529297,3307061.8916108
6073,0.169914143880208,0.101725802103678,0.162298004150391,3586532.23019113
6074,0.169338846842448,0.101099637349447,0.158332000732422,3307061.8916108
6075,0.169561075846354,0.102522371927897,0.162342330932617,3500001.28800828
6076,0.168898173014323,0.101852905273438,0.158385665893555,3307061.8916108
6077,0.16897726949056,0.103166437784831,0.162414001464844,3500001.28800828
6078,0.168241872151693,0.102429171244303,0.158469670613607,3307061.8916108
6079,0.17022580464681,0.101476267496745,0.174676671346029,3174334.07621027
6080,0.169962168375651,0.100705101013184,0.170519337972005,3137415.35835351
6081,0.170856669108073,0.102062868754069,0.174598337809245,3281588.40724943
6082,0.170534673055013,0.101351036071777,0.170449666341146,3206846.04582446
6083,0.171278544108073,0.102812403361003,0.174546666463216,3381068.63319706
6084,0.170880243937174,0.102142936706543,0.170405334472656,3206846.04582446
6085,0.171454610188802,0.103657038370768,0.174522003173828,3470411.52883814
6086,0.170970606486003,0.103003570556641,0.170393005371094,3206846.04582446
6087,0.171368906656901,0.104512936909993,0.174534337361654,3531894.48054543
6088,0.170794540405273,0.103850969950358,0.170417668660482,3206846.04582446
6089,0.171026173909505,0.105305737813314,0.174578669230143,3449989.93464559
6090,0.170368006388346,0.104603304545085,0.170469334920247,3206846.04582446
6091,0.170462137858073,0.105954503377279,0.174646336873372,3449989.93464559
6092,0.169734303792318,0.105187103271484,0.170547668457031,3206846.04582446
6093,0.171718241373698,0.104382036844889,0.187355173746745,3125840.49818178
6094,0.171446105957031,0.103579767862956,0.183052073160807,3056434.84040661
6095,0.172323674519857,0.104976168314616,0.187282572428385,3256890.78911587
6096,0.171997873942057,0.10423043568929,0.182986170450846,3056434.84040661
6097,0.172732340494792,0.105723803202311,0.187234634399414,3358615.45063767
6098,0.172335006713867,0.105017603556315,0.182943801879883,3169085.61535321
6099,0.172902806599935,0.106559003194173,0.187211934407552,3550726.27843979
6100,0.172420710245768,0.105867904663086,0.182931467692057,3169085.61535321
6101,0.172818044026693,0.107405504862467,0.187222300211589,3562307.15898847
6102,0.172250244140625,0.106704004923503,0.182954167683919,3169085.61535321
6103,0.172490341186523,0.108191703796387,0.187262903849284,3477019.33091717
6104,0.171840637207031,0.107455403645833,0.18300407409668,3169085.61535321
6105,0.171946105957031,0.108847101847331,0.187326843261719,3477019.33091717
6106,0.171225774129232,0.108048634847005,0.183078440348307,3169085.61535321
6107,0.17320974222819,0.107389503479004,0.200480936686198,3055616.6506976
6108,0.17293007405599,0.106558069864909,0.196030008951823,3051073.58485437
6109,0.17379350789388,0.107993034362793,0.200414072672526,3160692.72713617
6110,0.173459243774414,0.107213401794434,0.195969736735026,3051073.58485437
6111,0.174182378133138,0.108736935933431,0.200370768229167,3348439.49985207
6112,0.173781275431315,0.107993069966634,0.195932067871094,3051073.58485437
6113,0.174347173055013,0.109561770121257,0.200351003011068,3460608.86994829
6114,0.173866038004557,0.108833902994792,0.195921702067057,3070132.23423851
6115,0.17426714070638,0.11040166982015,0.20036040242513,3504182.71299785
6116,0.173701243082682,0.109664370218913,0.195941467285156,3070132.23423851
6117,0.173950744628906,0.111182202657064,0.200396169026693,3436087.99029892
6118,0.173307642618815,0.110411036173503,0.19598573811849,3070132.23423851
6119,0.17343007405599,0.111840403238932,0.200454569498698,3436087.99029892
6120,0.172718241373698,0.111012769063314,0.196054504394531,3436087.99029892
6121,0.174701237996419,0.110500536600749,0.214056900024414,3005317.64815253
6122,0.174413106282552,0.109638969421387,0.209458134969076,3000331.81908737
6123,0.175262405395508,0.111110702514648,0.213994735717773,3083732.34659721
6124,0.174922475179036,0.11029620107015,0.209401601155599,3000331.81908737
6125,0.175634343465169,0.111851702372233,0.213954233805339,3252795.65898725
6126,0.175228510538737,0.111072069803874,0.209367736816406,3000331.81908737
6127,0.175788777669271,0.112669970194499,0.213936370849609,3315957.42265252
6128,0.17530854288737,0.111903536478678,0.209358337402344,2962517.48944516
6129,0.175714375813802,0.113498601277669,0.213944834391276,3383939.78051623
6130,0.175154108683268,0.112724601745605,0.209376200358073,3315957.42265252
6131,0.175414006551107,0.11427633412679,0.21397873433431,3280884.21257761
6132,0.174776540120443,0.113471234639486,0.209417638142904,3383939.78051623
6133,0.174913070678711,0.11493920135498,0.214032404581706,3280884.21257761
6134,0.174209706624349,0.114079536437988,0.209479766845703,3280884.21257761
6135,0.176193669637044,0.113711402893066,0.228085739135742,2957169.5148949
6136,0.175897069295247,0.112819702148438,0.223337270100911,2908490.58329331
6137,0.176730402628581,0.114330968221029,0.228027369181315,3166955.0414194
6138,0.176383870442708,0.113483535766602,0.223283599853516,2908490.58329331
6139,0.177086303710938,0.115071067810059,0.227987798055013,3260219.23558493
6140,0.17667670694987,0.114253735860189,0.22325156656901,2908490.58329331
6141,0.177233205159505,0.11588173421224,0.227971801757813,3290712.22105295
6142,0.176751108805339,0.115077601114909,0.223243103027344,3260219.23558493
6143,0.177160705566406,0.116700932820638,0.227979334513346,3260525.4249015
6144,0.176604207356771,0.115888366699219,0.223259099324544,3290712.22105295
6145,0.176876337687174,0.117469309488932,0.22801133219401,3207811.63475491
6146,0.176246404012044,0.116631276448568,0.223299601236979,3260525.4249015
6147,0.176397069295247,0.118138758341471,0.228064107259115,3207811.63475491
6148,0.175701202392578,0.117251782735189,0.223358006795247,3207811.63475491
6149,0.177684204101562,0.117028638203939,0.242562805175781,3064262.03271862
6150,0.177381037394206,0.116104937235514,0.237668370564779,2872293.99314506
6151,0.178198338826497,0.117653849283854,0.242510065714518,3157775.23040251
6152,0.177844304402669,0.116771581013997,0.237617533365885,2872293.99314506
6153,0.178533538818359,0.118393007914225,0.242472432454427,3241858.69637568
6154,0.1781220703125,0.117539927164714,0.237586466471354,2872293.99314506
6155,0.178673838297526,0.119195243835449,0.242457366943359,3285712.83215349
6156,0.178194569905599,0.118354382832845,0.23757893371582,3241858.69637568
6157,0.178606038411458,0.120004999796549,0.242464899698893,3263780.11225519
6158,0.178054270426432,0.119155682881673,0.237593999226888,3285712.83215349
6159,0.178335805257161,0.12076865641276,0.242494064331055,3171707.1543723
6160,0.177714370727539,0.119894849141439,0.237631632486979,3263780.11225519
6161,0.177880071004232,0.121441889444987,0.242542068481445,3171707.1543723
6162,0.17719270324707,0.120523831685384,0.237686274210612,3171707.1543723
6163,0.179172871907552,0.120448506673177,0.257489969889323,2961161.87935906
6164,0.178861206054687,0.119495610555013,0.252444864908854,2858297.88943452
6165,0.17966347249349,0.121083150227865,0.257441935221354,3062141.1377252
6166,0.179303771972656,0.12016508992513,0.252401570638021,2858297.88943452
6167,0.179981704711914,0.121818532307943,0.257408070882161,3173702.51877914
6168,0.179565505981445,0.120928718566895,0.252371465047201,3062141.1377252
6169,0.180113505045573,0.122612299601237,0.257392064412435,3266119.54496956
6170,0.179633305867513,0.121731905619303,0.252363932291667,3173702.51877914
6171,0.180049504597982,0.123411720275879,0.257400538126628,3313466.25071757
6172,0.179501505533854,0.122525675455729,0.252379938761393,3266119.54496956
6173,0.17979340616862,0.124171590169271,0.25742783610026,3248751.74756652
6174,0.179179473876953,0.123263888041178,0.252412862141927,3313466.25071757
6175,0.179361206054687,0.124849538167318,0.25747206624349,3248751.74756652
6176,0.178683237711589,0.123901346842448,0.252463704427083,3248751.74756652
6177,0.180667205810547,0.123969141642253,0.272868153889974,2880711.17915871
6178,0.180343307495117,0.122987998962402,0.26767524210612,2834623.59247365
6179,0.181129542032878,0.124616017659505,0.272821065266927,2967780.74539622
6180,0.180761372884115,0.123664065043132,0.26763286336263,2834623.59247365
6181,0.18142990620931,0.125347640991211,0.272791870117187,3059199.62482886
6182,0.181009938557943,0.124420168558757,0.267607442220052,2967780.74539622
6183,0.181554173787435,0.126131991068522,0.272777740478516,3173218.11015302
6184,0.181073939005534,0.125213935852051,0.267598968505859,3059199.62482886
6185,0.181493906656901,0.126922938028971,0.272783396402995,3215396.15014276
6186,0.180949671427409,0.126001116434733,0.267613098144531,3173218.11015302
6187,0.181253840128581,0.127680926005046,0.272809773763021,3127068.32946753
6188,0.180645573933919,0.126737444559733,0.267645111083984,3215396.15014276
6189,0.180845174153646,0.128360758463542,0.272849314371745,3127068.32946753
6190,0.180174738566081,0.127380554199219,0.267691243489583,3127068.32946753
6191,0.182158671061198,0.127594294230143,0.288693552652995,2844593.75105029
6192,0.181827239990234,0.126580192565918,0.283351888020833,2787188.43810175
6193,0.182595606486003,0.128245877583822,0.288652150472005,2921776.37306979
6194,0.182221806844076,0.127262845357259,0.283314239501953,2766599.79571007
6195,0.182877141316732,0.128978434244792,0.288623901367188,3000006.05302284
6196,0.182453409830729,0.128015182495117,0.283289733886719,2921776.37306979
6197,0.18299294535319,0.129754318237305,0.288611643473307,3069176.52181193
6198,0.182513676961263,0.128798599243164,0.28328407796224,3000006.05302284
6199,0.182937408447266,0.130535847981771,0.288618245442708,3144124.58278921
6200,0.182397872924805,0.129578241984049,0.28329633585612,3069176.52181193
6201,0.182711405436198,0.131290064493815,0.288639902750651,3057870.65885656
6202,0.182111607869466,0.130314570109049,0.283323638916016,3144124.58278921
6203,0.182327239990234,0.131973663330078,0.288677551269531,3057870.65885656
6204,0.181669072469076,0.130963333129883,0.283367889404297,3057870.65885656
6205,0.183648305257161,0.131322082519531,0.304970011393229,2849374.04179291
6206,0.18330647277832,0.130277852376302,0.29947954305013,2680353.55576393
6207,0.184058807373047,0.131979319254557,0.304932342529297,2937849.14758692
6208,0.183679372151693,0.130961446126302,0.299446614583333,2761498.70649643
6209,0.184325337727865,0.132709050496419,0.304909779866536,3015369.62316338
6210,0.183896906534831,0.131709070841471,0.299424977620443,2937849.14758692
6211,0.184432673136393,0.133478337605794,0.304897542317708,3034364.24739443
6212,0.183952443440755,0.132486836751302,0.299418375651042,3015369.62316338
6213,0.184380874633789,0.134254216512044,0.304903177897135,3007498.04560181
6214,0.183845108032227,0.133258946736654,0.29943061319987,3034364.24739443
6215,0.184169006347656,0.135002782185872,0.304922943115234,2955542.05177946
6216,0.183574839274089,0.133991505940755,0.299454142252604,3007498.04560181
6217,0.18380647277832,0.13569108581543,0.304954010009766,2955542.05177946
6218,0.183158671061198,0.134648737589518,0.299493682861328,2955542.05177946
6219,0.185139806111654,0.135152501424154,0.321697509765625,2835410.262158
6220,0.184787638346354,0.13407719930013,0.316057342529297,2714491.38872465
6221,0.185523005167643,0.135818211873372,0.321661732991536,2897334.45472988
6222,0.185136006673177,0.134764561971029,0.316027201334635,2773888.53094806
6223,0.185771606445312,0.136546061197917,0.321641967773438,2921459.47313415
6224,0.185340372721354,0.135508422851563,0.316010274251302,2897334.45472988
6225,0.185871439615885,0.137307825724284,0.321632568359375,2892576.25196949
6226,0.185392171223958,0.136277720133464,0.316004638671875,2921459.47313415
6227,0.185823404947917,0.138075236002604,0.32163633219401,2838006.05947816
6228,0.185292338053385,0.137043233235677,0.316014038085937,2892576.25196949
6229,0.185627538045247,0.138819096883138,0.321654205322266,2838006.05947816
6230,0.185039972941081,0.137773915608724,0.316035675048828,2864415.88634492
6231,0.185287607828776,0.139511154174805,0.321683369954427,2838006.05947816
6232,0.184648274739583,0.138439600626628,0.316070505777995,2838006.05947816
6233,0.186630345662435,0.139084615071615,0.338875996907552,2819461.77095095
6234,0.186269709269206,0.137979192097982,0.333088002522786,2756379.14245186
6235,0.186989110310872,0.139756917317708,0.338844940185547,2848095.63783898
6236,0.186594573974609,0.138671239217122,0.333058837890625,2790504.04638806
6237,0.187218841552734,0.140481928507487,0.338824239095052,2844346.67561323
6238,0.186782872517904,0.139410400390625,0.333041900634766,2848095.63783898
6239,0.187311106363932,0.141239944458008,0.338815775553385,2826252.50180673
6240,0.186830907185872,0.140175008138021,0.33303813680013,2844346.67561323
6241,0.187266876220703,0.142002634684245,0.338820475260417,2784876.71203232
6242,0.186738642374674,0.140932968139648,0.333046600341797,2826252.50180673
6243,0.187085144042969,0.142741770426432,0.338836466471354,2784876.71203232
6244,0.186505106608073,0.141659901936849,0.333066365559896,2808961.02904038
6245,0.186769709269206,0.143435735066732,0.338862833658854,2784876.71203232
6246,0.186139775594076,0.142332168579102,0.333098368326823,2784876.71203232
6247,0.188121805826823,0.143124069213867,0.356502736409505,2797542.70358358
6248,0.187751775105794,0.141983805338542,0.35056689453125,2737087.86213738
6249,0.188455139160156,0.143799204508464,0.356474466959635,2822964.88282979
6250,0.188053110758464,0.142677739461263,0.350540506998698,2766795.75979947
6251,0.188668909708659,0.14452326965332,0.356456573486328,2806707.42078055
6252,0.188229176839193,0.14341313680013,0.350526407877604,2822964.88282979
6253,0.188755508422852,0.145272801717122,0.356450002034505,2775049.7176952
6254,0.188273406982422,0.144171137491862,0.350521708170573,2806707.42078055
6255,0.188713139851888,0.146030802408854,0.356451873779297,2754976.92907635
6256,0.188186808268229,0.144927235921224,0.350528279622396,2790019.93361931
6257,0.188544606526693,0.146768966674805,0.356466939290365,2754976.92907635
6258,0.187971176147461,0.145653167724609,0.350549001057943,2775049.7176952
6259,0.188251739501953,0.1474638671875,0.356492370605469,2754976.92907635
6260,0.187630310058594,0.146328303019206,0.350576304117839,2754976.92907635
6261,0.189610473632812,0.147264302571615,0.374580485026042,2833936.82184796
6262,0.189232869466146,0.146094833374023,0.368494944254557,2702028.17488721
6263,0.189920237223307,0.147945999145508,0.37455507405599,2883796.03012712
6264,0.189512537638346,0.146790634155273,0.368470438639323,2775397.30824091
6265,0.19011610921224,0.148668167114258,0.374536204020182,2878479.22951318
6266,0.189674509684245,0.147522267659505,0.368456298828125,2883796.03012712
6267,0.190196146647135,0.1494111328125,0.374530558268229,2888726.56374941
6268,0.189716878255208,0.148271799723307,0.368454427083333,2881801.13385172
6269,0.190158477783203,0.15016157023112,0.374534332275391,2815622.55235725
6270,0.189636840820313,0.149022237141927,0.368460072835286,2878479.22951318
6271,0.19000217183431,0.15089697265625,0.374546579996745,2815622.55235725
6272,0.189436269124349,0.149747268676758,0.368477040608724,2888726.56374941
6273,0.189731938680013,0.151596567789714,0.374571075439453,2815622.55235725
6274,0.189120839436849,0.150428965250651,0.36850434366862,2815622.55235725
6275,0.191101974487305,0.151504302978516,0.39310634358724,2635095.97169498
6276,0.190714040120443,0.15030283610026,0.38687294514974,2589885.42652835
6277,0.191388203938802,0.152190734863281,0.393083607991536,2821575.8208017
6278,0.190972005208333,0.15100336710612,0.386851277669271,2665833.04914098
6279,0.19156803894043,0.152912902832031,0.393068674723307,2934250.54872334
6280,0.191119842529297,0.151733067830404,0.386838236490885,2821575.8208017
6281,0.191639607747396,0.153652069091797,0.393062235514323,2935667.83722768
6282,0.191157511393229,0.152476033528646,0.386834462483724,2884669.3346192
6283,0.191605707804362,0.154395965576172,0.393064900716146,2843533.63523869
6284,0.191085942586263,0.153220835367839,0.386840901692708,2934250.54872334
6285,0.191464472452799,0.155128504435221,0.393077006022135,2843533.63523869
6286,0.190902338663737,0.153943974812826,0.386856943766276,2935667.83722768
6287,0.191214004516602,0.155829071044922,0.393096944173177,2843533.63523869
6288,0.190609507242839,0.154631368001302,0.386880615234375,2843533.63523869
6289,0.192593439737956,0.155848836263021,0.412082346598307,2584921.42136564
6290,0.19219797261556,0.15461533610026,0.40569834391276,2497424.72603216
6291,0.192858037312826,0.156539006551107,0.412062672932943,2696617.08065072
6292,0.19243620300293,0.155315872192383,0.405681335449219,2563080.66863562
6293,0.193023768107096,0.157261205037435,0.412051330566406,2862257.93367516
6294,0.192571802775065,0.156045603434245,0.40567100016276,2696617.08065072
6295,0.193089701334635,0.157998469034831,0.412046661376953,2905897.75865143
6296,0.192605702718099,0.15678476969401,0.405668334960938,2768880.0618856
6297,0.19305766805013,0.158735768636068,0.412048665364583,2835906.62753328
6298,0.19253976949056,0.15752300008138,0.405673004150391,2862257.93367516
6299,0.192927703857422,0.159464569091797,0.412057006835937,2835906.62753328
6300,0.19237217203776,0.158245203653971,0.40568500773112,2905897.75865143
6301,0.19269797261556,0.160167938232422,0.412074676513672,2835906.62753328
6302,0.192101938883464,0.158936335245768,0.405706675211589,2835906.62753328
6303,0.194084971110026,0.16029600016276,0.431513010660807,2526901.9432559
6304,0.193681004842122,0.159030502319336,0.424978342692057,2442311.59383669
6305,0.194326934814453,0.160991836547852,0.431492340087891,2757451.59869933
6306,0.193899434407552,0.159733840942383,0.424960673014323,2527040.381356
6307,0.194479466756185,0.161711171468099,0.431481333414714,2827256.04525621
6308,0.194025634765625,0.160461669921875,0.424953328450521,2696577.98416649
6309,0.194541636149089,0.162444702148438,0.431477661132812,2866332.0613629
6310,0.19405766805013,0.161197102864583,0.424951324462891,2757451.59869933
6311,0.19451150004069,0.163178237915039,0.431479329427083,2808090.83519643
6312,0.193995498657227,0.161930603027344,0.424954996744792,2827256.04525621
6313,0.194390965779622,0.163904205322266,0.43148866780599,2808090.83519643
6314,0.193841069539388,0.162650939941406,0.424966339111328,2866332.0613629
6315,0.194181004842122,0.164610407511393,0.431504679361979,2808090.83519643
6316,0.193593439737956,0.163346771240234,0.424985015869141,2808090.83519643
6317,0.195577438354492,0.164848602294922,0.451390340169271,2545208.81743575
6318,0.195165003458659,0.163549199422201,0.444708679199219,2483869.42426938
6319,0.195798700968424,0.165547266642253,0.451374338785807,2712767.79921023
6320,0.195364598592122,0.164255401611328,0.444692667643229,2530196.93817208
6321,0.195937098185221,0.166264770507812,0.451362996419271,2763181.52077065
6322,0.195479466756185,0.164978535970052,0.444683329264323,2647542.50590801
6323,0.19599360148112,0.166994501749674,0.45135932413737,2753605.68692511
6324,0.195509602864583,0.165710169474284,0.444681660970052,2712767.79921023
6325,0.19596723429362,0.167726135253906,0.451361328125,2716783.56471976
6326,0.195453099568685,0.166441802978516,0.444685333251953,2763181.52077065
6327,0.195857065836589,0.168451166788737,0.451368672688802,2716783.56471976
6328,0.19531093343099,0.167161204020182,0.44469633992513,2753605.68692511
6329,0.195665003458659,0.169157368977865,0.451383666992188,2716783.56471976
6330,0.195084971110026,0.167859837849935,0.444714335123698,2716783.56471976
6331,0.197070770263672,0.169503870646159,0.47171767171224,2500681.93468287
6332,0.196650838216146,0.168172434488932,0.464885335286458,2487133.71272602
6333,0.197274139404297,0.170203465779622,0.471701680501302,2611096.90998771
6334,0.196834437052409,0.168877700805664,0.464872344970703,2525321.0002893
6335,0.197402201334635,0.170920969645182,0.471692342122396,2613484.12547491
6336,0.19693896484375,0.169599904378255,0.464864664713542,2605732.31991714
6337,0.197453063964844,0.171648839314779,0.471688334147135,2616667.97440516
6338,0.19696533203125,0.170329671223958,0.464862660725911,2611096.90998771
6339,0.197428568522135,0.172378570556641,0.471690338134766,2607287.29890833
6340,0.196914469401042,0.171059366861979,0.464866668701172,2613484.12547491
6341,0.19732780456543,0.173102635701497,0.471698008219401,2607287.29890833
6342,0.196784535725911,0.171778767903646,0.464876007080078,2616667.97440516
6343,0.197150802612305,0.173809804280599,0.47171201578776,2607287.29890833
6344,0.196577402750651,0.172478368123372,0.464892008463542,2607287.29890833
6345,0.198566965738932,0.174259908040365,0.492496012369792,2598325.33069887
6346,0.198138534545898,0.172894571940104,0.485514017740885,2527712.3868867
6347,0.198751536051432,0.174962305704753,0.492481679280599,2606688.22393306
6348,0.198307072957357,0.173602635701497,0.485501678466797,2569269.41833922
6349,0.198869206746419,0.175679804484049,0.492473337809245,2600342.54932483
6350,0.198404037475586,0.174323903401693,0.485493336995443,2598325.33069887
6351,0.198916269938151,0.176405771891276,0.492468658447266,2571284.0783209
6352,0.198428532918294,0.175051773071289,0.485491333007812,2606688.22393306
6353,0.198893702189128,0.177133641560872,0.492471333821615,2542476.59663478
6354,0.198381469726563,0.175779607137044,0.485496012369792,2600342.54932483
6355,0.19880143737793,0.177854873657227,0.492478017171224,2542476.59663478
6356,0.198261871337891,0.176497105916341,0.485503682454427,2571284.0783209
6357,0.198640401204427,0.178562973022461,0.492489339192708,2542476.59663478
6358,0.198072601318359,0.17719953918457,0.485519673665365,2542476.59663478
6359,0.200063171386719,0.179118540445964,0.513722330729167,2658863.25341534
6360,0.199630035400391,0.177721206665039,0.506590677897135,2506869.52855337
6361,0.200235504150391,0.179821904500326,0.5137080078125,2691686.19088124
6362,0.199785435994466,0.178428339640299,0.50658100382487,2548661.69240662
6363,0.200344736735026,0.180539372762044,0.513702321370443,2694527.22001231
6364,0.199872970581055,0.179150507609049,0.50657465616862,2658863.25341534
6365,0.200387069702148,0.181265340169271,0.513697977701823,2676433.36271582
6366,0.199895538330078,0.179876505533854,0.506571980794271,2691686.19088124
6367,0.200367304484049,0.181989435831706,0.513699645996094,2602518.28622926
6368,0.199853205362956,0.180600570678711,0.506576324462891,2694527.22001231
6369,0.200280705769857,0.182709737141927,0.51370600382487,2602518.28622926
6370,0.199741170247396,0.181318074544271,0.506583017985026,2676433.36271582
6371,0.200129104614258,0.183418807983398,0.513716674804688,2602518.28622926
6372,0.199567901611328,0.182021474202474,0.506597330729167,2602518.28622926
6373,0.201560302734375,0.184078872680664,0.535401652018229,2548025.23018014
6374,0.201122472127279,0.182647638956706,0.528119323730469,2375473.81888335
6375,0.20172226969401,0.184786936442057,0.535386657714844,2609654.02877909
6376,0.201268437703451,0.183358535766602,0.528106994628906,2435422.91599976
6377,0.201826802571615,0.185503504435221,0.535380981445313,2687107.29884287
6378,0.201353169759115,0.18407790629069,0.528103312174479,2548025.23018014
6379,0.201867268880208,0.186227574666341,0.535379313151042,2719049.94183291
6380,0.201372934977214,0.184803873697917,0.528101643880208,2609654.02877909
6381,0.201846567789714,0.186951670328776,0.535379313151042,2660837.1206817
6382,0.20133246866862,0.185526067097982,0.528103312174479,2687107.29884287
6383,0.201766535441081,0.187670099894206,0.535384643554688,2660837.1206817
6384,0.201228871663411,0.186242635091146,0.528110656738281,2719049.94183291
6385,0.201622436523438,0.188380071004232,0.535394999186198,2660837.1206817
6386,0.201062204996745,0.186947906494141,0.528124003092448,2660837.1206817
6387,0.203058364868164,0.189147471110026,0.557532674153646,2500092.27039921
6388,0.202618631998698,0.187680470784505,0.550102661132812,2319645.64417387
6389,0.203216567993164,0.189853668212891,0.557527994791667,2580198.18963501
6390,0.202758036295573,0.188391367594401,0.550094319661458,2367701.29607039
6391,0.203315470377604,0.190570236206055,0.557524332682292,2612298.06603683
6392,0.202838068644206,0.189110773722331,0.550090657552083,2500092.27039921
6393,0.203355936686198,0.191292439778646,0.557524332682292,2622165.59422758
6394,0.202858769734701,0.189834838867187,0.550090657552083,2580198.18963501
6395,0.203336171468099,0.192016535441081,0.557524332682292,2599232.05146317
6396,0.202818303426107,0.190557067871094,0.550090657552083,2612298.06603683
6397,0.203256134033203,0.192734034220378,0.557524332682292,2599232.05146317
6398,0.202718465169271,0.191272669474284,0.550094319661458,2622165.59422758
6399,0.203118631998698,0.193444005330404,0.557527994791667,2599232.05146317
6400,0.202560267130534,0.191978871663411,0.550102661132812,2599232.05146317
6401,0.0559987373352051,0.182178741455078,0.5501806640625,2214959.99465965
6402,0.0554996681213379,0.18384440612793,0.557532674153646,2214959.99465965
6403,0.0559987373352051,0.182178741455078,0.535479654947917,2314453.84698078
6404,0.05749773534139,0.177255142211914,0.550330322265625,2219038.86053325
6405,0.0569977709452311,0.17888410949707,0.557605997721354,2219038.86053325
6406,0.05749773534139,0.177255142211914,0.535778991699219,2467549.05642387
6407,0.0569977709452311,0.17888410949707,0.528353658040365,2235141.3362434
6408,0.05749773534139,0.177255142211914,0.513878662109375,2444026.84861521
6409,0.0589976997375488,0.172430374145508,0.550480997721354,2191392.49562502
6410,0.0584976997375488,0.174028274536133,0.557682332356771,2191392.49562502
6411,0.0589976997375488,0.172430374145508,0.536079325358073,2203672.98645927
6412,0.0584976997375488,0.174028274536133,0.528729329427083,2203672.98645927
6413,0.0589976997375488,0.172430374145508,0.514401997884115,2476592.82263796
6414,0.0584976997375488,0.174028274536133,0.50697666422526,2212372.88288053
6415,0.0589976997375488,0.172430374145508,0.492725667317708,2486268.25124409
6416,0.0604976997375488,0.167710138956706,0.550630676269531,2156500.96237358
6417,0.0599976997375488,0.169271306355794,0.557756673177083,2156500.96237358
6418,0.0604976997375488,0.167710138956706,0.536379679361979,2176236.98417384
6419,0.0599976997375488,0.169271306355794,0.52910400390625,2176236.98417384
6420,0.0604976997375488,0.167710138956706,0.514928344726562,2189920.19831788
6421,0.0599976997375488,0.169271306355794,0.507576334635417,2189920.19831788
6422,0.0604976997375488,0.167710138956706,0.493475006103516,2491555.4481617
6423,0.0599976997375488,0.169271306355794,0.486049672444661,2225459.48836478
6424,0.0604976997375488,0.167710138956706,0.472023671468099,2513887.96216414
6425,0.0619976387023926,0.163088770548503,0.550780334472656,2169095.84914739
6426,0.0614976692199707,0.16461887105306,0.557832010904948,2169095.84914739
6427,0.0619976387023926,0.163088770548503,0.536678995768229,2178111.1581588
6428,0.0614976692199707,0.16461887105306,0.529479675292969,2178111.1581588
6429,0.0619976387023926,0.163088770548503,0.515452677408854,2190494.39818726
6430,0.0614976692199707,0.16461887105306,0.508177022298177,2190494.39818726
6431,0.0619976387023926,0.163088770548503,0.494225351969401,2224290.44034316
6432,0.0614976692199707,0.16461887105306,0.486875345865885,2224290.44034316
6433,0.0619976387023926,0.163088770548503,0.472998006184896,2512273.25545877
6434,0.0614976692199707,0.16461887105306,0.465571665445964,2263275.37828634
6435,0.0619976387023926,0.163088770548503,0.451770670572917,2528674.39193458
6436,0.0634976081848145,0.158571935017904,0.550929992675781,2156852.43896058
6437,0.0629976081848145,0.160065302530924,0.557906331380208,2156852.43896058
6438,0.0634976081848145,0.158571935017904,0.536978332519531,2173090.1918981
6439,0.0629976081848145,0.160065302530924,0.529853332519531,2173090.1918981
6440,0.0634976081848145,0.158571935017904,0.515978006998698,2181560.27413454
6441,0.0629976081848145,0.160065302530924,0.508776672363281,2181560.27413454
6442,0.0634976081848145,0.158571935017904,0.494974670410156,2199557.75741138
6443,0.0629976081848145,0.160065302530924,0.487699005126953,2199557.75741138
6444,0.0634976081848145,0.158571935017904,0.473973337809245,2510969.17526581
6445,0.0629976081848145,0.160065302530924,0.466622344970703,2226595.59250353
6446,0.0634976081848145,0.158571935017904,0.452970011393229,2529198.35427751
6447,0.0629976081848145,0.160065302530924,0.445544677734375,2241263.0055097
6448,0.0634976081848145,0.158571935017904,0.431968678792318,2558427.50587398
6449,0.0649976056416829,0.154163365681966,0.551079996744792,2179610.1066634
6450,0.0644976069132487,0.155620966593424,0.557981669108073,2179610.1066634
6451,0.0649976056416829,0.154163365681966,0.5372783203125,2197119.18354484
6452,0.0644976069132487,0.155620966593424,0.530228332519531,2197119.18354484
6453,0.0649976056416829,0.154163365681966,0.516503672281901,2209755.73624096
6454,0.0644976069132487,0.155620966593424,0.509378346761068,2209755.73624096
6455,0.0649976056416829,0.154163365681966,0.495727345784505,2218935.17457573
6456,0.0644976069132487,0.155620966593424,0.48852500406901,2218935.17457573
6457,0.0649976056416829,0.154163365681966,0.474949005126953,2238753.94354968
6458,0.0644976069132487,0.155620966593424,0.467673004150391,2238753.94354968
6459,0.0649976056416829,0.154163365681966,0.454171681722005,2551624.9272587
6460,0.0644976069132487,0.155620966593424,0.446819681803385,2276538.80695495
6461,0.0649976056416829,0.154163365681966,0.433393676757812,2578347.08911974
6462,0.0644976069132487,0.155620966593424,0.425968007405599,2308198.55147159
6463,0.0649976056416829,0.154163365681966,0.412616343180339,2607885.29831072
6464,0.0664994049072266,0.149854639689128,0.551230672200521,2210702.90539177
6465,0.0659985046386719,0.151280202229818,0.558056335449219,2210702.90539177
6466,0.0664994049072266,0.149854639689128,0.537579345703125,2225589.17240808
6467,0.0659985046386719,0.151280202229818,0.530603332519531,2225589.17240808
6468,0.0664994049072266,0.149854639689128,0.51702734375,2236021.37076816
6469,0.0659985046386719,0.151280202229818,0.509977671305339,2236021.37076816
6470,0.0664994049072266,0.149854639689128,0.496476013183594,2244810.60167609
6471,0.0659985046386719,0.151280202229818,0.489351013183594,2244810.60167609
6472,0.0664994049072266,0.149854639689128,0.475923004150391,2264763.96836838
6473,0.0659985046386719,0.151280202229818,0.468723337809245,2264763.96836838
6474,0.0664994049072266,0.149854639689128,0.455371327718099,2292088.21883401
6475,0.0659985046386719,0.151280202229818,0.448095672607422,2292088.21883401
6476,0.0664994049072266,0.149854639689128,0.434818339029948,2313340.62161443
6477,0.0659985046386719,0.151280202229818,0.427468343098958,2313340.62161443
6478,0.0664994049072266,0.149854639689128,0.414269002278646,2608510.11399066
6479,0.0659985046386719,0.151280202229818,0.40684267171224,2441128.11234858
6480,0.0664994049072266,0.149854639689128,0.393716674804688,2633121.68093457
6481,0.0680003051757812,0.145651336669922,0.551382019042969,2220177.65848278
6482,0.0675003051757812,0.14704020690918,0.558132344563802,2220177.65848278
6483,0.0680003051757812,0.145651336669922,0.537880676269531,2231708.40141764
6484,0.0675003051757812,0.14704020690918,0.530979675292969,2231708.40141764
6485,0.0680003051757812,0.145651336669922,0.517553670247396,2244403.08653127
6486,0.0675003051757812,0.14704020690918,0.510577351888021,2244403.08653127
6487,0.0680003051757812,0.145651336669922,0.497225677490234,2257784.93124774
6488,0.0675003051757812,0.14704020690918,0.490174011230469,2257784.93124774
6489,0.0680003051757812,0.145651336669922,0.47689833577474,2275575.54591073
6490,0.0675003051757812,0.14704020690918,0.469772328694661,2275575.54591073
6491,0.0680003051757812,0.145651336669922,0.456572998046875,2296673.48069287
6492,0.0675003051757812,0.14704020690918,0.449371663411458,2296673.48069287
6493,0.0680003051757812,0.145651336669922,0.436245666503906,2313518.61304428
6494,0.0675003051757812,0.14704020690918,0.428967997233073,2313518.61304428
6495,0.0680003051757812,0.145651336669922,0.415918334960937,2332548.44682726
6496,0.0675003051757812,0.14704020690918,0.4085693359375,2332548.44682726
6497,0.0680003051757812,0.145651336669922,0.395593332926432,2629686.4241459
6498,0.0675003051757812,0.14704020690918,0.388167002360026,2533133.25252392
6499,0.0680003051757812,0.145651336669922,0.37526421101888,2648835.58998411
6500,0.0695003051757812,0.141546869913737,0.551532023111979,2221862.48835526
6501,0.0690003051757812,0.142904668172201,0.558207682291667,2221862.48835526
6502,0.0695003051757812,0.141546869913737,0.538180358886719,2234695.82757407
6503,0.0690003051757812,0.142904668172201,0.531354675292969,2234695.82757407
6504,0.0695003051757812,0.141546869913737,0.518077331542969,2248642.21158987
6505,0.0690003051757812,0.142904668172201,0.511177327473958,2248642.21158987
6506,0.0695003051757812,0.141546869913737,0.49797499593099,2260965.45951046
6507,0.0690003051757812,0.142904668172201,0.490999664306641,2260965.45951046
6508,0.0695003051757812,0.141546869913737,0.477871663411458,2275357.36006872
6509,0.0690003051757812,0.142904668172201,0.470822001139323,2275357.36006872
6510,0.0695003051757812,0.141546869913737,0.457771331787109,2293112.10969546
6511,0.0690003051757812,0.142904668172201,0.45064833577474,2293112.10969546
6512,0.0695003051757812,0.141546869913737,0.437671997070313,2310886.02228545
6513,0.0690003051757812,0.142904668172201,0.430470662434896,2310886.02228545
6514,0.0695003051757812,0.141546869913737,0.417568990071615,2326766.0645928
6515,0.0690003051757812,0.142904668172201,0.41029433186849,2326766.0645928
6516,0.0695003051757812,0.141546869913737,0.397469004313151,2333744.335683
6517,0.0690003051757812,0.142904668172201,0.390117004394531,2333744.335683
6518,0.0695003051757812,0.141546869913737,0.377365000406901,2652894.78621303
6519,0.0690003051757812,0.142904668172201,0.369938537597656,2648835.58998411
6520,0.0695003051757812,0.141546869913737,0.357262603759766,2693345.98685254
6521,0.071000239054362,0.13754508972168,0.551682678222656,2210193.3183496
6522,0.0705002721150716,0.138867080688477,0.558282348632812,2210193.3183496
6523,0.071000239054362,0.13754508972168,0.538480672200521,2225697.30292876
6524,0.0705002721150716,0.138867080688477,0.531728678385417,2225697.30292876
6525,0.071000239054362,0.13754508972168,0.518602671305339,2242489.62293028
6526,0.0705002721150716,0.138867080688477,0.511777008056641,2242489.62293028
6527,0.071000239054362,0.13754508972168,0.498727335611979,2256356.03850977
6528,0.0705002721150716,0.138867080688477,0.491825327555339,2256356.03850977
6529,0.071000239054362,0.13754508972168,0.478848988850911,2268605.81303467
6530,0.0705002721150716,0.138867080688477,0.47187065633138,2268605.81303467
6531,0.071000239054362,0.13754508972168,0.458970998128255,2280281.89615225
6532,0.0705002721150716,0.138867080688477,0.45192133585612,2280281.89615225
6533,0.071000239054362,0.13754508972168,0.439096008300781,2293146.51535842
6534,0.0705002721150716,0.138867080688477,0.431969665527344,2293146.51535842
6535,0.071000239054362,0.13754508972168,0.419218668619792,2308053.68910505
6536,0.0705002721150716,0.138867080688477,0.412019327799479,2308053.68910505
6537,0.071000239054362,0.13754508972168,0.399343668619792,2322415.46567351
6538,0.0705002721150716,0.138867080688477,0.392068003336589,2322415.46567351
6539,0.071000239054362,0.13754508972168,0.379465504964193,2329027.0685605
6540,0.0705002721150716,0.138867080688477,0.372114501953125,2329027.0685605
6541,0.071000239054362,0.13754508972168,0.35958832804362,2662819.12393979
6542,0.0705002721150716,0.138867080688477,0.352162892659505,2693345.98685254
6543,0.071000239054362,0.13754508972168,0.339712127685547,2695694.6222219
6544,0.0725002059936523,0.133648768107096,0.551832336425781,2197118.87611383
6545,0.0720002059936523,0.13493593343099,0.558358337402344,2197118.87611383
6546,0.0725002059936523,0.133648768107096,0.538781005859375,2212414.94662572
6547,0.0720002059936523,0.13493593343099,0.532105000813802,2212414.94662572
6548,0.0725002059936523,0.133648768107096,0.51912700398763,2227447.46440697
6549,0.0720002059936523,0.13493593343099,0.512376668294271,2227447.46440697
6550,0.0725002059936523,0.133648768107096,0.499476674397786,2240632.158775
6551,0.0720002059936523,0.13493593343099,0.492653004964193,2240632.158775
6552,0.0725002059936523,0.133648768107096,0.479827331542969,2252283.81229718
6553,0.0720002059936523,0.13493593343099,0.472925323486328,2252283.81229718
6554,0.0725002059936523,0.133648768107096,0.460173319498698,2261682.72305625
6555,0.0720002059936523,0.13493593343099,0.453197326660156,2261682.72305625
6556,0.0725002059936523,0.133648768107096,0.440521667480469,2270532.4963221
6557,0.0720002059936523,0.13493593343099,0.433470011393229,2270532.4963221
6558,0.0725002059936523,0.133648768107096,0.420868347167969,2279698.00857469
6559,0.0720002059936523,0.13493593343099,0.413743347167969,2279698.00857469
6560,0.0725002059936523,0.133648768107096,0.401217346191406,2296059.23464317
6561,0.0720002059936523,0.13493593343099,0.394017008463542,2296059.23464317
6562,0.0725002059936523,0.133648768107096,0.381566243489583,2314402.90086776
6563,0.0720002059936523,0.13493593343099,0.374290405273437,2314402.90086776
6564,0.0725002059936523,0.133648768107096,0.3619150390625,2331444.86281269
6565,0.0720002059936523,0.13493593343099,0.35456396484375,2378107.71303306
6566,0.0725002059936523,0.133648768107096,0.342263865152995,2349351.32547004
6567,0.0720002059936523,0.13493593343099,0.334837463378906,2695694.6222219
6568,0.0725002059936523,0.133648768107096,0.32261083984375,2657139.08512219
6569,0.0740002059936523,0.12985883585612,0.551982014973958,2193127.0620919
6570,0.0735002059936523,0.131110219319661,0.558432006835938,2193127.0620919
6571,0.0740002059936523,0.12985883585612,0.539080342610677,2207297.96640802
6572,0.0735002059936523,0.131110219319661,0.53247900390625,2207297.96640802
6573,0.0740002059936523,0.12985883585612,0.519653340657552,2221431.83256049
6574,0.0735002059936523,0.131110219319661,0.512977345784505,2221431.83256049
6575,0.0740002059936523,0.12985883585612,0.500227010091146,2234722.73658758
6576,0.0735002059936523,0.131110219319661,0.493476674397786,2234722.73658758
6577,0.0740002059936523,0.12985883585612,0.480801005045573,2246249.10408602
6578,0.0735002059936523,0.131110219319661,0.473975331624349,2246249.10408602
6579,0.0740002059936523,0.12985883585612,0.461374003092448,2257705.81791823
6580,0.0735002059936523,0.131110219319661,0.454473999023437,2257705.81791823
6581,0.0740002059936523,0.12985883585612,0.441947998046875,2269038.64733967
6582,0.0735002059936523,0.131110219319661,0.434971659342448,2269038.64733967
6583,0.0740002059936523,0.12985883585612,0.422519999186198,2273746.03772363
6584,0.0735002059936523,0.131110219319661,0.415468343098958,2273746.03772363
6585,0.0740002059936523,0.12985883585612,0.403093007405599,2290828.53687986
6586,0.0735002059936523,0.131110219319661,0.395967010498047,2290828.53687986
6587,0.0740002059936523,0.12985883585612,0.38366704305013,2310825.38237709
6588,0.0735002059936523,0.131110219319661,0.376466613769531,2314402.90086776
6589,0.0740002059936523,0.12985883585612,0.36424267578125,2348925.92735449
6590,0.0735002059936523,0.131110219319661,0.356966939290365,2322950.25997292
6591,0.0740002059936523,0.12985883585612,0.344814666748047,2373384.24018288
6592,0.0735002059936523,0.131110219319661,0.337462666829427,2356954.63688778
6593,0.0740002059936523,0.12985883585612,0.325385732014974,2389560.96608118
6594,0.0735002059936523,0.131110219319661,0.317960306803385,2657139.08512219
6595,0.0740002059936523,0.12985883585612,0.305959645589193,2586283.31072015
6596,0.0755001398722331,0.126166829427083,0.552132690429687,2198885.96521164
6597,0.0750001729329427,0.127387140909831,0.558508015950521,2198885.96521164
6598,0.0755001398722331,0.126166829427083,0.539380696614583,2213036.59216103
6599,0.0750001729329427,0.127387140909831,0.532854349772135,2213036.59216103
6600,0.0755001398722331,0.126166829427083,0.520176676432292,2226420.34375163
6601,0.0750001729329427,0.127387140909831,0.513577006022135,2226420.34375163
6602,0.0755001398722331,0.126166829427083,0.500976684570313,2239503.54895724
6603,0.0750001729329427,0.127387140909831,0.49430268351237,2239503.54895724
6604,0.0755001398722331,0.126166829427083,0.481776682535807,2252940.96582017
6605,0.0750001729329427,0.127387140909831,0.47502533976237,2252940.96582017
6606,0.0755001398722331,0.126166829427083,0.462572672526042,2268213.43948267
6607,0.0750001729329427,0.127387140909831,0.455747009277344,2268213.43948267
6608,0.0755001398722331,0.126166829427083,0.443370676676432,2284420.79294827
6609,0.0750001729329427,0.127387140909831,0.436471669514974,2284420.79294827
6610,0.0755001398722331,0.126166829427083,0.424171661376953,2301251.21618525
6611,0.0750001729329427,0.127387140909831,0.417196329752604,2301251.21618525
6612,0.0755001398722331,0.126166829427083,0.404969665527344,2310345.53433679
6613,0.0750001729329427,0.127387140909831,0.397917999267578,2310345.53433679
6614,0.0755001398722331,0.126166829427083,0.38576752726237,2326444.10090418
6615,0.0750001729329427,0.127387140909831,0.378642567952474,2310825.38237709
6616,0.0755001398722331,0.126166829427083,0.366565602620443,2373618.93867016
6617,0.0750001729329427,0.127387140909831,0.359366139729818,2331444.86281269
6618,0.0755001398722331,0.126166829427083,0.347363566080729,2396236.0314631
6619,0.0750001729329427,0.127387140909831,0.340087829589844,2349351.32547004
6620,0.0755001398722331,0.126166829427083,0.328161560058594,2424994.56331326
6621,0.0750001729329427,0.127387140909831,0.320811462402344,2747345.7641273
6622,0.0755001398722331,0.126166829427083,0.308961466471354,2459849.80168629
6623,0.0750001729329427,0.127387140909831,0.301535074869792,2586283.31072015
6624,0.0755001398722331,0.126166829427083,0.289759450276693,2595898.12568206
6625,0.0769982401529948,0.122579345703125,0.552282674153646,2213906.64679758
6626,0.0764991734822591,0.12376293182373,0.558582682291667,2213906.64679758
6627,0.0769982401529948,0.122579345703125,0.539680338541667,2228723.75622499
6628,0.0764991734822591,0.12376293182373,0.533228352864583,2228723.75622499
6629,0.0769982401529948,0.122579345703125,0.520702006022135,2242542.66750877
6630,0.0764991734822591,0.12376293182373,0.514176676432292,2242542.66750877
6631,0.0769982401529948,0.122579345703125,0.50172699991862,2256905.00899096
6632,0.0764991734822591,0.12376293182373,0.495126678466797,2256905.00899096
6633,0.0769982401529948,0.122579345703125,0.482752349853516,2271880.87489123
6634,0.0764991734822591,0.12376293182373,0.476076354980469,2271880.87489123
6635,0.0769982401529948,0.122579345703125,0.463774353027344,2288269.32075046
6636,0.0764991734822591,0.12376293182373,0.457022013346354,2288269.32075046
6637,0.0769982401529948,0.122579345703125,0.444795349121094,2308905.82941087
6638,0.0764991734822591,0.12376293182373,0.43796967569987,2308905.82941087
6639,0.0769982401529948,0.122579345703125,0.425820343017578,2330924.95735053
6640,0.0764991734822591,0.12376293182373,0.41892133585612,2330924.95735053
6641,0.0769982401529948,0.122579345703125,0.406845336914062,2347484.15804723
6642,0.0764991734822591,0.12376293182373,0.399868998209635,2310345.53433679
6643,0.0769982401529948,0.122579345703125,0.387866394042969,2358618.00942784
6644,0.0764991734822591,0.12376293182373,0.380816589355469,2326444.10090418
6645,0.0769982401529948,0.122579345703125,0.368890391031901,2392197.55261963
6646,0.0764991734822591,0.12376293182373,0.361764363606771,2348925.92735449
6647,0.0769982401529948,0.122579345703125,0.349914367675781,2412607.68984701
6648,0.0764991734822591,0.12376293182373,0.342713033040365,2373384.24018288
6649,0.0769982401529948,0.122579345703125,0.33093739827474,2440640.83161151
6650,0.0764991734822591,0.12376293182373,0.323661661783854,2389560.96608118
6651,0.0769982401529948,0.122579345703125,0.311961364746094,2475825.91956152
6652,0.0764991734822591,0.12376293182373,0.304611267089844,2783358.56060413
6653,0.0769982401529948,0.122579345703125,0.292984415690104,2517442.34019988
6654,0.0764991734822591,0.12376293182373,0.285558990478516,2595898.12568206
6655,0.0769982401529948,0.122579345703125,0.274009358723958,2629407.22564107
6656,0.0784972407023112,0.119096366882324,0.552432332356771,2221871.88817398
6657,0.0779972737630208,0.120246063232422,0.558657999674479,2221871.88817398
6658,0.0784972407023112,0.119096366882324,0.539980672200521,2236710.86391851
6659,0.0779972737630208,0.120246063232422,0.53360400390625,2236710.86391851
6660,0.0784972407023112,0.119096366882324,0.521228342692057,2251919.62832352
6661,0.0779972737630208,0.120246063232422,0.514778330485026,2251919.62832352
6662,0.0784972407023112,0.119096366882324,0.502478332519531,2266349.83808639
6663,0.0779972737630208,0.120246063232422,0.495952331542969,2266349.83808639
6664,0.0784972407023112,0.119096366882324,0.483725667317708,2280633.62027591
6665,0.0779972737630208,0.120246063232422,0.477126007080078,2280633.62027591
6666,0.0784972407023112,0.119096366882324,0.464973673502604,2299428.01643565
6667,0.0779972737630208,0.120246063232422,0.458298014322917,2299428.01643565
6668,0.0784972407023112,0.119096366882324,0.446222005208333,2319426.78945485
6669,0.0779972737630208,0.120246063232422,0.4394716796875,2319426.78945485
6670,0.0784972407023112,0.119096366882324,0.427472005208333,2339824.24838937
6671,0.0779972737630208,0.120246063232422,0.420646341959635,2330924.95735053
6672,0.0784972407023112,0.119096366882324,0.408721008300781,2359857.07083351
6673,0.0779972737630208,0.120246063232422,0.401819010416667,2347484.15804723
6674,0.0784972407023112,0.119096366882324,0.389966247558594,2377806.12612251
6675,0.0779972737630208,0.120246063232422,0.382989969889323,2358618.00942784
6676,0.0784972407023112,0.119096366882324,0.371215240478516,2388637.18017738
6677,0.0779972737630208,0.120246063232422,0.364165466308594,2373618.93867016
6678,0.0784972407023112,0.119096366882324,0.352465138753255,2406809.11641699
6679,0.0779972737630208,0.120246063232422,0.345340067545573,2396236.0314631
6680,0.0784972407023112,0.119096366882324,0.333714172363281,2422842.10789897
6681,0.0779972737630208,0.120246063232422,0.326512837727865,2424994.56331326
6682,0.0784972407023112,0.119096366882324,0.314960367838542,2440782.95041098
6683,0.0779972737630208,0.120246063232422,0.307684631347656,2459849.80168629
6684,0.0784972407023112,0.119096366882324,0.296210337320964,2469749.10532654
6685,0.0779972737630208,0.120246063232422,0.288860219319661,2821973.44293566
6686,0.0784972407023112,0.119096366882324,0.277460316975911,2486177.3465825
6687,0.0779972737630208,0.120246063232422,0.270034881591797,2629407.22564107
6688,0.0784972407023112,0.119096366882324,0.258708404541016,2683363.59982652
6689,0.0799972076416016,0.115717005411784,0.552582010904948,2222797.14590296
6690,0.0794972076416016,0.116831837972005,0.558732340494792,2222797.14590296
6691,0.0799972076416016,0.115717005411784,0.540280008951823,2237229.94049285
6692,0.0794972076416016,0.116831837972005,0.533978678385417,2237229.94049285
6693,0.0799972076416016,0.115717005411784,0.521752014160156,2251434.66214365
6694,0.0794972076416016,0.116831837972005,0.515378346761068,2251434.66214365
6695,0.0799972076416016,0.115717005411784,0.503228006998698,2264361.8798942
6696,0.0794972076416016,0.116831837972005,0.496778004964193,2264361.8798942
6697,0.0799972076416016,0.115717005411784,0.484701334635417,2280031.90742542
6698,0.0794972076416016,0.116831837972005,0.478174997965495,2280031.90742542
6699,0.0799972076416016,0.115717005411784,0.466175333658854,2297957.90988995
6700,0.0794972076416016,0.116831837972005,0.459573669433594,2297957.90988995
6701,0.0799972076416016,0.115717005411784,0.447647664388021,2315601.02855009
6702,0.0794972076416016,0.116831837972005,0.440971659342448,2315601.02855009
6703,0.0799972076416016,0.115717005411784,0.429121663411458,2333608.60321885
6704,0.0794972076416016,0.116831837972005,0.422372334798177,2339824.24838937
6705,0.0799972076416016,0.115717005411784,0.410595672607422,2351402.89159777
6706,0.0794972076416016,0.116831837972005,0.403770009358724,2359857.07083351
6707,0.0799972076416016,0.115717005411784,0.392069549560547,2369288.66470935
6708,0.0794972076416016,0.116831837972005,0.385167785644531,2377806.12612251
6709,0.0799972076416016,0.115717005411784,0.373540944417318,2384297.1588977
6710,0.0794972076416016,0.116831837972005,0.366564676920573,2392197.55261963
6711,0.0799972076416016,0.115717005411784,0.355015004475911,2402742.02898173
6712,0.0794972076416016,0.116831837972005,0.347965240478516,2412607.68984701
6713,0.0799972076416016,0.115717005411784,0.336489034016927,2418815.85456059
6714,0.0794972076416016,0.116831837972005,0.329363037109375,2440640.83161151
6715,0.0799972076416016,0.115717005411784,0.317963134765625,2432287.89620754
6716,0.0794972076416016,0.116831837972005,0.310761800130208,2475825.91956152
6717,0.0799972076416016,0.115717005411784,0.299435323079427,2446903.34879321
6718,0.0794972076416016,0.116831837972005,0.292159596761068,2517442.34019988
6719,0.0799972076416016,0.115717005411784,0.280909362792969,2467354.20488459
6720,0.0794972076416016,0.116831837972005,0.273560201009115,2537976.69504973
6721,0.0799972076416016,0.115717005411784,0.262383427937825,2494880.86516968
6722,0.0794972076416016,0.116831837972005,0.254957066853841,2683363.59982652
6723,0.0799972076416016,0.115717005411784,0.243856572469076,2773170.41336625
6724,0.0814972076416016,0.112438369750977,0.552731669108073,2221927.51636359
6725,0.0809972076416016,0.11352027130127,0.558807678222656,2221927.51636359
6726,0.0814972076416016,0.112438369750977,0.540579671223958,2235635.62726838
6727,0.0809972076416016,0.11352027130127,0.534353678385417,2235635.62726838
6728,0.0814972076416016,0.112438369750977,0.522277669270833,2248719.25815969
6729,0.0809972076416016,0.11352027130127,0.515977335611979,2248719.25815969
6730,0.0814972076416016,0.112438369750977,0.50397666422526,2263383.31465718
6731,0.0809972076416016,0.11352027130127,0.497601003011068,2263383.31465718
6732,0.0814972076416016,0.112438369750977,0.485674672444661,2280067.05974836
6733,0.0809972076416016,0.11352027130127,0.479225006103516,2280067.05974836
6734,0.0814972076416016,0.112438369750977,0.467375,2296455.01505573
6735,0.0809972076416016,0.11352027130127,0.46085166422526,2296455.01505573
6736,0.0814972076416016,0.112438369750977,0.449076009114583,2313186.25532956
6737,0.0809972076416016,0.11352027130127,0.442473673502604,2315601.02855009
6738,0.0814972076416016,0.112438369750977,0.430771341959635,2330179.77429865
6739,0.0809972076416016,0.11352027130127,0.424095336914062,2333608.60321885
6740,0.0814972076416016,0.112438369750977,0.41246934000651,2347482.90003971
6741,0.0809972076416016,0.11352027130127,0.405719004313151,2351402.89159777
6742,0.0814972076416016,0.112438369750977,0.394168334960938,2365456.62496598
6743,0.0809972076416016,0.11352027130127,0.387344543457031,2369288.66470935
6744,0.0814972076416016,0.112438369750977,0.375868479410807,2392527.6924089
6745,0.0809972076416016,0.11352027130127,0.368966644287109,2388637.18017738
6746,0.0814972076416016,0.112438369750977,0.357563903808594,2413022.41501781
6747,0.0809972076416016,0.11352027130127,0.350588531494141,2406809.11641699
6748,0.0814972076416016,0.112438369750977,0.339263936360677,2432843.63645043
6749,0.0809972076416016,0.11352027130127,0.332214202880859,2422842.10789897
6750,0.0814972076416016,0.112438369750977,0.320963073730469,2453410.28455327
6751,0.0809972076416016,0.11352027130127,0.313838002522786,2440782.95041098
6752,0.0814972076416016,0.112438369750977,0.302662180582682,2472496.98434372
6753,0.0809972076416016,0.11352027130127,0.29546083577474,2469749.10532654
6754,0.0814972076416016,0.112438369750977,0.284360341389974,2494337.33400088
6755,0.0809972076416016,0.11352027130127,0.277084594726562,2486177.3465825
6756,0.0814972076416016,0.112438369750977,0.266060368855794,2513538.73913529
6757,0.0809972076416016,0.11352027130127,0.258708363850911,2478728.56281012
6758,0.0814972076416016,0.112438369750977,0.247757598876953,2541466.01470108
6759,0.0809972076416016,0.11352027130127,0.240332168579102,2773170.41336625
6760,0.0814972076416016,0.112438369750977,0.229455769856771,2744250.93254895
6761,0.0829971415201823,0.109264203389486,0.55288232421875,2222543.41341892
6762,0.0824971745808919,0.110310335795085,0.558881998697917,2222543.41341892
6763,0.0829971415201823,0.109264203389486,0.540881652832031,2235699.79164984
6764,0.0824971745808919,0.110310335795085,0.534729329427083,2235699.79164984
6765,0.0829971415201823,0.109264203389486,0.522802998860677,2250235.5694765
6766,0.0824971745808919,0.110310335795085,0.516577331542969,2250235.5694765
6767,0.0829971415201823,0.109264203389486,0.504727335611979,2266603.67263755
6768,0.0824971745808919,0.110310335795085,0.498427001953125,2266603.67263755
6769,0.0829971415201823,0.109264203389486,0.486651346842448,2282821.70022714
6770,0.0824971745808919,0.110310335795085,0.480274678548177,2282821.70022714
6771,0.0829971415201823,0.109264203389486,0.468574686686198,2298720.39752674
6772,0.0824971745808919,0.110310335795085,0.462124674479167,2298720.39752674
6773,0.0829971415201823,0.109264203389486,0.450500671386719,2315559.35979027
6774,0.0824971745808919,0.110310335795085,0.443975341796875,2313186.25532956
6775,0.0829971415201823,0.109264203389486,0.432423014322917,2333229.80931794
6776,0.0824971745808919,0.110310335795085,0.425821350097656,2330179.77429865
6777,0.0829971415201823,0.109264203389486,0.414345011393229,2351816.86396898
6778,0.0824971745808919,0.110310335795085,0.407669006347656,2347482.90003971
6779,0.0829971415201823,0.109264203389486,0.396268330891927,2371706.15593478
6780,0.0824971745808919,0.110310335795085,0.389517995198568,2365456.62496598
6781,0.0829971415201823,0.109264203389486,0.378193369547526,2395708.62839566
6782,0.0824971745808919,0.110310335795085,0.371367645263672,2384297.1588977
6783,0.0829971415201823,0.109264203389486,0.360117513020833,2417488.05623544
6784,0.0824971745808919,0.110310335795085,0.353215606689453,2402742.02898173
6785,0.0829971415201823,0.109264203389486,0.342038838704427,2440238.5001677
6786,0.0824971745808919,0.110310335795085,0.335062540690104,2418815.85456059
6787,0.0829971415201823,0.109264203389486,0.323962046305339,2462684.32109431
6788,0.0824971745808919,0.110310335795085,0.316912312825521,2432287.89620754
6789,0.0829971415201823,0.109264203389486,0.305886210123698,2481825.61185381
6790,0.0824971745808919,0.110310335795085,0.298761149088542,2446903.34879321
6791,0.0829971415201823,0.109264203389486,0.287811299641927,2508371.93748309
6792,0.0824971745808919,0.110310335795085,0.280611836751302,2467354.20488459
6793,0.0829971415201823,0.109264203389486,0.269736399332682,2526272.68515937
6794,0.0824971745808919,0.110310335795085,0.262460678100586,2494880.86516968
6795,0.0829971415201823,0.109264203389486,0.251659606933594,2546602.65900028
6796,0.0824971745808919,0.110310335795085,0.244308532714844,2488742.40100405
6797,0.0829971415201823,0.109264203389486,0.23358186340332,2595007.59336821
6798,0.0824971745808919,0.110310335795085,0.226154530843099,2744250.93254895
6799,0.0829971415201823,0.109264203389486,0.215504130045573,2812759.54659776
6800,0.0844971084594727,0.106191805521647,0.553032002766927,2223076.84723166
6801,0.0839971084594727,0.107204938252767,0.558958333333333,2223076.84723166
6802,0.0844971084594727,0.106191805521647,0.541182006835938,2237094.61040908
6803,0.0839971084594727,0.107204938252767,0.535107666015625,2237094.61040908
6804,0.0844971084594727,0.106191805521647,0.52333100382487,2252707.24870015
6805,0.0839971084594727,0.107204938252767,0.51717866007487,2252707.24870015
6806,0.0844971084594727,0.106191805521647,0.50547666422526,2268897.35503366
6807,0.0839971084594727,0.107204938252767,0.499251007080078,2268897.35503366
6808,0.0844971084594727,0.106191805521647,0.487625010172526,2283712.60522803
6809,0.0839971084594727,0.107204938252767,0.48132568359375,2283712.60522803
6810,0.0844971084594727,0.106191805521647,0.46977500406901,2299438.76937832
6811,0.0839971084594727,0.107204938252767,0.463400675455729,2299438.76937832
6812,0.0844971084594727,0.106191805521647,0.451923665364583,2316536.84141399
6813,0.0839971084594727,0.107204938252767,0.445473673502604,2315559.35979027
6814,0.0844971084594727,0.106191805521647,0.434073669433594,2334789.40317803
6815,0.0839971084594727,0.107204938252767,0.42754833984375,2333229.80931794
6816,0.0844971084594727,0.106191805521647,0.416222005208333,2354019.43249607
6817,0.0839971084594727,0.107204938252767,0.409620340983073,2351816.86396898
6818,0.0844971084594727,0.106191805521647,0.398370005289714,2374522.50848182
6819,0.0839971084594727,0.107204938252767,0.391694000244141,2371706.15593478
6820,0.0844971084594727,0.106191805521647,0.380517262776693,2391700.25245119
6821,0.0839971084594727,0.107204938252767,0.373766967773437,2392527.6924089
6822,0.0844971084594727,0.106191805521647,0.36266640218099,2412117.71488842
6823,0.0839971084594727,0.107204938252767,0.35584267171224,2413022.41501781
6824,0.0844971084594727,0.106191805521647,0.344816569010417,2434056.08934806
6825,0.0839971084594727,0.107204938252767,0.337914642333984,2432843.63645043
6826,0.0844971084594727,0.106191805521647,0.326961975097656,2455125.61908776
6827,0.0839971084594727,0.107204938252767,0.319985677083333,2453410.28455327
6828,0.0844971084594727,0.106191805521647,0.309111175537109,2472099.50342498
6829,0.0839971084594727,0.107204938252767,0.302061442057292,2472496.98434372
6830,0.0844971084594727,0.106191805521647,0.291261322021484,2495519.97909633
6831,0.0839971084594727,0.107204938252767,0.284136240641276,2494337.33400088
6832,0.0844971084594727,0.106191805521647,0.273409545898438,2519032.99748732
6833,0.0839971084594727,0.107204938252767,0.266209167480469,2513538.73913529
6834,0.0844971084594727,0.106191805521647,0.255558746337891,2544265.29302969
6835,0.0839971084594727,0.107204938252767,0.248284907023112,2541466.01470108
6836,0.0844971084594727,0.106191805521647,0.237708867390951,2561518.33104525
6837,0.0839971084594727,0.107204938252767,0.230356897989909,2558168.28844336
6838,0.0844971084594727,0.106191805521647,0.219854298909505,2592356.54244377
6839,0.0839971084594727,0.107204938252767,0.212428863525391,2812759.54659776
6840,0.0844971084594727,0.106191805521647,0.202004435221354,2834682.59390712
6841,0.0860008417765299,0.103222002665202,0.553181660970052,2228746.92648986
6842,0.0854989751180013,0.104200337727865,0.559031677246094,2228746.92648986
6843,0.0860008417765299,0.103222002665202,0.541481323242187,2243230.74582869
6844,0.0854989751180013,0.104200337727865,0.53548134358724,2243230.74582869
6845,0.0860008417765299,0.103222002665202,0.523855346679687,2258546.55950674
6846,0.0854989751180013,0.104200337727865,0.51777934773763,2258546.55950674
6847,0.0860008417765299,0.103222002665202,0.506227010091146,2272642.88210425
6848,0.0854989751180013,0.104200337727865,0.500076670328776,2272642.88210425
6849,0.0860008417765299,0.103222002665202,0.488600341796875,2286591.27388141
6850,0.0854989751180013,0.104200337727865,0.482374338785807,2286591.27388141
6851,0.0860008417765299,0.103222002665202,0.470974344889323,2302060.14178311
6852,0.0854989751180013,0.104200337727865,0.464674336751302,2299438.76937832
6853,0.0860008417765299,0.103222002665202,0.453350006103516,2318655.1315028
6854,0.0854989751180013,0.104200337727865,0.446973663330078,2316536.84141399
6855,0.0860008417765299,0.103222002665202,0.435723337809245,2335993.53704383
6856,0.0854989751180013,0.104200337727865,0.42927333577474,2334789.40317803
6857,0.0860008417765299,0.103222002665202,0.418097340901693,2354058.47960536
6858,0.0854989751180013,0.104200337727865,0.41157133992513,2354019.43249607
6859,0.0860008417765299,0.103222002665202,0.400469004313151,2372672.9469126
6860,0.0854989751180013,0.104200337727865,0.393869333902995,2374522.50848182
6861,0.0860008417765299,0.103222002665202,0.382843068440755,2409526.93998657
6862,0.0854989751180013,0.104200337727865,0.376167002360026,2395708.62839566
6863,0.0860008417765299,0.103222002665202,0.365216237386068,2430380.43534279
6864,0.0854989751180013,0.104200337727865,0.358465932210286,2417488.05623544
6865,0.0860008417765299,0.103222002665202,0.347591440836589,2452469.00985387
6866,0.0854989751180013,0.104200337727865,0.340765808105469,2440238.5001677
6867,0.0860008417765299,0.103222002665202,0.329965677897135,2475548.31402222
6868,0.0854989751180013,0.104200337727865,0.323063771565755,2462684.32109431
6869,0.0860008417765299,0.103222002665202,0.31233896891276,2493903.14642014
6870,0.0854989751180013,0.104200337727865,0.305362670898437,2481825.61185381
6871,0.0860008417765299,0.103222002665202,0.294712259928385,2519826.52222518
6872,0.0854989751180013,0.104200337727865,0.28766064453125,2508371.93748309
6873,0.0860008417765299,0.103222002665202,0.277084604899089,2554799.40585508
6874,0.0854989751180013,0.104200337727865,0.269958587646484,2526272.68515937
6875,0.0860008417765299,0.103222002665202,0.25945790608724,2579174.62775101
6876,0.0854989751180013,0.104200337727865,0.252258443196615,2546602.65900028
6877,0.0860008417765299,0.103222002665202,0.241834004720052,2596486.69676497
6878,0.0854989751180013,0.104200337727865,0.234558268229167,2595007.59336821
6879,0.0860008417765299,0.103222002665202,0.22420730082194,2607570.28651433
6880,0.0854989751180013,0.104200337727865,0.21685530090332,2617830.26449324
6881,0.0860008417765299,0.103222002665202,0.206580602010091,2623372.39772783
6882,0.0854989751180013,0.104200337727865,0.19915517171224,2834682.59390712
6883,0.0860008417765299,0.103222002665202,0.188956837972005,2855550.34763461
6884,0.0875008417765299,0.100356735229492,0.553332316080729,2247506.65347644
6885,0.0870017751057943,0.101300201416016,0.559107991536458,2247506.65347644
6886,0.0875008417765299,0.100356735229492,0.541781982421875,2262317.44079407
6887,0.0870017751057943,0.101300201416016,0.53585732014974,2262317.44079407
6888,0.0875008417765299,0.100356735229492,0.524381001790365,2276557.36094908
6889,0.0870017751057943,0.101300201416016,0.51837900797526,2276557.36094908
6890,0.0875008417765299,0.100356735229492,0.506976338704427,2289943.92967349
6891,0.0870017751057943,0.101300201416016,0.50090033976237,2289943.92967349
6892,0.0875008417765299,0.100356735229492,0.489575998942057,2304340.69801092
6893,0.0870017751057943,0.101300201416016,0.483426340738932,2304340.69801092
6894,0.0875008417765299,0.100356735229492,0.472176005045573,2320349.51044447
6895,0.0870017751057943,0.101300201416016,0.465950012207031,2302060.14178311
6896,0.0875008417765299,0.100356735229492,0.45477333577474,2337249.36502958
6897,0.0870017751057943,0.101300201416016,0.448473337809245,2318655.1315028
6898,0.0875008417765299,0.100356735229492,0.43737299601237,2354482.34964393
6899,0.0870017751057943,0.101300201416016,0.430999338785807,2335993.53704383
6900,0.0875008417765299,0.100356735229492,0.419973002115885,2372246.99158523
6901,0.0870017751057943,0.101300201416016,0.413521006266276,2354058.47960536
6902,0.0875008417765299,0.100356735229492,0.402568339029948,2390439.84970108
6903,0.0870017751057943,0.101300201416016,0.396042338053385,2372672.9469126
6904,0.0875008417765299,0.100356735229492,0.385167836507161,2434972.86789611
6905,0.0870017751057943,0.101300201416016,0.378568237304688,2391700.25245119
6906,0.0875008417765299,0.100356735229492,0.36776703898112,2456917.88462922
6907,0.0870017751057943,0.101300201416016,0.361091105143229,2412117.71488842
6908,0.0875008417765299,0.100356735229492,0.350366302490234,2480091.74215329
6909,0.0870017751057943,0.101300201416016,0.343616943359375,2434056.08934806
6910,0.0875008417765299,0.100356735229492,0.332966542561849,2503139.23794526
6911,0.0870017751057943,0.101300201416016,0.326140909830729,2455125.61908776
6912,0.0875008417765299,0.100356735229492,0.315563934326172,2523754.35716664
6913,0.0870017751057943,0.101300201416016,0.308663899739583,2472099.50342498
6914,0.0875008417765299,0.100356735229492,0.298163197835286,2552154.99176177
6915,0.0870017751057943,0.101300201416016,0.291187856038411,2495519.97909633
6916,0.0875008417765299,0.100356735229492,0.280760620117187,2584247.45525197
6917,0.0870017751057943,0.101300201416016,0.273708984375,2519032.99748732
6918,0.0875008417765299,0.100356735229492,0.263357996622721,2611386.2077105
6919,0.0870017751057943,0.101300201416016,0.256232935587565,2544265.29302969
6920,0.0875008417765299,0.100356735229492,0.245958236694336,2635925.96192212
6921,0.0870017751057943,0.101300201416016,0.238758768717448,2561518.33104525
6922,0.0875008417765299,0.100356735229492,0.228557500203451,2653369.26306041
6923,0.0870017751057943,0.101300201416016,0.221281768798828,2592356.54244377
6924,0.0875008417765299,0.100356735229492,0.211156768798828,2625142.40248417
6925,0.0870017751057943,0.101300201416016,0.203807601928711,2630656.92456191
6926,0.0875008417765299,0.100356735229492,0.19375700378418,2645650.52929383
6927,0.0870017751057943,0.101300201416016,0.186331670125326,2855550.34763461
6928,0.0875008417765299,0.100356735229492,0.176354604085286,2993712.37805659
6929,0.0889998423258464,0.0975940704345703,0.553481994628906,2266853.26977425
6930,0.088499875386556,0.0985036697387695,0.559182332356771,2266853.26977425
6931,0.0889998423258464,0.0975940704345703,0.542081319173177,2281464.28561314
6932,0.088499875386556,0.0985036697387695,0.536231323242187,2281464.28561314
6933,0.0889998423258464,0.0975940704345703,0.524906656901042,2295286.93023774
6934,0.088499875386556,0.0985036697387695,0.518980997721354,2295286.93023774
6935,0.0889998423258464,0.0975940704345703,0.507728658040365,2309407.87980191
6936,0.088499875386556,0.0985036697387695,0.501725992838542,2309407.87980191
6937,0.0889998423258464,0.0975940704345703,0.490549326578776,2325209.28715517
6938,0.088499875386556,0.0985036697387695,0.484475331624349,2325209.28715517
6939,0.0889998423258464,0.0975940704345703,0.473375010172526,2342435.08442922
6940,0.088499875386556,0.0985036697387695,0.467225341796875,2320349.51044447
6941,0.0889998423258464,0.0975940704345703,0.456199015299479,2360009.33811388
6942,0.088499875386556,0.0985036697387695,0.449973002115885,2337249.36502958
6943,0.0889998423258464,0.0975940704345703,0.439022338867188,2377923.29317382
6944,0.088499875386556,0.0985036697387695,0.432722330729167,2354482.34964393
6945,0.0889998423258464,0.0975940704345703,0.421848002115885,2396052.96268565
6946,0.088499875386556,0.0985036697387695,0.415472330729167,2372246.99158523
6947,0.0889998423258464,0.0975940704345703,0.40467100016276,2414799.52976029
6948,0.088499875386556,0.0985036697387695,0.398219004313151,2390439.84970108
6949,0.0889998423258464,0.0975940704345703,0.387494303385417,2446620.28576248
6950,0.088499875386556,0.0985036697387695,0.38096913655599,2409526.93998657
6951,0.0889998423258464,0.0975940704345703,0.370318766276042,2468598.51288163
6952,0.088499875386556,0.0985036697387695,0.363716267903646,2430380.43534279
6953,0.0889998423258464,0.0975940704345703,0.353139302571615,2491577.16904707
6954,0.088499875386556,0.0985036697387695,0.346465270996094,2452469.00985387
6955,0.0889998423258464,0.0975940704345703,0.335964569091797,2514464.31579989
6956,0.088499875386556,0.0985036697387695,0.329215199788411,2475548.31402222
6957,0.0889998423258464,0.0975940704345703,0.318788899739583,2537985.11791452
6958,0.088499875386556,0.0985036697387695,0.311963267008464,2493903.14642014
6959,0.0889998423258464,0.0975940704345703,0.301612284342448,2566922.69813461
6960,0.088499875386556,0.0985036697387695,0.294712249755859,2519826.52222518
6961,0.0889998423258464,0.0975940704345703,0.28443755086263,2597525.93417555
6962,0.088499875386556,0.0985036697387695,0.277461263020833,2554799.40585508
6963,0.0889998423258464,0.0975940704345703,0.267259999593099,2625786.22428574
6964,0.088499875386556,0.0985036697387695,0.260208368937174,2579174.62775101
6965,0.0889998423258464,0.0975940704345703,0.25008430480957,2650553.25735342
6966,0.088499875386556,0.0985036697387695,0.242959233601888,2596486.69676497
6967,0.0889998423258464,0.0975940704345703,0.232910502115885,2588879.15214461
6968,0.088499875386556,0.0985036697387695,0.225708236694336,2607570.28651433
6969,0.0889998423258464,0.0975940704345703,0.215732935587565,2608297.05606263
6970,0.088499875386556,0.0985036697387695,0.20845719909668,2623372.39772783
6971,0.0889998423258464,0.0975940704345703,0.198556299845378,2635808.8314961
6972,0.088499875386556,0.0985036697387695,0.191205271402995,2664417.05672968
6973,0.0889998423258464,0.0975940704345703,0.181378606160482,2755079.9896717
6974,0.088499875386556,0.0985036697387695,0.173953272501628,2993712.37805659
6975,0.0889998423258464,0.0975940704345703,0.164202006022135,3115608.56275599
6976,0.0904998092651367,0.0949368718465169,0.553631673177083,2277359.22868726
6977,0.0899998092651367,0.095810671488444,0.559257670084635,2277359.22868726
6978,0.0904998092651367,0.0949368718465169,0.542381673177083,2291173.71176446
6979,0.0899998092651367,0.095810671488444,0.536606994628906,2291173.71176446
6980,0.0904998092651367,0.0949368718465169,0.525431335449219,2304943.14721631
6981,0.0899998092651367,0.095810671488444,0.519580993652344,2304943.14721631
6982,0.0904998092651367,0.0949368718465169,0.508478668212891,2319946.4609187
6983,0.0899998092651367,0.095810671488444,0.502551991780599,2319946.4609187
6984,0.0904998092651367,0.0949368718465169,0.491524993896484,2336379.75324965
6985,0.0899998092651367,0.095810671488444,0.485524993896484,2325209.28715517
6986,0.0904998092651367,0.0949368718465169,0.474574330647786,2353704.38249521
6987,0.0899998092651367,0.095810671488444,0.468498341878255,2342435.08442922
6988,0.0904998092651367,0.0949368718465169,0.457623677571615,2371206.39614883
6989,0.0899998092651367,0.095810671488444,0.45147401936849,2360009.33811388
6990,0.0904998092651367,0.0949368718465169,0.440673685709635,2388869.58765593
6991,0.0899998092651367,0.095810671488444,0.434448018391927,2377923.29317382
6992,0.0904998092651367,0.0949368718465169,0.423723347981771,2406972.34813263
6993,0.0899998092651367,0.095810671488444,0.41742333984375,2396052.96268565
6994,0.0904998092651367,0.0949368718465169,0.406773010253906,2426082.63960254
6995,0.0899998092651367,0.095810671488444,0.400396341959635,2414799.52976029
6996,0.0904998092651367,0.0949368718465169,0.38982021077474,2446620.28576248
6997,0.0899998092651367,0.095810671488444,0.38337016805013,2434972.86789611
6998,0.0904998092651367,0.0949368718465169,0.372870534261068,2472069.56557112
6999,0.0899998092651367,0.095810671488444,0.366344299316406,2456917.88462922
7000,0.0904998092651367,0.0949368718465169,0.355917032877604,2494012.80918759
7001,0.0899998092651367,0.095810671488444,0.349314534505208,2480091.74215329
7002,0.0904998092651367,0.0949368718465169,0.338965464274089,2516699.58376352
7003,0.0899998092651367,0.095810671488444,0.332289530436198,2503139.23794526
7004,0.0904998092651367,0.0949368718465169,0.322014831542969,2541578.78594618
7005,0.0899998092651367,0.095810671488444,0.31526357014974,2523754.35716664
7006,0.0904998092651367,0.0949368718465169,0.305063273111979,2570205.26039935
7007,0.0899998092651367,0.095810671488444,0.298237620035807,2552154.99176177
7008,0.0904998092651367,0.0949368718465169,0.288112609863281,2599605.34110947
7009,0.0899998092651367,0.095810671488444,0.281212575276693,2584247.45525197
7010,0.0904998092651367,0.0949368718465169,0.271161956787109,2626938.23598094
7011,0.0899998092651367,0.095810671488444,0.264185668945312,2611386.2077105
7012,0.0904998092651367,0.0949368718465169,0.254211303710937,2623708.72004884
7013,0.0899998092651367,0.095810671488444,0.24716157023112,2635925.96192212
7014,0.0904998092651367,0.0949368718465169,0.237261601765951,2641948.24871977
7015,0.0899998092651367,0.095810671488444,0.230135604858398,2653369.26306041
7016,0.0904998092651367,0.0949368718465169,0.220308141072591,2644469.0851112
7017,0.0899998092651367,0.095810671488444,0.213107737223307,2666681.46678815
7018,0.0904998092651367,0.0949368718465169,0.203356567382812,2676368.86697096
7019,0.0899998092651367,0.095810671488444,0.196080866495768,2701692.2981468
7020,0.0904998092651367,0.0949368718465169,0.186404235839844,2732458.06522151
7021,0.0899998092651367,0.095810671488444,0.17905300394694,2758227.32591312
7022,0.0904998092651367,0.0949368718465169,0.169454335530599,2845613.63237198
7023,0.0899998092651367,0.095810671488444,0.162028671264648,3115608.56275599
7024,0.0904998092651367,0.0949368718465169,0.152503672281901,3187210.54611011
7025,0.0919998092651367,0.0923794733683268,0.55378135172526,2283359.4011523
7026,0.0914998092651367,0.0932212727864583,0.559332010904948,2283359.4011523
7027,0.0919998092651367,0.0923794733683268,0.542681009928385,2296509.99625492
7028,0.0914998092651367,0.0932212727864583,0.536981669108073,2296509.99625492
7029,0.0919998092651367,0.0923794733683268,0.525957336425781,2310552.5474711
7030,0.0914998092651367,0.0932212727864583,0.520181681315104,2310552.5474711
7031,0.0919998092651367,0.0923794733683268,0.509229014078776,2325936.74574404
7032,0.0914998092651367,0.0932212727864583,0.503376342773437,2325936.74574404
7033,0.0919998092651367,0.0923794733683268,0.492499003092448,2342336.0769062
7034,0.0914998092651367,0.0932212727864583,0.486574330647786,2336379.75324965
7035,0.0919998092651367,0.0923794733683268,0.475773996988932,2359124.33200341
7036,0.0914998092651367,0.0932212727864583,0.469773996988932,2353704.38249521
7037,0.0919998092651367,0.0923794733683268,0.459047332763672,2376200.11299553
7038,0.0914998092651367,0.0932212727864583,0.452973002115885,2371206.39614883
7039,0.0919998092651367,0.0923794733683268,0.442322672526042,2393364.49476357
7040,0.0914998092651367,0.0932212727864583,0.436173014322917,2388869.58765593
7041,0.0919998092651367,0.0923794733683268,0.425596343994141,2411185.93189888
7042,0.0914998092651367,0.0932212727864583,0.419372344970703,2406972.34813263
7043,0.0919998092651367,0.0923794733683268,0.408871673583984,2430158.80523753
7044,0.0914998092651367,0.0932212727864583,0.402572347005208,2426082.63960254
7045,0.0919998092651367,0.0923794733683268,0.392145975748698,2450537.76377985
7046,0.0914998092651367,0.0932212727864583,0.3857705078125,2446620.28576248
7047,0.0919998092651367,0.0923794733683268,0.37541943359375,2470393.60509418
7048,0.0914998092651367,0.0932212727864583,0.368969502766927,2468598.51288163
7049,0.0919998092651367,0.0923794733683268,0.35869477335612,2491143.66826748
7050,0.0914998092651367,0.0932212727864583,0.352168538411458,2491577.16904707
7051,0.0919998092651367,0.0923794733683268,0.341967274983724,2513582.48232072
7052,0.0914998092651367,0.0932212727864583,0.33536669921875,2514464.31579989
7053,0.0919998092651367,0.0923794733683268,0.325242665608724,2538300.02529273
7054,0.0914998092651367,0.0932212727864583,0.318566731770833,2537985.11791452
7055,0.0919998092651367,0.0923794733683268,0.308516103108724,2564833.24792684
7056,0.0914998092651367,0.0932212727864583,0.301763905843099,2566922.69813461
7057,0.0919998092651367,0.0923794733683268,0.291787679036458,2589971.09586458
7058,0.0914998092651367,0.0932212727864583,0.284962036132813,2597525.93417555
7059,0.0919998092651367,0.0923794733683268,0.27506113688151,2614226.63238644
7060,0.0914998092651367,0.0932212727864583,0.268161092122396,2625786.22428574
7061,0.0919998092651367,0.0923794733683268,0.258334569295247,2638393.77342497
7062,0.0914998092651367,0.0932212727864583,0.251361068725586,2650553.25735342
7063,0.0919998092651367,0.0923794733683268,0.241609903971354,2661991.20772241
7064,0.0914998092651367,0.0932212727864583,0.234560170491536,2676002.39283105
7065,0.0919998092651367,0.0923794733683268,0.224883371988932,2684906.12525957
7066,0.0914998092651367,0.0932212727864583,0.217757339477539,2705911.92187702
7067,0.0919998092651367,0.0923794733683268,0.208155873616536,2709862.88495011
7068,0.0914998092651367,0.0932212727864583,0.200955505371094,2729491.94509262
7069,0.0919998092651367,0.0923794733683268,0.191431137084961,2732898.05682856
7070,0.0914998092651367,0.0932212727864583,0.184155568440755,2746959.97471687
7071,0.0919998092651367,0.0923794733683268,0.174704671223958,2779845.69245569
7072,0.0914998092651367,0.0932212727864583,0.167354670206706,2782364.5801278
7073,0.0919998092651367,0.0923794733683268,0.157980005900065,2886000.82250648
7074,0.0914998092651367,0.0932212727864583,0.150554672241211,3187210.54611011
7075,0.0919998092651367,0.0923794733683268,0.141253672281901,3325217.13404833
7076,0.0934997431437175,0.0899256693522135,0.553931009928385,2285925.38083886
7077,0.0929997762044271,0.0907316716512044,0.559407348632812,2285925.38083886
7078,0.0934997431437175,0.0899256693522135,0.542980346679688,2299168.7495752
7079,0.0929997762044271,0.0907316716512044,0.53735634358724,2299168.7495752
7080,0.0934997431437175,0.0899256693522135,0.526480000813802,2313423.13160774
7081,0.0929997762044271,0.0907316716512044,0.520780334472656,2313423.13160774
7082,0.0934997431437175,0.0899256693522135,0.509980000813802,2328612.45504394
7083,0.0929997762044271,0.0907316716512044,0.504204335530599,2328612.45504394
7084,0.0934997431437175,0.0899256693522135,0.493477671305339,2344490.35167855
7085,0.0929997762044271,0.0907316716512044,0.487625010172526,2342336.0769062
7086,0.0934997431437175,0.0899256693522135,0.476974344889323,2360764.63865203
7087,0.0929997762044271,0.0907316716512044,0.471048004150391,2359124.33200341
7088,0.0934997431437175,0.0899256693522135,0.460473673502604,2377172.52487925
7089,0.0929997762044271,0.0907316716512044,0.454473002115885,2376200.11299553
7090,0.0934997431437175,0.0899256693522135,0.443972340901693,2393935.21216795
7091,0.0929997762044271,0.0907316716512044,0.437896341959635,2393364.49476357
7092,0.0934997431437175,0.0899256693522135,0.427472005208333,2411639.88730284
7093,0.0929997762044271,0.0907316716512044,0.421321665445964,2411185.93189888
7094,0.0934997431437175,0.0899256693522135,0.410970662434896,2430470.44021414
7095,0.0929997762044271,0.0907316716512044,0.404744669596354,2430158.80523753
7096,0.0934997431437175,0.0899256693522135,0.39446967569987,2450225.96681802
7097,0.0929997762044271,0.0907316716512044,0.38817030843099,2450537.76377985
7098,0.0934997431437175,0.0899256693522135,0.377970072428385,2470393.60509418
7099,0.0929997762044271,0.0907316716512044,0.371594665527344,2472069.56557112
7100,0.0934997431437175,0.0899256693522135,0.361469665527344,2490567.60228448
7101,0.0929997762044271,0.0907316716512044,0.355019704182943,2494012.80918759
7102,0.0934997431437175,0.0899256693522135,0.344969075520833,2512573.58013741
7103,0.0929997762044271,0.0907316716512044,0.338442881266276,2516699.58376352
7104,0.0934997431437175,0.0899256693522135,0.328465708414714,2535433.17983191
7105,0.0929997762044271,0.0907316716512044,0.321866068522135,2541578.78594618
7106,0.0934997431437175,0.0899256693522135,0.311965169270833,2558392.42348398
7107,0.0929997762044271,0.0907316716512044,0.305291137695313,2570205.26039935
7108,0.0934997431437175,0.0899256693522135,0.295463673909505,2581054.51882396
7109,0.0929997762044271,0.0907316716512044,0.288712412516276,2599605.34110947
7110,0.0934997431437175,0.0899256693522135,0.278961212158203,2619648.4000606
7111,0.0929997762044271,0.0907316716512044,0.272135579427083,2626938.23598094
7112,0.0934997431437175,0.0899256693522135,0.26246066792806,2646362.94434696
7113,0.0929997762044271,0.0907316716512044,0.255559702555339,2654175.94203392
7114,0.0934997431437175,0.0899256693522135,0.245961034138997,2674050.99318709
7115,0.0929997762044271,0.0907316716512044,0.238984736124674,2682633.05836935
7116,0.0934997431437175,0.0899256693522135,0.229459533691406,2703157.76700097
7117,0.0929997762044271,0.0907316716512044,0.222407903035482,2716325.26046863
7118,0.0934997431437175,0.0899256693522135,0.212957071940104,2744460.55905354
7119,0.0929997762044271,0.0907316716512044,0.205831075032552,2758865.05507163
7120,0.0934997431437175,0.0899256693522135,0.196455607096354,2767009.26061592
7121,0.0929997762044271,0.0907316716512044,0.189256037394206,2782750.12636525
7122,0.0934997431437175,0.0899256693522135,0.179954803466797,2772041.87784164
7123,0.0929997762044271,0.0907316716512044,0.172679005940755,2786275.48930663
7124,0.0934997431437175,0.0899256693522135,0.163453338623047,2843903.69489031
7125,0.0929997762044271,0.0907316716512044,0.156104339599609,2865134.66515281
7126,0.0934997431437175,0.0899256693522135,0.146953002929687,3005258.66105821
7127,0.0929997762044271,0.0907316716512044,0.139527669270833,3325217.13404833
7128,0.0934997431437175,0.0899256693522135,0.130452667236328,3386627.33439587
7129,0.0949997100830078,0.0875773340861003,0.554081665039063,2287273.76372268
7130,0.0944997100830078,0.0883485005696615,0.559481669108073,2287273.76372268
7131,0.0949997100830078,0.0875773340861003,0.54328065999349,2300844.1376441
7132,0.0944997100830078,0.0883485005696615,0.537730000813802,2300844.1376441
7133,0.0949997100830078,0.0875773340861003,0.527005330403646,2315035.58887199
7134,0.0944997100830078,0.0883485005696615,0.521379333496094,2315035.58887199
7135,0.0949997100830078,0.0875773340861003,0.510728993733724,2329924.97204314
7136,0.0944997100830078,0.0883485005696615,0.505029327392578,2328612.45504394
7137,0.0949997100830078,0.0875773340861003,0.494455332438151,2345373.67031248
7138,0.0944997100830078,0.0883485005696615,0.488679341634115,2344490.35167855
7139,0.0949997100830078,0.0875773340861003,0.478178680419922,2361211.06414268
7140,0.0944997100830078,0.0883485005696615,0.472326344807943,2360764.63865203
7141,0.0949997100830078,0.0875773340861003,0.461901011149089,2377432.40399459
7142,0.0944997100830078,0.0883485005696615,0.455974680582682,2377172.52487925
7143,0.0949997100830078,0.0875773340861003,0.445625681559245,2394129.68340983
7144,0.0944997100830078,0.0883485005696615,0.439624013264974,2393935.21216795
7145,0.0949997100830078,0.0875773340861003,0.429349344889323,2411838.14002183
7146,0.0944997100830078,0.0883485005696615,0.42327333577474,2411639.88730284
7147,0.0949997100830078,0.0875773340861003,0.413072998046875,2430690.5454378
7148,0.0944997100830078,0.0883485005696615,0.406920664469401,2430470.44021414
7149,0.0949997100830078,0.0875773340861003,0.396793670654297,2450459.207518
7150,0.0944997100830078,0.0883485005696615,0.390568674723307,2450225.96681802
7151,0.0949997100830078,0.0875773340861003,0.380517974853516,2470111.55810902
7152,0.0944997100830078,0.0883485005696615,0.374218739827474,2470393.60509418
7153,0.0949997100830078,0.0875773340861003,0.364242635091146,2490567.60228448
7154,0.0944997100830078,0.0883485005696615,0.357868967692057,2491143.66826748
7155,0.0949997100830078,0.0875773340861003,0.347968068440755,2515880.01105397
7156,0.0944997100830078,0.0883485005696615,0.341518137613932,2513582.48232072
7157,0.0949997100830078,0.0875773340861003,0.331690673828125,2537594.371871
7158,0.0944997100830078,0.0883485005696615,0.325164438883464,2538300.02529273
7159,0.0949997100830078,0.0875773340861003,0.315413269042969,2560067.2952054
7160,0.0944997100830078,0.0883485005696615,0.308813639322917,2564833.24792684
7161,0.0949997100830078,0.0875773340861003,0.299138732910156,2585092.68771452
7162,0.0944997100830078,0.0883485005696615,0.292462799072266,2589971.09586458
7163,0.0949997100830078,0.0875773340861003,0.282862263997396,2610330.13616623
7164,0.0944997100830078,0.0883485005696615,0.276111938476563,2614226.63238644
7165,0.0949997100830078,0.0875773340861003,0.266586741129557,2636815.51421349
7166,0.0944997100830078,0.0883485005696615,0.259761103312175,2641673.89112105
7167,0.0949997100830078,0.0875773340861003,0.250310302734375,2665634.62287403
7168,0.0944997100830078,0.0883485005696615,0.243411198933919,2670991.88391426
7169,0.0949997100830078,0.0875773340861003,0.234035700480143,2696578.94736282
7170,0.0944997100830078,0.0883485005696615,0.227060333251953,2703136.61865619
7171,0.0949997100830078,0.0875773340861003,0.217759231567383,2739375.01447925
7172,0.0944997100830078,0.0883485005696615,0.210707600911458,2745281.56740567
7173,0.0949997100830078,0.0875773340861003,0.201482767740885,2776967.49261548
7174,0.0944997100830078,0.0883485005696615,0.194356770833333,2774928.39801186
7175,0.0949997100830078,0.0875773340861003,0.185207204182943,2793110.78615968
7176,0.0944997100830078,0.0883485005696615,0.178004806518555,2797553.85552322
7177,0.0949997100830078,0.0875773340861003,0.168929672241211,2810120.77990143
7178,0.0944997100830078,0.0883485005696615,0.161654001871745,2808735.45359549
7179,0.0949997100830078,0.0875773340861003,0.152655334472656,2857621.04985317
7180,0.0944997100830078,0.0883485005696615,0.145303334554036,2848775.04710418
7181,0.0949997100830078,0.0875773340861003,0.136379002888997,3009368.5480601
7182,0.0944997100830078,0.0883485005696615,0.128953669230143,3386627.33439587
7183,0.0949997100830078,0.0875773340861003,0.120104670206706,3451845.81716478
7184,0.0964977722167969,0.0853297678629557,0.55423134358724,2288588.77523359
7185,0.0959987411499023,0.0860679677327474,0.55955800374349,2288588.77523359
7186,0.0964977722167969,0.0853297678629557,0.543581013997396,2302588.19037536
7187,0.0959987411499023,0.0860679677327474,0.538106669108073,2302588.19037536
7188,0.0964977722167969,0.0853297678629557,0.527529663085938,2316847.70656495
7189,0.0959987411499023,0.0860679677327474,0.521978983561198,2316847.70656495
7190,0.0964977722167969,0.0853297678629557,0.511479319254557,2331514.35609019
7191,0.0959987411499023,0.0860679677327474,0.505855326334635,2329924.97204314
7192,0.0964977722167969,0.0853297678629557,0.495428995768229,2346719.50790975
7193,0.0959987411499023,0.0860679677327474,0.489728668212891,2345373.67031248
7194,0.0964977722167969,0.0853297678629557,0.479377665201823,2362460.00196647
7195,0.0959987411499023,0.0860679677327474,0.473603668212891,2361211.06414268
7196,0.0964977722167969,0.0853297678629557,0.463326995849609,2378650.02759654
7197,0.0959987411499023,0.0860679677327474,0.457476674397786,2377432.40399459
7198,0.0964977722167969,0.0853297678629557,0.447275675455729,2395547.02800941
7199,0.0959987411499023,0.0860679677327474,0.441351013183594,2394129.68340983
7200,0.0964977722167969,0.0853297678629557,0.431224344889323,2413691.93748174
7201,0.0959987411499023,0.0860679677327474,0.425224344889323,2411838.14002183
7202,0.0964977722167969,0.0853297678629557,0.415173675537109,2433040.80887431
7203,0.0959987411499023,0.0860679677327474,0.409098337809245,2430690.5454378
7204,0.0964977722167969,0.0853297678629557,0.399121002197266,2452846.74252419
7205,0.0959987411499023,0.0860679677327474,0.392968668619792,2450459.207518
7206,0.0964977722167969,0.0853297678629557,0.383069702148437,2472799.86640349
7207,0.0959987411499023,0.0860679677327474,0.376844004313151,2470111.55810902
7208,0.0964977722167969,0.0853297678629557,0.367019399007161,2493983.29397633
7209,0.0959987411499023,0.0860679677327474,0.360717264811198,2490567.60228448
7210,0.0964977722167969,0.0853297678629557,0.350968933105469,2515880.01105397
7211,0.0959987411499023,0.0860679677327474,0.344593404134115,2512573.58013741
7212,0.0964977722167969,0.0853297678629557,0.33491850789388,2537594.371871
7213,0.0959987411499023,0.0860679677327474,0.328465708414714,2535433.17983191
7214,0.0964977722167969,0.0853297678629557,0.31886610921224,2560067.2952054
7215,0.0959987411499023,0.0860679677327474,0.312339904785156,2558392.42348398
7216,0.0964977722167969,0.0853297678629557,0.302815673828125,2575188.88504918
7217,0.0959987411499023,0.0860679677327474,0.296214131673177,2581054.51882396
7218,0.0964977722167969,0.0853297678629557,0.286763305664062,2598900.22140479
7219,0.0959987411499023,0.0860679677327474,0.280087371826172,2605780.58512584
7220,0.0964977722167969,0.0853297678629557,0.270711883544922,2625651.8445769
7221,0.0959987411499023,0.0860679677327474,0.263961578369141,2633488.38443522
7222,0.0964977722167969,0.0853297678629557,0.25466047668457,2655152.65955945
7223,0.0959987411499023,0.0860679677327474,0.247834838867187,2664190.51099764
7224,0.0964977722167969,0.0853297678629557,0.238610005696615,2687422.76944755
7225,0.0959987411499023,0.0860679677327474,0.231709971110026,2697348.07054665
7226,0.0964977722167969,0.0853297678629557,0.222559539794922,2719110.88654234
7227,0.0959987411499023,0.0860679677327474,0.215584167480469,2730651.1383798
7228,0.0964977722167969,0.0853297678629557,0.206509068806966,2746406.55140045
7229,0.0959987411499023,0.0860679677327474,0.199459299723307,2755878.41123708
7230,0.0964977722167969,0.0853297678629557,0.190457504272461,2777871.24517795
7231,0.0959987411499023,0.0860679677327474,0.183331405639648,2793687.3756867
7232,0.0964977722167969,0.0853297678629557,0.174406010945638,2810654.0771681
7233,0.0959987411499023,0.0860679677327474,0.167206675211589,2809362.35638112
7234,0.0964977722167969,0.0853297678629557,0.158355672200521,2791580.62579533
7235,0.0959987411499023,0.0860679677327474,0.151080001831055,2780656.99171054
7236,0.0964977722167969,0.0853297678629557,0.142305338541667,2819498.84414386
7237,0.0959987411499023,0.0860679677327474,0.134956339518229,2818836.85642977
7238,0.0964977722167969,0.0853297678629557,0.126255004882812,3154488.57346231
7239,0.0959987411499023,0.0860679677327474,0.118828669230143,3451845.81716478
7240,0.0964977722167969,0.0853297678629557,0.110202667236328,3508238.174371
7241,0.0979968032836914,0.0831847686767578,0.554381022135417,2289141.90132397
7242,0.0974968032836914,0.0838881683349609,0.55963134765625,2289141.90132397
7243,0.0979968032836914,0.0831847686767578,0.543880350748698,2303393.70153178
7244,0.0974968032836914,0.0838881683349609,0.538480346679687,2303393.70153178
7245,0.0979968032836914,0.0831847686767578,0.528056009928385,2317842.73355985
7246,0.0974968032836914,0.0838881683349609,0.522579671223958,2317842.73355985
7247,0.0979968032836914,0.0831847686767578,0.512228668212891,2332595.14276371
7248,0.0974968032836914,0.0838881683349609,0.506678995768229,2331514.35609019
7249,0.0979968032836914,0.0831847686767578,0.496404337565104,2347766.74741012
7250,0.0974968032836914,0.0838881683349609,0.490778330485026,2346719.50790975
7251,0.0979968032836914,0.0831847686767578,0.480577006022135,2363445.76575536
7252,0.0974968032836914,0.0838881683349609,0.474876668294271,2362460.00196647
7253,0.0979968032836914,0.0831847686767578,0.464751668294271,2379659.73425659
7254,0.0974968032836914,0.0838881683349609,0.458975992838542,2378650.02759654
7255,0.0979968032836914,0.0831847686767578,0.448925333658854,2396929.61478596
7256,0.0974968032836914,0.0838881683349609,0.443075337727865,2395547.02800941
7257,0.0979968032836914,0.0831847686767578,0.433100006103516,2415706.09256904
7258,0.0974968032836914,0.0838881683349609,0.427173675537109,2413691.93748174
7259,0.0979968032836914,0.0831847686767578,0.417272674560547,2435452.39196413
7260,0.0974968032836914,0.0838881683349609,0.411272674560547,2433040.80887431
7261,0.0979968032836914,0.0831847686767578,0.401448008219401,2455436.34692786
7262,0.0974968032836914,0.0838881683349609,0.395371673583984,2452846.74252419
7263,0.0979968032836914,0.0831847686767578,0.38562060546875,2476450.06891528
7264,0.0974968032836914,0.0838881683349609,0.379470967610677,2472799.86640349
7265,0.0979968032836914,0.0831847686767578,0.369796203613281,2498573.86125673
7266,0.0974968032836914,0.0838881683349609,0.363570332845052,2493983.29397633
7267,0.0979968032836914,0.0831847686767578,0.353968861897786,2520048.78766232
7268,0.0974968032836914,0.0838881683349609,0.347669596354167,2515880.01105397
7269,0.0979968032836914,0.0831847686767578,0.33814442952474,2541057.83369525
7270,0.0974968032836914,0.0838881683349609,0.331768870035807,2537594.371871
7271,0.0979968032836914,0.0831847686767578,0.322317097981771,2564860.83244046
7272,0.0974968032836914,0.0838881683349609,0.31586713663737,2560067.2952054
7273,0.0979968032836914,0.0831847686767578,0.306491628011068,2574375.20546714
7274,0.0974968032836914,0.0838881683349609,0.299966369628906,2584342.76249069
7275,0.0979968032836914,0.0831847686767578,0.290665262858073,2599581.90575621
7276,0.0974968032836914,0.0838881683349609,0.284063741048177,2610807.66120031
7277,0.0979968032836914,0.0831847686767578,0.274837972005208,2626996.84994321
7278,0.0974968032836914,0.0838881683349609,0.268162048339844,2639542.8151806
7279,0.0979968032836914,0.0831847686767578,0.259012542724609,2657532.82008361
7280,0.0974968032836914,0.0838881683349609,0.252261276245117,2671965.22886308
7281,0.0979968032836914,0.0831847686767578,0.243186172485352,2691808.72652751
7282,0.0974968032836914,0.0838881683349609,0.236360539754232,2706623.2453345
7283,0.0979968032836914,0.0831847686767578,0.22736073811849,2724136.5519543
7284,0.0974968032836914,0.0838881683349609,0.220459772745768,2738989.42110925
7285,0.0979968032836914,0.0831847686767578,0.211534367879232,2753041.225206
7286,0.0974968032836914,0.0838881683349609,0.204559036254883,2772549.07540095
7287,0.0979968032836914,0.0831847686767578,0.195709869384766,2788179.5702984
7288,0.0974968032836914,0.0838881683349609,0.188658106486003,2809064.33175816
7289,0.0979968032836914,0.0831847686767578,0.179883336385091,2823903.983563
7290,0.0974968032836914,0.0838881683349609,0.172757339477539,2837773.14140929
7291,0.0979968032836914,0.0831847686767578,0.164059005737305,2825078.31960754
7292,0.0974968032836914,0.0838881683349609,0.156856674194336,2846524.37417018
7293,0.0979968032836914,0.0831847686767578,0.148231669108073,2803197.18800331
7294,0.0974968032836914,0.0838881683349609,0.14095600382487,2842240.03532797
7295,0.0979968032836914,0.0831847686767578,0.132407338460286,2913116.35594094
7296,0.0974968032836914,0.0838881683349609,0.125055338541667,2993733.99062317
7297,0.0979968032836914,0.0831847686767578,0.116580001831055,3236362.42923385
7298,0.0974968032836914,0.0838881683349609,0.109153666178385,3508238.174371
7299,0.0979968032836914,0.0831847686767578,0.100754669189453,3539210.12070575
7300,0.0994968032836914,0.0811424357096354,0.554531677246094,2288128.78861972
7301,0.0989968032836914,0.0818119023640951,0.559707682291667,2288128.78861972
7302,0.0994968032836914,0.0811424357096354,0.544180684407552,2302325.90604066
7303,0.0989968032836914,0.0818119023640951,0.538856018066406,2302325.90604066
7304,0.0994968032836914,0.0811424357096354,0.528579345703125,2316858.94817308
7305,0.0989968032836914,0.0818119023640951,0.523179341634115,2316858.94817308
7306,0.0994968032836914,0.0811424357096354,0.512979014078776,2331818.43068282
7307,0.0989968032836914,0.0818119023640951,0.507504679361979,2332595.14276371
7308,0.0994968032836914,0.0811424357096354,0.497378011067708,2347040.76910022
7309,0.0989968032836914,0.0818119023640951,0.491827341715495,2347766.74741012
7310,0.0994968032836914,0.0811424357096354,0.481776672363281,2362649.03758707
7311,0.0989968032836914,0.0818119023640951,0.47615234375,2363445.76575536
7312,0.0994968032836914,0.0811424357096354,0.46617534383138,2378972.01631216
7313,0.0989968032836914,0.0818119023640951,0.460475006103516,2379659.73425659
7314,0.0994968032836914,0.0811424357096354,0.450574005126953,2396776.80647471
7315,0.0989968032836914,0.0818119023640951,0.444800008138021,2396929.61478596
7316,0.0994968032836914,0.0811424357096354,0.434973347981771,2415984.56580887
7317,0.0989968032836914,0.0818119023640951,0.429123341878255,2415706.09256904
7318,0.0994968032836914,0.0811424357096354,0.419372009277344,2435725.74913433
7319,0.0989968032836914,0.0818119023640951,0.413447672526042,2435452.39196413
7320,0.0994968032836914,0.0811424357096354,0.403770670572917,2455988.77231866
7321,0.0989968032836914,0.0818119023640951,0.397771006266276,2455436.34692786
7322,0.0994968032836914,0.0811424357096354,0.388170440673828,2477830.2170574
7323,0.0989968032836914,0.0818119023640951,0.382096374511719,2476450.06891528
7324,0.0994968032836914,0.0811424357096354,0.37256923421224,2500046.85052748
7325,0.0989968032836914,0.0818119023640951,0.366418701171875,2498573.86125673
7326,0.0994968032836914,0.0811424357096354,0.35696787516276,2520737.2294983
7327,0.0989968032836914,0.0818119023640951,0.350743906656901,2520048.78766232
7328,0.0994968032836914,0.0811424357096354,0.341367502848307,2541675.93785695
7329,0.0989968032836914,0.0818119023640951,0.335067291259766,2541057.83369525
7330,0.0994968032836914,0.0811424357096354,0.325766194661458,2566511.84666508
7331,0.0989968032836914,0.0818119023640951,0.319391560872396,2564860.83244046
7332,0.0994968032836914,0.0811424357096354,0.310164835611979,2580404.96385359
7333,0.0989968032836914,0.0818119023640951,0.303714864095052,2591677.1812659
7334,0.0994968032836914,0.0811424357096354,0.294564412434896,2607821.52725496
7335,0.0989968032836914,0.0818119023640951,0.288040069580078,2620363.30523834
7336,0.0994968032836914,0.0811424357096354,0.278964975992839,2636920.22874047
7337,0.0989968032836914,0.0818119023640951,0.272364400227865,2650846.31614508
7338,0.0994968032836914,0.0811424357096354,0.263363672892253,2669028.72167655
7339,0.0989968032836914,0.0818119023640951,0.256687739054362,2684349.27934104
7340,0.0994968032836914,0.0811424357096354,0.247761372884115,2703847.59560735
7341,0.0989968032836914,0.0818119023640951,0.241011072794596,2719221.20433317
7342,0.0994968032836914,0.0811424357096354,0.232160039265951,2738813.77829509
7343,0.0989968032836914,0.0818119023640951,0.225335337320964,2755529.60101658
7344,0.0994968032836914,0.0811424357096354,0.216560572306315,2776678.30193462
7345,0.0989968032836914,0.0818119023640951,0.209660568237305,2797901.20863162
7346,0.0994968032836914,0.0811424357096354,0.200960199991862,2817905.39743709
7347,0.0989968032836914,0.0818119023640951,0.193984832763672,2837224.31937052
7348,0.0994968032836914,0.0811424357096354,0.185358067830404,2851362.82159725
7349,0.0989968032836914,0.0818119023640951,0.178308334350586,2877031.00494958
7350,0.0994968032836914,0.0811424357096354,0.16975666809082,2879562.69961364
7351,0.0989968032836914,0.0818119023640951,0.162633336385091,2906525.88991831
7352,0.0994968032836914,0.0811424357096354,0.154158004760742,2916071.2042862
7353,0.0989968032836914,0.0818119023640951,0.146958669026693,2962383.46178022
7354,0.0994968032836914,0.0811424357096354,0.138556666056315,2948498.48086247
7355,0.0989968032836914,0.0818119023640951,0.131281000773112,3006978.22579387
7356,0.0994968032836914,0.0811424357096354,0.122955337524414,3071965.61789395
7357,0.0989968032836914,0.0818119023640951,0.115606338500977,3236362.42923385
7358,0.0994968032836914,0.0811424357096354,0.10735400390625,3213749.19317873
7359,0.0989968032836914,0.0818119023640951,0.0999286702473958,3539210.12070575
7360,0.0994968032836914,0.0811424357096354,0.0917526702880859,3698030.01628742
7361,0.100996737162272,0.0792037022908529,0.554681335449219,2285025.14654987
7362,0.100496770222982,0.0798383356730143,0.559782002766927,2285025.14654987
7363,0.100996737162272,0.0792037022908529,0.544480997721354,2299024.63016891
7364,0.100496770222982,0.0798383356730143,0.539230672200521,2299024.63016891
7365,0.100996737162272,0.0792037022908529,0.529105672200521,2313606.29650783
7366,0.100496770222982,0.0798383356730143,0.523779012044271,2316858.94817308
7367,0.100996737162272,0.0792037022908529,0.513728668212891,2328687.98182737
7368,0.100496770222982,0.0798383356730143,0.508328674316406,2331818.43068282
7369,0.100996737162272,0.0792037022908529,0.498353678385417,2343959.98190022
7370,0.100496770222982,0.0798383356730143,0.492877349853516,2347040.76910022
7371,0.100996737162272,0.0792037022908529,0.482976684570313,2359450.32774663
7372,0.100496770222982,0.0798383356730143,0.477426676432292,2362649.03758707
7373,0.100996737162272,0.0792037022908529,0.467602010091146,2375774.28673496
7374,0.100496770222982,0.0798383356730143,0.461975006103516,2378972.01631216
7375,0.100996737162272,0.0792037022908529,0.452224009195964,2393590.93863467
7376,0.100496770222982,0.0798383356730143,0.446523345947266,2396776.80647471
7377,0.100996737162272,0.0792037022908529,0.436848347981771,2412457.88014651
7378,0.100496770222982,0.0798383356730143,0.431072347005208,2415984.56580887
7379,0.100996737162272,0.0792037022908529,0.421472005208333,2431771.31198259
7380,0.100496770222982,0.0798383356730143,0.415621673583984,2435725.74913433
7381,0.100996737162272,0.0792037022908529,0.406096669514974,2452156.07003863
7382,0.100496770222982,0.0798383356730143,0.400170003255208,2455988.77231866
7383,0.100996737162272,0.0792037022908529,0.390719329833984,2473905.2748908
7384,0.100496770222982,0.0798383356730143,0.384719431559245,2477830.2170574
7385,0.100996737162272,0.0792037022908529,0.375345072428385,2495328.66288094
7386,0.100496770222982,0.0798383356730143,0.36926894124349,2500046.85052748
7387,0.100996737162272,0.0792037022908529,0.359967844645182,2515306.72827218
7388,0.100496770222982,0.0798383356730143,0.353817311604818,2520737.2294983
7389,0.100996737162272,0.0792037022908529,0.344592478434245,2536324.75642206
7390,0.100496770222982,0.0798383356730143,0.338366638183594,2541675.93785695
7391,0.100996737162272,0.0792037022908529,0.329215260823568,2561433.06529107
7392,0.100496770222982,0.0798383356730143,0.322915028889974,2566511.84666508
7393,0.100996737162272,0.0792037022908529,0.31383989461263,2584594.77537298
7394,0.100496770222982,0.0798383356730143,0.307464335123698,2594707.83801922
7395,0.100996737162272,0.0792037022908529,0.298463592529297,2613986.18357302
7396,0.100496770222982,0.0798383356730143,0.292013641357422,2624902.91876995
7397,0.100996737162272,0.0792037022908529,0.283088236490885,2644847.84916375
7398,0.100496770222982,0.0798383356730143,0.27656391398112,2656747.59726052
7399,0.100996737162272,0.0792037022908529,0.267711975097656,2677759.96995425
7400,0.100496770222982,0.0798383356730143,0.261112309773763,2690108.03431217
7401,0.100996737162272,0.0792037022908529,0.252335673014323,2711762.87081552
7402,0.100496770222982,0.0798383356730143,0.245660669962565,2723743.90196232
7403,0.100996737162272,0.0792037022908529,0.23695937093099,2747347.24174396
7404,0.100496770222982,0.0798383356730143,0.230209040323893,2761479.22744174
7405,0.100996737162272,0.0792037022908529,0.221583068847656,2789244.03565435
7406,0.100496770222982,0.0798383356730143,0.214759302775065,2805065.48555917
7407,0.100996737162272,0.0792037022908529,0.206208669026693,2831047.53458765
7408,0.100496770222982,0.0798383356730143,0.1993095703125,2842282.20338177
7409,0.100996737162272,0.0792037022908529,0.19083219909668,2865406.71963129
7410,0.100496770222982,0.0798383356730143,0.183856063842773,2878198.97722538
7411,0.100996737162272,0.0792037022908529,0.175454330444336,2910629.67523123
7412,0.100496770222982,0.0798383356730143,0.168404668172201,2929348.73356438
7413,0.100996737162272,0.0792037022908529,0.160081670125326,2969934.86086865
7414,0.100496770222982,0.0798383356730143,0.152958338419596,2995046.02671506
7415,0.100996737162272,0.0792037022908529,0.144709004720052,3029596.62725458
7416,0.100496770222982,0.0798383356730143,0.13750666809082,3052818.4206312
7417,0.100996737162272,0.0792037022908529,0.12932899983724,3088702.30099203
7418,0.100496770222982,0.0798383356730143,0.122053334554036,3114196.60316007
7419,0.100996737162272,0.0792037022908529,0.113953669230143,3154756.76840186
7420,0.100496770222982,0.0798383356730143,0.106603337605794,3213749.19317873
7421,0.100996737162272,0.0792037022908529,0.0985780029296875,3231758.0286491
7422,0.100496770222982,0.0798383356730143,0.0911526692708333,3698030.01628742
7423,0.100996737162272,0.0792037022908529,0.0832036692301432,3745664.00929006
7424,0.102496704101563,0.0773694686889648,0.554831339518229,2280330.52880711
7425,0.101996704101563,0.0779692687988281,0.559857340494792,2280330.52880711
7426,0.102496704101563,0.0773694686889648,0.544780680338542,2294034.20085259
7427,0.101996704101563,0.0779692687988281,0.53960634358724,2294034.20085259
7428,0.102496704101563,0.0773694686889648,0.529632019042969,2308491.22820172
7429,0.101996704101563,0.0779692687988281,0.524381673177083,2313606.29650783
7430,0.102496704101563,0.0773694686889648,0.51448100789388,2323469.43196751
7431,0.101996704101563,0.0779692687988281,0.509154663085937,2328687.98182737
7432,0.102496704101563,0.0773694686889648,0.499330332438151,2338675.69860912
7433,0.101996704101563,0.0779692687988281,0.493929341634115,2343959.98190022
7434,0.102496704101563,0.0773694686889648,0.484178009033203,2354215.27560169
7435,0.101996704101563,0.0779692687988281,0.478701680501302,2359450.32774663
7436,0.102496704101563,0.0773694686889648,0.469026672363281,2370575.29411541
7437,0.101996704101563,0.0779692687988281,0.463477010091146,2375774.28673496
7438,0.102496704101563,0.0773694686889648,0.453875345865885,2388074.31652194
7439,0.101996704101563,0.0779692687988281,0.448249348958333,2393590.93863467
7440,0.102496704101563,0.0773694686889648,0.43872401936849,2406218.94455767
7441,0.101996704101563,0.0779692687988281,0.433023681640625,2412457.88014651
7442,0.102496704101563,0.0773694686889648,0.423572672526042,2425173.78904509
7443,0.101996704101563,0.0779692687988281,0.417796997070312,2431771.31198259
7444,0.102496704101563,0.0773694686889648,0.408422322591146,2445484.61169445
7445,0.101996704101563,0.0779692687988281,0.402572326660156,2452156.07003863
7446,0.102496704101563,0.0773694686889648,0.39327099609375,2466598.26877646
7447,0.101996704101563,0.0779692687988281,0.387344665527344,2473905.2748908
7448,0.102496704101563,0.0773694686889648,0.378119771321615,2486934.14436598
7449,0.101996704101563,0.0779692687988281,0.372120076497396,2495328.66288094
7450,0.102496704101563,0.0773694686889648,0.362969614664714,2505782.76215304
7451,0.101996704101563,0.0779692687988281,0.356893513997396,2515306.72827218
7452,0.102496704101563,0.0773694686889648,0.347818379720052,2527345.48915805
7453,0.101996704101563,0.0779692687988281,0.341667877197266,2536324.75642206
7454,0.102496704101563,0.0773694686889648,0.332669006347656,2552792.46862765
7455,0.101996704101563,0.0779692687988281,0.326442230224609,2561433.06529107
7456,0.102496704101563,0.0773694686889648,0.317516835530599,2582165.12549616
7457,0.101996704101563,0.0779692687988281,0.311214731852214,2589697.81567043
7458,0.102496704101563,0.0773694686889648,0.302365600585937,2611844.70602908
7459,0.101996704101563,0.0779692687988281,0.295990020751953,2619633.63422371
7460,0.102496704101563,0.0773694686889648,0.287214335123698,2642960.27526737
7461,0.101996704101563,0.0779692687988281,0.280762502034505,2650878.70365525
7462,0.102496704101563,0.0773694686889648,0.272063079833984,2675501.46141788
7463,0.101996704101563,0.0779692687988281,0.265536875406901,2683127.86130141
7464,0.102496704101563,0.0773694686889648,0.256911844889323,2708191.99729414
7465,0.101996704101563,0.0779692687988281,0.250310307820638,2715899.39364226
7466,0.102496704101563,0.0773694686889648,0.241761535644531,2743537.19549955
7467,0.101996704101563,0.0779692687988281,0.235085601806641,2752964.60460566
7468,0.102496704101563,0.0773694686889648,0.226610270182292,2784345.93188223
7469,0.101996704101563,0.0779692687988281,0.219858067830404,2792996.55618703
7470,0.102496704101563,0.0773694686889648,0.211458999633789,2822580.02956213
7471,0.101996704101563,0.0779692687988281,0.204633366902669,2827479.47246113
7472,0.102496704101563,0.0773694686889648,0.196308700561523,2855919.127442
7473,0.101996704101563,0.0779692687988281,0.189406631469727,2863784.39024996
7474,0.102496704101563,0.0773694686889648,0.181157165527344,2908695.81081591
7475,0.101996704101563,0.0779692687988281,0.174180999755859,2925019.50811446
7476,0.102496704101563,0.0773694686889648,0.166005340576172,2971967.06423642
7477,0.101996704101563,0.0779692687988281,0.158955673217773,2988000.93845106
7478,0.102496704101563,0.0773694686889648,0.15085600789388,3028487.32475634
7479,0.101996704101563,0.0779692687988281,0.143732671101888,3042096.70340627
7480,0.102496704101563,0.0773694686889648,0.135704671223958,3089485.70626456
7481,0.101996704101563,0.0779692687988281,0.128503336588542,3099815.51807911
7482,0.102496704101563,0.0773694686889648,0.120551671346029,3129625.854539
7483,0.101996704101563,0.0779692687988281,0.113277669270833,3154756.76840186
7484,0.102496704101563,0.0773694686889648,0.105404006958008,3212156.60643602
7485,0.101996704101563,0.0779692687988281,0.0980546722412109,3231758.0286491
7486,0.102496704101563,0.0773694686889648,0.0902536722819011,3280374.34290672
7487,0.101996704101563,0.0779692687988281,0.0828280029296875,3745664.00929006
7488,0.102496704101563,0.0773694686889648,0.0751023356119792,3869858.13650489
7489,0.10400043741862,0.0756341349283854,0.55498134358724,2271740.36726616
7490,0.103498570760091,0.0762019017537435,0.559932006835937,2271740.36726616
7491,0.10400043741862,0.0756341349283854,0.54508066813151,2285061.12618187
7492,0.103498570760091,0.0762019017537435,0.539980672200521,2285061.12618187
7493,0.10400043741862,0.0756341349283854,0.530156005859375,2299004.64764532
7494,0.103498570760091,0.0762019017537435,0.524981689453125,2308491.22820172
7495,0.10400043741862,0.0756341349283854,0.515230682373047,2313484.4538066
7496,0.103498570760091,0.0762019017537435,0.509980346679688,2323469.43196751
7497,0.10400043741862,0.0756341349283854,0.500303670247396,2328379.85017458
7498,0.103498570760091,0.0762019017537435,0.494980000813802,2338675.69860912
7499,0.10400043741862,0.0756341349283854,0.485378336588542,2343947.9722797
7500,0.103498570760091,0.0762019017537435,0.479977335611979,2354215.27560169
7501,0.10400043741862,0.0756341349283854,0.470450002034505,2360273.4481319
7502,0.103498570760091,0.0762019017537435,0.464975667317708,2370575.29411541
7503,0.10400043741862,0.0756341349283854,0.45552500406901,2377017.05327716
7504,0.103498570760091,0.0762019017537435,0.449974344889323,2388074.31652194
7505,0.10400043741862,0.0756341349283854,0.440598012288411,2394241.65371032
7506,0.103498570760091,0.0762019017537435,0.43497368367513,2406218.94455767
7507,0.10400043741862,0.0756341349283854,0.425672678629557,2412561.00151266
7508,0.103498570760091,0.0762019017537435,0.419972005208333,2425173.78904509
7509,0.10400043741862,0.0756341349283854,0.410747334798177,2431626.5691887
7510,0.103498570760091,0.0762019017537435,0.404973327636719,2445484.61169445
7511,0.10400043741862,0.0756341349283854,0.395822001139323,2450568.46369771
7512,0.103498570760091,0.0762019017537435,0.389969665527344,2466598.26877646
7513,0.10400043741862,0.0756341349283854,0.380894602457682,2468940.15708705
7514,0.103498570760091,0.0762019017537435,0.374971038818359,2486934.14436598
7515,0.10400043741862,0.0756341349283854,0.365971405029297,2487531.1649397
7516,0.103498570760091,0.0762019017537435,0.35996967569987,2505782.76215304
7517,0.10400043741862,0.0756341349283854,0.351044301350911,2509283.2560962
7518,0.103498570760091,0.0762019017537435,0.344969106038411,2527345.48915805
7519,0.10400043741862,0.0756341349283854,0.336119974772135,2534104.32064397
7520,0.103498570760091,0.0762019017537435,0.329970377604167,2552792.46862765
7521,0.10400043741862,0.0756341349283854,0.321194702148437,2574210.6740322
7522,0.103498570760091,0.0762019017537435,0.314967936197917,2580658.76779682
7523,0.10400043741862,0.0756341349283854,0.306266642252604,2603160.31093817
7524,0.103498570760091,0.0762019017537435,0.29996641031901,2609689.65773204
7525,0.10400043741862,0.0756341349283854,0.29134135945638,2633194.41489203
7526,0.103498570760091,0.0762019017537435,0.284964864095052,2639532.30396547
7527,0.10400043741862,0.0756341349283854,0.276414204915365,2663811.06679548
7528,0.103498570760091,0.0762019017537435,0.26996425374349,2669523.83515917
7529,0.10400043741862,0.0756341349283854,0.261488911946615,2695423.55640409
7530,0.103498570760091,0.0762019017537435,0.254962707519531,2702134.066109
7531,0.10400043741862,0.0756341349283854,0.246561772664388,2730278.18217863
7532,0.103498570760091,0.0762019017537435,0.239962137858073,2738135.25870358
7533,0.10400043741862,0.0756341349283854,0.231636505126953,2767164.03999997
7534,0.103498570760091,0.0762019017537435,0.224960571289062,2773409.32749122
7535,0.10400043741862,0.0756341349283854,0.216709335327148,2800992.68485335
7536,0.103498570760091,0.0762019017537435,0.209959966023763,2804502.2220792
7537,0.10400043741862,0.0756341349283854,0.201784098307292,2833844.9996526
7538,0.103498570760091,0.0762019017537435,0.194958465576172,2839959.97800127
7539,0.10400043741862,0.0756341349283854,0.186857065836589,2883921.71934628
7540,0.103498570760091,0.0762019017537435,0.179957834879557,2905013.38048839
7541,0.10400043741862,0.0756341349283854,0.171931671142578,2955989.63645671
7542,0.103498570760091,0.0762019017537435,0.164955342610677,2964806.15940005
7543,0.10400043741862,0.0756341349283854,0.157003672281901,3009277.54606589
7544,0.103498570760091,0.0762019017537435,0.149954004923503,3019169.0568664
7545,0.10400043741862,0.0756341349283854,0.142078333536784,3068606.23417277
7546,0.103498570760091,0.0762019017537435,0.134952336629232,3083397.17679603
7547,0.10400043741862,0.0756341349283854,0.127153004964193,3076071.61575375
7548,0.103498570760091,0.0762019017537435,0.119953674316406,3129625.854539
7549,0.10400043741862,0.0756341349283854,0.112230672200521,3140433.73802995
7550,0.103498570760091,0.0762019017537435,0.104955006917318,3212156.60643602
7551,0.10400043741862,0.0756341349283854,0.0973053385416667,3258465.08433123
7552,0.103498570760091,0.0762019017537435,0.0899533386230469,3362708.68335876
7553,0.10400043741862,0.0756341349283854,0.0823780008951823,3413268.63258073
7554,0.103498570760091,0.0762019017537435,0.0749526672363281,3869858.13650489
7555,0.10400043741862,0.0756341349283854,0.0674530029296875,3801322.38499678
7556,0.105502304077148,0.0740042343139648,0.555131001790365,2259480.01573832
7557,0.105002304077148,0.0745353012084961,0.560007344563802,2259480.01573832
7558,0.105502304077148,0.0740042343139648,0.545380004882812,2272079.98135278
7559,0.105002304077148,0.0745353012084961,0.540355672200521,2272079.98135278
7560,0.105502304077148,0.0740042343139648,0.5306806640625,2285323.73995466
7561,0.105002304077148,0.0745353012084961,0.525580993652344,2299004.64764532
7562,0.105502304077148,0.0740042343139648,0.515980336507161,2299224.55985153
7563,0.105002304077148,0.0745353012084961,0.510804341634115,2313484.4538066
7564,0.105502304077148,0.0740042343139648,0.501279012044271,2313732.57190264
7565,0.105002304077148,0.0745353012084961,0.496028676350911,2328379.85017458
7566,0.105502304077148,0.0740042343139648,0.486577677408854,2329013.07430253
7567,0.105002304077148,0.0745353012084961,0.481251007080078,2343947.9722797
7568,0.105502304077148,0.0740042343139648,0.471875681559245,2344814.74685476
7569,0.105002304077148,0.0745353012084961,0.466475677490234,2360273.4481319
7570,0.105502304077148,0.0740042343139648,0.457174682617188,2360579.55759061
7571,0.105002304077148,0.0745353012084961,0.45169834391276,2377017.05327716
7572,0.105502304077148,0.0740042343139648,0.442472676595052,2376781.32836388
7573,0.105002304077148,0.0745353012084961,0.436923004150391,2394241.65371032
7574,0.105502304077148,0.0740042343139648,0.427774342854818,2393830.00489768
7575,0.105002304077148,0.0745353012084961,0.422148345947266,2412561.00151266
7576,0.105502304077148,0.0740042343139648,0.413073018391927,2411056.27012162
7577,0.105002304077148,0.0745353012084961,0.407372680664063,2431626.5691887
7578,0.105502304077148,0.0740042343139648,0.398373677571615,2427887.58767294
7579,0.105002304077148,0.0745353012084961,0.392597005208333,2450568.46369771
7580,0.105502304077148,0.0740042343139648,0.383669565836589,2445013.62240737
7581,0.105002304077148,0.0745353012084961,0.377819498697917,2468940.15708705
7582,0.105502304077148,0.0740042343139648,0.368970397949219,2463655.86431501
7583,0.105002304077148,0.0745353012084961,0.363045867919922,2487531.1649397
7584,0.105502304077148,0.0740042343139648,0.354268300374349,2484828.16970703
7585,0.105002304077148,0.0745353012084961,0.348268463134766,2509283.2560962
7586,0.105502304077148,0.0740042343139648,0.339568094889323,2508234.63817148
7587,0.105002304077148,0.0745353012084961,0.333494801839193,2534104.32064397
7588,0.105502304077148,0.0740042343139648,0.324869740804036,2532209.38497612
7589,0.105002304077148,0.0745353012084961,0.31871923828125,2560296.62857681
7590,0.105502304077148,0.0740042343139648,0.310167633056641,2587037.59369159
7591,0.105002304077148,0.0745353012084961,0.303941802978516,2586791.62234466
7592,0.105502304077148,0.0740042343139648,0.295466471354167,2614863.3185313
7593,0.105002304077148,0.0745353012084961,0.289166259765625,2613229.40989619
7594,0.105502304077148,0.0740042343139648,0.280764383951823,2642768.77527812
7595,0.105002304077148,0.0745353012084961,0.274388824462891,2640411.96273123
7596,0.105502304077148,0.0740042343139648,0.266063201904297,2672948.24940796
7597,0.105002304077148,0.0745353012084961,0.259613240559896,2671262.65066956
7598,0.105502304077148,0.0740042343139648,0.25136203511556,2706889.51443483
7599,0.105002304077148,0.0745353012084961,0.244836771647135,2704593.62044098
7600,0.105502304077148,0.0740042343139648,0.236661834716797,2741149.52707496
7601,0.105002304077148,0.0745353012084961,0.23006120300293,2737156.48736121
7602,0.105502304077148,0.0740042343139648,0.221961568196615,2772607.07705857
7603,0.105002304077148,0.0745353012084961,0.215285634358724,2767818.5067532
7604,0.105502304077148,0.0740042343139648,0.207260431925456,2803850.15559106
7605,0.105002304077148,0.0745353012084961,0.200508265177409,2801674.40726319
7606,0.105502304077148,0.0740042343139648,0.192558369954427,2849125.83353451
7607,0.105002304077148,0.0745353012084961,0.185732803344727,2851636.11275086
7608,0.105502304077148,0.0740042343139648,0.177857233683268,2918914.94494472
7609,0.105002304077148,0.0745353012084961,0.170955332438151,2917084.69370497
7610,0.105502304077148,0.0740042343139648,0.163156000773112,2974595.78294907
7611,0.105002304077148,0.0745353012084961,0.156180669148763,2972719.27626931
7612,0.105502304077148,0.0740042343139648,0.148457667032878,2966119.75890594
7613,0.105002304077148,0.0745353012084961,0.141404998779297,3031476.68029238
7614,0.105502304077148,0.0740042343139648,0.133755335489909,3018583.32921622
7615,0.105002304077148,0.0745353012084961,0.126629338582357,3076071.61575375
7616,0.105502304077148,0.0740042343139648,0.119056004842122,3080132.32833024
7617,0.105002304077148,0.0745353012084961,0.111856669108073,3140433.73802995
7618,0.105502304077148,0.0740042343139648,0.104355000813802,3163224.33353111
7619,0.105002304077148,0.0745353012084961,0.097079335530599,3276987.4246411
7620,0.105502304077148,0.0740042343139648,0.0896530049641927,3272329.43990112
7621,0.105002304077148,0.0745353012084961,0.0823036702473958,3412918.22970024
7622,0.105502304077148,0.0740042343139648,0.0749526723225911,3503780.76653957
7623,0.105002304077148,0.0745353012084961,0.067527338663737,3801322.38499678
7624,0.105502304077148,0.0740042343139648,0.0602516733805339,3947329.52274876
7625,0.106502271016439,0.072976936340332,0.560081665039063,2249950.93101035
7626,0.107002237955729,0.0724807052612305,0.555281656901042,2249950.93101035
7627,0.106502271016439,0.072976936340332,0.540730326334635,2262003.87176658
7628,0.107002237955729,0.0724807052612305,0.545681315104167,2262003.87176658
7629,0.106502271016439,0.072976936340332,0.526179667154948,2285323.73995466
7630,0.107002237955729,0.0724807052612305,0.531204996744792,2274699.78443816
7631,0.106502271016439,0.072976936340332,0.511628997802734,2299224.55985153
7632,0.107002237955729,0.0724807052612305,0.516728658040365,2288217.39773739
7633,0.106502271016439,0.072976936340332,0.497078684488932,2313732.57190264
7634,0.107002237955729,0.0724807052612305,0.502252675374349,2302560.31602389
7635,0.106502271016439,0.072976936340332,0.482527018229167,2329013.07430253
7636,0.107002237955729,0.0724807052612305,0.487777689615885,2317536.4008879
7637,0.106502271016439,0.072976936340332,0.467974680582682,2344814.74685476
7638,0.107002237955729,0.0724807052612305,0.473299346923828,2332750.00331498
7639,0.106502271016439,0.072976936340332,0.453425354003906,2360579.55759061
7640,0.107002237955729,0.0724807052612305,0.458825347900391,2348004.81900998
7641,0.106502271016439,0.072976936340332,0.438873677571615,2376781.32836388
7642,0.107002237955729,0.0724807052612305,0.444350016276042,2363566.12624685
7643,0.106502271016439,0.072976936340332,0.424325012207031,2393830.00489768
7644,0.107002237955729,0.0724807052612305,0.429874674479167,2379374.60084835
7645,0.106502271016439,0.072976936340332,0.409774678548177,2411056.27012162
7646,0.107002237955729,0.0724807052612305,0.415400675455729,2395284.09064423
7647,0.106502271016439,0.072976936340332,0.395222005208333,2427887.58767294
7648,0.107002237955729,0.0724807052612305,0.400922668457031,2411386.96480161
7649,0.106502271016439,0.072976936340332,0.380670633951823,2445013.62240737
7650,0.107002237955729,0.0724807052612305,0.386446400960286,2428424.61582313
7651,0.106502271016439,0.072976936340332,0.366119272867839,2463655.86431501
7652,0.107002237955729,0.0724807052612305,0.371969441731771,2447150.42449364
7653,0.106502271016439,0.072976936340332,0.351567799886068,2484828.16970703
7654,0.107002237955729,0.0724807052612305,0.35749424235026,2467861.27058472
7655,0.106502271016439,0.072976936340332,0.337017303466797,2508234.63817148
7656,0.107002237955729,0.0724807052612305,0.343017171223958,2490076.28286549
7657,0.106502271016439,0.072976936340332,0.322467732747396,2532209.38497612
7658,0.107002237955729,0.0724807052612305,0.328542002360026,2512534.89186705
7659,0.106502271016439,0.072976936340332,0.307916269938151,2556016.95004834
7660,0.107002237955729,0.0724807052612305,0.31406586710612,2557904.08587714
7661,0.106502271016439,0.072976936340332,0.293364817301432,2579792.82815573
7662,0.107002237955729,0.0724807052612305,0.299588785807292,2582438.66654518
7663,0.106502271016439,0.072976936340332,0.278815266927083,2605163.19683188
7664,0.107002237955729,0.0724807052612305,0.285115488688151,2607370.37821888
7665,0.106502271016439,0.072976936340332,0.264263793945313,2633635.44696033
7666,0.107002237955729,0.0724807052612305,0.270640299479167,2635466.79472019
7667,0.106502271016439,0.072976936340332,0.249712366739909,2664269.64983224
7668,0.107002237955729,0.0724807052612305,0.25616416422526,2666468.28346695
7669,0.106502271016439,0.072976936340332,0.235161870320638,2696905.81551057
7670,0.107002237955729,0.0724807052612305,0.241687138875326,2698861.52538915
7671,0.106502271016439,0.072976936340332,0.220612263997396,2728785.89019032
7672,0.107002237955729,0.0724807052612305,0.227211934407552,2730748.41953758
7673,0.106502271016439,0.072976936340332,0.206060836791992,2761047.11727103
7674,0.107002237955729,0.0724807052612305,0.212736735026042,2762008.7610593
7675,0.106502271016439,0.072976936340332,0.191509404500326,2802816.56971111
7676,0.107002237955729,0.0724807052612305,0.198259704589844,2801185.95960137
7677,0.106502271016439,0.072976936340332,0.176956904093424,2860223.23441677
7678,0.107002237955729,0.0724807052612305,0.183783508300781,2859540.92469814
7679,0.106502271016439,0.072976936340332,0.162406336466471,2911920.90021692
7680,0.107002237955729,0.0724807052612305,0.169305338541667,2913118.79897374
7681,0.106502271016439,0.072976936340332,0.147858001708984,2966119.75890594
7682,0.107002237955729,0.0724807052612305,0.154831339518229,2914993.34760718
7683,0.106502271016439,0.072976936340332,0.13330800374349,3018583.32921622
7684,0.107002237955729,0.0724807052612305,0.140358001708984,2970777.22921651
7685,0.106502271016439,0.072976936340332,0.11875666809082,3080132.32833024
7686,0.107002237955729,0.0724807052612305,0.125882670084635,3031605.08411037
7687,0.106502271016439,0.072976936340332,0.104204335530599,3178152.2188186
7688,0.107002237955729,0.0724807052612305,0.111406667073568,3108933.08711924
7689,0.106502271016439,0.072976936340332,0.0896530049641927,3269170.50660482
7690,0.107002237955729,0.0724807052612305,0.0969286702473958,3184043.44283993
7691,0.106502271016439,0.072976936340332,0.0751023406982422,3425976.74012538
7692,0.107002237955729,0.0724807052612305,0.0824533386230469,3268562.66056145
7693,0.106502271016439,0.072976936340332,0.060552007039388,3947329.52274876
7694,0.107002237955729,0.0724807052612305,0.0679773406982422,3515137.46364149
7695,0.107002237955729,0.0724807052612305,0.0535013376871745,4128607.38436031
7696,0.108001271565755,0.071520273844401,0.560157999674479,2245853.39916871
7697,0.108500338236491,0.0710560735066732,0.555431335449219,2245853.39916871
7698,0.108001271565755,0.071520273844401,0.541106994628906,2257624.95144849
7699,0.108500338236491,0.0710560735066732,0.545980672200521,2257624.95144849
7700,0.108001271565755,0.071520273844401,0.526780334472656,2274699.78443816
7701,0.108500338236491,0.0710560735066732,0.53173134358724,2269960.70998682
7702,0.108001271565755,0.071520273844401,0.512452657063802,2288217.39773739
7703,0.108500338236491,0.0710560735066732,0.51747900390625,2283183.84689501
7704,0.108001271565755,0.071520273844401,0.498127675374349,2302560.31602389
7705,0.108500338236491,0.0710560735066732,0.503227996826172,2297317.15716647
7706,0.108001271565755,0.071520273844401,0.483803344726563,2317536.4008879
7707,0.108500338236491,0.0710560735066732,0.488979339599609,2312097.77376481
7708,0.108001271565755,0.071520273844401,0.469474680582682,2332750.00331498
7709,0.108500338236491,0.0710560735066732,0.474728006998698,2326939.54010036
7710,0.108001271565755,0.071520273844401,0.455150014241536,2348004.81900998
7711,0.108500338236491,0.0710560735066732,0.460474680582682,2341977.84735639
7712,0.108001271565755,0.071520273844401,0.44082568359375,2363566.12624685
7713,0.108500338236491,0.0710560735066732,0.44622568766276,2357306.29059984
7714,0.108001271565755,0.071520273844401,0.426500010172526,2379374.60084835
7715,0.108500338236491,0.0710560735066732,0.431974680582682,2372392.94823782
7716,0.108001271565755,0.071520273844401,0.412173665364583,2395284.09064423
7717,0.108500338236491,0.0710560735066732,0.417723337809245,2387505.58929573
7718,0.108001271565755,0.071520273844401,0.397847330729167,2411386.96480161
7719,0.108500338236491,0.0710560735066732,0.403472330729167,2403291.11568185
7720,0.108001271565755,0.071520273844401,0.383520935058594,2428424.61582313
7721,0.108500338236491,0.0710560735066732,0.389221201578776,2420396.95245113
7722,0.108001271565755,0.071520273844401,0.369194549560547,2447150.42449364
7723,0.108500338236491,0.0710560735066732,0.374970275878906,2439146.34326178
7724,0.108001271565755,0.071520273844401,0.354869079589844,2467861.27058472
7725,0.108500338236491,0.0710560735066732,0.360719217936198,2459643.06745563
7726,0.108001271565755,0.071520273844401,0.340544545491536,2490076.28286549
7727,0.108500338236491,0.0710560735066732,0.346470011393229,2481256.54009162
7728,0.108001271565755,0.071520273844401,0.326216267903646,2512534.89186705
7729,0.108500338236491,0.0710560735066732,0.332218943277995,2503026.846618
7730,0.108001271565755,0.071520273844401,0.311890797932943,2534889.31364394
7731,0.108500338236491,0.0710560735066732,0.317966929117839,2532349.09908862
7732,0.108001271565755,0.071520273844401,0.29756342569987,2557686.72001119
7733,0.108500338236491,0.0710560735066732,0.303715840657552,2555108.12436429
7734,0.108001271565755,0.071520273844401,0.283239817301432,2582178.20916237
7735,0.108500338236491,0.0710560735066732,0.289463785807292,2578971.64389225
7736,0.108001271565755,0.071520273844401,0.268917175292969,2608682.0725987
7737,0.108500338236491,0.0710560735066732,0.275216471354167,2605361.93279295
7738,0.108001271565755,0.071520273844401,0.2545888671875,2637666.22274112
7739,0.108500338236491,0.0710560735066732,0.260965372721354,2633922.83266115
7740,0.108001271565755,0.071520273844401,0.240263437906901,2669505.9193152
7741,0.108500338236491,0.0710560735066732,0.246713368733724,2665204.84384329
7742,0.108001271565755,0.071520273844401,0.225936070760091,2702379.21183045
7743,0.108500338236491,0.0710560735066732,0.232462305704753,2698261.9400864
7744,0.108001271565755,0.071520273844401,0.211610605875651,2734076.71986071
7745,0.108500338236491,0.0710560735066732,0.218210271199544,2730012.6301669
7746,0.108001271565755,0.071520273844401,0.197284205118815,2770752.87380532
7747,0.108500338236491,0.0710560735066732,0.203959208170573,2765019.94626735
7748,0.108001271565755,0.071520273844401,0.182957605997721,2816678.98233422
7749,0.108500338236491,0.0710560735066732,0.189708002726237,2810315.48990667
7750,0.108001271565755,0.071520273844401,0.168632008870443,2867884.2332208
7751,0.108500338236491,0.0710560735066732,0.175457672119141,2840139.77172308
7752,0.108001271565755,0.071520273844401,0.15430500793457,2914993.34760718
7753,0.108500338236491,0.0710560735066732,0.161206675211589,2884456.89763676
7754,0.108001271565755,0.071520273844401,0.139982335408529,2970777.22921651
7755,0.108500338236491,0.0710560735066732,0.14695600382487,2936704.47930601
7756,0.108001271565755,0.071520273844401,0.125658671061198,3057141.16893638
7757,0.108500338236491,0.0710560735066732,0.132708338419596,3000187.30034719
7758,0.108001271565755,0.071520273844401,0.11133066813151,3132533.03684515
7759,0.108500338236491,0.0710560735066732,0.118456670125326,3068607.97487148
7760,0.108001271565755,0.071520273844401,0.0970050048828125,3198865.22842864
7761,0.108500338236491,0.0710560735066732,0.104204671223958,3145401.1836344
7762,0.108001271565755,0.071520273844401,0.0826773376464844,3280583.91060542
7763,0.108500338236491,0.0710560735066732,0.0899533386230469,3212852.67982376
7764,0.108001271565755,0.071520273844401,0.0683530069986979,3417695.32855823
7765,0.108500338236491,0.0710560735066732,0.0757020060221354,3293726.38898849
7766,0.108001271565755,0.071520273844401,0.0540266723632813,4128607.38436031
7767,0.108500338236491,0.0710560735066732,0.0614530080159505,3516576.38699852
7768,0.108500338236491,0.0710560735066732,0.0472010040283203,4491844.20724381
7769,0.109499371846517,0.0701625061035156,0.56023134358724,2242903.29191518
7770,0.109999338785807,0.0697331390380859,0.555581013997396,2242903.29191518
7771,0.109499371846517,0.0701625061035156,0.541479675292969,2254611.45387668
7772,0.109999338785807,0.0697331390380859,0.546280008951823,2254611.45387668
7773,0.109499371846517,0.0701625061035156,0.527380025227865,2269960.70998682
7774,0.109999338785807,0.0697331390380859,0.532254679361979,2266772.14777652
7775,0.109499371846517,0.0701625061035156,0.513278676350912,2283183.84689501
7776,0.109999338785807,0.0697331390380859,0.518228688557943,2279567.27970389
7777,0.109499371846517,0.0701625061035156,0.499177337646484,2297317.15716647
7778,0.109999338785807,0.0697331390380859,0.504201670328776,2293252.25024955
7779,0.109499371846517,0.0701625061035156,0.485079996744792,2312097.77376481
7780,0.109999338785807,0.0697331390380859,0.490177673339844,2307686.06622012
7781,0.109499371846517,0.0701625061035156,0.470978332519531,2326939.54010036
7782,0.109999338785807,0.0697331390380859,0.476154327392578,2322514.72988669
7783,0.109499371846517,0.0701625061035156,0.456876017252604,2341977.84735639
7784,0.109999338785807,0.0697331390380859,0.462126342773438,2337573.94601175
7785,0.109499371846517,0.0701625061035156,0.442774678548177,2357306.29059984
7786,0.109999338785807,0.0697331390380859,0.448100341796875,2352569.06494532
7787,0.109499371846517,0.0701625061035156,0.428673350016276,2372392.94823782
7788,0.109999338785807,0.0697331390380859,0.43407334391276,2366947.9406362
7789,0.109499371846517,0.0701625061035156,0.414572001139323,2387505.58929573
7790,0.109999338785807,0.0697331390380859,0.420047342936198,2381438.96300101
7791,0.109499371846517,0.0701625061035156,0.400471333821615,2403291.11568185
7792,0.109999338785807,0.0697331390380859,0.406021331787109,2397242.85419344
7793,0.109499371846517,0.0701625061035156,0.386370869954427,2420396.95245113
7794,0.109999338785807,0.0697331390380859,0.391996002197266,2414662.34119504
7795,0.109499371846517,0.0701625061035156,0.372269775390625,2439146.34326178
7796,0.109999338785807,0.0697331390380859,0.377970102945964,2433509.21266954
7797,0.109499371846517,0.0701625061035156,0.35817030843099,2459643.06745563
7798,0.109999338785807,0.0697331390380859,0.363945139567057,2453829.62572704
7799,0.109499371846517,0.0701625061035156,0.344070810953776,2481256.54009162
7800,0.109999338785807,0.0697331390380859,0.349920969645182,2474946.95570753
7801,0.109499371846517,0.0701625061035156,0.329969472249349,2503026.846618
7802,0.109999338785807,0.0697331390380859,0.335895874023438,2496118.69492968
7803,0.109499371846517,0.0701625061035156,0.315868103027344,2524768.08116645
7804,0.109999338785807,0.0697331390380859,0.321867970784505,2521169.56300681
7805,0.109499371846517,0.0701625061035156,0.30176670328776,2547192.09638762
7806,0.109999338785807,0.0697331390380859,0.307842834472656,2543293.27219775
7807,0.109499371846517,0.0701625061035156,0.287664398193359,2571369.8530936
7808,0.109999338785807,0.0697331390380859,0.293814900716146,2566929.8593018
7809,0.109499371846517,0.0701625061035156,0.273564900716146,2597109.67493863
7810,0.109999338785807,0.0697331390380859,0.279788859049479,2592264.18877626
7811,0.109499371846517,0.0701625061035156,0.259463541666667,2625255.77715798
7812,0.109999338785807,0.0697331390380859,0.26576377360026,2619750.79755357
7813,0.109499371846517,0.0701625061035156,0.245364069620768,2656299.16954186
7814,0.109999338785807,0.0697331390380859,0.251737737019857,2650108.3038418
7815,0.109499371846517,0.0701625061035156,0.231262700398763,2688854.77789634
7816,0.109999338785807,0.0697331390380859,0.237714533487956,2682824.84865846
7817,0.109499371846517,0.0701625061035156,0.217160405476888,2719941.88980762
7818,0.109999338785807,0.0697331390380859,0.223686599731445,2713831.40001662
7819,0.109499371846517,0.0701625061035156,0.203059041341146,2754895.06083175
7820,0.109999338785807,0.0697331390380859,0.209660573323568,2747404.03103026
7821,0.109499371846517,0.0701625061035156,0.18895757039388,2795794.79621603
7822,0.109999338785807,0.0697331390380859,0.195633605957031,2787459.33022395
7823,0.109499371846517,0.0701625061035156,0.174858001708984,2840139.77172308
7824,0.109999338785807,0.0697331390380859,0.181607503255208,2827694.03909332
7825,0.109499371846517,0.0701625061035156,0.160756673177083,2884456.89763676
7826,0.109999338785807,0.0697331390380859,0.167582336425781,2871920.29402202
7827,0.109499371846517,0.0701625061035156,0.146655670166016,2936704.47930601
7828,0.109999338785807,0.0697331390380859,0.153554672241211,2921935.40287711
7829,0.109499371846517,0.0701625061035156,0.132558670043945,3026951.55638347
7830,0.109999338785807,0.0697331390380859,0.139532333374023,2980021.44479751
7831,0.109499371846517,0.0701625061035156,0.118456670125326,3097052.86735431
7832,0.109999338785807,0.0697331390380859,0.125509002685547,3042675.52115465
7833,0.109499371846517,0.0701625061035156,0.104355336507161,3177134.11260933
7834,0.109999338785807,0.0697331390380859,0.111481333414714,3114113.18316745
7835,0.109499371846517,0.0701625061035156,0.0902536722819011,3212852.67982376
7836,0.109999338785807,0.0697331390380859,0.0974560038248698,3196980.95753548
7837,0.109499371846517,0.0701625061035156,0.076152338663737,3293726.38898849
7838,0.109999338785807,0.0697331390380859,0.0834280039469401,3279298.45882817
7839,0.109499371846517,0.0701625061035156,0.0620526733398438,3516576.38699852
7840,0.109999338785807,0.0697331390380859,0.0694030049641927,3392191.06117945
7841,0.109499371846517,0.0701625061035156,0.0479513397216797,4491844.20724381
7842,0.109999338785807,0.0697331390380859,0.0553766733805338,3603899.27675636
7843,0.109999338785807,0.0697331390380859,0.0413500061035156,4674631.4512208
7844,0.110999305725098,0.0689101715087891,0.560307678222656,2240297.1138431
7845,0.111499305725098,0.0685165710449219,0.555733662923177,2240297.1138431
7846,0.110999305725098,0.0689101715087891,0.541855346679687,2254611.45387668
7847,0.111499305725098,0.0685165710449219,0.546582336425781,2252038.54312867
7848,0.110999305725098,0.0689101715087891,0.527979675292969,2266772.14777652
7849,0.111499305725098,0.0685165710449219,0.532780008951823,2264223.31418884
7850,0.110999305725098,0.0689101715087891,0.514102681477865,2279567.27970389
7851,0.111499305725098,0.0685165710449219,0.518979014078776,2276878.14127643
7852,0.110999305725098,0.0689101715087891,0.500226348876953,2293252.25024955
7853,0.111499305725098,0.0685165710449219,0.50517734781901,2290086.15417961
7854,0.110999305725098,0.0689101715087891,0.486352671305339,2307686.06622012
7855,0.111499305725098,0.0685165710449219,0.491377014160156,2304063.24987195
7856,0.110999305725098,0.0689101715087891,0.472477335611979,2322514.72988669
7857,0.111499305725098,0.0685165710449219,0.477578002929687,2318660.76969888
7858,0.110999305725098,0.0689101715087891,0.458601013183594,2337573.94601175
7859,0.111499305725098,0.0685165710449219,0.463776011149089,2333461.87961225
7860,0.110999305725098,0.0689101715087891,0.444725667317708,2352569.06494532
7861,0.111499305725098,0.0685165710449219,0.449976013183594,2348026.4655845
7862,0.110999305725098,0.0689101715087891,0.430848337809245,2366947.9406362
7863,0.111499305725098,0.0685165710449219,0.436174997965495,2362312.25096475
7864,0.110999305725098,0.0689101715087891,0.416972015380859,2381438.96300101
7865,0.111499305725098,0.0685165710449219,0.422373016357422,2377069.636659
7866,0.110999305725098,0.0689101715087891,0.403097666422526,2397242.85419344
7867,0.111499305725098,0.0685165710449219,0.408573008219401,2392990.98318662
7868,0.110999305725098,0.0689101715087891,0.389221333821615,2414662.34119504
7869,0.111499305725098,0.0685165710449219,0.39477300008138,2410363.4662573
7870,0.110999305725098,0.0689101715087891,0.375344940185547,2433509.21266954
7871,0.111499305725098,0.0685165710449219,0.380971038818359,2429184.17047777
7872,0.110999305725098,0.0689101715087891,0.361469665527344,2453829.62572704
7873,0.111499305725098,0.0685165710449219,0.367169138590495,2449167.47995801
7874,0.110999305725098,0.0689101715087891,0.347596160888672,2474946.95570753
7875,0.111499305725098,0.0685165710449219,0.353370025634766,2469666.94229911
7876,0.110999305725098,0.0689101715087891,0.333720764160156,2496118.69492968
7877,0.111499305725098,0.0685165710449219,0.339570892333984,2490350.761691
7878,0.110999305725098,0.0689101715087891,0.319842569986979,2517551.21034024
7879,0.111499305725098,0.0685165710449219,0.325768961588542,2511766.12173976
7880,0.110999305725098,0.0689101715087891,0.305967173258464,2540530.14603947
7881,0.111499305725098,0.0685165710449219,0.311967041015625,2534052.60291456
7882,0.110999305725098,0.0689101715087891,0.292091776529948,2564760.34531341
7883,0.111499305725098,0.0685165710449219,0.29816791788737,2557833.18399021
7884,0.110999305725098,0.0689101715087891,0.278213572184245,2590748.7898578
7885,0.111499305725098,0.0685165710449219,0.284365987141927,2583041.19416069
7886,0.110999305725098,0.0689101715087891,0.264338205973307,2619108.03056556
7887,0.111499305725098,0.0685165710449219,0.270564046223958,2610417.23789109
7888,0.110999305725098,0.0689101715087891,0.250464701334635,2649894.34044872
7889,0.111499305725098,0.0685165710449219,0.256764938354492,2640372.47572417
7890,0.110999305725098,0.0689101715087891,0.236588368733724,2681607.64518434
7891,0.111499305725098,0.0685165710449219,0.242964869181315,2672321.33270445
7892,0.110999305725098,0.0689101715087891,0.222713002522786,2713031.30294361
7893,0.111499305725098,0.0685165710449219,0.229162938435872,2703900.95104934
7894,0.110999305725098,0.0689101715087891,0.208835734049479,2747790.4166816
7895,0.111499305725098,0.0685165710449219,0.215361968994141,2737251.79913766
7896,0.110999305725098,0.0689101715087891,0.194959406534831,2786838.70291353
7897,0.111499305725098,0.0685165710449219,0.201560002644857,2774878.14297356
7898,0.110999305725098,0.0689101715087891,0.181084167480469,2827694.03909332
7899,0.111499305725098,0.0685165710449219,0.18776003519694,2819007.96932234
7900,0.110999305725098,0.0689101715087891,0.167206670125326,2871920.29402202
7901,0.111499305725098,0.0685165710449219,0.173958999633789,2862721.80118067
7902,0.110999305725098,0.0689101715087891,0.15333066813151,2951222.25679703
7903,0.111499305725098,0.0685165710449219,0.160157002766927,2911799.78099425
7904,0.110999305725098,0.0689101715087891,0.139458002726237,3009225.38071553
7905,0.111499305725098,0.0685165710449219,0.146357335408529,2966198.47125771
7906,0.110999305725098,0.0689101715087891,0.125583333333333,3072136.53059729
7907,0.111499305725098,0.0685165710449219,0.132558670043945,3024248.84483601
7908,0.110999305725098,0.0689101715087891,0.111707331339518,3151173.46129694
7909,0.111499305725098,0.0685165710449219,0.118756998697917,3088590.31274727
7910,0.110999305725098,0.0689101715087891,0.0978296712239583,3196980.95753548
7911,0.111499305725098,0.0685165710449219,0.104955001831055,3175186.87691072
7912,0.110999305725098,0.0689101715087891,0.083954335530599,3279298.45882817
7913,0.111499305725098,0.0685165710449219,0.0911536712646484,3264667.15856863
7914,0.110999305725098,0.0689101715087891,0.0700783386230469,3392191.06117945
7915,0.111499305725098,0.0685165710449219,0.07735400390625,3378999.92096546
7916,0.110999305725098,0.0689101715087891,0.056200673421224,3603899.27675636
7917,0.111499305725098,0.0685165710449219,0.063552007039388,3477199.30568688
7918,0.110999305725098,0.0689101715087891,0.0423253377278646,4674631.4512208
7919,0.111499305725098,0.0685165710449219,0.0497506713867188,3713756.53724286
7920,0.111499305725098,0.0685165710449219,0.0359510040283203,4853663.04102139
7921,0.112499305725098,0.067762336730957,0.560383992513021,2239396.0972084
7922,0.112999305725098,0.0674017028808594,0.555883321126302,2239396.0972084
7923,0.112499305725098,0.067762336730957,0.542231994628906,2252038.54312867
7924,0.112999305725098,0.0674017028808594,0.546882649739583,2251201.15657881
7925,0.112499305725098,0.067762336730957,0.528579671223958,2264223.31418884
7926,0.112999305725098,0.0674017028808594,0.533304667154948,2263452.96016499
7927,0.112499305725098,0.067762336730957,0.514928334554037,2276878.14127643
7928,0.112999305725098,0.0674017028808594,0.519728658040365,2276002.07460735
7929,0.112499305725098,0.067762336730957,0.501279012044271,2290086.15417961
7930,0.112999305725098,0.0674017028808594,0.506153666178385,2288778.66417476
7931,0.112499305725098,0.067762336730957,0.487628682454427,2304063.24987195
7932,0.112999305725098,0.0674017028808594,0.492579681396484,2302022.15909712
7933,0.112499305725098,0.067762336730957,0.473977345784505,2318660.76969888
7934,0.112999305725098,0.0674017028808594,0.479003682454427,2316130.3593089
7935,0.112499305725098,0.067762336730957,0.460325347900391,2333461.87961225
7936,0.112999305725098,0.0674017028808594,0.465426015218099,2330842.07403534
7937,0.112499305725098,0.067762336730957,0.44667567952474,2348026.4655845
7938,0.112999305725098,0.0674017028808594,0.451850016276042,2345319.34255067
7939,0.112499305725098,0.067762336730957,0.433024342854818,2362312.25096475
7940,0.112999305725098,0.0674017028808594,0.438274678548177,2359745.46792156
7941,0.112499305725098,0.067762336730957,0.419374013264974,2377069.636659
7942,0.112999305725098,0.0674017028808594,0.42469867960612,2374690.71895037
7943,0.112499305725098,0.067762336730957,0.405724670410156,2392990.98318662
7944,0.112999305725098,0.0674017028808594,0.411124674479167,2390592.08284929
7945,0.112499305725098,0.067762336730957,0.392073333740234,2410363.4662573
7946,0.112999305725098,0.0674017028808594,0.397549662272135,2407740.04304958
7947,0.112499305725098,0.067762336730957,0.378421305338542,2429184.17047777
7948,0.112999305725098,0.0674017028808594,0.383971934000651,2426285.08723483
7949,0.112499305725098,0.067762336730957,0.364769938151042,2449167.47995801
7950,0.112999305725098,0.0674017028808594,0.370396006266276,2445882.14500552
7951,0.112499305725098,0.067762336730957,0.351118662516276,2469666.94229911
7952,0.112999305725098,0.0674017028808594,0.356819101969401,2465886.41396491
7953,0.112499305725098,0.067762336730957,0.337469258626302,2490350.761691
7954,0.112999305725098,0.0674017028808594,0.3432431640625,2486064.70858364
7955,0.112499305725098,0.067762336730957,0.32381699625651,2511487.73323336
7956,0.112999305725098,0.0674017028808594,0.329667165120443,2506410.84940172
7957,0.112499305725098,0.067762336730957,0.310167643229167,2534094.08176414
7958,0.112999305725098,0.0674017028808594,0.31609120686849,2528629.92969265
7959,0.112499305725098,0.067762336730957,0.296518259684245,2558090.67008561
7960,0.112999305725098,0.0674017028808594,0.30251811726888,2552360.02769713
7961,0.112499305725098,0.067762336730957,0.282866017659505,2583810.68456264
7962,0.112999305725098,0.0674017028808594,0.288942148844401,2577513.47279254
7963,0.112499305725098,0.067762336730957,0.269214752197266,2611932.07920632
7964,0.112999305725098,0.0674017028808594,0.27536430867513,2604954.71165487
7965,0.112499305725098,0.067762336730957,0.255565338134766,2642506.77330209
7966,0.112999305725098,0.0674017028808594,0.261789311726888,2634908.23815504
7967,0.112499305725098,0.067762336730957,0.241913101196289,2673836.04083621
7968,0.112999305725098,0.0674017028808594,0.248213333129883,2666387.67050827
7969,0.112499305725098,0.067762336730957,0.228263737996419,2705294.30538269
7970,0.112999305725098,0.0674017028808594,0.234637400309245,2697380.31642964
7971,0.112499305725098,0.067762336730957,0.214612436930339,2739820.82288766
7972,0.112999305725098,0.0674017028808594,0.221064270019531,2730664.19461891
7973,0.112499305725098,0.067762336730957,0.200960199991862,2778252.89657887
7974,0.112999305725098,0.0674017028808594,0.207486399332682,2769613.22965592
7975,0.112499305725098,0.067762336730957,0.18731086730957,2819007.96932234
7976,0.112999305725098,0.0674017028808594,0.193910435994466,2810540.60564816
7977,0.112499305725098,0.067762336730957,0.17365966796875,2862721.80118067
7978,0.112999305725098,0.0674017028808594,0.18033566792806,2855089.29675515
7979,0.112499305725098,0.067762336730957,0.160007334391276,2943645.83771012
7980,0.112999305725098,0.0674017028808594,0.166757670084635,2904378.23286822
7981,0.112499305725098,0.067762336730957,0.146357335408529,2999556.70120823
7982,0.112999305725098,0.0674017028808594,0.153180999755859,2958099.27802758
7983,0.112499305725098,0.067762336730957,0.132708338419596,3058445.6699912
7984,0.112999305725098,0.0674017028808594,0.139607671101888,3014272.51063006
7985,0.112499305725098,0.067762336730957,0.119056335449219,3088590.31274727
7986,0.112999305725098,0.0674017028808594,0.126032338460286,3074123.23071238
7987,0.112499305725098,0.067762336730957,0.105404001871745,3175186.87691072
7988,0.112999305725098,0.0674017028808594,0.11245566813151,3149854.74578135
7989,0.112499305725098,0.067762336730957,0.0917536722819011,3264667.15856863
7990,0.112999305725098,0.0674017028808594,0.098878672281901,3244265.05374928
7991,0.112499305725098,0.067762336730957,0.0781033376057943,3378999.92096546
7992,0.112999305725098,0.0674017028808594,0.0853036702473958,3354156.44327916
7993,0.112499305725098,0.067762336730957,0.0644513397216797,3477199.30568688
7994,0.112999305725098,0.0674017028808594,0.0717270050048828,3458343.41585746
7995,0.112499305725098,0.067762336730957,0.0508026682535807,3761393.92455549
7996,0.112999305725098,0.0674017028808594,0.0581520029703776,3605895.15118031
7997,0.112499305725098,0.067762336730957,0.037152338663737,4853663.04102139
7998,0.112999305725098,0.0674017028808594,0.0445786692301432,3829225.29937475
7999,0.112999305725098,0.0674017028808594,0.0310020039876302,5095021.87074761
8000,0.113999272664388,0.0667152684529622,0.560457336425781,2237662.57927355
8001,0.114499239603678,0.0663894678751628,0.556032999674479,2237662.57927355
8002,0.113999272664388,0.0667152684529622,0.542605672200521,2251201.15657881
8003,0.114499239603678,0.0663894678751628,0.547182006835938,2249470.09960866
8004,0.113999272664388,0.0667152684529622,0.5291806640625,2263452.96016499
8005,0.114499239603678,0.0663894678751628,0.533831013997396,2261676.2922032
8006,0.113999272664388,0.0667152684529622,0.515754323323568,2276002.07460735
8007,0.114499239603678,0.0663894678751628,0.520481333414713,2273981.69625303
8008,0.113999272664388,0.0667152684529622,0.50232899983724,2288778.66417476
8009,0.114499239603678,0.0663894678751628,0.507129333496094,2286402.91903277
8010,0.113999272664388,0.0667152684529622,0.488905670166016,2302022.15909712
8011,0.114499239603678,0.0663894678751628,0.493780334472656,2299106.50863477
8012,0.113999272664388,0.0667152684529622,0.475479349772135,2316130.3593089
8013,0.114499239603678,0.0663894678751628,0.480430338541667,2312248.24160633
8014,0.113999272664388,0.0667152684529622,0.462050354003906,2330842.07403534
8015,0.114499239603678,0.0663894678751628,0.467077351888021,2325968.65403399
8016,0.113999272664388,0.0667152684529622,0.448625010172526,2345319.34255067
8017,0.114499239603678,0.0663894678751628,0.453724680582682,2340228.22548953
8018,0.113999272664388,0.0667152684529622,0.435199686686198,2359745.46792156
8019,0.114499239603678,0.0663894678751628,0.440375681559245,2354949.60156668
8020,0.113999272664388,0.0667152684529622,0.421773010253906,2374690.71895037
8021,0.114499239603678,0.0663894678751628,0.427023681640625,2370225.51113141
8022,0.113999272664388,0.0667152684529622,0.408349670410156,2390592.08284929
8023,0.114499239603678,0.0663894678751628,0.41367333984375,2386167.56082388
8024,0.113999272664388,0.0667152684529622,0.394924662272135,2407740.04304958
8025,0.114499239603678,0.0663894678751628,0.400324666341146,2402916.87311503
8026,0.113999272664388,0.0667152684529622,0.381496398925781,2426285.08723483
8027,0.114499239603678,0.0663894678751628,0.386972798665365,2420553.03367511
8028,0.113999272664388,0.0667152684529622,0.368071207682292,2445882.14500552
8029,0.114499239603678,0.0663894678751628,0.373620971679687,2438973.15513623
8030,0.113999272664388,0.0667152684529622,0.354645904541016,2465886.41396491
8031,0.114499239603678,0.0663894678751628,0.360271942138672,2458001.62210542
8032,0.113999272664388,0.0667152684529622,0.3412177734375,2486064.70858364
8033,0.114499239603678,0.0663894678751628,0.346920074462891,2477558.1218939
8034,0.113999272664388,0.0667152684529622,0.327791534423828,2506843.71954024
8035,0.114499239603678,0.0663894678751628,0.333568237304687,2497944.01407587
8036,0.113999272664388,0.0667152684529622,0.31436811319987,2528907.1939414
8037,0.114499239603678,0.0663894678751628,0.320218271891276,2523172.95202991
8038,0.113999272664388,0.0667152684529622,0.300942810058594,2552731.47857082
8039,0.114499239603678,0.0663894678751628,0.30686924235026,2546546.01142515
8040,0.113999272664388,0.0667152684529622,0.287516571044922,2578309.93362733
8041,0.114499239603678,0.0663894678751628,0.293517374674479,2571557.46943331
8042,0.113999272664388,0.0667152684529622,0.274091267903646,2606248.16373513
8043,0.114499239603678,0.0663894678751628,0.280167399088542,2598757.59216459
8044,0.113999272664388,0.0667152684529622,0.260663141886393,2636179.15255706
8045,0.114499239603678,0.0663894678751628,0.266815541585286,2628295.59771547
8046,0.113999272664388,0.0667152684529622,0.247236902872721,2666440.41059446
8047,0.114499239603678,0.0663894678751628,0.253462738037109,2659057.40546639
8048,0.113999272664388,0.0667152684529622,0.233811630249023,2697325.33216463
8049,0.114499239603678,0.0663894678751628,0.240110900878906,2689795.50062516
8050,0.113999272664388,0.0667152684529622,0.220388198852539,2731560.9982622
8051,0.114499239603678,0.0663894678751628,0.226761896769206,2723059.47797596
8052,0.113999272664388,0.0667152684529622,0.206961934407552,2769613.22965592
8053,0.114499239603678,0.0663894678751628,0.213411900838216,2751048.94418517
8054,0.113999272664388,0.0667152684529622,0.193534739176432,2810540.60564816
8055,0.114499239603678,0.0663894678751628,0.200060038248698,2790599.65176971
8056,0.113999272664388,0.0667152684529622,0.180109675089518,2871521.10370077
8057,0.114499239603678,0.0663894678751628,0.186709177652995,2833735.42742368
8058,0.113999272664388,0.0667152684529622,0.166683334350586,2921808.0943717
8059,0.114499239603678,0.0663894678751628,0.173359339396159,2880603.82889088
8060,0.113999272664388,0.0667152684529622,0.153255335489909,2975097.32878164
8061,0.114499239603678,0.0663894678751628,0.160007334391276,2931287.1917655
8062,0.113999272664388,0.0667152684529622,0.139831670125326,3014272.51063006
8063,0.114499239603678,0.0663894678751628,0.146655670166016,2984354.14674198
8064,0.113999272664388,0.0667152684529622,0.126408004760742,3074123.23071238
8065,0.114499239603678,0.0663894678751628,0.13330800374349,3041590.30773205
8066,0.113999272664388,0.0667152684529622,0.112980005900065,3149854.74578135
8067,0.114499239603678,0.0663894678751628,0.119956339518229,3111510.68264373
8068,0.113999272664388,0.0667152684529622,0.0995546722412109,3244265.05374928
8069,0.114499239603678,0.0663894678751628,0.106604339599609,3205332.22236549
8070,0.113999272664388,0.0667152684529622,0.0861296691894531,3354156.44327916
8071,0.114499239603678,0.0663894678751628,0.0932556711832682,3302315.23465284
8072,0.113999272664388,0.0667152684529622,0.0727003377278646,3458343.41585746
8073,0.114499239603678,0.0663894678751628,0.0799026692708333,3408311.30684917
8074,0.113999272664388,0.0667152684529622,0.059277333577474,3605895.15118031
8075,0.114499239603678,0.0663894678751628,0.0665500030517578,3552792.34574723
8076,0.113999272664388,0.0667152684529622,0.0458536732991537,3829225.29937475
8077,0.114499239603678,0.0663894678751628,0.0532030029296875,3717149.91903995
8078,0.113999272664388,0.0667152684529622,0.0324256693522135,4668343.94311658
8079,0.114499239603678,0.0663894678751628,0.0398510080973307,3975810.525382
8080,0.114499239603678,0.0663894678751628,0.0264993387858073,5311352.65259349
8081,0.115499206542969,0.0657718022664388,0.560533671061198,2236299.60631052
8082,0.115999206542969,0.0654799372355143,0.556182678222656,2236299.60631052
8083,0.115499206542969,0.0657718022664388,0.54298134358724,2249470.09960866
8084,0.115999206542969,0.0654799372355143,0.54748134358724,2247911.02510291
8085,0.115499206542969,0.0657718022664388,0.529780354817708,2261676.2922032
8086,0.115999206542969,0.0654799372355143,0.534354349772135,2259840.64018177
8087,0.115499206542969,0.0657718022664388,0.516582000732422,2273981.69625303
8088,0.115999206542969,0.0654799372355143,0.521230672200521,2271852.15634014
8089,0.115499206542969,0.0657718022664388,0.503381001790365,2286402.91903277
8090,0.115999206542969,0.0654799372355143,0.508106658935547,2283955.9459691
8091,0.115499206542969,0.0657718022664388,0.490178670247396,2299106.50863477
8092,0.115999206542969,0.0654799372355143,0.49497900390625,2296158.63228835
8093,0.115499206542969,0.0657718022664388,0.476979329427083,2312248.24160633
8094,0.115999206542969,0.0654799372355143,0.481852996826172,2308556.32340543
8095,0.115499206542969,0.0657718022664388,0.463776011149089,2325968.65403399
8096,0.115999206542969,0.0654799372355143,0.46872699991862,2321421.58340959
8097,0.115499206542969,0.0657718022664388,0.450574005126953,2340228.22548953
8098,0.115999206542969,0.0654799372355143,0.455598337809245,2335200.82203858
8099,0.115499206542969,0.0657718022664388,0.437376678466797,2354949.60156668
8100,0.115999206542969,0.0654799372355143,0.442475331624349,2349975.9332889
8101,0.115499206542969,0.0657718022664388,0.424174682617187,2370225.51113141
8102,0.115999206542969,0.0654799372355143,0.429351684570312,2365503.13754089
8103,0.115499206542969,0.0657718022664388,0.410973002115885,2386167.56082388
8104,0.115999206542969,0.0654799372355143,0.416223673502604,2381498.3881751
8105,0.115499206542969,0.0657718022664388,0.397773010253906,2402916.87311503
8106,0.115999206542969,0.0654799372355143,0.403097676595052,2397891.82906896
8107,0.115499206542969,0.0657718022664388,0.384571838378906,2420553.03367511
8108,0.115999206542969,0.0654799372355143,0.389972045898437,2414661.5973894
8109,0.115499206542969,0.0657718022664388,0.371371500651042,2438973.15513623
8110,0.115999206542969,0.0654799372355143,0.376845967610677,2431879.26750215
8111,0.115499206542969,0.0657718022664388,0.358172170003255,2458001.62210542
8112,0.115999206542969,0.0654799372355143,0.363721964518229,2449756.19449448
8113,0.115499206542969,0.0657718022664388,0.344970937093099,2477558.1218939
8114,0.115999206542969,0.0654799372355143,0.350596995035807,2468634.94350211
8115,0.115499206542969,0.0657718022664388,0.331768839518229,2497944.01407587
8116,0.115999206542969,0.0654799372355143,0.33746923828125,2488603.01405139
8117,0.115499206542969,0.0657718022664388,0.318569539388021,2519367.2421759
8118,0.115999206542969,0.0654799372355143,0.324343404134115,2514860.67200498
8119,0.115499206542969,0.0657718022664388,0.305367401123047,2542338.77684351
8120,0.115999206542969,0.0654799372355143,0.311217539469401,2537476.35733541
8121,0.115499206542969,0.0657718022664388,0.292168060302734,2567376.15055528
8122,0.115999206542969,0.0654799372355143,0.298091654459635,2561959.57974373
8123,0.115499206542969,0.0657718022664388,0.278967803955078,2594690.2633421
8124,0.115999206542969,0.0654799372355143,0.284967661539714,2588726.6501935
8125,0.115499206542969,0.0657718022664388,0.265765665690104,2623420.21950878
8126,0.115999206542969,0.0654799372355143,0.271841796875,2617435.13186114
8127,0.115499206542969,0.0657718022664388,0.252562571207682,2652401.00271016
8128,0.115999206542969,0.0654799372355143,0.258713099161784,2646860.02125074
8129,0.115499206542969,0.0657718022664388,0.239361368815104,2682262.33933143
8130,0.115999206542969,0.0654799372355143,0.245587203979492,2676646.18050056
8131,0.115499206542969,0.0657718022664388,0.226162099202474,2714961.67742869
8132,0.115999206542969,0.0654799372355143,0.23246230061849,2696848.20048547
8133,0.115499206542969,0.0657718022664388,0.212961837768555,2751048.94418517
8134,0.115999206542969,0.0654799372355143,0.219338338216146,2731060.2041256
8135,0.115499206542969,0.0657718022664388,0.199760609944661,2790599.65176971
8136,0.115999206542969,0.0654799372355143,0.206212443033854,2768418.385545
8137,0.115499206542969,0.0657718022664388,0.18655854288737,2850037.18695778
8138,0.115999206542969,0.0654799372355143,0.193084676106771,2809089.85599809
8139,0.115499206542969,0.0657718022664388,0.173359339396159,2897824.67392734
8140,0.115999206542969,0.0654799372355143,0.179959040323893,2852994.2431313
8141,0.115499206542969,0.0657718022664388,0.160157002766927,2948493.43679912
8142,0.115999206542969,0.0654799372355143,0.166833002726237,2899826.49669078
8143,0.115499206542969,0.0657718022664388,0.146957672119141,2984354.14674198
8144,0.115999206542969,0.0654799372355143,0.153707005818685,2949330.99803804
8145,0.115499206542969,0.0657718022664388,0.133758336385091,3041590.30773205
8146,0.115999206542969,0.0654799372355143,0.140584004720052,3002483.98753807
8147,0.115499206542969,0.0657718022664388,0.120556004842122,3111510.68264373
8148,0.115999206542969,0.0654799372355143,0.127458002726237,3065625.49509592
8149,0.115499206542969,0.0657718022664388,0.107355005900065,3205332.22236549
8150,0.115999206542969,0.0654799372355143,0.114330337524414,3143536.72986042
8151,0.115499206542969,0.0657718022664388,0.0941546681722005,3302315.23465284
8152,0.115999206542969,0.0654799372355143,0.101204335530599,3237855.19877158
8153,0.115499206542969,0.0657718022664388,0.0809546712239583,3408311.30684917
8154,0.115999206542969,0.0654799372355143,0.0880806681315104,3320714.59597665
8155,0.115499206542969,0.0657718022664388,0.0677513376871745,3552792.34574723
8156,0.115999206542969,0.0654799372355143,0.0749536743164062,3445996.43476211
8157,0.115499206542969,0.0657718022664388,0.0545523376464844,3717149.91903995
8158,0.115999206542969,0.0654799372355143,0.0618280029296875,3582436.79076152
8159,0.115499206542969,0.0657718022664388,0.0413500061035156,3975810.525382
8160,0.115999206542969,0.0654799372355143,0.0487020060221354,3767803.34471374
8161,0.115499206542969,0.0657718022664388,0.0281490071614583,4797599.01868151
8162,0.115999206542969,0.0654799372355143,0.0355743357340495,4110696.0873813
8163,0.115999206542969,0.0654799372355143,0.0224493408203125,5738921.02758008
8164,0.116998240152995,0.0649300715128581,0.560607014973958,2235820.0593697
8165,0.117497273763021,0.0646720708211263,0.556332356770833,2235820.0593697
8166,0.116998240152995,0.0649300715128581,0.543354349772135,2247911.02510291
8167,0.117497273763021,0.0646720708211263,0.547781026204427,2246996.29476666
8168,0.116998240152995,0.0649300715128581,0.530380004882812,2259840.64018177
8169,0.117497273763021,0.0646720708211263,0.534880004882813,2258490.73072542
8170,0.116998240152995,0.0649300715128581,0.51740565999349,2271852.15634014
8171,0.117497273763021,0.0646720708211263,0.521980997721354,2270245.33266472
8172,0.116998240152995,0.0649300715128581,0.504429667154948,2283955.9459691
8173,0.117497273763021,0.0646720708211263,0.509079996744792,2282154.13634403
8174,0.116998240152995,0.0649300715128581,0.491453338623047,2296158.63228835
8175,0.117497273763021,0.0646720708211263,0.496178344726563,2294047.5927919
8176,0.116998240152995,0.0649300715128581,0.478477335611979,2308556.32340543
8177,0.117497273763021,0.0646720708211263,0.48327734375,2305918.36268241
8178,0.116998240152995,0.0649300715128581,0.465499338785807,2321421.58340959
8179,0.117497273763021,0.0646720708211263,0.470376007080078,2318115.38369979
8180,0.116998240152995,0.0649300715128581,0.452523996988932,2335200.82203858
8181,0.117497273763021,0.0646720708211263,0.457474009195964,2331225.78252679
8182,0.116998240152995,0.0649300715128581,0.439550659179687,2349975.9332889
8183,0.117497273763021,0.0646720708211263,0.444574991861979,2345543.98507668
8184,0.116998240152995,0.0649300715128581,0.426574676513672,2365503.13754089
8185,0.117497273763021,0.0646720708211263,0.431674997965495,2360934.62097136
8186,0.116998240152995,0.0649300715128581,0.413598673502604,2381498.3881751
8187,0.117497273763021,0.0646720708211263,0.418772674560547,2376926.84848662
8188,0.116998240152995,0.0649300715128581,0.400622334798177,2397891.82906896
8189,0.117497273763021,0.0646720708211263,0.40587266031901,2393096.04600356
8190,0.116998240152995,0.0649300715128581,0.387647043863932,2414661.5973894
8191,0.117497273763021,0.0646720708211263,0.392972666422526,2409273.46084277
8192,0.116998240152995,0.0649300715128581,0.3746708984375,2431879.26750215
8193,0.117497273763021,0.0646720708211263,0.380071767171224,2425504.16683187
8194,0.116998240152995,0.0649300715128581,0.361696594238281,2449756.19449448
8195,0.117497273763021,0.0646720708211263,0.367171061197917,2442177.27897744
8196,0.116998240152995,0.0649300715128581,0.348721333821615,2468634.94350211
8197,0.117497273763021,0.0646720708211263,0.354271138509115,2459942.47602714
8198,0.116998240152995,0.0649300715128581,0.335743306477865,2488603.01405139
8199,0.117497273763021,0.0646720708211263,0.341369344075521,2479099.19465505
8200,0.116998240152995,0.0649300715128581,0.322768107096354,2509644.4206057
8201,0.117497273763021,0.0646720708211263,0.328467610677083,2506508.00015655
8202,0.116998240152995,0.0649300715128581,0.30979194132487,2532128.63319682
8203,0.117497273763021,0.0646720708211263,0.315568644205729,2528619.46379793
8204,0.116998240152995,0.0649300715128581,0.296815795898437,2556489.31071632
8205,0.117497273763021,0.0646720708211263,0.302665944417318,2552567.39589556
8206,0.116998240152995,0.0649300715128581,0.283841512044271,2582780.29818374
8207,0.117497273763021,0.0646720708211263,0.289766052246094,2578801.14608631
8208,0.116998240152995,0.0649300715128581,0.270865366617839,2610048.09331895
8209,0.117497273763021,0.0646720708211263,0.276865224202474,2606583.60537747
8210,0.116998240152995,0.0649300715128581,0.257890162150065,2637432.36937281
8211,0.117497273763021,0.0646720708211263,0.263966298421224,2634468.49344496
8212,0.116998240152995,0.0649300715128581,0.244912068684896,2665813.96724997
8213,0.117497273763021,0.0646720708211263,0.251064498901367,2648843.74695407
8214,0.116998240152995,0.0649300715128581,0.231938771565755,2696848.20048547
8215,0.117497273763021,0.0646720708211263,0.238162704467773,2678316.31108292
8216,0.116998240152995,0.0649300715128581,0.218964508056641,2731060.2041256
8217,0.117497273763021,0.0646720708211263,0.225264739990234,2710418.23307711
8218,0.116998240152995,0.0649300715128581,0.205986440022786,2777016.77944494
8219,0.117497273763021,0.0646720708211263,0.212362004597982,2745377.40338758
8220,0.116998240152995,0.0649300715128581,0.193011240641276,2817170.24362144
8221,0.117497273763021,0.0646720708211263,0.199461171468099,2783211.48217481
8222,0.116998240152995,0.0649300715128581,0.180035369873047,2859823.43271648
8223,0.117497273763021,0.0646720708211263,0.186561436971029,2823516.73858112
8224,0.116998240152995,0.0649300715128581,0.167057001749674,2899826.49669078
8225,0.117497273763021,0.0646720708211263,0.17365966796875,2865945.73412714
8226,0.116998240152995,0.0649300715128581,0.154082672119141,2949330.99803804
8227,0.117497273763021,0.0646720708211263,0.16075666809082,2910550.30403896
8228,0.116998240152995,0.0649300715128581,0.141109339396159,3002483.98753807
8229,0.117497273763021,0.0646720708211263,0.147858673095703,2959833.27858155
8230,0.116998240152995,0.0649300715128581,0.128131337483724,3065625.49509592
8231,0.117497273763021,0.0646720708211263,0.134957005818685,3016799.09066961
8232,0.116998240152995,0.0649300715128581,0.115156000773112,3143536.72986042
8233,0.117497273763021,0.0646720708211263,0.122055002848307,3083053.33435926
8234,0.116998240152995,0.0649300715128581,0.102180002848307,3237855.19877158
8235,0.117497273763021,0.0646720708211263,0.109156336466471,3157593.60170233
8236,0.116998240152995,0.0649300715128581,0.0892056681315104,3320714.59597665
8237,0.117497273763021,0.0646720708211263,0.0962553354899089,3241824.74261629
8238,0.116998240152995,0.0649300715128581,0.0762296752929687,3445996.43476211
8239,0.117497273763021,0.0646720708211263,0.0833556722005208,3331622.2122634
8240,0.116998240152995,0.0649300715128581,0.0632533365885417,3582436.79076152
8241,0.117497273763021,0.0646720708211263,0.0704526723225911,3440823.68668267
8242,0.116998240152995,0.0649300715128581,0.0502783355712891,3767803.34471374
8243,0.117497273763021,0.0646720708211263,0.0575540008544922,3586915.41123595
8244,0.116998240152995,0.0649300715128581,0.0373003336588542,4110696.0873813
8245,0.117497273763021,0.0646720708211263,0.044652333577474,3799555.08243082
8246,0.116998240152995,0.0649300715128581,0.0243250020345052,4921553.45884028
8247,0.117497273763021,0.0646720708211263,0.0317506663004557,4239614.84470158
8248,0.117497273763021,0.0646720708211263,0.018850331624349,5956446.75812906
8249,0.118496307373047,0.0641927693684896,0.560683349609375,2235946.78336181
8250,0.118996307373047,0.0639714686075846,0.55648301188151,2235946.78336181
8251,0.118496307373047,0.0641927693684896,0.54373134358724,2246996.29476666
8252,0.118996307373047,0.0639714686075846,0.548082336425781,2246627.74782233
8253,0.118496307373047,0.0641927693684896,0.53097900390625,2258490.73072542
8254,0.118996307373047,0.0639714686075846,0.535403666178385,2257672.63281703
8255,0.118496307373047,0.0641927693684896,0.518231669108073,2270245.33266472
8256,0.118996307373047,0.0639714686075846,0.522729675292969,2269070.42015618
8257,0.118496307373047,0.0641927693684896,0.505479339599609,2282154.13634403
8258,0.118996307373047,0.0639714686075846,0.510055674235026,2280591.04689092
8259,0.118496307373047,0.0641927693684896,0.492727345784505,2294047.5927919
8260,0.118996307373047,0.0639714686075846,0.497378011067708,2292199.44372056
8261,0.118496307373047,0.0641927693684896,0.479977010091146,2305918.36268241
8262,0.118996307373047,0.0639714686075846,0.484702006022135,2303852.54977635
8263,0.118496307373047,0.0641927693684896,0.467227345784505,2318115.38369979
8264,0.118996307373047,0.0639714686075846,0.472028340657552,2315849.26718873
8265,0.118496307373047,0.0641927693684896,0.454475016276042,2331225.78252679
8266,0.118996307373047,0.0639714686075846,0.459351684570313,2328484.56155222
8267,0.118496307373047,0.0641927693684896,0.441725667317708,2345543.98507668
8268,0.118996307373047,0.0639714686075846,0.44667567952474,2342146.08750605
8269,0.118496307373047,0.0641927693684896,0.428973663330078,2360934.62097136
8270,0.118996307373047,0.0639714686075846,0.434,2356872.62116196
8271,0.118496307373047,0.0641927693684896,0.416221669514974,2376926.84848662
8272,0.118996307373047,0.0639714686075846,0.421322336832682,2372539.98921454
8273,0.118496307373047,0.0641927693684896,0.403473327636719,2393096.04600356
8274,0.118996307373047,0.0639714686075846,0.40864833577474,2388672.78852764
8275,0.118496307373047,0.0641927693684896,0.390722991943359,2409273.46084277
8276,0.118996307373047,0.0639714686075846,0.395973327636719,2404731.36285224
8277,0.118496307373047,0.0641927693684896,0.377971995035807,2425504.16683187
8278,0.118996307373047,0.0639714686075846,0.383297597249349,2420479.27650331
8279,0.118496307373047,0.0641927693684896,0.365220072428385,2442177.27897744
8280,0.118996307373047,0.0639714686075846,0.370620137532552,2436236.29451008
8281,0.118496307373047,0.0641927693684896,0.352469879150391,2459942.47602714
8282,0.118996307373047,0.0639714686075846,0.357944346110026,2452829.5878785
8283,0.118496307373047,0.0641927693684896,0.339719685872396,2479099.19465505
8284,0.118996307373047,0.0639714686075846,0.345270416259766,2470820.00462894
8285,0.118496307373047,0.0641927693684896,0.326968577067057,2499688.73927959
8286,0.118996307373047,0.0639714686075846,0.332594614664714,2490608.25757351
8287,0.118496307373047,0.0641927693684896,0.314218404134115,2521778.12661499
8288,0.118996307373047,0.0639714686075846,0.319918833414714,2517094.51863298
8289,0.118496307373047,0.0641927693684896,0.301466349283854,2545447.02867537
8290,0.118996307373047,0.0639714686075846,0.307242106119792,2540383.09019375
8291,0.118496307373047,0.0641927693684896,0.288714294433594,2570275.83835662
8292,0.118996307373047,0.0639714686075846,0.294564442952474,2558939.97447624
8293,0.118496307373047,0.0641927693684896,0.275966003417969,2595681.42712767
8294,0.118996307373047,0.0639714686075846,0.281890533447266,2591014.94885561
8295,0.118496307373047,0.0641927693684896,0.263216766357422,2621578.90119475
8296,0.118996307373047,0.0639714686075846,0.269216613769531,2617233.01012359
8297,0.118496307373047,0.0641927693684896,0.250464701334635,2648843.74695407
8298,0.118996307373047,0.0639714686075846,0.256540832519531,2632823.46175859
8299,0.118496307373047,0.0641927693684896,0.237712636311849,2678316.31108292
8300,0.118996307373047,0.0639714686075846,0.24386220296224,2661308.61541897
8301,0.118496307373047,0.0641927693684896,0.224962473551432,2710418.23307711
8302,0.118996307373047,0.0639714686075846,0.231186436971029,2691853.13075289
8303,0.118496307373047,0.0641927693684896,0.21221230061849,2756195.98798731
8304,0.118996307373047,0.0639714686075846,0.218512537638346,2725182.33933432
8305,0.118496307373047,0.0641927693684896,0.199461171468099,2794409.48262281
8306,0.118996307373047,0.0639714686075846,0.205836736043294,2761205.9503347
8307,0.118496307373047,0.0641927693684896,0.186712071736654,2834519.76132359
8308,0.118996307373047,0.0639714686075846,0.193161875406901,2799408.42741274
8309,0.118496307373047,0.0641927693684896,0.173958999633789,2865945.73412714
8310,0.118996307373047,0.0639714686075846,0.180485336303711,2839059.9932221
8311,0.118496307373047,0.0641927693684896,0.161208669026693,2910550.30403896
8312,0.118996307373047,0.0639714686075846,0.167808334350586,2880933.06585182
8313,0.118496307373047,0.0641927693684896,0.148458674112956,2959833.27858155
8314,0.118996307373047,0.0639714686075846,0.155134674072266,2927783.63928758
8315,0.118496307373047,0.0641927693684896,0.135706339518229,3016799.09066961
8316,0.118996307373047,0.0639714686075846,0.142458674112956,2981169.59828101
8317,0.118496307373047,0.0641927693684896,0.122955337524414,3083053.33435926
8318,0.118996307373047,0.0639714686075846,0.129781005859375,3040637.28575823
8319,0.118496307373047,0.0641927693684896,0.110205337524414,3157593.60170233
8320,0.118996307373047,0.0639714686075846,0.117105336507161,3105102.11965125
8321,0.118496307373047,0.0641927693684896,0.0974570058186849,3241824.74261629
8322,0.118996307373047,0.0639714686075846,0.104430674235026,3188484.41987079
8323,0.118496307373047,0.0641927693684896,0.0847046712239583,3331622.2122634
8324,0.118996307373047,0.0639714686075846,0.091756337483724,3276379.27342541
8325,0.118496307373047,0.0641927693684896,0.0719526723225911,3440823.68668267
8326,0.118996307373047,0.0639714686075846,0.0790786743164062,3355343.08255995
8327,0.118496307373047,0.0641927693684896,0.0592036692301432,3586915.41123595
8328,0.118996307373047,0.0639714686075846,0.0664030049641927,3460904.89040625
8329,0.118496307373047,0.0641927693684896,0.0464526672363281,3799555.08243082
8330,0.118996307373047,0.0639714686075846,0.0537283376057943,3643255.42429736
8331,0.118496307373047,0.0641927693684896,0.033701665242513,4239614.84470158
8332,0.118996307373047,0.0639714686075846,0.0410516662597656,3886517.59184667
8333,0.118496307373047,0.0641927693684896,0.0209509989420573,5291468.71211182
8334,0.118996307373047,0.0639714686075846,0.0283766682942708,4349174.99015015
8335,0.118996307373047,0.0639714686075846,0.0157006632486979,5944010.08940608
8336,0.119996294657389,0.0635599670410156,0.560757670084635,2235625.46525166
8337,0.120496281941732,0.0633697662353516,0.556632670084635,2242577.30974066
8338,0.119996294657389,0.0635599670410156,0.544105997721354,2253179.89378348
8339,0.120496281941732,0.0633697662353516,0.548381673177083,2245831.40233442
8340,0.119996294657389,0.0635599670410156,0.531578653971354,2264644.76161931
8341,0.120496281941732,0.0633697662353516,0.535929992675781,2256432.73681227
8342,0.119996294657389,0.0635599670410156,0.5190546875,2275567.20881153
8343,0.120496281941732,0.0633697662353516,0.52347900390625,2267415.67293739
8344,0.119996294657389,0.0635599670410156,0.506528676350911,2286655.4077058
8345,0.120496281941732,0.0633697662353516,0.51102968343099,2278575.646817
8346,0.119996294657389,0.0635599670410156,0.494003336588542,2297955.46981202
8347,0.120496281941732,0.0633697662353516,0.498577667236328,2289784.33866435
8348,0.119996294657389,0.0635599670410156,0.481477335611979,2309599.94578177
8349,0.120496281941732,0.0633697662353516,0.486128000895182,2301193.84481466
8350,0.119996294657389,0.0635599670410156,0.468954010009766,2321743.61121768
8351,0.120496281941732,0.0633697662353516,0.473678009033203,2313026.48997425
8352,0.119996294657389,0.0635599670410156,0.456427012125651,2334479.63490551
8353,0.120496281941732,0.0633697662353516,0.461228342692057,2325410.1868597
8354,0.119996294657389,0.0635599670410156,0.443899678548177,2347914.26838953
8355,0.120496281941732,0.0633697662353516,0.448774342854818,2338576.19941303
8356,0.119996294657389,0.0635599670410156,0.431375,2356872.62116196
8357,0.120496281941732,0.0633697662353516,0.436324666341146,2352621.03486211
8358,0.119996294657389,0.0635599670410156,0.418848673502604,2372539.98921454
8359,0.120496281941732,0.0633697662353516,0.423875,2367564.64776028
8360,0.119996294657389,0.0635599670410156,0.40632334391276,2388672.78852764
8361,0.120496281941732,0.0633697662353516,0.411423014322917,2383130.00734205
8362,0.119996294657389,0.0635599670410156,0.39379833984375,2404731.36285224
8363,0.120496281941732,0.0633697662353516,0.398973347981771,2398802.95498599
8364,0.119996294657389,0.0635599670410156,0.381272338867187,2420479.27650331
8365,0.120496281941732,0.0633697662353516,0.386522745768229,2414253.72279932
8366,0.119996294657389,0.0635599670410156,0.368744445800781,2436236.29451008
8367,0.120496281941732,0.0633697662353516,0.374071044921875,2429681.30916377
8368,0.119996294657389,0.0635599670410156,0.356219350179036,2452829.5878785
8369,0.120496281941732,0.0633697662353516,0.361619384765625,2445528.45181118
8370,0.119996294657389,0.0635599670410156,0.343695139567057,2470820.00462894
8371,0.120496281941732,0.0633697662353516,0.349169606526693,2462504.78191622
8372,0.119996294657389,0.0635599670410156,0.331171844482422,2490608.25757351
8373,0.120496281941732,0.0633697662353516,0.336721638997396,2481181.81705456
8374,0.119996294657389,0.0635599670410156,0.31864296468099,2512285.0741723
8375,0.120496281941732,0.0633697662353516,0.324269938151042,2501851.37112068
8376,0.119996294657389,0.0635599670410156,0.306115966796875,2535255.09176262
8377,0.120496281941732,0.0633697662353516,0.311816396077474,2524116.94450435
8378,0.119996294657389,0.0635599670410156,0.293590840657552,2558939.97447624
8379,0.120496281941732,0.0633697662353516,0.299366607666016,2546867.73811379
8380,0.119996294657389,0.0635599670410156,0.281064748128255,2582680.24827161
8381,0.120496281941732,0.0633697662353516,0.286914906819661,2578980.93415475
8382,0.119996294657389,0.0635599670410156,0.268541483561198,2606811.24291884
8383,0.120496281941732,0.0633697662353516,0.274465087890625,2592224.62760449
8384,0.119996294657389,0.0635599670410156,0.256014470418294,2632823.46175859
8385,0.120496281941732,0.0633697662353516,0.262015274047852,2616516.91081673
8386,0.119996294657389,0.0635599670410156,0.243488403320312,2661308.61541897
8387,0.120496281941732,0.0633697662353516,0.249564539591471,2643204.23394717
8388,0.119996294657389,0.0635599670410156,0.230960433959961,2699879.80526687
8389,0.120496281941732,0.0633697662353516,0.237112833658854,2672468.97528393
8390,0.119996294657389,0.0635599670410156,0.218436269124349,2733829.04922356
8391,0.120496281941732,0.0633697662353516,0.224660202026367,2704357.13687366
8392,0.119996294657389,0.0635599670410156,0.205913009643555,2769577.19230262
8393,0.120496281941732,0.0633697662353516,0.212212305704753,2738388.15713033
8394,0.119996294657389,0.0635599670410156,0.193386906941732,2799408.42741274
8395,0.120496281941732,0.0633697662353516,0.19976247660319,2788814.25728237
8396,0.119996294657389,0.0635599670410156,0.180859003702799,2839059.9932221
8397,0.120496281941732,0.0633697662353516,0.187310770670573,2809995.85459279
8398,0.119996294657389,0.0635599670410156,0.168334004720052,2880933.06585182
8399,0.120496281941732,0.0633697662353516,0.174858337402344,2847657.10800683
8400,0.119996294657389,0.0635599670410156,0.155810674031576,2927783.63928758
8401,0.120496281941732,0.0633697662353516,0.162410339355469,2889983.27512469
8402,0.119996294657389,0.0635599670410156,0.143284673055013,2981169.59828101
8403,0.120496281941732,0.0633697662353516,0.149960673014323,2939370.74405596
8404,0.119996294657389,0.0635599670410156,0.130757339477539,3040637.28575823
8405,0.120496281941732,0.0633697662353516,0.137508672078451,2995336.33107387
8406,0.119996294657389,0.0635599670410156,0.118230672200521,3105102.11965125
8407,0.120496281941732,0.0633697662353516,0.125057006835938,3056054.8697626
8408,0.119996294657389,0.0635599670410156,0.105706339518229,3188484.41987079
8409,0.120496281941732,0.0633697662353516,0.112606338500977,3127868.90490271
8410,0.119996294657389,0.0635599670410156,0.0931800079345703,3276379.27342541
8411,0.120496281941732,0.0633697662353516,0.100156341552734,3226947.44103951
8412,0.119996294657389,0.0635599670410156,0.0806540069580078,3355343.08255995
8413,0.120496281941732,0.0633697662353516,0.0877036743164062,3311927.24852159
8414,0.119996294657389,0.0635599670410156,0.0681290079752604,3460904.89040625
8415,0.120496281941732,0.0633697662353516,0.0752540079752604,3394560.13703488
8416,0.119996294657389,0.0635599670410156,0.0556030069986979,3643255.42429736
8417,0.120496281941732,0.0633697662353516,0.0628043416341146,3516674.56054482
8418,0.119996294657389,0.0635599670410156,0.0430770009358724,3886517.59184667
8419,0.120496281941732,0.0633697662353516,0.0503526713053385,3690453.40539383
8420,0.119996294657389,0.0635599670410156,0.0305516713460286,4430993.95096705
8421,0.120496281941732,0.0633697662353516,0.0379020029703776,3948400.9613469
8422,0.119996294657389,0.0635599670410156,0.0180266723632812,5499267.23219958
8423,0.120496281941732,0.0633697662353516,0.0254520111083984,4527700.93919135
8424,0.120496281941732,0.0633697662353516,0.0130006713867187,6442164.29905416
8425,0.121496259053548,0.0630251668294271,0.5608330078125,2238337.5213249
8426,0.121996248881022,0.0628707682291667,0.556782348632813,2243813.29373294
8427,0.121496259053548,0.0630251668294271,0.544480672200521,2254012.14768415
8428,0.121996248881022,0.0628707682291667,0.548681009928385,2248196.13721101
8429,0.121496259053548,0.0630251668294271,0.532180338541667,2267841.4760284
8430,0.121996248881022,0.0628707682291667,0.536455342610677,2258447.0643264
8431,0.121496259053548,0.0630251668294271,0.519880330403646,2278410.28736267
8432,0.121996248881022,0.0628707682291667,0.524230326334635,2269070.18822179
8433,0.121496259053548,0.0630251668294271,0.507578674316406,2289367.60189716
8434,0.121996248881022,0.0628707682291667,0.512005004882813,2279958.77499413
8435,0.121496259053548,0.0630251668294271,0.495276326497396,2300749.43142113
8436,0.121996248881022,0.0628707682291667,0.499776326497396,2291082.70171861
8437,0.121496259053548,0.0630251668294271,0.482979329427083,2312579.91610604
8438,0.121996248881022,0.0628707682291667,0.48755332438151,2302516.69020362
8439,0.121496259053548,0.0630251668294271,0.470679005940755,2324824.0122737
8440,0.121996248881022,0.0628707682291667,0.475329661051432,2314343.54359403
8441,0.121496259053548,0.0630251668294271,0.45837700398763,2337578.02787016
8442,0.121996248881022,0.0628707682291667,0.463103668212891,2326671.77367957
8443,0.121496259053548,0.0630251668294271,0.446074005126953,2350887.88348843
8444,0.121996248881022,0.0628707682291667,0.450875335693359,2339602.59224666
8445,0.121496259053548,0.0630251668294271,0.433773996988932,2364748.33114895
8446,0.121996248881022,0.0628707682291667,0.438648671468099,2353179.31956296
8447,0.121496259053548,0.0630251668294271,0.421475667317708,2367564.64776028
8448,0.121996248881022,0.0628707682291667,0.426424997965495,2367524.28870059
8449,0.121496259053548,0.0630251668294271,0.409173675537109,2383130.00734205
8450,0.121996248881022,0.0628707682291667,0.414200002034505,2382468.77752756
8451,0.121496259053548,0.0630251668294271,0.39687168375651,2398802.95498599
8452,0.121996248881022,0.0628707682291667,0.401972340901693,2397803.38432402
8453,0.121496259053548,0.0630251668294271,0.384573750813802,2414253.72279932
8454,0.121996248881022,0.0628707682291667,0.389747680664063,2413252.27476608
8455,0.121496259053548,0.0630251668294271,0.372271647135417,2429681.30916377
8456,0.121996248881022,0.0628707682291667,0.377523946126302,2428807.33939708
8457,0.121496259053548,0.0630251668294271,0.359969706217448,2445528.45181118
8458,0.121996248881022,0.0628707682291667,0.365295369466146,2444644.22621442
8459,0.121496259053548,0.0630251668294271,0.347669637044271,2462504.78191622
8460,0.121996248881022,0.0628707682291667,0.353069702148438,2461196.04638229
8461,0.121496259053548,0.0630251668294271,0.335369506835938,2481181.81705456
8462,0.121996248881022,0.0628707682291667,0.340843037923177,2479048.08519606
8463,0.121496259053548,0.0630251668294271,0.323070332845052,2501851.37112068
8464,0.121996248881022,0.0628707682291667,0.328620107014974,2498757.5662494
8465,0.121496259053548,0.0630251668294271,0.310767466227214,2524116.94450435
8466,0.121996248881022,0.0628707682291667,0.31639442952474,2520133.76197147
8467,0.121496259053548,0.0630251668294271,0.298467376708984,2546867.73811379
8468,0.121996248881022,0.0628707682291667,0.304167805989583,2542390.3258766
8469,0.121496259053548,0.0630251668294271,0.286165384928385,2569438.7428191
8470,0.121996248881022,0.0628707682291667,0.291942087809245,2564652.30129782
8471,0.121496259053548,0.0630251668294271,0.273865295410156,2592224.62760449
8472,0.121996248881022,0.0628707682291667,0.27971543375651,2587107.66247043
8473,0.121496259053548,0.0630251668294271,0.26156521097819,2616516.91081673
8474,0.121996248881022,0.0628707682291667,0.267491628011068,2610750.66454748
8475,0.121496259053548,0.0630251668294271,0.249265106201172,2656294.27890348
8476,0.121996248881022,0.0628707682291667,0.255264973958333,2636323.4962401
8477,0.121496259053548,0.0630251668294271,0.236963134765625,2686814.53889999
8478,0.121996248881022,0.0628707682291667,0.243039271036784,2664370.68516755
8479,0.121496259053548,0.0630251668294271,0.224662099202474,2719630.75700511
8480,0.121996248881022,0.0628707682291667,0.230812632242839,2695415.20187984
8481,0.121496259053548,0.0630251668294271,0.212362009684245,2738388.15713033
8482,0.121996248881022,0.0628707682291667,0.218587870279948,2728364.58141036
8483,0.121496259053548,0.0630251668294271,0.200061904907227,2773779.06751301
8484,0.121996248881022,0.0628707682291667,0.206362141927083,2762329.40348952
8485,0.121496259053548,0.0630251668294271,0.187759938557943,2809995.85459279
8486,0.121996248881022,0.0628707682291667,0.194135503133138,2797380.4740699
8487,0.121496259053548,0.0630251668294271,0.175460001627604,2847657.10800683
8488,0.121996248881022,0.0628707682291667,0.18190983581543,2834299.36715877
8489,0.121496259053548,0.0630251668294271,0.163160669962565,2889983.27512469
8490,0.121996248881022,0.0628707682291667,0.169685999552409,2875029.70466605
8491,0.121496259053548,0.0630251668294271,0.15086067199707,2939370.74405596
8492,0.121996248881022,0.0628707682291667,0.157461003621419,2921206.03342374
8493,0.121496259053548,0.0630251668294271,0.138558670043945,2995336.33107387
8494,0.121996248881022,0.0628707682291667,0.145234670003255,2973421.37361062
8495,0.121496259053548,0.0630251668294271,0.126256673177083,3056054.8697626
8496,0.121996248881022,0.0628707682291667,0.13300700378418,3031585.85081184
8497,0.121496259053548,0.0630251668294271,0.113958338419596,3127868.90490271
8498,0.121996248881022,0.0628707682291667,0.120782338460286,3100230.12923127
8499,0.121496259053548,0.0630251668294271,0.101656341552734,3226947.44103951
8500,0.121996248881022,0.0628707682291667,0.108558339436849,3182609.21008233
8501,0.121496259053548,0.0630251668294271,0.0893536732991536,3311927.24852159
8502,0.121996248881022,0.0628707682291667,0.0963300069173177,3269678.89911402
8503,0.121496259053548,0.0630251668294271,0.0770533396402995,3394560.13703488
8504,0.121996248881022,0.0628707682291667,0.0841033376057943,3359392.67497472
8505,0.121496259053548,0.0630251668294271,0.0647553405761719,3516674.56054482
8506,0.121996248881022,0.0628707682291667,0.0718793385823568,3437980.25787878
8507,0.121496259053548,0.0630251668294271,0.0524533386230469,3707121.65847173
8508,0.121996248881022,0.0628707682291667,0.0596546732584635,3568877.09060011
8509,0.121496259053548,0.0630251668294271,0.0401513366699219,3948400.9613469
8510,0.121996248881022,0.0628707682291667,0.047427001953125,3752406.18243996
8511,0.121496259053548,0.0630251668294271,0.0278513437906901,4527700.93919135
8512,0.121996248881022,0.0628707682291667,0.0352003377278646,4053469.68673723
8513,0.121496259053548,0.0630251668294271,0.0155513407389323,5803794.68814629
8514,0.121996248881022,0.0628707682291667,0.0229766743977865,4596245.23441621
8515,0.121996248881022,0.0628707682291667,0.01075,6899117.45307915
8516,0.122998110453288,0.0625967686971029,0.560907348632813,2242410.17234062
8517,0.123499982198079,0.0624771677652995,0.556933024088542,2247527.25253789
8518,0.122998110453288,0.0625967686971029,0.544854349772135,2257547.59727722
8519,0.123499982198079,0.0624771677652995,0.548981363932292,2252244.78796085
8520,0.122998110453288,0.0625967686971029,0.532780334472656,2271716.65854601
8521,0.123499982198079,0.0624771677652995,0.53697900390625,2262358.64086914
8522,0.122998110453288,0.0625967686971029,0.520705993652344,2282318.06497651
8523,0.123499982198079,0.0624771677652995,0.524980997721354,2272738.36488322
8524,0.122998110453288,0.0625967686971029,0.508629333496094,2293368.33693465
8525,0.123499982198079,0.0624771677652995,0.512980326334635,2283429.34271776
8526,0.122998110453288,0.0625967686971029,0.496551330566406,2304941.30976282
8527,0.123499982198079,0.0624771677652995,0.500978006998698,2294538.90846763
8528,0.122998110453288,0.0625967686971029,0.484477986653646,2317016.99861468
8529,0.123499982198079,0.0624771677652995,0.488975992838542,2306157.47987632
8530,0.122998110453288,0.0625967686971029,0.472404998779297,2329502.88860308
8531,0.123499982198079,0.0624771677652995,0.476979329427083,2318200.73138232
8532,0.122998110453288,0.0625967686971029,0.460327667236328,2342461.19211015
8533,0.123499982198079,0.0624771677652995,0.464978342692057,2330698.27165176
8534,0.122998110453288,0.0625967686971029,0.44825,2355857.31686971
8535,0.123499982198079,0.0624771677652995,0.452975667317708,2343701.36418176
8536,0.122998110453288,0.0625967686971029,0.436174346923828,2369666.54441455
8537,0.123499982198079,0.0624771677652995,0.440974344889323,2357205.8024738
8538,0.122998110453288,0.0625967686971029,0.424099334716797,2383881.52229778
8539,0.123499982198079,0.0624771677652995,0.428974009195964,2371205.13434065
8540,0.122998110453288,0.0625967686971029,0.412024993896484,2382468.77752756
8541,0.123499982198079,0.0624771677652995,0.41697499593099,2385653.17224044
8542,0.122998110453288,0.0625967686971029,0.399947001139323,2397803.38432402
8543,0.123499982198079,0.0624771677652995,0.404973327636719,2400602.71406919
8544,0.122998110453288,0.0625967686971029,0.387872009277344,2413252.27476608
8545,0.123499982198079,0.0624771677652995,0.392970672607422,2415946.67592915
8546,0.122998110453288,0.0625967686971029,0.375798004150391,2428807.33939708
8547,0.123499982198079,0.0624771677652995,0.380972137451172,2431732.13221941
8548,0.122998110453288,0.0625967686971029,0.363721964518229,2444644.22621442
8549,0.123499982198079,0.0624771677652995,0.368972300211589,2447998.28296299
8550,0.122998110453288,0.0625967686971029,0.35164409383138,2461196.04638229
8551,0.123499982198079,0.0624771677652995,0.356970692952474,2465001.09154766
8552,0.122998110453288,0.0625967686971029,0.339567138671875,2479048.08519606
8553,0.123499982198079,0.0624771677652995,0.344968129475911,2483007.30437885
8554,0.122998110453288,0.0625967686971029,0.327493967692057,2498757.5662494
8555,0.123499982198079,0.0624771677652995,0.332967468261719,2502452.48183824
8556,0.122998110453288,0.0625967686971029,0.31542079671224,2520133.76197147
8557,0.123499982198079,0.0624771677652995,0.320970560709635,2523083.40022917
8558,0.122998110453288,0.0625967686971029,0.303342010498047,2542390.3258766
8559,0.123499982198079,0.0624771677652995,0.308968037923177,2544481.41599988
8560,0.122998110453288,0.0625967686971029,0.29126601155599,2564652.30129782
8561,0.123499982198079,0.0624771677652995,0.296965504964193,2566596.03788295
8562,0.122998110453288,0.0625967686971029,0.279191904703776,2587107.66247043
8563,0.123499982198079,0.0624771677652995,0.284965779622396,2589309.06756614
8564,0.122998110453288,0.0625967686971029,0.267117818196615,2610750.66454748
8565,0.123499982198079,0.0624771677652995,0.272967956542969,2613239.32939724
8566,0.122998110453288,0.0625967686971029,0.255038970947266,2654266.72076566
8567,0.123499982198079,0.0624771677652995,0.260965398152669,2638668.54310449
8568,0.122998110453288,0.0625967686971029,0.242963007609049,2683491.49051851
8569,0.123499982198079,0.0624771677652995,0.24896283976237,2666121.31121161
8570,0.122998110453288,0.0625967686971029,0.230888900756836,2715122.17622856
8571,0.123499982198079,0.0624771677652995,0.236963139851888,2695993.53454683
8572,0.122998110453288,0.0625967686971029,0.218813873291016,2728364.58141036
8573,0.123499982198079,0.0624771677652995,0.224964370727539,2754225.20064438
8574,0.122998110453288,0.0625967686971029,0.206735972086589,2762329.40348952
8575,0.123499982198079,0.0624771677652995,0.212961842854818,2760893.63803407
8576,0.122998110453288,0.0625967686971029,0.194659973144531,2797380.4740699
8577,0.123499982198079,0.0624771677652995,0.200960205078125,2794935.44045287
8578,0.122998110453288,0.0625967686971029,0.182584971110026,2834299.36715877
8579,0.123499982198079,0.0624771677652995,0.188959543863932,2831300.96443227
8580,0.122998110453288,0.0625967686971029,0.17051166788737,2875029.70466605
8581,0.123499982198079,0.0624771677652995,0.176960805257161,2871899.35128814
8582,0.122998110453288,0.0625967686971029,0.158434666951497,2921206.03342374
8583,0.123499982198079,0.0624771677652995,0.164960001627604,2917283.74528654
8584,0.122998110453288,0.0625967686971029,0.14635866800944,2973421.37361062
8585,0.123499982198079,0.0624771677652995,0.152958333333333,2965900.17482104
8586,0.122998110453288,0.0625967686971029,0.134282002766927,3031585.85081184
8587,0.123499982198079,0.0624771677652995,0.140957667032878,3018988.72008502
8588,0.122998110453288,0.0625967686971029,0.122208002726237,3100230.12923127
8589,0.123499982198079,0.0624771677652995,0.128957336425781,3081424.9927204
8590,0.122998110453288,0.0625967686971029,0.11013200378418,3182609.21008233
8591,0.123499982198079,0.0624771677652995,0.116957667032878,3154335.42783288
8592,0.122998110453288,0.0625967686971029,0.0980550028483073,3269678.89911402
8593,0.123499982198079,0.0624771677652995,0.104955001831055,3244431.13488427
8594,0.122998110453288,0.0625967686971029,0.08597900390625,3359392.67497472
8595,0.123499982198079,0.0624771677652995,0.092954335530599,3328078.48527056
8596,0.122998110453288,0.0625967686971029,0.0739046681722005,3464501.72135708
8597,0.123499982198079,0.0624771677652995,0.080954335530599,3403706.7884459
8598,0.122998110453288,0.0625967686971029,0.0618276723225911,3595778.2645766
8599,0.123499982198079,0.0624771677652995,0.0689536692301432,3521242.63150876
8600,0.122998110453288,0.0625967686971029,0.0497516682942708,3752406.18243996
8601,0.123499982198079,0.0624771677652995,0.0569510040283203,3652224.89847606
8602,0.122998110453288,0.0625967686971029,0.0376759999593099,4053469.68673723
8603,0.123499982198079,0.0624771677652995,0.044951665242513,3848719.23433087
8604,0.122998110453288,0.0625967686971029,0.0256016693115234,4596245.23441621
8605,0.123499982198079,0.0624771677652995,0.0329520009358724,4160795.07942355
8606,0.122998110453288,0.0625967686971029,0.013524668375651,6114910.90990108
8607,0.123499982198079,0.0624771677652995,0.0209510040283203,4893744.84964035
8608,0.123499982198079,0.0624771677652995,0.00894866943359375,7389901.98629468
8609,0.124501841227214,0.0622719014485677,0.560983683268229,2245616.30641517
8610,0.125001828511556,0.0621862360636393,0.557082682291667,2251357.06726368
8611,0.124501841227214,0.0622719014485677,0.545231018066406,2261395.95192282
8612,0.125001828511556,0.0621862360636393,0.549281677246094,2255452.30979931
8613,0.124501841227214,0.0622719014485677,0.533380004882812,2272652.63506829
8614,0.125001828511556,0.0621862360636393,0.537505004882812,2265523.03950011
8615,0.124501841227214,0.0622719014485677,0.521529988606771,2283268.69286473
8616,0.125001828511556,0.0621862360636393,0.525730326334635,2275937.98572553
8617,0.124501841227214,0.0622719014485677,0.509680002848307,2294441.02017117
8618,0.125001828511556,0.0621862360636393,0.513954661051432,2286777.39559913
8619,0.124501841227214,0.0622719014485677,0.497827341715495,2306165.76306321
8620,0.125001828511556,0.0621862360636393,0.502178344726563,2298076.74817089
8621,0.124501841227214,0.0622719014485677,0.48597699991862,2318384.06548387
8622,0.125001828511556,0.0621862360636393,0.490401672363281,2309906.25528729
8623,0.124501841227214,0.0622719014485677,0.474128000895182,2331009.13497332
8624,0.125001828511556,0.0621862360636393,0.478627665201823,2322183.70113079
8625,0.124501841227214,0.0622719014485677,0.462277018229167,2343986.5352528
8626,0.125001828511556,0.0621862360636393,0.466852345784505,2334846.17533186
8627,0.124501841227214,0.0622719014485677,0.450426005045573,2357329.26649091
8628,0.125001828511556,0.0621862360636393,0.455076680501302,2347947.25893859
8629,0.124501841227214,0.0622719014485677,0.438575012207031,2370998.22184255
8630,0.125001828511556,0.0621862360636393,0.443301005045573,2361474.22375318
8631,0.124501841227214,0.0622719014485677,0.426724344889323,2385042.70173868
8632,0.125001828511556,0.0621862360636393,0.431525349934896,2375376.71689948
8633,0.124501841227214,0.0622719014485677,0.414873331705729,2385653.17224044
8634,0.125001828511556,0.0621862360636393,0.419748006184896,2389723.43032389
8635,0.124501841227214,0.0622719014485677,0.403023996988932,2400602.71406919
8636,0.125001828511556,0.0621862360636393,0.407973999023438,2404684.76319998
8637,0.124501841227214,0.0622719014485677,0.39117133585612,2415946.67592915
8638,0.125001828511556,0.0621862360636393,0.396198333740234,2420226.74722527
8639,0.124501841227214,0.0622719014485677,0.379320536295573,2431732.13221941
8640,0.125001828511556,0.0621862360636393,0.384421071370443,2436396.74808098
8641,0.124501841227214,0.0622719014485677,0.367471405029297,2447998.28296299
8642,0.125001828511556,0.0621862360636393,0.3726455078125,2453166.93971318
8643,0.124501841227214,0.0622719014485677,0.355621368408203,2465001.09154766
8644,0.125001828511556,0.0621862360636393,0.360871744791667,2470623.21396893
8645,0.124501841227214,0.0622719014485677,0.343768524169922,2483007.30437885
8646,0.125001828511556,0.0621862360636393,0.34909516398112,2488962.32812256
8647,0.124501841227214,0.0622719014485677,0.331918528238932,2502452.48183824
8648,0.125001828511556,0.0621862360636393,0.337318593343099,2508393.46337647
8649,0.124501841227214,0.0622719014485677,0.320070404052734,2523083.40022917
8650,0.125001828511556,0.0621862360636393,0.32554487101237,2528784.51232722
8651,0.124501841227214,0.0622719014485677,0.308217569986979,2544481.41599988
8652,0.125001828511556,0.0621862360636393,0.313770172119141,2549983.31527128
8653,0.124501841227214,0.0622719014485677,0.296365702311198,2566596.03788295
8654,0.125001828511556,0.0621862360636393,0.301991739908854,2571855.65154618
8655,0.124501841227214,0.0622719014485677,0.284515706380208,2589309.06756614
8656,0.125001828511556,0.0621862360636393,0.290216135660807,2594978.4748924
8657,0.124501841227214,0.0622719014485677,0.272667572021484,2634978.9648382
8658,0.125001828511556,0.0621862360636393,0.278441446940104,2619841.56975405
8659,0.124501841227214,0.0622719014485677,0.260815668741862,2661860.45443302
8660,0.125001828511556,0.0621862360636393,0.266667704264323,2645900.70369546
8661,0.124501841227214,0.0622719014485677,0.24896283976237,2690786.33753577
8662,0.125001828511556,0.0621862360636393,0.254889241536458,2673481.27615432
8663,0.124501841227214,0.0622719014485677,0.237112838745117,2695993.53454683
8664,0.125001828511556,0.0621862360636393,0.243112706502279,2703086.23871205
8665,0.124501841227214,0.0622719014485677,0.225264739990234,2727941.1231852
8666,0.125001828511556,0.0621862360636393,0.23133896891276,2734416.79789087
8667,0.124501841227214,0.0622719014485677,0.213411905924479,2760893.63803407
8668,0.125001828511556,0.0621862360636393,0.219564305623372,2767269.31555092
8669,0.124501841227214,0.0622719014485677,0.20156000773112,2794935.44045287
8670,0.125001828511556,0.0621862360636393,0.207785837809245,2801360.93933226
8671,0.124501841227214,0.0622719014485677,0.189709976196289,2831300.96443227
8672,0.125001828511556,0.0621862360636393,0.196010208129883,2837544.34056553
8673,0.124501841227214,0.0622719014485677,0.177860809326172,2871899.35128814
8674,0.125001828511556,0.0621862360636393,0.184235407511393,2877876.1463203
8675,0.124501841227214,0.0622719014485677,0.166009002685547,2917283.74528654
8676,0.125001828511556,0.0621862360636393,0.172460673014323,2923269.74461931
8677,0.124501841227214,0.0622719014485677,0.154157999674479,2965900.17482104
8678,0.125001828511556,0.0621862360636393,0.160683334350586,2971651.83789205
8679,0.124501841227214,0.0622719014485677,0.142307001749674,3018988.72008502
8680,0.125001828511556,0.0621862360636393,0.148907669067383,3022104.41454882
8681,0.124501841227214,0.0622719014485677,0.130458002726237,3081424.9927204
8682,0.125001828511556,0.0621862360636393,0.13713200378418,3078811.57099526
8683,0.124501841227214,0.0622719014485677,0.118607335408529,3154335.42783288
8684,0.125001828511556,0.0621862360636393,0.125358337402344,3144757.05213978
8685,0.124501841227214,0.0622719014485677,0.106754333496094,3244431.13488427
8686,0.125001828511556,0.0621862360636393,0.11358100382487,3219448.94614254
8687,0.124501841227214,0.0622719014485677,0.0949050038655599,3328078.48527056
8688,0.125001828511556,0.0621862360636393,0.101805002848307,3284482.98706501
8689,0.124501841227214,0.0622719014485677,0.0830560048421224,3428536.26383536
8690,0.125001828511556,0.0621862360636393,0.0900313415527344,3373420.36306228
8691,0.124501841227214,0.0622719014485677,0.0712030029296875,3521242.63150876
8692,0.125001828511556,0.0621862360636393,0.0782556711832682,3481900.15378498
8693,0.124501841227214,0.0622719014485677,0.059350336710612,3652224.89847606
8694,0.125001828511556,0.0621862360636393,0.0664763387044271,3599472.48632841
8695,0.124501841227214,0.0622719014485677,0.0475033315022786,3848719.23433087
8696,0.125001828511556,0.0621862360636393,0.0547026672363281,3745037.85405047
8697,0.124501841227214,0.0622719014485677,0.0356533355712891,4138379.44966568
8698,0.125001828511556,0.0621862360636393,0.0429290008544922,3951780.82350555
8699,0.124501841227214,0.0622719014485677,0.0238003387451172,4852193.3841245
8700,0.125001828511556,0.0621862360636393,0.031152338663737,4256765.46156531
8701,0.124501841227214,0.0622719014485677,0.0119486694335937,6545696.77170512
8702,0.125001828511556,0.0621862360636393,0.0193740030924479,5499267.23219958
8703,0.125001828511556,0.0621862360636393,0.00760033162434896,8057274.5157088
8704,0.126001803080241,0.0620506362915039,0.561057006835938,2246224.53347097
8705,0.126501790364583,0.0620007019042969,0.557232340494792,2252683.05592408
8706,0.126001803080241,0.0620506362915039,0.545604675292969,2262490.44157636
8707,0.126501790364583,0.0620007019042969,0.549581013997396,2255809.56271261
8708,0.126001803080241,0.0620506362915039,0.533980672200521,2271100.46116297
8709,0.126501790364583,0.0620007019042969,0.53802968343099,2265588.82667284
8710,0.126001803080241,0.0620506362915039,0.522355326334635,2281342.91293095
8711,0.126501790364583,0.0620007019042969,0.526480672200521,2275762.011854
8712,0.126001803080241,0.0620506362915039,0.510729665120443,2292225.16815168
8713,0.126501790364583,0.0620007019042969,0.514929992675781,2286499.7481436
8714,0.126001803080241,0.0620506362915039,0.49910400390625,2303778.35029728
8715,0.126501790364583,0.0620007019042969,0.503380666097005,2297810.18831515
8716,0.126001803080241,0.0620506362915039,0.487477010091146,2315878.3801322
8717,0.126501790364583,0.0620007019042969,0.491828338623047,2309712.8380999
8718,0.126001803080241,0.0620506362915039,0.475853006998698,2328478.08558052
8719,0.126501790364583,0.0620007019042969,0.480277679443359,2322092.3910118
8720,0.126001803080241,0.0620506362915039,0.464227010091146,2341483.58322904
8721,0.126501790364583,0.0620007019042969,0.468728006998698,2334885.0260319
8722,0.126001803080241,0.0620506362915039,0.452602345784505,2354727.88572419
8723,0.126501790364583,0.0620007019042969,0.45717734781901,2347984.95504034
8724,0.126001803080241,0.0620506362915039,0.440975341796875,2368130.42874829
8725,0.126501790364583,0.0620007019042969,0.445626007080078,2361412.38402541
8726,0.126001803080241,0.0620506362915039,0.429349344889323,2381788.77730456
8727,0.126501790364583,0.0620007019042969,0.43407334391276,2375109.60354038
8728,0.126001803080241,0.0620506362915039,0.417722676595052,2389723.43032389
8729,0.126501790364583,0.0620007019042969,0.422523010253906,2389214.76344704
8730,0.126001803080241,0.0620506362915039,0.406098337809245,2404684.76319998
8731,0.126501790364583,0.0620007019042969,0.410972340901693,2403798.83773876
8732,0.126001803080241,0.0620506362915039,0.394474334716797,2420226.74722527
8733,0.126501790364583,0.0620007019042969,0.399424336751302,2419177.25963206
8734,0.126001803080241,0.0620506362915039,0.382845733642578,2436396.74808098
8735,0.126501790364583,0.0620007019042969,0.387871999104818,2435480.23828428
8736,0.126001803080241,0.0620506362915039,0.371219940185547,2453166.93971318
8737,0.126501790364583,0.0620007019042969,0.376319630940755,2452606.25376982
8738,0.126001803080241,0.0620506362915039,0.359595906575521,2470623.21396893
8739,0.126501790364583,0.0620007019042969,0.364769999186198,2470520.03250197
8740,0.126001803080241,0.0620506362915039,0.347970906575521,2488962.32812256
8741,0.126501790364583,0.0620007019042969,0.353221272786458,2489207.34817192
8742,0.126001803080241,0.0620506362915039,0.336345001220703,2508393.46337647
8743,0.126501790364583,0.0620007019042969,0.341670674641927,2508441.86167925
8744,0.126001803080241,0.0620506362915039,0.324719106038411,2528784.51232722
8745,0.126501790364583,0.0620007019042969,0.330119171142578,2527936.33503476
8746,0.126001803080241,0.0620506362915039,0.31309413655599,2549983.31527128
8747,0.126501790364583,0.0620007019042969,0.318568603515625,2548221.8230478
8748,0.126001803080241,0.0620506362915039,0.301468200683594,2571855.65154618
8749,0.126501790364583,0.0620007019042969,0.307017995198568,2569791.34871787
8750,0.126001803080241,0.0620506362915039,0.289842315673828,2610804.33042754
8751,0.126501790364583,0.0620007019042969,0.295468343098958,2592777.80601295
8752,0.126001803080241,0.0620506362915039,0.278215464274089,2636771.89914457
8753,0.126501790364583,0.0620007019042969,0.283915903727214,2617450.8448814
8754,0.126001803080241,0.0620506362915039,0.266591440836589,2664076.85321575
8755,0.126501790364583,0.0620007019042969,0.272365325927734,2643771.41078615
8756,0.126001803080241,0.0620506362915039,0.254965510050456,2693040.98311667
8757,0.126501790364583,0.0620007019042969,0.260815673828125,2671777.04391078
8758,0.126001803080241,0.0620506362915039,0.243338704427083,2703086.23871205
8759,0.126501790364583,0.0620007019042969,0.249265106201172,2713177.98605071
8760,0.126001803080241,0.0620506362915039,0.231714665730794,2734416.79789087
8761,0.126501790364583,0.0620007019042969,0.237714533487956,2731590.97800824
8762,0.126001803080241,0.0620506362915039,0.220088770548503,2767269.31555092
8763,0.126501790364583,0.0620007019042969,0.226164901733398,2762968.63236823
8764,0.126001803080241,0.0620506362915039,0.208461903889974,2801360.93933226
8765,0.126501790364583,0.0620007019042969,0.214612436930339,2796539.39133402
8766,0.126001803080241,0.0620506362915039,0.196836003621419,2837544.34056553
8767,0.126501790364583,0.0620007019042969,0.203061869303385,2833125.81155893
8768,0.126001803080241,0.0620506362915039,0.185211837768555,2877876.1463203
8769,0.126501790364583,0.0620007019042969,0.191512201944987,2873397.84576172
8770,0.126001803080241,0.0620506362915039,0.173585001627604,2923269.74461931
8771,0.126501790364583,0.0620007019042969,0.179961568196615,2918187.25497618
8772,0.126001803080241,0.0620506362915039,0.161959004720052,2971651.83789205
8773,0.126501790364583,0.0620007019042969,0.168409001668294,2966095.69312329
8774,0.126001803080241,0.0620506362915039,0.150333338419596,3022104.41454882
8775,0.126501790364583,0.0620007019042969,0.156859339396159,3016784.0674247
8776,0.126001803080241,0.0620506362915039,0.138708338419596,3078811.57099526
8777,0.126501790364583,0.0620007019042969,0.145309005737305,3072969.07010794
8778,0.126001803080241,0.0620506362915039,0.127084340413411,3144757.05213978
8779,0.126501790364583,0.0620007019042969,0.133760340372721,3134730.62095527
8780,0.126001803080241,0.0620506362915039,0.115455673217773,3219448.94614254
8781,0.126501790364583,0.0620007019042969,0.1222080078125,3186160.87439267
8782,0.126001803080241,0.0620506362915039,0.103830337524414,3307072.99153133
8783,0.126501790364583,0.0620007019042969,0.110654337565104,3268084.38415155
8784,0.126001803080241,0.0620506362915039,0.0922063395182292,3373420.36306228
8785,0.126501790364583,0.0620007019042969,0.0991053365071615,3361433.01788146
8786,0.126001803080241,0.0620506362915039,0.0805806732177734,3481900.15378498
8787,0.126501790364583,0.0620007019042969,0.0875560048421224,3465229.8495416
8788,0.126001803080241,0.0620506362915039,0.0689520060221354,3599472.48632841
8789,0.126501790364583,0.0620007019042969,0.0760036722819011,3574668.97095725
8790,0.126001803080241,0.0620506362915039,0.0573280029296875,3745037.85405047
8791,0.126501790364583,0.0620007019042969,0.0644513397216797,3741485.74737888
8792,0.126001803080241,0.0620506362915039,0.0457036692301432,3922252.75280037
8793,0.126501790364583,0.0620007019042969,0.0529033355712891,3905857.56558247
8794,0.126001803080241,0.0620506362915039,0.0340770060221354,4221793.88100844
8795,0.126501790364583,0.0620007019042969,0.0413526713053385,4113773.45897404
8796,0.126001803080241,0.0620506362915039,0.0224513346354167,4953551.58068736
8797,0.126501790364583,0.0620007019042969,0.0298023376464844,4564310.11821738
8798,0.126001803080241,0.0620506362915039,0.0108253275553385,6856818.45159424
8799,0.126501790364583,0.0620007019042969,0.0182509969075521,5385534.4195765
8800,0.126501790364583,0.0620007019042969,0.00670000203450521,9051513.94909991
8801,0.127500829060872,0.0619329020182292,0.561133341471354,2245279.9929653
8802,0.127999880472819,0.0619150365193685,0.557381998697917,2251856.15270421
8803,0.127500829060872,0.0619329020182292,0.545980346679688,2261350.8545814
8804,0.127999880472819,0.0619150365193685,0.549880330403646,2254638.84347978
8805,0.127500829060872,0.0619329020182292,0.534580688476562,2271100.46116297
8806,0.127999880472819,0.0619150365193685,0.538555013020833,2264100.46603636
8807,0.127500829060872,0.0619329020182292,0.523179667154948,2281342.91293095
8808,0.127999880472819,0.0619150365193685,0.527230672200521,2273868.63319006
8809,0.127500829060872,0.0619329020182292,0.511779663085937,2292225.16815168
8810,0.127999880472819,0.0619150365193685,0.515903991699219,2284202.08176566
8811,0.127500829060872,0.0619329020182292,0.500381663004557,2303778.35029728
8812,0.127999880472819,0.0619150365193685,0.504580332438151,2295180.20194102
8813,0.127500829060872,0.0619329020182292,0.48897900390625,2315878.3801322
8814,0.127999880472819,0.0619150365193685,0.493255666097005,2306810.89273847
8815,0.127500829060872,0.0619329020182292,0.477577351888021,2328478.08558052
8816,0.127999880472819,0.0619150365193685,0.48192734781901,2318998.90622288
8817,0.127500829060872,0.0619329020182292,0.466178344726562,2334885.0260319
8818,0.127999880472819,0.0619150365193685,0.470603017171224,2331681.92414511
8819,0.127500829060872,0.0619329020182292,0.454778015136719,2347984.95504034
8820,0.127999880472819,0.0619150365193685,0.459278015136719,2344753.56840579
8821,0.127500829060872,0.0619329020182292,0.443374338785807,2361412.38402541
8822,0.127999880472819,0.0619150365193685,0.447951344807943,2357988.54613239
8823,0.127500829060872,0.0619329020182292,0.4319716796875,2375109.60354038
8824,0.127999880472819,0.0619150365193685,0.436622009277344,2371353.6105908
8825,0.127500829060872,0.0619329020182292,0.420574015299479,2389214.76344704
8826,0.127999880472819,0.0619150365193685,0.425298685709635,2384971.90784453
8827,0.127500829060872,0.0619329020182292,0.409173004150391,2403798.83773876
8828,0.127999880472819,0.0619150365193685,0.413974344889323,2399011.38378747
8829,0.127500829060872,0.0619329020182292,0.397773010253906,2419177.25963206
8830,0.127999880472819,0.0619150365193685,0.402647674560547,2413719.74824064
8831,0.127500829060872,0.0619329020182292,0.386371999104818,2435480.23828428
8832,0.127999880472819,0.0619150365193685,0.391323008219401,2429379.91683865
8833,0.127500829060872,0.0619329020182292,0.374970296223958,2452606.25376982
8834,0.127999880472819,0.0619150365193685,0.379996398925781,2446062.61658536
8835,0.127500829060872,0.0619329020182292,0.363570393880208,2470520.03250197
8836,0.127999880472819,0.0619150365193685,0.36867100016276,2463752.46229044
8837,0.127500829060872,0.0619329020182292,0.352171407063802,2489207.34817192
8838,0.127999880472819,0.0619150365193685,0.357346435546875,2482503.04583764
8839,0.127500829060872,0.0619329020182292,0.340771443684896,2508441.86167925
8840,0.127999880472819,0.0619150365193685,0.346021809895833,2501852.62749952
8841,0.127500829060872,0.0619329020182292,0.329368733723958,2527936.33503476
8842,0.127999880472819,0.0619150365193685,0.334695332845052,2521092.47548421
8843,0.127500829060872,0.0619329020182292,0.317966929117839,2548221.8230478
8844,0.127999880472819,0.0619150365193685,0.323366994222005,2540248.58563995
8845,0.127500829060872,0.0619329020182292,0.306568868001302,2578222.48297161
8846,0.127999880472819,0.0619150365193685,0.312043334960938,2560282.79350794
8847,0.127500829060872,0.0619329020182292,0.295167978922526,2601776.11455733
8848,0.127999880472819,0.0619150365193685,0.300718709309896,2582166.09677226
8849,0.127500829060872,0.0619329020182292,0.283766184488932,2626963.14692769
8850,0.127999880472819,0.0619150365193685,0.289392232259115,2605946.81893058
8851,0.127500829060872,0.0619329020182292,0.272365325927734,2654354.2207782
8852,0.127999880472819,0.0619150365193685,0.278065745035807,2631372.63599986
8853,0.127500829060872,0.0619329020182292,0.260965403238932,2671777.04391078
8854,0.127999880472819,0.0619150365193685,0.266741170247396,2659337.44522887
8855,0.127500829060872,0.0619329020182292,0.249564539591471,2701296.25245992
8856,0.127999880472819,0.0619150365193685,0.255414672851562,2688864.32835547
8857,0.127500829060872,0.0619329020182292,0.23816460164388,2731590.97800824
8858,0.127999880472819,0.0619150365193685,0.244088205973307,2718301.66535062
8859,0.127500829060872,0.0619329020182292,0.22676469930013,2762968.63236823
8860,0.127999880472819,0.0619150365193685,0.232764531453451,2748068.39000696
8861,0.127500829060872,0.0619329020182292,0.215361968994141,2796539.39133402
8862,0.127999880472819,0.0619150365193685,0.221438100179036,2779132.69639855
8863,0.127500829060872,0.0619329020182292,0.203962036132812,2833125.81155893
8864,0.127999880472819,0.0619150365193685,0.210111602783203,2813094.67791315
8865,0.127500829060872,0.0619329020182292,0.192563034057617,2873397.84576172
8866,0.127999880472819,0.0619150365193685,0.198787002563477,2851797.4446715
8867,0.127500829060872,0.0619329020182292,0.18116123453776,2918187.25497618
8868,0.127999880472819,0.0619150365193685,0.187462336222331,2894800.90243632
8869,0.127500829060872,0.0619329020182292,0.169759333292643,2966095.69312329
8870,0.127999880472819,0.0619150365193685,0.176134999593099,2939911.73321407
8871,0.127500829060872,0.0619329020182292,0.158358337402344,3016784.0674247
8872,0.127999880472819,0.0619150365193685,0.164808334350586,2988863.32664765
8873,0.127500829060872,0.0619329020182292,0.146960673014323,3072969.07010794
8874,0.127999880472819,0.0619150365193685,0.153484003702799,3043503.56104983
8875,0.127500829060872,0.0619329020182292,0.13556000773112,3134730.62095527
8876,0.127999880472819,0.0619150365193685,0.142159673055013,3101808.1668043
8877,0.127500829060872,0.0619329020182292,0.12415700785319,3205069.29041599
8878,0.127999880472819,0.0619150365193685,0.1308330078125,3164055.10819422
8879,0.127500829060872,0.0619329020182292,0.112756001790365,3292483.38982149
8880,0.127999880472819,0.0619150365193685,0.119506337483724,3237748.38235039
8881,0.127500829060872,0.0619329020182292,0.101355000813802,3361433.01788146
8882,0.127999880472819,0.0619150365193685,0.108181666056315,3338599.7967848
8883,0.127500829060872,0.0619329020182292,0.0899553375244141,3465229.8495416
8884,0.127999880472819,0.0619150365193685,0.0968553365071615,3448127.09000532
8885,0.127500829060872,0.0619329020182292,0.0785543365478516,3574668.97095725
8886,0.127999880472819,0.0619150365193685,0.0855306701660156,3557139.94637597
8887,0.127500829060872,0.0619329020182292,0.0671526743570964,3701155.85877024
8888,0.127999880472819,0.0619150365193685,0.0742040049235026,3678614.06692304
8889,0.127500829060872,0.0619329020182292,0.0557516733805338,3861528.91820107
8890,0.127999880472819,0.0619150365193685,0.062877675374349,3815613.74611054
8891,0.127500829060872,0.0619329020182292,0.0443536682128906,4052432.8446734
8892,0.127999880472819,0.0619150365193685,0.0515530039469401,3994382.99696317
8893,0.127500829060872,0.0619329020182292,0.0329540049235026,4367457.0833492
8894,0.127999880472819,0.0619150365193685,0.0402296702067057,4228851.7877814
8895,0.127500829060872,0.0619329020182292,0.0215513305664062,5176506.89861432
8896,0.127999880472819,0.0619150365193685,0.0289033355712891,4564310.11821738
8897,0.127500829060872,0.0619329020182292,0.0101493428548177,7119844.66069725
8898,0.127999880472819,0.0619150365193685,0.0175750020345052,5385534.4195765
8899,0.127999880472819,0.0619150365193685,0.00625001017252604,10027930.5871796
8900,0.128998916625977,0.0619150365193685,0.561206665039062,2245279.9929653
8901,0.128998916625977,0.0619150365193685,0.549880330403646,2254638.84347978
8902,0.129498901367188,0.0619329020182292,0.557381998697917,2251856.15270421
8903,0.128998916625977,0.0619150365193685,0.538555013020833,2264100.46603636
8904,0.129498901367188,0.0619329020182292,0.545980346679688,2261350.8545814
8905,0.128998916625977,0.0619150365193685,0.527230672200521,2273868.63319006
8906,0.129498901367188,0.0619329020182292,0.534580688476562,2271100.46116297
8907,0.128998916625977,0.0619150365193685,0.515903991699219,2284202.08176566
8908,0.129498901367188,0.0619329020182292,0.523179667154948,2281342.91293095
8909,0.128998916625977,0.0619150365193685,0.504580332438151,2295180.20194102
8910,0.129498901367188,0.0619329020182292,0.511779663085937,2292225.16815168
8911,0.128998916625977,0.0619150365193685,0.493255666097005,2306810.89273847
8912,0.129498901367188,0.0619329020182292,0.500381663004557,2298076.74817089
8913,0.128998916625977,0.0619150365193685,0.48192734781901,2318998.90622288
8914,0.129498901367188,0.0619329020182292,0.48897900390625,2309906.25528729
8915,0.128998916625977,0.0619150365193685,0.470603017171224,2331681.92414511
8916,0.129498901367188,0.0619329020182292,0.477577351888021,2322183.70113079
8917,0.128998916625977,0.0619150365193685,0.459278015136719,2344753.56840579
8918,0.129498901367188,0.0619329020182292,0.466178344726562,2334846.17533186
8919,0.128998916625977,0.0619150365193685,0.447951344807943,2357988.54613239
8920,0.129498901367188,0.0619329020182292,0.454778015136719,2347947.25893859
8921,0.128998916625977,0.0619150365193685,0.436622009277344,2371353.6105908
8922,0.129498901367188,0.0619329020182292,0.443374338785807,2361474.22375318
8923,0.128998916625977,0.0619150365193685,0.425298685709635,2384971.90784453
8924,0.129498901367188,0.0619329020182292,0.4319716796875,2375376.71689948
8925,0.128998916625977,0.0619150365193685,0.413974344889323,2399011.38378747
8926,0.129498901367188,0.0619329020182292,0.420574015299479,2389214.76344704
8927,0.128998916625977,0.0619150365193685,0.402647674560547,2413719.74824064
8928,0.129498901367188,0.0619329020182292,0.409173004150391,2403798.83773876
8929,0.128998916625977,0.0619150365193685,0.391323008219401,2429379.91683865
8930,0.129498901367188,0.0619329020182292,0.397773010253906,2419177.25963206
8931,0.128998916625977,0.0619150365193685,0.379996398925781,2446062.61658536
8932,0.129498901367188,0.0619329020182292,0.386371999104818,2435480.23828428
8933,0.128998916625977,0.0619150365193685,0.36867100016276,2463752.46229044
8934,0.129498901367188,0.0619329020182292,0.374970296223958,2452606.25376982
8935,0.128998916625977,0.0619150365193685,0.357346435546875,2482503.04583764
8936,0.129498901367188,0.0619329020182292,0.363570393880208,2470520.03250197
8937,0.128998916625977,0.0619150365193685,0.346021809895833,2501852.62749952
8938,0.129498901367188,0.0619329020182292,0.352171407063802,2489207.34817192
8939,0.128998916625977,0.0619150365193685,0.334695332845052,2521092.47548421
8940,0.129498901367188,0.0619329020182292,0.340771443684896,2508441.86167925
8941,0.128998916625977,0.0619150365193685,0.323366994222005,2540248.58563995
8942,0.129498901367188,0.0619329020182292,0.329368733723958,2527936.33503476
8943,0.128998916625977,0.0619150365193685,0.312043334960938,2560282.79350794
8944,0.129498901367188,0.0619329020182292,0.317966929117839,2548221.8230478
8945,0.128998916625977,0.0619150365193685,0.300718709309896,2582166.09677226
8946,0.129498901367188,0.0619329020182292,0.306568868001302,2569791.34871787
8947,0.128998916625977,0.0619150365193685,0.289392232259115,2605946.81893058
8948,0.129498901367188,0.0619329020182292,0.295167978922526,2592777.80601295
8949,0.128998916625977,0.0619150365193685,0.278065745035807,2631372.63599986
8950,0.129498901367188,0.0619329020182292,0.283766184488932,2617450.8448814
8951,0.128998916625977,0.0619150365193685,0.266741170247396,2659337.44522887
8952,0.129498901367188,0.0619329020182292,0.272365325927734,2643771.41078615
8953,0.128998916625977,0.0619150365193685,0.255414672851562,2688864.32835547
8954,0.129498901367188,0.0619329020182292,0.260965403238932,2671777.04391078
8955,0.128998916625977,0.0619150365193685,0.244088205973307,2718301.66535062
8956,0.129498901367188,0.0619329020182292,0.249564539591471,2701296.25245992
8957,0.128998916625977,0.0619150365193685,0.232764531453451,2748068.39000696
8958,0.129498901367188,0.0619329020182292,0.23816460164388,2731590.97800824
8959,0.128998916625977,0.0619150365193685,0.221438100179036,2779132.69639855
8960,0.129498901367188,0.0619329020182292,0.22676469930013,2762968.63236823
8961,0.128998916625977,0.0619150365193685,0.210111602783203,2813094.67791315
8962,0.129498901367188,0.0619329020182292,0.215361968994141,2796539.39133402
8963,0.128998916625977,0.0619150365193685,0.198787002563477,2851797.4446715
8964,0.129498901367188,0.0619329020182292,0.203962036132812,2833125.81155893
8965,0.128998916625977,0.0619150365193685,0.187462336222331,2894800.90243632
8966,0.129498901367188,0.0619329020182292,0.192563034057617,2873397.84576172
8967,0.128998916625977,0.0619150365193685,0.176134999593099,2939911.73321407
8968,0.129498901367188,0.0619329020182292,0.18116123453776,2918187.25497618
8969,0.128998916625977,0.0619150365193685,0.164808334350586,2988863.32664765
8970,0.129498901367188,0.0619329020182292,0.169759333292643,2966095.69312329
8971,0.128998916625977,0.0619150365193685,0.153484003702799,3043503.56104983
8972,0.129498901367188,0.0619329020182292,0.158358337402344,3003220.28349219
8973,0.128998916625977,0.0619150365193685,0.142159673055013,3101808.1668043
8974,0.129498901367188,0.0619329020182292,0.146960673014323,3057208.51862367
8975,0.128998916625977,0.0619150365193685,0.1308330078125,3164055.10819422
8976,0.129498901367188,0.0619329020182292,0.13556000773112,3117607.32898245
8977,0.128998916625977,0.0619150365193685,0.119506337483724,3237748.38235039
8978,0.129498901367188,0.0619329020182292,0.12415700785319,3205069.29041599
8979,0.128998916625977,0.0619150365193685,0.108181666056315,3338599.7967848
8980,0.129498901367188,0.0619329020182292,0.112756001790365,3292483.38982149
8981,0.128998916625977,0.0619150365193685,0.0968553365071615,3448127.09000532
8982,0.129498901367188,0.0619329020182292,0.101355000813802,3361433.01788146
8983,0.128998916625977,0.0619150365193685,0.0855306701660156,3557139.94637597
8984,0.129498901367188,0.0619329020182292,0.0899553375244141,3465229.8495416
8985,0.128998916625977,0.0619150365193685,0.0742040049235026,3678614.06692304
8986,0.129498901367188,0.0619329020182292,0.0785543365478516,3574668.97095725
8987,0.128998916625977,0.0619150365193685,0.062877675374349,3815613.74611054
8988,0.129498901367188,0.0619329020182292,0.0671526743570964,3701155.85877024
8989,0.128998916625977,0.0619150365193685,0.0515530039469401,3994382.99696317
8990,0.129498901367188,0.0619329020182292,0.0557516733805338,3861528.91820107
8991,0.128998916625977,0.0619150365193685,0.0402296702067057,4228851.7877814
8992,0.129498901367188,0.0619329020182292,0.0443536682128906,4052432.8446734
8993,0.128998916625977,0.0619150365193685,0.0289033355712891,4564310.11821738
8994,0.129498901367188,0.0619329020182292,0.0329540049235026,4367457.0833492
8995,0.128998916625977,0.0619150365193685,0.0175750020345052,5385534.4195765
8996,0.129498901367188,0.0619329020182292,0.0215513305664062,5176506.89861432
8997,0.128998916625977,0.0619150365193685,0.00625001017252604,10027930.5871796
8998,0.129498901367188,0.0619329020182292,0.0101493428548177,7119844.66069725
8999,0.130498870849609,0.0620007019042969,0.561133341471354,2246224.53347097
9000,0.130498870849609,0.0620007019042969,0.549581013997396,2255809.56271261
9001,0.13099885559082,0.0620506362915039,0.557232340494792,2252683.05592408
9002,0.130498870849609,0.0620007019042969,0.53802968343099,2265588.82667284
9003,0.13099885559082,0.0620506362915039,0.545604675292969,2261350.8545814
9004,0.130498870849609,0.0620007019042969,0.526480672200521,2275762.011854
9005,0.13099885559082,0.0620506362915039,0.533980672200521,2271100.46116297
9006,0.130498870849609,0.0620007019042969,0.514929992675781,2286499.7481436
9007,0.13099885559082,0.0620506362915039,0.522355326334635,2281342.91293095
9008,0.130498870849609,0.0620007019042969,0.503380666097005,2297810.18831515
9009,0.13099885559082,0.0620506362915039,0.510729665120443,2292225.16815168
9010,0.130498870849609,0.0620007019042969,0.491828338623047,2309712.8380999
9011,0.13099885559082,0.0620506362915039,0.49910400390625,2303778.35029728
9012,0.130498870849609,0.0620007019042969,0.480277679443359,2322092.3910118
9013,0.13099885559082,0.0620506362915039,0.487477010091146,2315878.3801322
9014,0.130498870849609,0.0620007019042969,0.468728006998698,2334885.0260319
9015,0.13099885559082,0.0620506362915039,0.475853006998698,2328478.08558052
9016,0.130498870849609,0.0620007019042969,0.45717734781901,2347984.95504034
9017,0.13099885559082,0.0620506362915039,0.464227010091146,2341483.58322904
9018,0.130498870849609,0.0620007019042969,0.445626007080078,2361412.38402541
9019,0.13099885559082,0.0620506362915039,0.452602345784505,2354727.88572419
9020,0.130498870849609,0.0620007019042969,0.43407334391276,2375109.60354038
9021,0.13099885559082,0.0620506362915039,0.440975341796875,2368130.42874829
9022,0.130498870849609,0.0620007019042969,0.422523010253906,2389214.76344704
9023,0.13099885559082,0.0620506362915039,0.429349344889323,2381788.77730456
9024,0.130498870849609,0.0620007019042969,0.410972340901693,2403798.83773876
9025,0.13099885559082,0.0620506362915039,0.417722676595052,2395838.51084549
9026,0.130498870849609,0.0620007019042969,0.399424336751302,2419177.25963206
9027,0.13099885559082,0.0620506362915039,0.406098337809245,2410466.62606134
9028,0.130498870849609,0.0620007019042969,0.387871999104818,2435480.23828428
9029,0.13099885559082,0.0620506362915039,0.394474334716797,2426039.92146631
9030,0.130498870849609,0.0620007019042969,0.376319630940755,2452606.25376982
9031,0.13099885559082,0.0620506362915039,0.382845733642578,2442590.08734785
9032,0.130498870849609,0.0620007019042969,0.364769999186198,2470520.03250197
9033,0.13099885559082,0.0620506362915039,0.371219940185547,2460101.40884519
9034,0.130498870849609,0.0620007019042969,0.353221272786458,2489207.34817192
9035,0.13099885559082,0.0620506362915039,0.359595906575521,2478598.40749994
9036,0.130498870849609,0.0620007019042969,0.341670674641927,2508441.86167925
9037,0.13099885559082,0.0620506362915039,0.347970906575521,2488962.32812256
9038,0.130498870849609,0.0620007019042969,0.330119171142578,2527936.33503476
9039,0.13099885559082,0.0620506362915039,0.336345001220703,2508393.46337647
9040,0.130498870849609,0.0620007019042969,0.318568603515625,2548221.8230478
9041,0.13099885559082,0.0620506362915039,0.324719106038411,2528784.51232722
9042,0.130498870849609,0.0620007019042969,0.307017995198568,2569791.34871787
9043,0.13099885559082,0.0620506362915039,0.31309413655599,2549983.31527128
9044,0.130498870849609,0.0620007019042969,0.295468343098958,2592777.80601295
9045,0.13099885559082,0.0620506362915039,0.301468200683594,2571855.65154618
9046,0.130498870849609,0.0620007019042969,0.283915903727214,2617450.8448814
9047,0.13099885559082,0.0620506362915039,0.289842315673828,2594978.4748924
9048,0.130498870849609,0.0620007019042969,0.272365325927734,2643771.41078615
9049,0.13099885559082,0.0620506362915039,0.278215464274089,2619841.56975405
9050,0.130498870849609,0.0620007019042969,0.260815673828125,2671777.04391078
9051,0.13099885559082,0.0620506362915039,0.266591440836589,2645900.70369546
9052,0.130498870849609,0.0620007019042969,0.249265106201172,2701296.25245992
9053,0.13099885559082,0.0620506362915039,0.254965510050456,2673481.27615432
9054,0.130498870849609,0.0620007019042969,0.237714533487956,2731590.97800824
9055,0.13099885559082,0.0620506362915039,0.243338704427083,2703086.23871205
9056,0.130498870849609,0.0620007019042969,0.226164901733398,2762968.63236823
9057,0.13099885559082,0.0620506362915039,0.231714665730794,2734416.79789087
9058,0.130498870849609,0.0620007019042969,0.214612436930339,2796539.39133402
9059,0.13099885559082,0.0620506362915039,0.220088770548503,2767269.31555092
9060,0.130498870849609,0.0620007019042969,0.203061869303385,2833125.81155893
9061,0.13099885559082,0.0620506362915039,0.208461903889974,2801360.93933226
9062,0.130498870849609,0.0620007019042969,0.191512201944987,2873397.84576172
9063,0.13099885559082,0.0620506362915039,0.196836003621419,2837544.34056553
9064,0.130498870849609,0.0620007019042969,0.179961568196615,2918187.25497618
9065,0.13099885559082,0.0620506362915039,0.185211837768555,2877876.1463203
9066,0.130498870849609,0.0620007019042969,0.168409001668294,2966095.69312329
9067,0.13099885559082,0.0620506362915039,0.173585001627604,2923269.74461931
9068,0.130498870849609,0.0620007019042969,0.156859339396159,3016784.0674247
9069,0.13099885559082,0.0620506362915039,0.161959004720052,2971651.83789205
9070,0.130498870849609,0.0620007019042969,0.145309005737305,3072969.07010794
9071,0.13099885559082,0.0620506362915039,0.150333338419596,3002420.72768783
9072,0.130498870849609,0.0620007019042969,0.133760340372721,3134730.62095527
9073,0.13099885559082,0.0620506362915039,0.138708338419596,3057250.09363748
9074,0.130498870849609,0.0620007019042969,0.1222080078125,3205069.29041599
9075,0.13099885559082,0.0620506362915039,0.127084340413411,3121970.42239394
9076,0.130498870849609,0.0620007019042969,0.110654337565104,3292483.38982149
9077,0.13099885559082,0.0620506362915039,0.115455673217773,3195247.10233535
9078,0.130498870849609,0.0620007019042969,0.0991053365071615,3388868.81651535
9079,0.13099885559082,0.0620506362915039,0.103830337524414,3284482.98706501
9080,0.130498870849609,0.0620007019042969,0.0875560048421224,3496792.37434481
9081,0.13099885559082,0.0620506362915039,0.0922063395182292,3373420.36306228
9082,0.130498870849609,0.0620007019042969,0.0760036722819011,3608765.15025955
9083,0.13099885559082,0.0620506362915039,0.0805806732177734,3481900.15378498
9084,0.130498870849609,0.0620007019042969,0.0644513397216797,3741485.74737888
9085,0.13099885559082,0.0620506362915039,0.0689520060221354,3599472.48632841
9086,0.130498870849609,0.0620007019042969,0.0529033355712891,3905857.56558247
9087,0.13099885559082,0.0620506362915039,0.0573280029296875,3745037.85405047
9088,0.130498870849609,0.0620007019042969,0.0413526713053385,4113773.45897404
9089,0.13099885559082,0.0620506362915039,0.0457036692301432,3922252.75280037
9090,0.130498870849609,0.0620007019042969,0.0298023376464844,4439774.10476016
9091,0.13099885559082,0.0620506362915039,0.0340770060221354,4221793.88100844
9092,0.130498870849609,0.0620007019042969,0.0182509969075521,5284658.8643813
9093,0.13099885559082,0.0620506362915039,0.0224513346354167,4953551.58068736
9094,0.130498870849609,0.0620007019042969,0.00670000203450521,9051513.94909991
9095,0.13099885559082,0.0620506362915039,0.0108253275553385,6856818.45159424
9096,0.131998830159505,0.0621862360636393,0.561057006835938,2245616.30641517
9097,0.131998830159505,0.0621862360636393,0.549281677246094,2255452.30979931
9098,0.132498819986979,0.0622719014485677,0.557082682291667,2251357.06726368
9099,0.131998830159505,0.0621862360636393,0.537505004882812,2265523.03950011
9100,0.132498819986979,0.0622719014485677,0.545231018066406,2262490.44157636
9101,0.131998830159505,0.0621862360636393,0.525730326334635,2275937.98572553
9102,0.132498819986979,0.0622719014485677,0.533380004882812,2272652.63506829
9103,0.131998830159505,0.0621862360636393,0.513954661051432,2286777.39559913
9104,0.132498819986979,0.0622719014485677,0.521529988606771,2283268.69286473
9105,0.131998830159505,0.0621862360636393,0.502178344726563,2298076.74817089
9106,0.132498819986979,0.0622719014485677,0.509680002848307,2294441.02017117
9107,0.131998830159505,0.0621862360636393,0.490401672363281,2309906.25528729
9108,0.132498819986979,0.0622719014485677,0.497827341715495,2306165.76306321
9109,0.131998830159505,0.0621862360636393,0.478627665201823,2322183.70113079
9110,0.132498819986979,0.0622719014485677,0.48597699991862,2318384.06548387
9111,0.131998830159505,0.0621862360636393,0.466852345784505,2334846.17533186
9112,0.132498819986979,0.0622719014485677,0.474128000895182,2331009.13497332
9113,0.131998830159505,0.0621862360636393,0.455076680501302,2347947.25893859
9114,0.132498819986979,0.0622719014485677,0.462277018229167,2343986.5352528
9115,0.131998830159505,0.0621862360636393,0.443301005045573,2361474.22375318
9116,0.132498819986979,0.0622719014485677,0.450426005045573,2357329.26649091
9117,0.131998830159505,0.0621862360636393,0.431525349934896,2375376.71689948
9118,0.132498819986979,0.0622719014485677,0.438575012207031,2370998.22184255
9119,0.131998830159505,0.0621862360636393,0.419748006184896,2389723.43032389
9120,0.132498819986979,0.0622719014485677,0.426724344889323,2385042.70173868
9121,0.131998830159505,0.0621862360636393,0.407973999023438,2404684.76319998
9122,0.132498819986979,0.0622719014485677,0.414873331705729,2399599.55932688
9123,0.131998830159505,0.0621862360636393,0.396198333740234,2420226.74722527
9124,0.132498819986979,0.0622719014485677,0.403023996988932,2414851.20483821
9125,0.131998830159505,0.0621862360636393,0.384421071370443,2436396.74808098
9126,0.132498819986979,0.0622719014485677,0.39117133585612,2430902.93829158
9127,0.131998830159505,0.0621862360636393,0.3726455078125,2453166.93971318
9128,0.132498819986979,0.0622719014485677,0.379320536295573,2447711.98333404
9129,0.131998830159505,0.0621862360636393,0.360871744791667,2470623.21396893
9130,0.132498819986979,0.0622719014485677,0.367471405029297,2465236.19385082
9131,0.131998830159505,0.0621862360636393,0.34909516398112,2488962.32812256
9132,0.132498819986979,0.0622719014485677,0.355621368408203,2483520.77758563
9133,0.131998830159505,0.0621862360636393,0.337318593343099,2508393.46337647
9134,0.132498819986979,0.0622719014485677,0.343768524169922,2483007.30437885
9135,0.131998830159505,0.0621862360636393,0.32554487101237,2528784.51232722
9136,0.132498819986979,0.0622719014485677,0.331918528238932,2502452.48183824
9137,0.131998830159505,0.0621862360636393,0.313770172119141,2549983.31527128
9138,0.132498819986979,0.0622719014485677,0.320070404052734,2523083.40022917
9139,0.131998830159505,0.0621862360636393,0.301991739908854,2571855.65154618
9140,0.132498819986979,0.0622719014485677,0.308217569986979,2544481.41599988
9141,0.131998830159505,0.0621862360636393,0.290216135660807,2594978.4748924
9142,0.132498819986979,0.0622719014485677,0.296365702311198,2566596.03788295
9143,0.131998830159505,0.0621862360636393,0.278441446940104,2619841.56975405
9144,0.132498819986979,0.0622719014485677,0.284515706380208,2589309.06756614
9145,0.131998830159505,0.0621862360636393,0.266667704264323,2645900.70369546
9146,0.132498819986979,0.0622719014485677,0.272667572021484,2613239.32939724
9147,0.131998830159505,0.0621862360636393,0.254889241536458,2673481.27615432
9148,0.132498819986979,0.0622719014485677,0.260815668741862,2638668.54310449
9149,0.131998830159505,0.0621862360636393,0.243112706502279,2703086.23871205
9150,0.132498819986979,0.0622719014485677,0.24896283976237,2666121.31121161
9151,0.131998830159505,0.0621862360636393,0.23133896891276,2734416.79789087
9152,0.132498819986979,0.0622719014485677,0.237112838745117,2695993.53454683
9153,0.131998830159505,0.0621862360636393,0.219564305623372,2767269.31555092
9154,0.132498819986979,0.0622719014485677,0.225264739990234,2727941.1231852
9155,0.131998830159505,0.0621862360636393,0.207785837809245,2801360.93933226
9156,0.132498819986979,0.0622719014485677,0.213411905924479,2760893.63803407
9157,0.131998830159505,0.0621862360636393,0.196010208129883,2837544.34056553
9158,0.132498819986979,0.0622719014485677,0.20156000773112,2794935.44045287
9159,0.131998830159505,0.0621862360636393,0.184235407511393,2877876.1463203
9160,0.132498819986979,0.0622719014485677,0.189709976196289,2831300.96443227
9161,0.131998830159505,0.0621862360636393,0.172460673014323,2923269.74461931
9162,0.132498819986979,0.0622719014485677,0.177860809326172,2871899.35128814
9163,0.131998830159505,0.0621862360636393,0.160683334350586,2971651.83789205
9164,0.132498819986979,0.0622719014485677,0.166009002685547,2917283.74528654
9165,0.131998830159505,0.0621862360636393,0.148907669067383,3022104.41454882
9166,0.132498819986979,0.0622719014485677,0.154157999674479,2965900.17482104
9167,0.131998830159505,0.0621862360636393,0.13713200378418,3078811.57099526
9168,0.132498819986979,0.0622719014485677,0.142307001749674,3001492.50826276
9169,0.131998830159505,0.0621862360636393,0.125358337402344,3144757.05213978
9170,0.132498819986979,0.0622719014485677,0.130458002726237,3062799.86511684
9171,0.131998830159505,0.0621862360636393,0.11358100382487,3219448.94614254
9172,0.132498819986979,0.0622719014485677,0.118607335408529,3135846.49222148
9173,0.131998830159505,0.0621862360636393,0.101805002848307,3307072.99153133
9174,0.132498819986979,0.0622719014485677,0.106754333496094,3225386.17819969
9175,0.131998830159505,0.0621862360636393,0.0900313415527344,3400148.32430198
9176,0.132498819986979,0.0622719014485677,0.0949050038655599,3307800.19311377
9177,0.131998830159505,0.0621862360636393,0.0782556711832682,3509027.25104281
9178,0.132498819986979,0.0622719014485677,0.0830560048421224,3403706.7884459
9179,0.131998830159505,0.0621862360636393,0.0664763387044271,3626764.59237986
9180,0.132498819986979,0.0622719014485677,0.0712030029296875,3521242.63150876
9181,0.131998830159505,0.0621862360636393,0.0547026672363281,3777591.62086588
9182,0.132498819986979,0.0622719014485677,0.059350336710612,3652224.89847606
9183,0.131998830159505,0.0621862360636393,0.0429290008544922,3951780.82350555
9184,0.132498819986979,0.0622719014485677,0.0475033315022786,3848719.23433087
9185,0.131998830159505,0.0621862360636393,0.031152338663737,4256765.46156531
9186,0.132498819986979,0.0622719014485677,0.0356533355712891,4138379.44966568
9187,0.131998830159505,0.0621862360636393,0.0193740030924479,4985791.48463422
9188,0.132498819986979,0.0622719014485677,0.0238003387451172,4852193.3841245
9189,0.131998830159505,0.0621862360636393,0.00760033162434896,8057274.5157088
9190,0.132498819986979,0.0622719014485677,0.0119486694335937,6545696.77170512
9191,0.133498799641927,0.0624771677652995,0.560983683268229,2242410.17234062
9192,0.133498799641927,0.0624771677652995,0.548981363932292,2252244.78796085
9193,0.133998789469401,0.0625967686971029,0.556933024088542,2247527.25253789
9194,0.133498799641927,0.0624771677652995,0.53697900390625,2262358.64086914
9195,0.133998789469401,0.0625967686971029,0.544854349772135,2261395.95192282
9196,0.133498799641927,0.0624771677652995,0.524980997721354,2272738.36488322
9197,0.133998789469401,0.0625967686971029,0.532780334472656,2271716.65854601
9198,0.133498799641927,0.0624771677652995,0.512980326334635,2283429.34271776
9199,0.133998789469401,0.0625967686971029,0.520705993652344,2282318.06497651
9200,0.133498799641927,0.0624771677652995,0.500978006998698,2294538.90846763
9201,0.133998789469401,0.0625967686971029,0.508629333496094,2293368.33693465
9202,0.133498799641927,0.0624771677652995,0.488975992838542,2306157.47987632
9203,0.133998789469401,0.0625967686971029,0.496551330566406,2304941.30976282
9204,0.133498799641927,0.0624771677652995,0.476979329427083,2318200.73138232
9205,0.133998789469401,0.0625967686971029,0.484477986653646,2317016.99861468
9206,0.133498799641927,0.0624771677652995,0.464978342692057,2330698.27165176
9207,0.133998789469401,0.0625967686971029,0.472404998779297,2329502.88860308
9208,0.133498799641927,0.0624771677652995,0.452975667317708,2343701.36418176
9209,0.133998789469401,0.0625967686971029,0.460327667236328,2342461.19211015
9210,0.133498799641927,0.0624771677652995,0.440974344889323,2357205.8024738
9211,0.133998789469401,0.0625967686971029,0.44825,2355857.31686971
9212,0.133498799641927,0.0624771677652995,0.428974009195964,2371205.13434065
9213,0.133998789469401,0.0625967686971029,0.436174346923828,2369666.54441455
9214,0.133498799641927,0.0624771677652995,0.41697499593099,2385653.17224044
9215,0.133998789469401,0.0625967686971029,0.424099334716797,2383881.52229778
9216,0.133498799641927,0.0624771677652995,0.404973327636719,2400602.71406919
9217,0.133998789469401,0.0625967686971029,0.412024993896484,2398616.80417143
9218,0.133498799641927,0.0624771677652995,0.392970672607422,2415946.67592915
9219,0.133998789469401,0.0625967686971029,0.399947001139323,2413867.37849717
9220,0.133498799641927,0.0624771677652995,0.380972137451172,2431732.13221941
9221,0.133998789469401,0.0625967686971029,0.387872009277344,2429703.10049562
9222,0.133498799641927,0.0624771677652995,0.368972300211589,2447998.28296299
9223,0.133998789469401,0.0625967686971029,0.375798004150391,2446089.10090048
9224,0.133498799641927,0.0624771677652995,0.356970692952474,2465001.09154766
9225,0.133998789469401,0.0625967686971029,0.363721964518229,2463145.15109089
9226,0.133498799641927,0.0624771677652995,0.344968129475911,2483007.30437885
9227,0.133998789469401,0.0625967686971029,0.35164409383138,2481074.36385502
9228,0.133498799641927,0.0624771677652995,0.332967468261719,2502452.48183824
9229,0.133998789469401,0.0625967686971029,0.339567138671875,2479048.08519606
9230,0.133498799641927,0.0624771677652995,0.320970560709635,2523083.40022917
9231,0.133998789469401,0.0625967686971029,0.327493967692057,2498757.5662494
9232,0.133498799641927,0.0624771677652995,0.308968037923177,2544481.41599988
9233,0.133998789469401,0.0625967686971029,0.31542079671224,2520133.76197147
9234,0.133498799641927,0.0624771677652995,0.296965504964193,2566596.03788295
9235,0.133998789469401,0.0625967686971029,0.303342010498047,2542390.3258766
9236,0.133498799641927,0.0624771677652995,0.284965779622396,2589309.06756614
9237,0.133998789469401,0.0625967686971029,0.29126601155599,2564652.30129782
9238,0.133498799641927,0.0624771677652995,0.272967956542969,2613239.32939724
9239,0.133998789469401,0.0625967686971029,0.279191904703776,2587107.66247043
9240,0.133498799641927,0.0624771677652995,0.260965398152669,2638668.54310449
9241,0.133998789469401,0.0625967686971029,0.267117818196615,2610750.66454748
9242,0.133498799641927,0.0624771677652995,0.24896283976237,2666121.31121161
9243,0.133998789469401,0.0625967686971029,0.255038970947266,2636323.4962401
9244,0.133498799641927,0.0624771677652995,0.236963139851888,2695993.53454683
9245,0.133998789469401,0.0625967686971029,0.242963007609049,2664370.68516755
9246,0.133498799641927,0.0624771677652995,0.224964370727539,2727941.1231852
9247,0.133998789469401,0.0625967686971029,0.230888900756836,2695415.20187984
9248,0.133498799641927,0.0624771677652995,0.212961842854818,2760893.63803407
9249,0.133998789469401,0.0625967686971029,0.218813873291016,2728364.58141036
9250,0.133498799641927,0.0624771677652995,0.200960205078125,2794935.44045287
9251,0.133998789469401,0.0625967686971029,0.206735972086589,2762329.40348952
9252,0.133498799641927,0.0624771677652995,0.188959543863932,2831300.96443227
9253,0.133998789469401,0.0625967686971029,0.194659973144531,2797380.4740699
9254,0.133498799641927,0.0624771677652995,0.176960805257161,2871899.35128814
9255,0.133998789469401,0.0625967686971029,0.182584971110026,2834299.36715877
9256,0.133498799641927,0.0624771677652995,0.164960001627604,2917283.74528654
9257,0.133998789469401,0.0625967686971029,0.17051166788737,2875029.70466605
9258,0.133498799641927,0.0624771677652995,0.152958333333333,2965900.17482104
9259,0.133998789469401,0.0625967686971029,0.158434666951497,2921206.03342374
9260,0.133498799641927,0.0624771677652995,0.140957667032878,3018988.72008502
9261,0.133998789469401,0.0625967686971029,0.14635866800944,2973421.37361062
9262,0.133498799641927,0.0624771677652995,0.128957336425781,3081424.9927204
9263,0.133998789469401,0.0625967686971029,0.134282002766927,3018107.92064579
9264,0.133498799641927,0.0624771677652995,0.116957667032878,3154335.42783288
9265,0.133998789469401,0.0625967686971029,0.122208002726237,3083708.35407335
9266,0.133498799641927,0.0624771677652995,0.104955001831055,3244431.13488427
9267,0.133998789469401,0.0625967686971029,0.11013200378418,3164342.38634472
9268,0.133498799641927,0.0624771677652995,0.092954335530599,3328078.48527056
9269,0.133998789469401,0.0625967686971029,0.0980550028483073,3255185.20656754
9270,0.133498799641927,0.0624771677652995,0.080954335530599,3428536.26383536
9271,0.133998789469401,0.0625967686971029,0.08597900390625,3342257.45302912
9272,0.133498799641927,0.0624771677652995,0.0689536692301432,3548093.76190503
9273,0.133998789469401,0.0625967686971029,0.0739046681722005,3437980.25787878
9274,0.133498799641927,0.0624771677652995,0.0569510040283203,3681931.83611223
9275,0.133998789469401,0.0625967686971029,0.0618276723225911,3568877.09060011
9276,0.133498799641927,0.0624771677652995,0.044951665242513,3876786.81435137
9277,0.133998789469401,0.0625967686971029,0.0497516682942708,3752406.18243996
9278,0.133498799641927,0.0624771677652995,0.0329520009358724,4160795.07942355
9279,0.133998789469401,0.0625967686971029,0.0376759999593099,4053469.68673723
9280,0.133498799641927,0.0624771677652995,0.0209510040283203,4893744.84964035
9281,0.133998789469401,0.0625967686971029,0.0256016693115234,4596245.23441621
9282,0.133498799641927,0.0624771677652995,0.00894866943359375,7389901.98629468
9283,0.133998789469401,0.0625967686971029,0.013524668375651,6114910.90990108
9284,0.134998769124349,0.0628707682291667,0.560907348632813,2238337.5213249
9285,0.134998769124349,0.0628707682291667,0.548681009928385,2248196.13721101
9286,0.135498758951823,0.0630251668294271,0.556782348632813,2243813.29373294
9287,0.134998769124349,0.0628707682291667,0.536455342610677,2258447.0643264
9288,0.135498758951823,0.0630251668294271,0.544480672200521,2257547.59727722
9289,0.134998769124349,0.0628707682291667,0.524230326334635,2269070.18822179
9290,0.135498758951823,0.0630251668294271,0.532180338541667,2267841.4760284
9291,0.134998769124349,0.0628707682291667,0.512005004882813,2279958.77499413
9292,0.135498758951823,0.0630251668294271,0.519880330403646,2278410.28736267
9293,0.134998769124349,0.0628707682291667,0.499776326497396,2291082.70171861
9294,0.135498758951823,0.0630251668294271,0.507578674316406,2289367.60189716
9295,0.134998769124349,0.0628707682291667,0.48755332438151,2302516.69020362
9296,0.135498758951823,0.0630251668294271,0.495276326497396,2300749.43142113
9297,0.134998769124349,0.0628707682291667,0.475329661051432,2314343.54359403
9298,0.135498758951823,0.0630251668294271,0.482979329427083,2312579.91610604
9299,0.134998769124349,0.0628707682291667,0.463103668212891,2326671.77367957
9300,0.135498758951823,0.0630251668294271,0.470679005940755,2324824.0122737
9301,0.134998769124349,0.0628707682291667,0.450875335693359,2339602.59224666
9302,0.135498758951823,0.0630251668294271,0.45837700398763,2337578.02787016
9303,0.134998769124349,0.0628707682291667,0.438648671468099,2353179.31956296
9304,0.135498758951823,0.0630251668294271,0.446074005126953,2350887.88348843
9305,0.134998769124349,0.0628707682291667,0.426424997965495,2367524.28870059
9306,0.135498758951823,0.0630251668294271,0.433773996988932,2364748.33114895
9307,0.134998769124349,0.0628707682291667,0.414200002034505,2382468.77752756
9308,0.135498758951823,0.0630251668294271,0.421475667317708,2379097.93685156
9309,0.134998769124349,0.0628707682291667,0.401972340901693,2397803.38432402
9310,0.135498758951823,0.0630251668294271,0.409173675537109,2393955.16366305
9311,0.134998769124349,0.0628707682291667,0.389747680664063,2413252.27476608
9312,0.135498758951823,0.0630251668294271,0.39687168375651,2409179.28129843
9313,0.134998769124349,0.0628707682291667,0.377523946126302,2428807.33939708
9314,0.135498758951823,0.0630251668294271,0.384573750813802,2424740.08860129
9315,0.134998769124349,0.0628707682291667,0.365295369466146,2444644.22621442
9316,0.135498758951823,0.0630251668294271,0.372271647135417,2440687.74793058
9317,0.134998769124349,0.0628707682291667,0.353069702148438,2461196.04638229
9318,0.135498758951823,0.0630251668294271,0.359969706217448,2457224.62008661
9319,0.134998769124349,0.0628707682291667,0.340843037923177,2479048.08519606
9320,0.135498758951823,0.0630251668294271,0.347669637044271,2474661.40714798
9321,0.134998769124349,0.0628707682291667,0.328620107014974,2498757.5662494
9322,0.135498758951823,0.0630251668294271,0.335369506835938,2481181.81705456
9323,0.134998769124349,0.0628707682291667,0.31639442952474,2520133.76197147
9324,0.135498758951823,0.0630251668294271,0.323070332845052,2501851.37112068
9325,0.134998769124349,0.0628707682291667,0.304167805989583,2542390.3258766
9326,0.135498758951823,0.0630251668294271,0.310767466227214,2524116.94450435
9327,0.134998769124349,0.0628707682291667,0.291942087809245,2564652.30129782
9328,0.135498758951823,0.0630251668294271,0.298467376708984,2546867.73811379
9329,0.134998769124349,0.0628707682291667,0.27971543375651,2587107.66247043
9330,0.135498758951823,0.0630251668294271,0.286165384928385,2569438.7428191
9331,0.134998769124349,0.0628707682291667,0.267491628011068,2610750.66454748
9332,0.135498758951823,0.0630251668294271,0.273865295410156,2592224.62760449
9333,0.134998769124349,0.0628707682291667,0.255264973958333,2636323.4962401
9334,0.135498758951823,0.0630251668294271,0.26156521097819,2616516.91081673
9335,0.134998769124349,0.0628707682291667,0.243039271036784,2664370.68516755
9336,0.135498758951823,0.0630251668294271,0.249265106201172,2643204.23394717
9337,0.134998769124349,0.0628707682291667,0.230812632242839,2695415.20187984
9338,0.135498758951823,0.0630251668294271,0.236963134765625,2672468.97528393
9339,0.134998769124349,0.0628707682291667,0.218587870279948,2728364.58141036
9340,0.135498758951823,0.0630251668294271,0.224662099202474,2704357.13687366
9341,0.134998769124349,0.0628707682291667,0.206362141927083,2762329.40348952
9342,0.135498758951823,0.0630251668294271,0.212362009684245,2738388.15713033
9343,0.134998769124349,0.0628707682291667,0.194135503133138,2797380.4740699
9344,0.135498758951823,0.0630251668294271,0.200061904907227,2773779.06751301
9345,0.134998769124349,0.0628707682291667,0.18190983581543,2834299.36715877
9346,0.135498758951823,0.0630251668294271,0.187759938557943,2809995.85459279
9347,0.134998769124349,0.0628707682291667,0.169685999552409,2875029.70466605
9348,0.135498758951823,0.0630251668294271,0.175460001627604,2847657.10800683
9349,0.134998769124349,0.0628707682291667,0.157461003621419,2921206.03342374
9350,0.135498758951823,0.0630251668294271,0.163160669962565,2889983.27512469
9351,0.134998769124349,0.0628707682291667,0.145234670003255,2973421.37361062
9352,0.135498758951823,0.0630251668294271,0.15086067199707,2939370.74405596
9353,0.134998769124349,0.0628707682291667,0.13300700378418,3031585.85081184
9354,0.135498758951823,0.0630251668294271,0.138558670043945,2995336.33107387
9355,0.134998769124349,0.0628707682291667,0.120782338460286,3100230.12923127
9356,0.135498758951823,0.0630251668294271,0.126256673177083,3050713.66991062
9357,0.134998769124349,0.0628707682291667,0.108558339436849,3182609.21008233
9358,0.135498758951823,0.0630251668294271,0.113958338419596,3118871.72868753
9359,0.134998769124349,0.0628707682291667,0.0963300069173177,3269678.89911402
9360,0.135498758951823,0.0630251668294271,0.101656341552734,3212462.95587121
9361,0.134998769124349,0.0628707682291667,0.0841033376057943,3359392.67497472
9362,0.135498758951823,0.0630251668294271,0.0893536732991536,3298556.06917935
9363,0.134998769124349,0.0628707682291667,0.0718793385823568,3464501.72135708
9364,0.135498758951823,0.0630251668294271,0.0770533396402995,3378564.66038593
9365,0.134998769124349,0.0628707682291667,0.0596546732584635,3595778.2645766
9366,0.135498758951823,0.0630251668294271,0.0647553405761719,3494279.32693011
9367,0.134998769124349,0.0628707682291667,0.047427001953125,3786200.63670139
9368,0.135498758951823,0.0630251668294271,0.0524533386230469,3690453.40539383
9369,0.134998769124349,0.0628707682291667,0.0352003377278646,4107603.06082562
9370,0.135498758951823,0.0630251668294271,0.0401513366699219,3948400.9613469
9371,0.134998769124349,0.0628707682291667,0.0229766743977865,4733042.40466789
9372,0.135498758951823,0.0630251668294271,0.0278513437906901,4527700.93919135
9373,0.134998769124349,0.0628707682291667,0.01075,6899117.45307915
9374,0.135498758951823,0.0630251668294271,0.0155513407389323,5803794.68814629
9375,0.136497792561849,0.0633697662353516,0.5608330078125,2235625.46525166
9376,0.136497792561849,0.0633697662353516,0.548381673177083,2245831.40233442
9377,0.136996836344401,0.0635599670410156,0.556632670084635,2235946.78336181
9378,0.136497792561849,0.0633697662353516,0.535929992675781,2256432.73681227
9379,0.136996836344401,0.0635599670410156,0.544105997721354,2246627.74782233
9380,0.136497792561849,0.0633697662353516,0.52347900390625,2267415.67293739
9381,0.136996836344401,0.0635599670410156,0.531578653971354,2264644.76161931
9382,0.136497792561849,0.0633697662353516,0.51102968343099,2278575.646817
9383,0.136996836344401,0.0635599670410156,0.5190546875,2275567.20881153
9384,0.136497792561849,0.0633697662353516,0.498577667236328,2289784.33866435
9385,0.136996836344401,0.0635599670410156,0.506528676350911,2286655.4077058
9386,0.136497792561849,0.0633697662353516,0.486128000895182,2301193.84481466
9387,0.136996836344401,0.0635599670410156,0.494003336588542,2297955.46981202
9388,0.136497792561849,0.0633697662353516,0.473678009033203,2313026.48997425
9389,0.136996836344401,0.0635599670410156,0.481477335611979,2305918.36268241
9390,0.136497792561849,0.0633697662353516,0.461228342692057,2325410.1868597
9391,0.136996836344401,0.0635599670410156,0.468954010009766,2318115.38369979
9392,0.136497792561849,0.0633697662353516,0.448774342854818,2338576.19941303
9393,0.136996836344401,0.0635599670410156,0.456427012125651,2334479.63490551
9394,0.136497792561849,0.0633697662353516,0.436324666341146,2352621.03486211
9395,0.136996836344401,0.0635599670410156,0.443899678548177,2347914.26838953
9396,0.136497792561849,0.0633697662353516,0.423875,2367564.64776028
9397,0.136996836344401,0.0635599670410156,0.431375,2362183.47009553
9398,0.136497792561849,0.0633697662353516,0.411423014322917,2383130.00734205
9399,0.136996836344401,0.0635599670410156,0.418848673502604,2377163.63573914
9400,0.136497792561849,0.0633697662353516,0.398973347981771,2398802.95498599
9401,0.136996836344401,0.0635599670410156,0.40632334391276,2392572.31809035
9402,0.136497792561849,0.0633697662353516,0.386522745768229,2414253.72279932
9403,0.136996836344401,0.0635599670410156,0.39379833984375,2408055.88665909
9404,0.136497792561849,0.0633697662353516,0.374071044921875,2429681.30916377
9405,0.136996836344401,0.0635599670410156,0.381272338867187,2423519.15001779
9406,0.136497792561849,0.0633697662353516,0.361619384765625,2445528.45181118
9407,0.136996836344401,0.0635599670410156,0.368744445800781,2439157.72555648
9408,0.136497792561849,0.0633697662353516,0.349169606526693,2462504.78191622
9409,0.136996836344401,0.0635599670410156,0.356219350179036,2455388.43052321
9410,0.136497792561849,0.0633697662353516,0.336721638997396,2481181.81705456
9411,0.136996836344401,0.0635599670410156,0.343695139567057,2472853.43214876
9412,0.136497792561849,0.0633697662353516,0.324269938151042,2501851.37112068
9413,0.136996836344401,0.0635599670410156,0.331171844482422,2490608.25757351
9414,0.136497792561849,0.0633697662353516,0.311816396077474,2524116.94450435
9415,0.136996836344401,0.0635599670410156,0.31864296468099,2512285.0741723
9416,0.136497792561849,0.0633697662353516,0.299366607666016,2546867.73811379
9417,0.136996836344401,0.0635599670410156,0.306115966796875,2535255.09176262
9418,0.136497792561849,0.0633697662353516,0.286914906819661,2569438.7428191
9419,0.136996836344401,0.0635599670410156,0.293590840657552,2558939.97447624
9420,0.136497792561849,0.0633697662353516,0.274465087890625,2592224.62760449
9421,0.136996836344401,0.0635599670410156,0.281064748128255,2582680.24827161
9422,0.136497792561849,0.0633697662353516,0.262015274047852,2616516.91081673
9423,0.136996836344401,0.0635599670410156,0.268541483561198,2606811.24291884
9424,0.136497792561849,0.0633697662353516,0.249564539591471,2643204.23394717
9425,0.136996836344401,0.0635599670410156,0.256014470418294,2632823.46175859
9426,0.136497792561849,0.0633697662353516,0.237112833658854,2672468.97528393
9427,0.136996836344401,0.0635599670410156,0.243488403320312,2661308.61541897
9428,0.136497792561849,0.0633697662353516,0.224660202026367,2704357.13687366
9429,0.136996836344401,0.0635599670410156,0.230960433959961,2691853.13075289
9430,0.136497792561849,0.0633697662353516,0.212212305704753,2738388.15713033
9431,0.136996836344401,0.0635599670410156,0.218436269124349,2725182.33933432
9432,0.136497792561849,0.0633697662353516,0.19976247660319,2773779.06751301
9433,0.136996836344401,0.0635599670410156,0.205913009643555,2761205.9503347
9434,0.136497792561849,0.0633697662353516,0.187310770670573,2809995.85459279
9435,0.136996836344401,0.0635599670410156,0.193386906941732,2799408.42741274
9436,0.136497792561849,0.0633697662353516,0.174858337402344,2847657.10800683
9437,0.136996836344401,0.0635599670410156,0.180859003702799,2839059.9932221
9438,0.136497792561849,0.0633697662353516,0.162410339355469,2889983.27512469
9439,0.136996836344401,0.0635599670410156,0.168334004720052,2880933.06585182
9440,0.136497792561849,0.0633697662353516,0.149960673014323,2939370.74405596
9441,0.136996836344401,0.0635599670410156,0.155810674031576,2927783.63928758
9442,0.136497792561849,0.0633697662353516,0.137508672078451,2995336.33107387
9443,0.136996836344401,0.0635599670410156,0.143284673055013,2981169.59828101
9444,0.136497792561849,0.0633697662353516,0.125057006835938,3056054.8697626
9445,0.136996836344401,0.0635599670410156,0.130757339477539,3040637.28575823
9446,0.136497792561849,0.0633697662353516,0.112606338500977,3127868.90490271
9447,0.136996836344401,0.0635599670410156,0.118230672200521,3105102.11965125
9448,0.136497792561849,0.0633697662353516,0.100156341552734,3226947.44103951
9449,0.136996836344401,0.0635599670410156,0.105706339518229,3181093.58538091
9450,0.136497792561849,0.0633697662353516,0.0877036743164062,3311927.24852159
9451,0.136996836344401,0.0635599670410156,0.0931800079345703,3267206.37184837
9452,0.136497792561849,0.0633697662353516,0.0752540079752604,3394560.13703488
9453,0.136996836344401,0.0635599670410156,0.0806540069580078,3348382.17893397
9454,0.136497792561849,0.0633697662353516,0.0628043416341146,3516674.56054482
9455,0.136996836344401,0.0635599670410156,0.0681290079752604,3454076.42008184
9456,0.136497792561849,0.0633697662353516,0.0503526713053385,3707121.65847173
9457,0.136996836344401,0.0635599670410156,0.0556030069986979,3619393.52439186
9458,0.136497792561849,0.0633697662353516,0.0379020029703776,3965678.99732207
9459,0.136996836344401,0.0635599670410156,0.0430770009358724,3847866.54742827
9460,0.136497792561849,0.0633697662353516,0.0254520111083984,4538039.91274165
9461,0.136996836344401,0.0635599670410156,0.0305516713460286,4349174.99015015
9462,0.136497792561849,0.0633697662353516,0.0130006713867187,6442164.29905416
9463,0.136996836344401,0.0635599670410156,0.0180266723632812,5499267.23219958
9464,0.137995854695638,0.0639714686075846,0.560757670084635,2235946.78336181
9465,0.137995854695638,0.0639714686075846,0.548082336425781,2246627.74782233
9466,0.138495829264323,0.0641927693684896,0.55648301188151,2235820.0593697
9467,0.137995854695638,0.0639714686075846,0.535403666178385,2257672.63281703
9468,0.138495829264323,0.0641927693684896,0.54373134358724,2246996.29476666
9469,0.137995854695638,0.0639714686075846,0.522729675292969,2269070.42015618
9470,0.138495829264323,0.0641927693684896,0.53097900390625,2258490.73072542
9471,0.137995854695638,0.0639714686075846,0.510055674235026,2280591.04689092
9472,0.138495829264323,0.0641927693684896,0.518231669108073,2270245.33266472
9473,0.137995854695638,0.0639714686075846,0.497378011067708,2292199.44372056
9474,0.138495829264323,0.0641927693684896,0.505479339599609,2283955.9459691
9475,0.137995854695638,0.0639714686075846,0.484702006022135,2303852.54977635
9476,0.138495829264323,0.0641927693684896,0.492727345784505,2296158.63228835
9477,0.137995854695638,0.0639714686075846,0.472028340657552,2315849.26718873
9478,0.138495829264323,0.0641927693684896,0.479977010091146,2308556.32340543
9479,0.137995854695638,0.0639714686075846,0.459351684570313,2328484.56155222
9480,0.138495829264323,0.0641927693684896,0.467227345784505,2321421.58340959
9481,0.137995854695638,0.0639714686075846,0.44667567952474,2342146.08750605
9482,0.138495829264323,0.0641927693684896,0.454475016276042,2335200.82203858
9483,0.137995854695638,0.0639714686075846,0.434,2356872.62116196
9484,0.138495829264323,0.0641927693684896,0.441725667317708,2349975.9332889
9485,0.137995854695638,0.0639714686075846,0.421322336832682,2372539.98921454
9486,0.138495829264323,0.0641927693684896,0.428973663330078,2363969.20052402
9487,0.137995854695638,0.0639714686075846,0.40864833577474,2388672.78852764
9488,0.138495829264323,0.0641927693684896,0.416221669514974,2379621.70344256
9489,0.137995854695638,0.0639714686075846,0.395973327636719,2404731.36285224
9490,0.138495829264323,0.0641927693684896,0.403473327636719,2395515.05953063
9491,0.137995854695638,0.0639714686075846,0.383297597249349,2420479.27650331
9492,0.138495829264323,0.0641927693684896,0.390722991943359,2411143.6331956
9493,0.137995854695638,0.0639714686075846,0.370620137532552,2436236.29451008
9494,0.138495829264323,0.0641927693684896,0.377971995035807,2426598.76087471
9495,0.137995854695638,0.0639714686075846,0.357944346110026,2452829.5878785
9496,0.138495829264323,0.0641927693684896,0.365220072428385,2442374.35795803
9497,0.137995854695638,0.0639714686075846,0.345270416259766,2470820.00462894
9498,0.138495829264323,0.0641927693684896,0.352469879150391,2459173.75058789
9499,0.137995854695638,0.0639714686075846,0.332594614664714,2490608.25757351
9500,0.138495829264323,0.0641927693684896,0.339719685872396,2479099.19465505
9501,0.137995854695638,0.0639714686075846,0.319918833414714,2512285.0741723
9502,0.138495829264323,0.0641927693684896,0.326968577067057,2499688.73927959
9503,0.137995854695638,0.0639714686075846,0.307242106119792,2535255.09176262
9504,0.138495829264323,0.0641927693684896,0.314218404134115,2521778.12661499
9505,0.137995854695638,0.0639714686075846,0.294564442952474,2558939.97447624
9506,0.138495829264323,0.0641927693684896,0.301466349283854,2545447.02867537
9507,0.137995854695638,0.0639714686075846,0.281890533447266,2582680.24827161
9508,0.138495829264323,0.0641927693684896,0.288714294433594,2570275.83835662
9509,0.137995854695638,0.0639714686075846,0.269216613769531,2606811.24291884
9510,0.138495829264323,0.0641927693684896,0.275966003417969,2595681.42712767
9511,0.137995854695638,0.0639714686075846,0.256540832519531,2632823.46175859
9512,0.138495829264323,0.0641927693684896,0.263216766357422,2621578.90119475
9513,0.137995854695638,0.0639714686075846,0.24386220296224,2661308.61541897
9514,0.138495829264323,0.0641927693684896,0.250464701334635,2648843.74695407
9515,0.137995854695638,0.0639714686075846,0.231186436971029,2691853.13075289
9516,0.138495829264323,0.0641927693684896,0.237712636311849,2678316.31108292
9517,0.137995854695638,0.0639714686075846,0.218512537638346,2725182.33933432
9518,0.138495829264323,0.0641927693684896,0.224962473551432,2710418.23307711
9519,0.137995854695638,0.0639714686075846,0.205836736043294,2761205.9503347
9520,0.138495829264323,0.0641927693684896,0.21221230061849,2745377.40338758
9521,0.137995854695638,0.0639714686075846,0.193161875406901,2799408.42741274
9522,0.138495829264323,0.0641927693684896,0.199461171468099,2783211.48217481
9523,0.137995854695638,0.0639714686075846,0.180485336303711,2839059.9932221
9524,0.138495829264323,0.0641927693684896,0.186712071736654,2823516.73858112
9525,0.137995854695638,0.0639714686075846,0.167808334350586,2880933.06585182
9526,0.138495829264323,0.0641927693684896,0.173958999633789,2865945.73412714
9527,0.137995854695638,0.0639714686075846,0.155134674072266,2927783.63928758
9528,0.138495829264323,0.0641927693684896,0.161208669026693,2910550.30403896
9529,0.137995854695638,0.0639714686075846,0.142458674112956,2981169.59828101
9530,0.138495829264323,0.0641927693684896,0.148458674112956,2959833.27858155
9531,0.137995854695638,0.0639714686075846,0.129781005859375,3040637.28575823
9532,0.138495829264323,0.0641927693684896,0.135706339518229,3016799.09066961
9533,0.137995854695638,0.0639714686075846,0.117105336507161,3105102.11965125
9534,0.138495829264323,0.0641927693684896,0.122955337524414,3083053.33435926
9535,0.137995854695638,0.0639714686075846,0.104430674235026,3188484.41987079
9536,0.138495829264323,0.0641927693684896,0.110205337524414,3157593.60170233
9537,0.137995854695638,0.0639714686075846,0.091756337483724,3276379.27342541
9538,0.138495829264323,0.0641927693684896,0.0974570058186849,3237384.11885639
9539,0.137995854695638,0.0639714686075846,0.0790786743164062,3355343.08255995
9540,0.138495829264323,0.0641927693684896,0.0847046712239583,3326603.89314025
9541,0.137995854695638,0.0639714686075846,0.0664030049641927,3460904.89040625
9542,0.138495829264323,0.0641927693684896,0.0719526723225911,3438615.57457208
9543,0.137995854695638,0.0639714686075846,0.0537283376057943,3643255.42429736
9544,0.138495829264323,0.0641927693684896,0.0592036692301432,3576974.42631092
9545,0.137995854695638,0.0639714686075846,0.0410516662597656,3886517.59184667
9546,0.138495829264323,0.0641927693684896,0.0464526672363281,3768664.81259806
9547,0.137995854695638,0.0639714686075846,0.0283766682942708,4430993.95096705
9548,0.138495829264323,0.0641927693684896,0.033701665242513,4156329.99492548
9549,0.137995854695638,0.0639714686075846,0.0157006632486979,5944010.08940608
9550,0.138495829264323,0.0641927693684896,0.0209509989420573,5291468.71211182
9551,0.139495803833008,0.0646720708211263,0.560683349609375,2235820.0593697
9552,0.139495803833008,0.0646720708211263,0.547781026204427,2246996.29476666
9553,0.139995803833008,0.0649300715128581,0.556332356770833,2236299.60631052
9554,0.139495803833008,0.0646720708211263,0.534880004882813,2258490.73072542
9555,0.139995803833008,0.0649300715128581,0.543354349772135,2247911.02510291
9556,0.139495803833008,0.0646720708211263,0.521980997721354,2270245.33266472
9557,0.139995803833008,0.0649300715128581,0.530380004882812,2259840.64018177
9558,0.139495803833008,0.0646720708211263,0.509079996744792,2282154.13634403
9559,0.139995803833008,0.0649300715128581,0.51740565999349,2271852.15634014
9560,0.139495803833008,0.0646720708211263,0.496178344726563,2294047.5927919
9561,0.139995803833008,0.0649300715128581,0.504429667154948,2283955.9459691
9562,0.139495803833008,0.0646720708211263,0.48327734375,2305918.36268241
9563,0.139995803833008,0.0649300715128581,0.491453338623047,2299106.50863477
9564,0.139495803833008,0.0646720708211263,0.470376007080078,2318115.38369979
9565,0.139995803833008,0.0649300715128581,0.478477335611979,2312248.24160633
9566,0.139495803833008,0.0646720708211263,0.457474009195964,2331225.78252679
9567,0.139995803833008,0.0649300715128581,0.465499338785807,2325968.65403399
9568,0.139495803833008,0.0646720708211263,0.444574991861979,2345543.98507668
9569,0.139995803833008,0.0649300715128581,0.452523996988932,2340228.22548953
9570,0.139495803833008,0.0646720708211263,0.431674997965495,2360934.62097136
9571,0.139995803833008,0.0649300715128581,0.439550659179687,2354949.60156668
9572,0.139495803833008,0.0646720708211263,0.418772674560547,2376926.84848662
9573,0.139995803833008,0.0649300715128581,0.426574676513672,2368704.09179636
9574,0.139495803833008,0.0646720708211263,0.40587266031901,2393096.04600356
9575,0.139995803833008,0.0649300715128581,0.413598673502604,2384827.82709904
9576,0.139495803833008,0.0646720708211263,0.392972666422526,2409273.46084277
9577,0.139995803833008,0.0649300715128581,0.400622334798177,2400936.67838796
9578,0.139495803833008,0.0646720708211263,0.380071767171224,2425504.16683187
9579,0.139995803833008,0.0649300715128581,0.387647043863932,2416850.1097658
9580,0.139495803833008,0.0646720708211263,0.367171061197917,2442177.27897744
9581,0.139995803833008,0.0649300715128581,0.3746708984375,2432720.4514779
9582,0.139495803833008,0.0646720708211263,0.354271138509115,2459942.47602714
9583,0.139995803833008,0.0649300715128581,0.361696594238281,2449315.49845497
9584,0.139495803833008,0.0646720708211263,0.341369344075521,2479099.19465505
9585,0.139995803833008,0.0649300715128581,0.348721333821615,2468634.94350211
9586,0.139495803833008,0.0646720708211263,0.328467610677083,2499688.73927959
9587,0.139995803833008,0.0649300715128581,0.335743306477865,2488603.01405139
9588,0.139495803833008,0.0646720708211263,0.315568644205729,2521778.12661499
9589,0.139995803833008,0.0649300715128581,0.322768107096354,2509644.4206057
9590,0.139495803833008,0.0646720708211263,0.302665944417318,2545447.02867537
9591,0.139995803833008,0.0649300715128581,0.30979194132487,2532128.63319682
9592,0.139495803833008,0.0646720708211263,0.289766052246094,2570275.83835662
9593,0.139995803833008,0.0649300715128581,0.296815795898437,2556489.31071632
9594,0.139495803833008,0.0646720708211263,0.276865224202474,2595681.42712767
9595,0.139995803833008,0.0649300715128581,0.283841512044271,2582780.29818374
9596,0.139495803833008,0.0646720708211263,0.263966298421224,2621578.90119475
9597,0.139995803833008,0.0649300715128581,0.270865366617839,2610048.09331895
9598,0.139495803833008,0.0646720708211263,0.251064498901367,2648843.74695407
9599,0.139995803833008,0.0649300715128581,0.257890162150065,2637432.36937281
9600,0.139495803833008,0.0646720708211263,0.238162704467773,2678316.31108292
9601,0.139995803833008,0.0649300715128581,0.244912068684896,2665813.96724997
9602,0.139495803833008,0.0646720708211263,0.225264739990234,2710418.23307711
9603,0.139995803833008,0.0649300715128581,0.231938771565755,2696848.20048547
9604,0.139495803833008,0.0646720708211263,0.212362004597982,2745377.40338758
9605,0.139995803833008,0.0649300715128581,0.218964508056641,2731060.2041256
9606,0.139495803833008,0.0646720708211263,0.199461171468099,2783211.48217481
9607,0.139995803833008,0.0649300715128581,0.205986440022786,2768418.385545
9608,0.139495803833008,0.0646720708211263,0.186561436971029,2823516.73858112
9609,0.139995803833008,0.0649300715128581,0.193011240641276,2809089.85599809
9610,0.139495803833008,0.0646720708211263,0.17365966796875,2865945.73412714
9611,0.139995803833008,0.0649300715128581,0.180035369873047,2852994.2431313
9612,0.139495803833008,0.0646720708211263,0.16075666809082,2910550.30403896
9613,0.139995803833008,0.0649300715128581,0.167057001749674,2899826.49669078
9614,0.139495803833008,0.0646720708211263,0.147858673095703,2959833.27858155
9615,0.139995803833008,0.0649300715128581,0.154082672119141,2949330.99803804
9616,0.139495803833008,0.0646720708211263,0.134957005818685,3016799.09066961
9617,0.139995803833008,0.0649300715128581,0.141109339396159,3002483.98753807
9618,0.139495803833008,0.0646720708211263,0.122055002848307,3083053.33435926
9619,0.139995803833008,0.0649300715128581,0.128131337483724,3065625.49509592
9620,0.139495803833008,0.0646720708211263,0.109156336466471,3157593.60170233
9621,0.139995803833008,0.0649300715128581,0.115156000773112,3143536.72986042
9622,0.139495803833008,0.0646720708211263,0.0962553354899089,3241824.74261629
9623,0.139995803833008,0.0649300715128581,0.102180002848307,3237855.19877158
9624,0.139495803833008,0.0646720708211263,0.0833556722005208,3331622.2122634
9625,0.139995803833008,0.0649300715128581,0.0892056681315104,3313681.2534709
9626,0.139495803833008,0.0646720708211263,0.0704526723225911,3440823.68668267
9627,0.139995803833008,0.0649300715128581,0.0762296752929687,3441019.19593621
9628,0.139495803833008,0.0646720708211263,0.0575540008544922,3586915.41123595
9629,0.139995803833008,0.0649300715128581,0.0632533365885417,3577143.36656621
9630,0.139495803833008,0.0646720708211263,0.044652333577474,3799555.08243082
9631,0.139995803833008,0.0649300715128581,0.0502783355712891,3761393.92455549
9632,0.139495803833008,0.0646720708211263,0.0317506663004557,4239614.84470158
9633,0.139995803833008,0.0649300715128581,0.0373003336588542,4058945.91185441
9634,0.139495803833008,0.0646720708211263,0.018850331624349,5956446.75812906
9635,0.139995803833008,0.0649300715128581,0.0243250020345052,4921553.45884028
9636,0.140995803833008,0.0654799372355143,0.560607014973958,2236299.60631052
9637,0.140995803833008,0.0654799372355143,0.54748134358724,2247911.02510291
9638,0.141495803833008,0.0657718022664388,0.556182678222656,2237662.57927355
9639,0.140995803833008,0.0654799372355143,0.534354349772135,2259840.64018177
9640,0.141495803833008,0.0657718022664388,0.54298134358724,2249470.09960866
9641,0.140995803833008,0.0654799372355143,0.521230672200521,2271852.15634014
9642,0.141495803833008,0.0657718022664388,0.529780354817708,2261676.2922032
9643,0.140995803833008,0.0654799372355143,0.508106658935547,2283955.9459691
9644,0.141495803833008,0.0657718022664388,0.516582000732422,2273981.69625303
9645,0.140995803833008,0.0654799372355143,0.49497900390625,2296158.63228835
9646,0.141495803833008,0.0657718022664388,0.503381001790365,2286402.91903277
9647,0.140995803833008,0.0654799372355143,0.481852996826172,2308556.32340543
9648,0.141495803833008,0.0657718022664388,0.490178670247396,2302022.15909712
9649,0.140995803833008,0.0654799372355143,0.46872699991862,2321421.58340959
9650,0.141495803833008,0.0657718022664388,0.476979329427083,2316130.3593089
9651,0.140995803833008,0.0654799372355143,0.455598337809245,2335200.82203858
9652,0.141495803833008,0.0657718022664388,0.463776011149089,2330842.07403534
9653,0.140995803833008,0.0654799372355143,0.442475331624349,2349975.9332889
9654,0.141495803833008,0.0657718022664388,0.450574005126953,2345319.34255067
9655,0.140995803833008,0.0654799372355143,0.429351684570312,2365503.13754089
9656,0.141495803833008,0.0657718022664388,0.437376678466797,2359745.46792156
9657,0.140995803833008,0.0654799372355143,0.416223673502604,2381498.3881751
9658,0.141495803833008,0.0657718022664388,0.424174682617187,2370225.51113141
9659,0.140995803833008,0.0654799372355143,0.403097676595052,2397891.82906896
9660,0.141495803833008,0.0657718022664388,0.410973002115885,2386167.56082388
9661,0.140995803833008,0.0654799372355143,0.389972045898437,2414661.5973894
9662,0.141495803833008,0.0657718022664388,0.397773010253906,2402916.87311503
9663,0.140995803833008,0.0654799372355143,0.376845967610677,2431879.26750215
9664,0.141495803833008,0.0657718022664388,0.384571838378906,2420553.03367511
9665,0.140995803833008,0.0654799372355143,0.363721964518229,2449756.19449448
9666,0.141495803833008,0.0657718022664388,0.371371500651042,2438973.15513623
9667,0.140995803833008,0.0654799372355143,0.350596995035807,2468634.94350211
9668,0.141495803833008,0.0657718022664388,0.358172170003255,2458001.62210542
9669,0.140995803833008,0.0654799372355143,0.33746923828125,2488603.01405139
9670,0.141495803833008,0.0657718022664388,0.344970937093099,2477558.1218939
9671,0.140995803833008,0.0654799372355143,0.324343404134115,2509644.4206057
9672,0.141495803833008,0.0657718022664388,0.331768839518229,2497944.01407587
9673,0.140995803833008,0.0654799372355143,0.311217539469401,2532128.63319682
9674,0.141495803833008,0.0657718022664388,0.318569539388021,2519367.2421759
9675,0.140995803833008,0.0654799372355143,0.298091654459635,2556489.31071632
9676,0.141495803833008,0.0657718022664388,0.305367401123047,2542338.77684351
9677,0.140995803833008,0.0654799372355143,0.284967661539714,2582780.29818374
9678,0.141495803833008,0.0657718022664388,0.292168060302734,2567376.15055528
9679,0.140995803833008,0.0654799372355143,0.271841796875,2610048.09331895
9680,0.141495803833008,0.0657718022664388,0.278967803955078,2594690.2633421
9681,0.140995803833008,0.0654799372355143,0.258713099161784,2637432.36937281
9682,0.141495803833008,0.0657718022664388,0.265765665690104,2623420.21950878
9683,0.140995803833008,0.0654799372355143,0.245587203979492,2665813.96724997
9684,0.141495803833008,0.0657718022664388,0.252562571207682,2652401.00271016
9685,0.140995803833008,0.0654799372355143,0.23246230061849,2696848.20048547
9686,0.141495803833008,0.0657718022664388,0.239361368815104,2682262.33933143
9687,0.140995803833008,0.0654799372355143,0.219338338216146,2731060.2041256
9688,0.141495803833008,0.0657718022664388,0.226162099202474,2714961.67742869
9689,0.140995803833008,0.0654799372355143,0.206212443033854,2768418.385545
9690,0.141495803833008,0.0657718022664388,0.212961837768555,2751048.94418517
9691,0.140995803833008,0.0654799372355143,0.193084676106771,2809089.85599809
9692,0.141495803833008,0.0657718022664388,0.199760609944661,2790599.65176971
9693,0.140995803833008,0.0654799372355143,0.179959040323893,2852994.2431313
9694,0.141495803833008,0.0657718022664388,0.18655854288737,2833735.42742368
9695,0.140995803833008,0.0654799372355143,0.166833002726237,2899826.49669078
9696,0.141495803833008,0.0657718022664388,0.173359339396159,2880603.82889088
9697,0.140995803833008,0.0654799372355143,0.153707005818685,2949330.99803804
9698,0.141495803833008,0.0657718022664388,0.160157002766927,2931287.1917655
9699,0.140995803833008,0.0654799372355143,0.140584004720052,3002483.98753807
9700,0.141495803833008,0.0657718022664388,0.146957672119141,2984354.14674198
9701,0.140995803833008,0.0654799372355143,0.127458002726237,3065625.49509592
9702,0.141495803833008,0.0657718022664388,0.133758336385091,3041590.30773205
9703,0.140995803833008,0.0654799372355143,0.114330337524414,3143536.72986042
9704,0.141495803833008,0.0657718022664388,0.120556004842122,3111510.68264373
9705,0.140995803833008,0.0654799372355143,0.101204335530599,3237855.19877158
9706,0.141495803833008,0.0657718022664388,0.107355005900065,3205332.22236549
9707,0.140995803833008,0.0654799372355143,0.0880806681315104,3320714.59597665
9708,0.141495803833008,0.0657718022664388,0.0941546681722005,3302315.23465284
9709,0.140995803833008,0.0654799372355143,0.0749536743164062,3445996.43476211
9710,0.141495803833008,0.0657718022664388,0.0809546712239583,3389725.70117025
9711,0.140995803833008,0.0654799372355143,0.0618280029296875,3582436.79076152
9712,0.141495803833008,0.0657718022664388,0.0677513376871745,3527106.60174054
9713,0.140995803833008,0.0654799372355143,0.0487020060221354,3767803.34471374
9714,0.141495803833008,0.0657718022664388,0.0545523376464844,3673981.51884688
9715,0.140995803833008,0.0654799372355143,0.0355743357340495,4110696.0873813
9716,0.141495803833008,0.0657718022664388,0.0413500061035156,3899685.84262021
9717,0.140995803833008,0.0654799372355143,0.0224493408203125,5738921.02758008
9718,0.141495803833008,0.0657718022664388,0.0281490071614583,4797599.01868151
9719,0.142497670491536,0.0663894678751628,0.560533671061198,2237662.57927355
9720,0.142497670491536,0.0663894678751628,0.547182006835938,2249470.09960866
9721,0.142999537150065,0.0667152684529622,0.556032999674479,2239396.0972084
9722,0.142497670491536,0.0663894678751628,0.533831013997396,2261676.2922032
9723,0.142999537150065,0.0667152684529622,0.542605672200521,2251201.15657881
9724,0.142497670491536,0.0663894678751628,0.520481333414713,2273981.69625303
9725,0.142999537150065,0.0667152684529622,0.5291806640625,2263452.96016499
9726,0.142497670491536,0.0663894678751628,0.507129333496094,2286402.91903277
9727,0.142999537150065,0.0667152684529622,0.515754323323568,2276002.07460735
9728,0.142497670491536,0.0663894678751628,0.493780334472656,2299106.50863477
9729,0.142999537150065,0.0667152684529622,0.50232899983724,2288778.66417476
9730,0.142497670491536,0.0663894678751628,0.480430338541667,2312248.24160633
9731,0.142999537150065,0.0667152684529622,0.488905670166016,2302022.15909712
9732,0.142497670491536,0.0663894678751628,0.467077351888021,2325968.65403399
9733,0.142999537150065,0.0667152684529622,0.475479349772135,2318660.76969888
9734,0.142497670491536,0.0663894678751628,0.453724680582682,2340228.22548953
9735,0.142999537150065,0.0667152684529622,0.462050354003906,2333461.87961225
9736,0.142497670491536,0.0663894678751628,0.440375681559245,2354949.60156668
9737,0.142999537150065,0.0667152684529622,0.448625010172526,2348026.4655845
9738,0.142497670491536,0.0663894678751628,0.427023681640625,2370225.51113141
9739,0.142999537150065,0.0667152684529622,0.435199686686198,2359745.46792156
9740,0.142497670491536,0.0663894678751628,0.41367333984375,2386167.56082388
9741,0.142999537150065,0.0667152684529622,0.421773010253906,2374690.71895037
9742,0.142497670491536,0.0663894678751628,0.400324666341146,2402916.87311503
9743,0.142999537150065,0.0667152684529622,0.408349670410156,2390592.08284929
9744,0.142497670491536,0.0663894678751628,0.386972798665365,2420553.03367511
9745,0.142999537150065,0.0667152684529622,0.394924662272135,2407740.04304958
9746,0.142497670491536,0.0663894678751628,0.373620971679687,2438973.15513623
9747,0.142999537150065,0.0667152684529622,0.381496398925781,2426285.08723483
9748,0.142497670491536,0.0663894678751628,0.360271942138672,2458001.62210542
9749,0.142999537150065,0.0667152684529622,0.368071207682292,2445882.14500552
9750,0.142497670491536,0.0663894678751628,0.346920074462891,2477558.1218939
9751,0.142999537150065,0.0667152684529622,0.354645904541016,2465886.41396491
9752,0.142497670491536,0.0663894678751628,0.333568237304687,2497944.01407587
9753,0.142999537150065,0.0667152684529622,0.3412177734375,2486064.70858364
9754,0.142497670491536,0.0663894678751628,0.320218271891276,2519367.2421759
9755,0.142999537150065,0.0667152684529622,0.327791534423828,2506843.71954024
9756,0.142497670491536,0.0663894678751628,0.30686924235026,2542338.77684351
9757,0.142999537150065,0.0667152684529622,0.31436811319987,2528907.1939414
9758,0.142497670491536,0.0663894678751628,0.293517374674479,2567376.15055528
9759,0.142999537150065,0.0667152684529622,0.300942810058594,2552731.47857082
9760,0.142497670491536,0.0663894678751628,0.280167399088542,2594690.2633421
9761,0.142999537150065,0.0667152684529622,0.287516571044922,2578309.93362733
9762,0.142497670491536,0.0663894678751628,0.266815541585286,2623420.21950878
9763,0.142999537150065,0.0667152684529622,0.274091267903646,2606248.16373513
9764,0.142497670491536,0.0663894678751628,0.253462738037109,2652401.00271016
9765,0.142999537150065,0.0667152684529622,0.260663141886393,2636179.15255706
9766,0.142497670491536,0.0663894678751628,0.240110900878906,2682262.33933143
9767,0.142999537150065,0.0667152684529622,0.247236902872721,2666440.41059446
9768,0.142497670491536,0.0663894678751628,0.226761896769206,2714961.67742869
9769,0.142999537150065,0.0667152684529622,0.233811630249023,2697325.33216463
9770,0.142497670491536,0.0663894678751628,0.213411900838216,2751048.94418517
9771,0.142999537150065,0.0667152684529622,0.220388198852539,2731560.9982622
9772,0.142497670491536,0.0663894678751628,0.200060038248698,2790599.65176971
9773,0.142999537150065,0.0667152684529622,0.206961934407552,2769613.22965592
9774,0.142497670491536,0.0663894678751628,0.186709177652995,2833735.42742368
9775,0.142999537150065,0.0667152684529622,0.193534739176432,2810540.60564816
9776,0.142497670491536,0.0663894678751628,0.173359339396159,2880603.82889088
9777,0.142999537150065,0.0667152684529622,0.180109675089518,2855089.29675515
9778,0.142497670491536,0.0663894678751628,0.160007334391276,2931287.1917655
9779,0.142999537150065,0.0667152684529622,0.166683334350586,2904378.23286822
9780,0.142497670491536,0.0663894678751628,0.146655670166016,2984354.14674198
9781,0.142999537150065,0.0667152684529622,0.153255335489909,2958099.27802758
9782,0.142497670491536,0.0663894678751628,0.13330800374349,3041590.30773205
9783,0.142999537150065,0.0667152684529622,0.139831670125326,3014272.51063006
9784,0.142497670491536,0.0663894678751628,0.119956339518229,3111510.68264373
9785,0.142999537150065,0.0667152684529622,0.126408004760742,3074123.23071238
9786,0.142497670491536,0.0663894678751628,0.106604339599609,3205332.22236549
9787,0.142999537150065,0.0667152684529622,0.112980005900065,3149854.74578135
9788,0.142497670491536,0.0663894678751628,0.0932556711832682,3302315.23465284
9789,0.142999537150065,0.0667152684529622,0.0995546722412109,3244265.05374928
9790,0.142497670491536,0.0663894678751628,0.0799026692708333,3408311.30684917
9791,0.142999537150065,0.0667152684529622,0.0861296691894531,3354156.44327916
9792,0.142497670491536,0.0663894678751628,0.0665500030517578,3552792.34574723
9793,0.142999537150065,0.0667152684529622,0.0727003377278646,3458343.41585746
9794,0.142497670491536,0.0663894678751628,0.0532030029296875,3717149.91903995
9795,0.142999537150065,0.0667152684529622,0.059277333577474,3560798.08633526
9796,0.142497670491536,0.0663894678751628,0.0398510080973307,3975810.525382
9797,0.142999537150065,0.0667152684529622,0.0458536732991537,3766479.29279701
9798,0.142497670491536,0.0663894678751628,0.0264993387858073,5311352.65259349
9799,0.142999537150065,0.0667152684529622,0.0324256693522135,4990253.14532055
9800,0.144001403808594,0.0674017028808594,0.560457336425781,2239396.0972084
9801,0.144001403808594,0.0674017028808594,0.546882649739583,2251201.15657881
9802,0.144501403808594,0.067762336730957,0.555883321126302,2240297.1138431
9803,0.144001403808594,0.0674017028808594,0.533304667154948,2263452.96016499
9804,0.144501403808594,0.067762336730957,0.542231994628906,2252038.54312867
9805,0.144001403808594,0.0674017028808594,0.519728658040365,2276002.07460735
9806,0.144501403808594,0.067762336730957,0.528579671223958,2264223.31418884
9807,0.144001403808594,0.0674017028808594,0.506153666178385,2288778.66417476
9808,0.144501403808594,0.067762336730957,0.514928334554037,2276878.14127643
9809,0.144001403808594,0.0674017028808594,0.492579681396484,2302022.15909712
9810,0.144501403808594,0.067762336730957,0.501279012044271,2290086.15417961
9811,0.144001403808594,0.0674017028808594,0.479003682454427,2316130.3593089
9812,0.144501403808594,0.067762336730957,0.487628682454427,2304063.24987195
9813,0.144001403808594,0.0674017028808594,0.465426015218099,2330842.07403534
9814,0.144501403808594,0.067762336730957,0.473977345784505,2318660.76969888
9815,0.144001403808594,0.0674017028808594,0.451850016276042,2345319.34255067
9816,0.144501403808594,0.067762336730957,0.460325347900391,2333461.87961225
9817,0.144001403808594,0.0674017028808594,0.438274678548177,2359745.46792156
9818,0.144501403808594,0.067762336730957,0.44667567952474,2348026.4655845
9819,0.144001403808594,0.0674017028808594,0.42469867960612,2374690.71895037
9820,0.144501403808594,0.067762336730957,0.433024342854818,2362312.25096475
9821,0.144001403808594,0.0674017028808594,0.411124674479167,2390592.08284929
9822,0.144501403808594,0.067762336730957,0.419374013264974,2377069.636659
9823,0.144001403808594,0.0674017028808594,0.397549662272135,2407740.04304958
9824,0.144501403808594,0.067762336730957,0.405724670410156,2392990.98318662
9825,0.144001403808594,0.0674017028808594,0.383971934000651,2426285.08723483
9826,0.144501403808594,0.067762336730957,0.392073333740234,2410363.4662573
9827,0.144001403808594,0.0674017028808594,0.370396006266276,2445882.14500552
9828,0.144501403808594,0.067762336730957,0.378421305338542,2429184.17047777
9829,0.144001403808594,0.0674017028808594,0.356819101969401,2465886.41396491
9830,0.144501403808594,0.067762336730957,0.364769938151042,2449167.47995801
9831,0.144001403808594,0.0674017028808594,0.3432431640625,2486064.70858364
9832,0.144501403808594,0.067762336730957,0.351118662516276,2469666.94229911
9833,0.144001403808594,0.0674017028808594,0.329667165120443,2506843.71954024
9834,0.144501403808594,0.067762336730957,0.337469258626302,2490350.761691
9835,0.144001403808594,0.0674017028808594,0.31609120686849,2528907.1939414
9836,0.144501403808594,0.067762336730957,0.32381699625651,2511487.73323336
9837,0.144001403808594,0.0674017028808594,0.30251811726888,2552731.47857082
9838,0.144501403808594,0.067762336730957,0.310167643229167,2534094.08176414
9839,0.144001403808594,0.0674017028808594,0.288942148844401,2578309.93362733
9840,0.144501403808594,0.067762336730957,0.296518259684245,2558090.67008561
9841,0.144001403808594,0.0674017028808594,0.27536430867513,2606248.16373513
9842,0.144501403808594,0.067762336730957,0.282866017659505,2583810.68456264
9843,0.144001403808594,0.0674017028808594,0.261789311726888,2636179.15255706
9844,0.144501403808594,0.067762336730957,0.269214752197266,2611932.07920632
9845,0.144001403808594,0.0674017028808594,0.248213333129883,2666440.41059446
9846,0.144501403808594,0.067762336730957,0.255565338134766,2642506.77330209
9847,0.144001403808594,0.0674017028808594,0.234637400309245,2697325.33216463
9848,0.144501403808594,0.067762336730957,0.241913101196289,2673836.04083621
9849,0.144001403808594,0.0674017028808594,0.221064270019531,2731560.9982622
9850,0.144501403808594,0.067762336730957,0.228263737996419,2705294.30538269
9851,0.144001403808594,0.0674017028808594,0.207486399332682,2769613.22965592
9852,0.144501403808594,0.067762336730957,0.214612436930339,2739820.82288766
9853,0.144001403808594,0.0674017028808594,0.193910435994466,2810540.60564816
9854,0.144501403808594,0.067762336730957,0.200960199991862,2778252.89657887
9855,0.144001403808594,0.0674017028808594,0.18033566792806,2855089.29675515
9856,0.144501403808594,0.067762336730957,0.18731086730957,2819007.96932234
9857,0.144001403808594,0.0674017028808594,0.166757670084635,2904378.23286822
9858,0.144501403808594,0.067762336730957,0.17365966796875,2862721.80118067
9859,0.144001403808594,0.0674017028808594,0.153180999755859,2958099.27802758
9860,0.144501403808594,0.067762336730957,0.160007334391276,2911799.78099425
9861,0.144001403808594,0.0674017028808594,0.139607671101888,3014272.51063006
9862,0.144501403808594,0.067762336730957,0.146357335408529,2966198.47125771
9863,0.144001403808594,0.0674017028808594,0.126032338460286,3074123.23071238
9864,0.144501403808594,0.067762336730957,0.132708338419596,3024248.84483601
9865,0.144001403808594,0.0674017028808594,0.11245566813151,3149854.74578135
9866,0.144501403808594,0.067762336730957,0.119056335449219,3088590.31274727
9867,0.144001403808594,0.0674017028808594,0.098878672281901,3244265.05374928
9868,0.144501403808594,0.067762336730957,0.105404001871745,3175186.87691072
9869,0.144001403808594,0.0674017028808594,0.0853036702473958,3354156.44327916
9870,0.144501403808594,0.067762336730957,0.0917536722819011,3264667.15856863
9871,0.144001403808594,0.0674017028808594,0.0717270050048828,3458343.41585746
9872,0.144501403808594,0.067762336730957,0.0781033376057943,3378999.92096546
9873,0.144001403808594,0.0674017028808594,0.0581520029703776,3605895.15118031
9874,0.144501403808594,0.067762336730957,0.0644513397216797,3477199.30568688
9875,0.144001403808594,0.0674017028808594,0.0445786692301432,3829225.29937475
9876,0.144501403808594,0.067762336730957,0.0508026682535807,3677903.0480186
9877,0.144001403808594,0.0674017028808594,0.0310020039876302,5095021.87074761
9878,0.144501403808594,0.067762336730957,0.037152338663737,4757459.57615249
9879,0.145501373291016,0.0685165710449219,0.560383992513021,2240297.1138431
9880,0.145501373291016,0.0685165710449219,0.546582336425781,2252038.54312867
9881,0.146001342773437,0.0689101715087891,0.555733662923177,2242903.29191518
9882,0.145501373291016,0.0685165710449219,0.532780008951823,2264223.31418884
9883,0.146001342773437,0.0689101715087891,0.541855346679687,2254611.45387668
9884,0.145501373291016,0.0685165710449219,0.518979014078776,2276878.14127643
9885,0.146001342773437,0.0689101715087891,0.527979675292969,2266772.14777652
9886,0.145501373291016,0.0685165710449219,0.50517734781901,2290086.15417961
9887,0.146001342773437,0.0689101715087891,0.514102681477865,2279567.27970389
9888,0.145501373291016,0.0685165710449219,0.491377014160156,2304063.24987195
9889,0.146001342773437,0.0689101715087891,0.500226348876953,2293252.25024955
9890,0.145501373291016,0.0685165710449219,0.477578002929687,2318660.76969888
9891,0.146001342773437,0.0689101715087891,0.486352671305339,2307686.06622012
9892,0.145501373291016,0.0685165710449219,0.463776011149089,2333461.87961225
9893,0.146001342773437,0.0689101715087891,0.472477335611979,2322514.72988669
9894,0.145501373291016,0.0685165710449219,0.449976013183594,2348026.4655845
9895,0.146001342773437,0.0689101715087891,0.458601013183594,2337573.94601175
9896,0.145501373291016,0.0685165710449219,0.436174997965495,2362312.25096475
9897,0.146001342773437,0.0689101715087891,0.444725667317708,2352569.06494532
9898,0.145501373291016,0.0685165710449219,0.422373016357422,2377069.636659
9899,0.146001342773437,0.0689101715087891,0.430848337809245,2366947.9406362
9900,0.145501373291016,0.0685165710449219,0.408573008219401,2392990.98318662
9901,0.146001342773437,0.0689101715087891,0.416972015380859,2381438.96300101
9902,0.145501373291016,0.0685165710449219,0.39477300008138,2410363.4662573
9903,0.146001342773437,0.0689101715087891,0.403097666422526,2397242.85419344
9904,0.145501373291016,0.0685165710449219,0.380971038818359,2429184.17047777
9905,0.146001342773437,0.0689101715087891,0.389221333821615,2414662.34119504
9906,0.145501373291016,0.0685165710449219,0.367169138590495,2449167.47995801
9907,0.146001342773437,0.0689101715087891,0.375344940185547,2433509.21266954
9908,0.145501373291016,0.0685165710449219,0.353370025634766,2469666.94229911
9909,0.146001342773437,0.0689101715087891,0.361469665527344,2453829.62572704
9910,0.145501373291016,0.0685165710449219,0.339570892333984,2490350.761691
9911,0.146001342773437,0.0689101715087891,0.347596160888672,2474946.95570753
9912,0.145501373291016,0.0685165710449219,0.325768961588542,2511487.73323336
9913,0.146001342773437,0.0689101715087891,0.333720764160156,2496118.69492968
9914,0.145501373291016,0.0685165710449219,0.311967041015625,2534094.08176414
9915,0.146001342773437,0.0689101715087891,0.319842569986979,2517551.21034024
9916,0.145501373291016,0.0685165710449219,0.29816791788737,2558090.67008561
9917,0.146001342773437,0.0689101715087891,0.305967173258464,2540530.14603947
9918,0.145501373291016,0.0685165710449219,0.284365987141927,2583810.68456264
9919,0.146001342773437,0.0689101715087891,0.292091776529948,2564760.34531341
9920,0.145501373291016,0.0685165710449219,0.270564046223958,2611932.07920632
9921,0.146001342773437,0.0689101715087891,0.278213572184245,2590748.7898578
9922,0.145501373291016,0.0685165710449219,0.256764938354492,2642506.77330209
9923,0.146001342773437,0.0689101715087891,0.264338205973307,2619108.03056556
9924,0.145501373291016,0.0685165710449219,0.242964869181315,2673836.04083621
9925,0.146001342773437,0.0689101715087891,0.250464701334635,2649894.34044872
9926,0.145501373291016,0.0685165710449219,0.229162938435872,2705294.30538269
9927,0.146001342773437,0.0689101715087891,0.236588368733724,2681607.64518434
9928,0.145501373291016,0.0685165710449219,0.215361968994141,2739820.82288766
9929,0.146001342773437,0.0689101715087891,0.222713002522786,2713031.30294361
9930,0.145501373291016,0.0685165710449219,0.201560002644857,2778252.89657887
9931,0.146001342773437,0.0689101715087891,0.208835734049479,2747790.4166816
9932,0.145501373291016,0.0685165710449219,0.18776003519694,2819007.96932234
9933,0.146001342773437,0.0689101715087891,0.194959406534831,2786838.70291353
9934,0.145501373291016,0.0685165710449219,0.173958999633789,2862721.80118067
9935,0.146001342773437,0.0689101715087891,0.181084167480469,2827694.03909332
9936,0.145501373291016,0.0685165710449219,0.160157002766927,2911799.78099425
9937,0.146001342773437,0.0689101715087891,0.167206670125326,2871920.29402202
9938,0.145501373291016,0.0685165710449219,0.146357335408529,2966198.47125771
9939,0.146001342773437,0.0689101715087891,0.15333066813151,2921935.40287711
9940,0.145501373291016,0.0685165710449219,0.132558670043945,3024248.84483601
9941,0.146001342773437,0.0689101715087891,0.139458002726237,2980021.44479751
9942,0.145501373291016,0.0685165710449219,0.118756998697917,3088590.31274727
9943,0.146001342773437,0.0689101715087891,0.125583333333333,3042675.52115465
9944,0.145501373291016,0.0685165710449219,0.104955001831055,3175186.87691072
9945,0.146001342773437,0.0689101715087891,0.111707331339518,3114113.18316745
9946,0.145501373291016,0.0685165710449219,0.0911536712646484,3264667.15856863
9947,0.146001342773437,0.0689101715087891,0.0978296712239583,3196980.95753548
9948,0.145501373291016,0.0685165710449219,0.07735400390625,3378999.92096546
9949,0.146001342773437,0.0689101715087891,0.083954335530599,3279298.45882817
9950,0.145501373291016,0.0685165710449219,0.063552007039388,3477199.30568688
9951,0.146001342773437,0.0689101715087891,0.0700783386230469,3392191.06117945
9952,0.145501373291016,0.0685165710449219,0.0497506713867188,3713756.53724286
9953,0.146001342773437,0.0689101715087891,0.056200673421224,3603899.27675636
9954,0.145501373291016,0.0685165710449219,0.0359510040283203,4853663.04102139
9955,0.146001342773437,0.0689101715087891,0.0423253377278646,4554920.08345342
9956,0.147001312255859,0.0697331390380859,0.560307678222656,2242903.29191518
9957,0.147001312255859,0.0697331390380859,0.546280008951823,2254611.45387668
9958,0.147501312255859,0.0701625061035156,0.555581013997396,2245853.39916871
9959,0.147001312255859,0.0697331390380859,0.532254679361979,2266772.14777652
9960,0.147501312255859,0.0701625061035156,0.541479675292969,2257624.95144849
9961,0.147001312255859,0.0697331390380859,0.518228688557943,2279567.27970389
9962,0.147501312255859,0.0701625061035156,0.527380025227865,2269960.70998682
9963,0.147001312255859,0.0697331390380859,0.504201670328776,2293252.25024955
9964,0.147501312255859,0.0701625061035156,0.513278676350912,2283183.84689501
9965,0.147001312255859,0.0697331390380859,0.490177673339844,2307686.06622012
9966,0.147501312255859,0.0701625061035156,0.499177337646484,2297317.15716647
9967,0.147001312255859,0.0697331390380859,0.476154327392578,2322514.72988669
9968,0.147501312255859,0.0701625061035156,0.485079996744792,2312097.77376481
9969,0.147001312255859,0.0697331390380859,0.462126342773438,2337573.94601175
9970,0.147501312255859,0.0701625061035156,0.470978332519531,2326939.54010036
9971,0.147001312255859,0.0697331390380859,0.448100341796875,2352569.06494532
9972,0.147501312255859,0.0701625061035156,0.456876017252604,2341977.84735639
9973,0.147001312255859,0.0697331390380859,0.43407334391276,2366947.9406362
9974,0.147501312255859,0.0701625061035156,0.442774678548177,2357306.29059984
9975,0.147001312255859,0.0697331390380859,0.420047342936198,2381438.96300101
9976,0.147501312255859,0.0701625061035156,0.428673350016276,2372392.94823782
9977,0.147001312255859,0.0697331390380859,0.406021331787109,2397242.85419344
9978,0.147501312255859,0.0701625061035156,0.414572001139323,2387505.58929573
9979,0.147001312255859,0.0697331390380859,0.391996002197266,2414662.34119504
9980,0.147501312255859,0.0701625061035156,0.400471333821615,2403291.11568185
9981,0.147001312255859,0.0697331390380859,0.377970102945964,2433509.21266954
9982,0.147501312255859,0.0701625061035156,0.386370869954427,2420396.95245113
9983,0.147001312255859,0.0697331390380859,0.363945139567057,2453829.62572704
9984,0.147501312255859,0.0701625061035156,0.372269775390625,2439146.34326178
9985,0.147001312255859,0.0697331390380859,0.349920969645182,2474946.95570753
9986,0.147501312255859,0.0701625061035156,0.35817030843099,2459643.06745563
9987,0.147001312255859,0.0697331390380859,0.335895874023438,2496118.69492968
9988,0.147501312255859,0.0701625061035156,0.344070810953776,2481256.54009162
9989,0.147001312255859,0.0697331390380859,0.321867970784505,2517551.21034024
9990,0.147501312255859,0.0701625061035156,0.329969472249349,2503026.846618
9991,0.147001312255859,0.0697331390380859,0.307842834472656,2540530.14603947
9992,0.147501312255859,0.0701625061035156,0.315868103027344,2524768.08116645
9993,0.147001312255859,0.0697331390380859,0.293814900716146,2564760.34531341
9994,0.147501312255859,0.0701625061035156,0.30176670328776,2547192.09638762
9995,0.147001312255859,0.0697331390380859,0.279788859049479,2590748.7898578
9996,0.147501312255859,0.0701625061035156,0.287664398193359,2571369.8530936
9997,0.147001312255859,0.0697331390380859,0.26576377360026,2619108.03056556
9998,0.147501312255859,0.0701625061035156,0.273564900716146,2597109.67493863
9999,0.147001312255859,0.0697331390380859,0.251737737019857,2649894.34044872
10000,0.147501312255859,0.0701625061035156,0.259463541666667,2625255.77715798
10001,0.147001312255859,0.0697331390380859,0.237714533487956,2681607.64518434
10002,0.147501312255859,0.0701625061035156,0.245364069620768,2656299.16954186
10003,0.147001312255859,0.0697331390380859,0.223686599731445,2713031.30294361
10004,0.147501312255859,0.0701625061035156,0.231262700398763,2688854.77789634
10005,0.147001312255859,0.0697331390380859,0.209660573323568,2747790.4166816
10006,0.147501312255859,0.0701625061035156,0.217160405476888,2719941.88980762
10007,0.147001312255859,0.0697331390380859,0.195633605957031,2786838.70291353
10008,0.147501312255859,0.0701625061035156,0.203059041341146,2754895.06083175
10009,0.147001312255859,0.0697331390380859,0.181607503255208,2827694.03909332
10010,0.147501312255859,0.0701625061035156,0.18895757039388,2795794.79621603
10011,0.147001312255859,0.0697331390380859,0.167582336425781,2871920.29402202
10012,0.147501312255859,0.0701625061035156,0.174858001708984,2840139.77172308
10013,0.147001312255859,0.0697331390380859,0.153554672241211,2921935.40287711
10014,0.147501312255859,0.0701625061035156,0.160756673177083,2884456.89763676
10015,0.147001312255859,0.0697331390380859,0.139532333374023,2980021.44479751
10016,0.147501312255859,0.0701625061035156,0.146655670166016,2936704.47930601
10017,0.147001312255859,0.0697331390380859,0.125509002685547,3042675.52115465
10018,0.147501312255859,0.0701625061035156,0.132558670043945,3000187.30034719
10019,0.147001312255859,0.0697331390380859,0.111481333414714,3114113.18316745
10020,0.147501312255859,0.0701625061035156,0.118456670125326,3068607.97487148
10021,0.147001312255859,0.0697331390380859,0.0974560038248698,3196980.95753548
10022,0.147501312255859,0.0701625061035156,0.104355336507161,3145401.1836344
10023,0.147001312255859,0.0697331390380859,0.0834280039469401,3279298.45882817
10024,0.147501312255859,0.0701625061035156,0.0902536722819011,3212852.67982376
10025,0.147001312255859,0.0697331390380859,0.0694030049641927,3392191.06117945
10026,0.147501312255859,0.0701625061035156,0.076152338663737,3293726.38898849
10027,0.147001312255859,0.0697331390380859,0.0553766733805338,3603899.27675636
10028,0.147501312255859,0.0701625061035156,0.0620526733398438,3516576.38699852
10029,0.147001312255859,0.0697331390380859,0.0413500061035156,4674631.4512208
10030,0.147501312255859,0.0701625061035156,0.0479513397216797,4491844.20724381
10031,0.148500345865885,0.0710560735066732,0.56023134358724,2245853.39916871
10032,0.148500345865885,0.0710560735066732,0.545980672200521,2257624.95144849
10033,0.148999379475911,0.071520273844401,0.555431335449219,2249950.93101035
10034,0.148500345865885,0.0710560735066732,0.53173134358724,2269960.70998682
10035,0.148999379475911,0.071520273844401,0.541106994628906,2262003.87176658
10036,0.148500345865885,0.0710560735066732,0.51747900390625,2283183.84689501
10037,0.148999379475911,0.071520273844401,0.526780334472656,2274699.78443816
10038,0.148500345865885,0.0710560735066732,0.503227996826172,2297317.15716647
10039,0.148999379475911,0.071520273844401,0.512452657063802,2288217.39773739
10040,0.148500345865885,0.0710560735066732,0.488979339599609,2312097.77376481
10041,0.148999379475911,0.071520273844401,0.498127675374349,2302560.31602389
10042,0.148500345865885,0.0710560735066732,0.474728006998698,2326939.54010036
10043,0.148999379475911,0.071520273844401,0.483803344726563,2317536.4008879
10044,0.148500345865885,0.0710560735066732,0.460474680582682,2341977.84735639
10045,0.148999379475911,0.071520273844401,0.469474680582682,2332750.00331498
10046,0.148500345865885,0.0710560735066732,0.44622568766276,2357306.29059984
10047,0.148999379475911,0.071520273844401,0.455150014241536,2348004.81900998
10048,0.148500345865885,0.0710560735066732,0.431974680582682,2372392.94823782
10049,0.148999379475911,0.071520273844401,0.44082568359375,2363566.12624685
10050,0.148500345865885,0.0710560735066732,0.417723337809245,2387505.58929573
10051,0.148999379475911,0.071520273844401,0.426500010172526,2379374.60084835
10052,0.148500345865885,0.0710560735066732,0.403472330729167,2403291.11568185
10053,0.148999379475911,0.071520273844401,0.412173665364583,2395284.09064423
10054,0.148500345865885,0.0710560735066732,0.389221201578776,2420396.95245113
10055,0.148999379475911,0.071520273844401,0.397847330729167,2411386.96480161
10056,0.148500345865885,0.0710560735066732,0.374970275878906,2439146.34326178
10057,0.148999379475911,0.071520273844401,0.383520935058594,2428424.61582313
10058,0.148500345865885,0.0710560735066732,0.360719217936198,2459643.06745563
10059,0.148999379475911,0.071520273844401,0.369194549560547,2447150.42449364
10060,0.148500345865885,0.0710560735066732,0.346470011393229,2481256.54009162
10061,0.148999379475911,0.071520273844401,0.354869079589844,2467861.27058472
10062,0.148500345865885,0.0710560735066732,0.332218943277995,2503026.846618
10063,0.148999379475911,0.071520273844401,0.340544545491536,2490076.28286549
10064,0.148500345865885,0.0710560735066732,0.317966929117839,2524768.08116645
10065,0.148999379475911,0.071520273844401,0.326216267903646,2512534.89186705
10066,0.148500345865885,0.0710560735066732,0.303715840657552,2547192.09638762
10067,0.148999379475911,0.071520273844401,0.311890797932943,2534889.31364394
10068,0.148500345865885,0.0710560735066732,0.289463785807292,2571369.8530936
10069,0.148999379475911,0.071520273844401,0.29756342569987,2557686.72001119
10070,0.148500345865885,0.0710560735066732,0.275216471354167,2597109.67493863
10071,0.148999379475911,0.071520273844401,0.283239817301432,2582178.20916237
10072,0.148500345865885,0.0710560735066732,0.260965372721354,2625255.77715798
10073,0.148999379475911,0.071520273844401,0.268917175292969,2608682.0725987
10074,0.148500345865885,0.0710560735066732,0.246713368733724,2656299.16954186
10075,0.148999379475911,0.071520273844401,0.2545888671875,2637666.22274112
10076,0.148500345865885,0.0710560735066732,0.232462305704753,2688854.77789634
10077,0.148999379475911,0.071520273844401,0.240263437906901,2669505.9193152
10078,0.148500345865885,0.0710560735066732,0.218210271199544,2719941.88980762
10079,0.148999379475911,0.071520273844401,0.225936070760091,2702379.21183045
10080,0.148500345865885,0.0710560735066732,0.203959208170573,2754895.06083175
10081,0.148999379475911,0.071520273844401,0.211610605875651,2734076.71986071
10082,0.148500345865885,0.0710560735066732,0.189708002726237,2795794.79621603
10083,0.148999379475911,0.071520273844401,0.197284205118815,2770752.87380532
10084,0.148500345865885,0.0710560735066732,0.175457672119141,2840139.77172308
10085,0.148999379475911,0.071520273844401,0.182957605997721,2816678.98233422
10086,0.148500345865885,0.0710560735066732,0.161206675211589,2884456.89763676
10087,0.148999379475911,0.071520273844401,0.168632008870443,2867884.2332208
10088,0.148500345865885,0.0710560735066732,0.14695600382487,2936704.47930601
10089,0.148999379475911,0.071520273844401,0.15430500793457,2914993.34760718
10090,0.148500345865885,0.0710560735066732,0.132708338419596,3000187.30034719
10091,0.148999379475911,0.071520273844401,0.139982335408529,2970777.22921651
10092,0.148500345865885,0.0710560735066732,0.118456670125326,3068607.97487148
10093,0.148999379475911,0.071520273844401,0.125658671061198,3031605.08411037
10094,0.148500345865885,0.0710560735066732,0.104204671223958,3145401.1836344
10095,0.148999379475911,0.071520273844401,0.11133066813151,3108933.08711924
10096,0.148500345865885,0.0710560735066732,0.0899533386230469,3212852.67982376
10097,0.148999379475911,0.071520273844401,0.0970050048828125,3184043.44283993
10098,0.148500345865885,0.0710560735066732,0.0757020060221354,3293726.38898849
10099,0.148999379475911,0.071520273844401,0.0826773376464844,3268562.66056145
10100,0.148500345865885,0.0710560735066732,0.0614530080159505,3516576.38699852
10101,0.148999379475911,0.071520273844401,0.0683530069986979,3417695.32855823
10102,0.148500345865885,0.0710560735066732,0.0472010040283203,4491844.20724381
10103,0.148999379475911,0.071520273844401,0.0540266723632813,4128607.38436031
10104,0.149998413085938,0.0724807052612305,0.560157999674479,2249950.93101035
10105,0.149998413085938,0.0724807052612305,0.545681315104167,2262003.87176658
10106,0.150498413085938,0.072976936340332,0.555281656901042,2259480.01573832
10107,0.149998413085938,0.0724807052612305,0.531204996744792,2274699.78443816
10108,0.150498413085938,0.072976936340332,0.540730326334635,2272079.98135278
10109,0.149998413085938,0.0724807052612305,0.516728658040365,2288217.39773739
10110,0.150498413085938,0.072976936340332,0.526179667154948,2285323.73995466
10111,0.149998413085938,0.0724807052612305,0.502252675374349,2302560.31602389
10112,0.150498413085938,0.072976936340332,0.511628997802734,2299224.55985153
10113,0.149998413085938,0.0724807052612305,0.487777689615885,2317536.4008879
10114,0.150498413085938,0.072976936340332,0.497078684488932,2313732.57190264
10115,0.149998413085938,0.0724807052612305,0.473299346923828,2332750.00331498
10116,0.150498413085938,0.072976936340332,0.482527018229167,2329013.07430253
10117,0.149998413085938,0.0724807052612305,0.458825347900391,2348004.81900998
10118,0.150498413085938,0.072976936340332,0.467974680582682,2344814.74685476
10119,0.149998413085938,0.0724807052612305,0.444350016276042,2363566.12624685
10120,0.150498413085938,0.072976936340332,0.453425354003906,2360579.55759061
10121,0.149998413085938,0.0724807052612305,0.429874674479167,2379374.60084835
10122,0.150498413085938,0.072976936340332,0.438873677571615,2376781.32836388
10123,0.149998413085938,0.0724807052612305,0.415400675455729,2395284.09064423
10124,0.150498413085938,0.072976936340332,0.424325012207031,2393830.00489768
10125,0.149998413085938,0.0724807052612305,0.400922668457031,2411386.96480161
10126,0.150498413085938,0.072976936340332,0.409774678548177,2411056.27012162
10127,0.149998413085938,0.0724807052612305,0.386446400960286,2428424.61582313
10128,0.150498413085938,0.072976936340332,0.395222005208333,2427887.58767294
10129,0.149998413085938,0.0724807052612305,0.371969441731771,2447150.42449364
10130,0.150498413085938,0.072976936340332,0.380670633951823,2445013.62240737
10131,0.149998413085938,0.0724807052612305,0.35749424235026,2467861.27058472
10132,0.150498413085938,0.072976936340332,0.366119272867839,2463655.86431501
10133,0.149998413085938,0.0724807052612305,0.343017171223958,2490076.28286549
10134,0.150498413085938,0.072976936340332,0.351567799886068,2484828.16970703
10135,0.149998413085938,0.0724807052612305,0.328542002360026,2512534.89186705
10136,0.150498413085938,0.072976936340332,0.337017303466797,2508234.63817148
10137,0.149998413085938,0.0724807052612305,0.31406586710612,2534889.31364394
10138,0.150498413085938,0.072976936340332,0.322467732747396,2532209.38497612
10139,0.149998413085938,0.0724807052612305,0.299588785807292,2557686.72001119
10140,0.150498413085938,0.072976936340332,0.307916269938151,2556016.95004834
10141,0.149998413085938,0.0724807052612305,0.285115488688151,2582178.20916237
10142,0.150498413085938,0.072976936340332,0.293364817301432,2579792.82815573
10143,0.149998413085938,0.0724807052612305,0.270640299479167,2608682.0725987
10144,0.150498413085938,0.072976936340332,0.278815266927083,2605163.19683188
10145,0.149998413085938,0.0724807052612305,0.25616416422526,2637666.22274112
10146,0.150498413085938,0.072976936340332,0.264263793945313,2633635.44696033
10147,0.149998413085938,0.0724807052612305,0.241687138875326,2669505.9193152
10148,0.150498413085938,0.072976936340332,0.249712366739909,2664269.64983224
10149,0.149998413085938,0.0724807052612305,0.227211934407552,2702379.21183045
10150,0.150498413085938,0.072976936340332,0.235161870320638,2696905.81551057
10151,0.149998413085938,0.0724807052612305,0.212736735026042,2734076.71986071
10152,0.150498413085938,0.072976936340332,0.220612263997396,2728785.89019032
10153,0.149998413085938,0.0724807052612305,0.198259704589844,2770752.87380532
10154,0.150498413085938,0.072976936340332,0.206060836791992,2761047.11727103
10155,0.149998413085938,0.0724807052612305,0.183783508300781,2816678.98233422
10156,0.150498413085938,0.072976936340332,0.191509404500326,2802816.56971111
10157,0.149998413085938,0.0724807052612305,0.169305338541667,2867884.2332208
10158,0.150498413085938,0.072976936340332,0.176956904093424,2860223.23441677
10159,0.149998413085938,0.0724807052612305,0.154831339518229,2914993.34760718
10160,0.150498413085938,0.072976936340332,0.162406336466471,2911920.90021692
10161,0.149998413085938,0.0724807052612305,0.140358001708984,2970777.22921651
10162,0.150498413085938,0.072976936340332,0.147858001708984,2966119.75890594
10163,0.149998413085938,0.0724807052612305,0.125882670084635,3031605.08411037
10164,0.150498413085938,0.072976936340332,0.13330800374349,3018583.32921622
10165,0.149998413085938,0.0724807052612305,0.111406667073568,3108933.08711924
10166,0.150498413085938,0.072976936340332,0.11875666809082,3080132.32833024
10167,0.149998413085938,0.0724807052612305,0.0969286702473958,3184043.44283993
10168,0.150498413085938,0.072976936340332,0.104204335530599,3163224.33353111
10169,0.149998413085938,0.0724807052612305,0.0824533386230469,3268562.66056145
10170,0.150498413085938,0.072976936340332,0.0896530049641927,3272329.43990112
10171,0.149998413085938,0.0724807052612305,0.0679773406982422,3417695.32855823
10172,0.150498413085938,0.072976936340332,0.0751023406982422,3416494.25451451
10173,0.149998413085938,0.0724807052612305,0.0535013376871745,4128607.38436031
10174,0.150498413085938,0.072976936340332,0.060552007039388,3947329.52274876
10175,0.151498413085938,0.0740042343139648,0.560081665039063,2259480.01573832
10176,0.151498413085938,0.0740042343139648,0.545380004882812,2272079.98135278
10177,0.151998413085938,0.0745353012084961,0.555131001790365,2271740.36726616
10178,0.151998413085938,0.0745353012084961,0.540355672200521,2285061.12618187
10179,0.151998413085938,0.0745353012084961,0.525580993652344,2299004.64764532
10180,0.151498413085938,0.0740042343139648,0.5306806640625,2285323.73995466
10181,0.151998413085938,0.0745353012084961,0.510804341634115,2313484.4538066
10182,0.151498413085938,0.0740042343139648,0.515980336507161,2299224.55985153
10183,0.151998413085938,0.0745353012084961,0.496028676350911,2328379.85017458
10184,0.151498413085938,0.0740042343139648,0.501279012044271,2313732.57190264
10185,0.151998413085938,0.0745353012084961,0.481251007080078,2343947.9722797
10186,0.151498413085938,0.0740042343139648,0.486577677408854,2329013.07430253
10187,0.151998413085938,0.0745353012084961,0.466475677490234,2360273.4481319
10188,0.151498413085938,0.0740042343139648,0.471875681559245,2344814.74685476
10189,0.151998413085938,0.0745353012084961,0.45169834391276,2377017.05327716
10190,0.151498413085938,0.0740042343139648,0.457174682617188,2360579.55759061
10191,0.151998413085938,0.0745353012084961,0.436923004150391,2394241.65371032
10192,0.151498413085938,0.0740042343139648,0.442472676595052,2376781.32836388
10193,0.151998413085938,0.0745353012084961,0.422148345947266,2412561.00151266
10194,0.151498413085938,0.0740042343139648,0.427774342854818,2393830.00489768
10195,0.151998413085938,0.0745353012084961,0.407372680664063,2431626.5691887
10196,0.151498413085938,0.0740042343139648,0.413073018391927,2411056.27012162
10197,0.151998413085938,0.0745353012084961,0.392597005208333,2450568.46369771
10198,0.151498413085938,0.0740042343139648,0.398373677571615,2427887.58767294
10199,0.151998413085938,0.0745353012084961,0.377819498697917,2468940.15708705
10200,0.151498413085938,0.0740042343139648,0.383669565836589,2445013.62240737
10201,0.151998413085938,0.0745353012084961,0.363045867919922,2487531.1649397
10202,0.151498413085938,0.0740042343139648,0.368970397949219,2463655.86431501
10203,0.151998413085938,0.0745353012084961,0.348268463134766,2509283.2560962
10204,0.151498413085938,0.0740042343139648,0.354268300374349,2484828.16970703
10205,0.151998413085938,0.0745353012084961,0.333494801839193,2534104.32064397
10206,0.151498413085938,0.0740042343139648,0.339568094889323,2508234.63817148
10207,0.151998413085938,0.0745353012084961,0.31871923828125,2560296.62857681
10208,0.151498413085938,0.0740042343139648,0.324869740804036,2532209.38497612
10209,0.151998413085938,0.0745353012084961,0.303941802978516,2586791.62234466
10210,0.151498413085938,0.0740042343139648,0.310167633056641,2556016.95004834
10211,0.151998413085938,0.0745353012084961,0.289166259765625,2613229.40989619
10212,0.151498413085938,0.0740042343139648,0.295466471354167,2579792.82815573
10213,0.151998413085938,0.0745353012084961,0.274388824462891,2640411.96273123
10214,0.151498413085938,0.0740042343139648,0.280764383951823,2605163.19683188
10215,0.151998413085938,0.0745353012084961,0.259613240559896,2671262.65066956
10216,0.151498413085938,0.0740042343139648,0.266063201904297,2633635.44696033
10217,0.151998413085938,0.0745353012084961,0.244836771647135,2704593.62044098
10218,0.151498413085938,0.0740042343139648,0.25136203511556,2664269.64983224
10219,0.151998413085938,0.0745353012084961,0.23006120300293,2737156.48736121
10220,0.151498413085938,0.0740042343139648,0.236661834716797,2696905.81551057
10221,0.151998413085938,0.0745353012084961,0.215285634358724,2767818.5067532
10222,0.151498413085938,0.0740042343139648,0.221961568196615,2728785.89019032
10223,0.151998413085938,0.0745353012084961,0.200508265177409,2801674.40726319
10224,0.151498413085938,0.0740042343139648,0.207260431925456,2761047.11727103
10225,0.151998413085938,0.0745353012084961,0.185732803344727,2851636.11275086
10226,0.151498413085938,0.0740042343139648,0.192558369954427,2802816.56971111
10227,0.151998413085938,0.0745353012084961,0.170955332438151,2917084.69370497
10228,0.151498413085938,0.0740042343139648,0.177857233683268,2860223.23441677
10229,0.151998413085938,0.0745353012084961,0.156180669148763,2972719.27626931
10230,0.151498413085938,0.0740042343139648,0.163156000773112,2911920.90021692
10231,0.151998413085938,0.0745353012084961,0.141404998779297,3031476.68029238
10232,0.151498413085938,0.0740042343139648,0.148457667032878,2966119.75890594
10233,0.151998413085938,0.0745353012084961,0.126629338582357,3076071.61575375
10234,0.151498413085938,0.0740042343139648,0.133755335489909,3018583.32921622
10235,0.151998413085938,0.0745353012084961,0.111856669108073,3140433.73802995
10236,0.151498413085938,0.0740042343139648,0.119056004842122,3080132.32833024
10237,0.151998413085938,0.0745353012084961,0.097079335530599,3258465.08433123
10238,0.151498413085938,0.0740042343139648,0.104355000813802,3163224.33353111
10239,0.151998413085938,0.0745353012084961,0.0823036702473958,3391198.84300519
10240,0.151498413085938,0.0740042343139648,0.0896530049641927,3272329.43990112
10241,0.151998413085938,0.0745353012084961,0.067527338663737,3801322.38499678
10242,0.151498413085938,0.0740042343139648,0.0749526723225911,3416494.25451451
10243,0.151498413085938,0.0740042343139648,0.0602516733805339,3947329.52274876
10244,0.152998377482096,0.0756341349283854,0.560007344563802,2271740.36726616
10245,0.152998377482096,0.0756341349283854,0.54508066813151,2285061.12618187
10246,0.153498341878255,0.0762019017537435,0.55498134358724,2280330.52880711
10247,0.153498341878255,0.0762019017537435,0.539980672200521,2294034.20085259
10248,0.153498341878255,0.0762019017537435,0.524981689453125,2308491.22820172
10249,0.152998377482096,0.0756341349283854,0.530156005859375,2299004.64764532
10250,0.153498341878255,0.0762019017537435,0.509980346679688,2323469.43196751
10251,0.152998377482096,0.0756341349283854,0.515230682373047,2313484.4538066
10252,0.153498341878255,0.0762019017537435,0.494980000813802,2338675.69860912
10253,0.152998377482096,0.0756341349283854,0.500303670247396,2328379.85017458
10254,0.153498341878255,0.0762019017537435,0.479977335611979,2354215.27560169
10255,0.152998377482096,0.0756341349283854,0.485378336588542,2343947.9722797
10256,0.153498341878255,0.0762019017537435,0.464975667317708,2370575.29411541
10257,0.152998377482096,0.0756341349283854,0.470450002034505,2360273.4481319
10258,0.153498341878255,0.0762019017537435,0.449974344889323,2388074.31652194
10259,0.152998377482096,0.0756341349283854,0.45552500406901,2377017.05327716
10260,0.153498341878255,0.0762019017537435,0.43497368367513,2406218.94455767
10261,0.152998377482096,0.0756341349283854,0.440598012288411,2394241.65371032
10262,0.153498341878255,0.0762019017537435,0.419972005208333,2425173.78904509
10263,0.152998377482096,0.0756341349283854,0.425672678629557,2412561.00151266
10264,0.153498341878255,0.0762019017537435,0.404973327636719,2445484.61169445
10265,0.152998377482096,0.0756341349283854,0.410747334798177,2431626.5691887
10266,0.153498341878255,0.0762019017537435,0.389969665527344,2466598.26877646
10267,0.152998377482096,0.0756341349283854,0.395822001139323,2450568.46369771
10268,0.153498341878255,0.0762019017537435,0.374971038818359,2486934.14436598
10269,0.152998377482096,0.0756341349283854,0.380894602457682,2468940.15708705
10270,0.153498341878255,0.0762019017537435,0.35996967569987,2505782.76215304
10271,0.152998377482096,0.0756341349283854,0.365971405029297,2487531.1649397
10272,0.153498341878255,0.0762019017537435,0.344969106038411,2527345.48915805
10273,0.152998377482096,0.0756341349283854,0.351044301350911,2509283.2560962
10274,0.153498341878255,0.0762019017537435,0.329970377604167,2552792.46862765
10275,0.152998377482096,0.0756341349283854,0.336119974772135,2534104.32064397
10276,0.153498341878255,0.0762019017537435,0.314967936197917,2580658.76779682
10277,0.152998377482096,0.0756341349283854,0.321194702148437,2560296.62857681
10278,0.153498341878255,0.0762019017537435,0.29996641031901,2609689.65773204
10279,0.152998377482096,0.0756341349283854,0.306266642252604,2586791.62234466
10280,0.153498341878255,0.0762019017537435,0.284964864095052,2639532.30396547
10281,0.152998377482096,0.0756341349283854,0.29134135945638,2613229.40989619
10282,0.153498341878255,0.0762019017537435,0.26996425374349,2669523.83515917
10283,0.152998377482096,0.0756341349283854,0.276414204915365,2640411.96273123
10284,0.153498341878255,0.0762019017537435,0.254962707519531,2702134.066109
10285,0.152998377482096,0.0756341349283854,0.261488911946615,2671262.65066956
10286,0.153498341878255,0.0762019017537435,0.239962137858073,2738135.25870358
10287,0.152998377482096,0.0756341349283854,0.246561772664388,2704593.62044098
10288,0.153498341878255,0.0762019017537435,0.224960571289062,2773409.32749122
10289,0.152998377482096,0.0756341349283854,0.231636505126953,2737156.48736121
10290,0.153498341878255,0.0762019017537435,0.209959966023763,2804502.2220792
10291,0.152998377482096,0.0756341349283854,0.216709335327148,2767818.5067532
10292,0.153498341878255,0.0762019017537435,0.194958465576172,2839959.97800127
10293,0.152998377482096,0.0756341349283854,0.201784098307292,2801674.40726319
10294,0.153498341878255,0.0762019017537435,0.179957834879557,2905013.38048839
10295,0.152998377482096,0.0756341349283854,0.186857065836589,2851636.11275086
10296,0.153498341878255,0.0762019017537435,0.164955342610677,2964806.15940005
10297,0.152998377482096,0.0756341349283854,0.171931671142578,2917084.69370497
10298,0.153498341878255,0.0762019017537435,0.149954004923503,3019169.0568664
10299,0.152998377482096,0.0756341349283854,0.157003672281901,2972719.27626931
10300,0.153498341878255,0.0762019017537435,0.134952336629232,3083397.17679603
10301,0.152998377482096,0.0756341349283854,0.142078333536784,3031476.68029238
10302,0.153498341878255,0.0762019017537435,0.119953674316406,3129625.854539
10303,0.152998377482096,0.0756341349283854,0.127153004964193,3076071.61575375
10304,0.153498341878255,0.0762019017537435,0.104955006917318,3212156.60643602
10305,0.152998377482096,0.0756341349283854,0.112230672200521,3140433.73802995
10306,0.153498341878255,0.0762019017537435,0.0899533386230469,3284427.15290806
10307,0.152998377482096,0.0756341349283854,0.0973053385416667,3258465.08433123
10308,0.153498341878255,0.0762019017537435,0.0749526672363281,3869858.13650489
10309,0.152998377482096,0.0756341349283854,0.0823780008951823,3391198.84300519
10310,0.152998377482096,0.0756341349283854,0.0674530029296875,3801322.38499678
10311,0.154498306274414,0.0773694686889648,0.559932006835937,2280330.52880711
10312,0.154498306274414,0.0773694686889648,0.544780680338542,2294034.20085259
10313,0.154998306274414,0.0779692687988281,0.554831339518229,2285025.14654987
10314,0.154998306274414,0.0779692687988281,0.53960634358724,2299024.63016891
10315,0.154998306274414,0.0779692687988281,0.524381673177083,2313606.29650783
10316,0.154498306274414,0.0773694686889648,0.529632019042969,2308491.22820172
10317,0.154998306274414,0.0779692687988281,0.509154663085937,2328687.98182737
10318,0.154498306274414,0.0773694686889648,0.51448100789388,2323469.43196751
10319,0.154998306274414,0.0779692687988281,0.493929341634115,2343959.98190022
10320,0.154498306274414,0.0773694686889648,0.499330332438151,2338675.69860912
10321,0.154998306274414,0.0779692687988281,0.478701680501302,2359450.32774663
10322,0.154498306274414,0.0773694686889648,0.484178009033203,2354215.27560169
10323,0.154998306274414,0.0779692687988281,0.463477010091146,2375774.28673496
10324,0.154498306274414,0.0773694686889648,0.469026672363281,2370575.29411541
10325,0.154998306274414,0.0779692687988281,0.448249348958333,2393590.93863467
10326,0.154498306274414,0.0773694686889648,0.453875345865885,2388074.31652194
10327,0.154998306274414,0.0779692687988281,0.433023681640625,2412457.88014651
10328,0.154498306274414,0.0773694686889648,0.43872401936849,2406218.94455767
10329,0.154998306274414,0.0779692687988281,0.417796997070312,2431771.31198259
10330,0.154498306274414,0.0773694686889648,0.423572672526042,2425173.78904509
10331,0.154998306274414,0.0779692687988281,0.402572326660156,2452156.07003863
10332,0.154498306274414,0.0773694686889648,0.408422322591146,2445484.61169445
10333,0.154998306274414,0.0779692687988281,0.387344665527344,2473905.2748908
10334,0.154498306274414,0.0773694686889648,0.39327099609375,2466598.26877646
10335,0.154998306274414,0.0779692687988281,0.372120076497396,2495328.66288094
10336,0.154498306274414,0.0773694686889648,0.378119771321615,2486934.14436598
10337,0.154998306274414,0.0779692687988281,0.356893513997396,2515306.72827218
10338,0.154498306274414,0.0773694686889648,0.362969614664714,2505782.76215304
10339,0.154998306274414,0.0779692687988281,0.341667877197266,2536324.75642206
10340,0.154498306274414,0.0773694686889648,0.347818379720052,2527345.48915805
10341,0.154998306274414,0.0779692687988281,0.326442230224609,2561433.06529107
10342,0.154498306274414,0.0773694686889648,0.332669006347656,2552792.46862765
10343,0.154998306274414,0.0779692687988281,0.311214731852214,2589697.81567043
10344,0.154498306274414,0.0773694686889648,0.317516835530599,2580658.76779682
10345,0.154998306274414,0.0779692687988281,0.295990020751953,2619633.63422371
10346,0.154498306274414,0.0773694686889648,0.302365600585937,2609689.65773204
10347,0.154998306274414,0.0779692687988281,0.280762502034505,2650878.70365525
10348,0.154498306274414,0.0773694686889648,0.287214335123698,2639532.30396547
10349,0.154998306274414,0.0779692687988281,0.265536875406901,2683127.86130141
10350,0.154498306274414,0.0773694686889648,0.272063079833984,2669523.83515917
10351,0.154998306274414,0.0779692687988281,0.250310307820638,2715899.39364226
10352,0.154498306274414,0.0773694686889648,0.256911844889323,2702134.066109
10353,0.154998306274414,0.0779692687988281,0.235085601806641,2752964.60460566
10354,0.154498306274414,0.0773694686889648,0.241761535644531,2738135.25870358
10355,0.154998306274414,0.0779692687988281,0.219858067830404,2792996.55618703
10356,0.154498306274414,0.0773694686889648,0.226610270182292,2773409.32749122
10357,0.154998306274414,0.0779692687988281,0.204633366902669,2827479.47246113
10358,0.154498306274414,0.0773694686889648,0.211458999633789,2804502.2220792
10359,0.154998306274414,0.0779692687988281,0.189406631469727,2863784.39024996
10360,0.154498306274414,0.0773694686889648,0.196308700561523,2839959.97800127
10361,0.154998306274414,0.0779692687988281,0.174180999755859,2925019.50811446
10362,0.154498306274414,0.0773694686889648,0.181157165527344,2905013.38048839
10363,0.154998306274414,0.0779692687988281,0.158955673217773,2988000.93845106
10364,0.154498306274414,0.0773694686889648,0.166005340576172,2964806.15940005
10365,0.154998306274414,0.0779692687988281,0.143732671101888,3042096.70340627
10366,0.154498306274414,0.0773694686889648,0.15085600789388,3019169.0568664
10367,0.154998306274414,0.0779692687988281,0.128503336588542,3099815.51807911
10368,0.154498306274414,0.0773694686889648,0.135704671223958,3083397.17679603
10369,0.154998306274414,0.0779692687988281,0.113277669270833,3154756.76840186
10370,0.154498306274414,0.0773694686889648,0.120551671346029,3129625.854539
10371,0.154998306274414,0.0779692687988281,0.0980546722412109,3149195.3213955
10372,0.154498306274414,0.0773694686889648,0.105404006958008,3212156.60643602
10373,0.154998306274414,0.0779692687988281,0.0828280029296875,3745664.00929006
10374,0.154498306274414,0.0773694686889648,0.0902536722819011,3284427.15290806
10375,0.154498306274414,0.0773694686889648,0.0751023356119792,3869858.13650489
10376,0.155998270670573,0.0792037022908529,0.559857340494792,2285025.14654987
10377,0.155998270670573,0.0792037022908529,0.544480997721354,2299024.63016891
10378,0.156498235066732,0.0798383356730143,0.554681335449219,2288128.78861972
10379,0.156498235066732,0.0798383356730143,0.539230672200521,2302325.90604066
10380,0.156498235066732,0.0798383356730143,0.523779012044271,2316858.94817308
10381,0.155998270670573,0.0792037022908529,0.529105672200521,2313606.29650783
10382,0.156498235066732,0.0798383356730143,0.508328674316406,2331818.43068282
10383,0.155998270670573,0.0792037022908529,0.513728668212891,2328687.98182737
10384,0.156498235066732,0.0798383356730143,0.492877349853516,2347040.76910022
10385,0.155998270670573,0.0792037022908529,0.498353678385417,2343959.98190022
10386,0.156498235066732,0.0798383356730143,0.477426676432292,2362649.03758707
10387,0.155998270670573,0.0792037022908529,0.482976684570313,2359450.32774663
10388,0.156498235066732,0.0798383356730143,0.461975006103516,2378972.01631216
10389,0.155998270670573,0.0792037022908529,0.467602010091146,2375774.28673496
10390,0.156498235066732,0.0798383356730143,0.446523345947266,2396776.80647471
10391,0.155998270670573,0.0792037022908529,0.452224009195964,2393590.93863467
10392,0.156498235066732,0.0798383356730143,0.431072347005208,2415984.56580887
10393,0.155998270670573,0.0792037022908529,0.436848347981771,2412457.88014651
10394,0.156498235066732,0.0798383356730143,0.415621673583984,2435725.74913433
10395,0.155998270670573,0.0792037022908529,0.421472005208333,2431771.31198259
10396,0.156498235066732,0.0798383356730143,0.400170003255208,2455988.77231866
10397,0.155998270670573,0.0792037022908529,0.406096669514974,2452156.07003863
10398,0.156498235066732,0.0798383356730143,0.384719431559245,2477830.2170574
10399,0.155998270670573,0.0792037022908529,0.390719329833984,2473905.2748908
10400,0.156498235066732,0.0798383356730143,0.36926894124349,2500046.85052748
10401,0.155998270670573,0.0792037022908529,0.375345072428385,2495328.66288094
10402,0.156498235066732,0.0798383356730143,0.353817311604818,2520737.2294983
10403,0.155998270670573,0.0792037022908529,0.359967844645182,2515306.72827218
10404,0.156498235066732,0.0798383356730143,0.338366638183594,2541675.93785695
10405,0.155998270670573,0.0792037022908529,0.344592478434245,2536324.75642206
10406,0.156498235066732,0.0798383356730143,0.322915028889974,2566511.84666508
10407,0.155998270670573,0.0792037022908529,0.329215260823568,2561433.06529107
10408,0.156498235066732,0.0798383356730143,0.307464335123698,2594707.83801922
10409,0.155998270670573,0.0792037022908529,0.31383989461263,2589697.81567043
10410,0.156498235066732,0.0798383356730143,0.292013641357422,2624902.91876995
10411,0.155998270670573,0.0792037022908529,0.298463592529297,2619633.63422371
10412,0.156498235066732,0.0798383356730143,0.27656391398112,2656747.59726052
10413,0.155998270670573,0.0792037022908529,0.283088236490885,2650878.70365525
10414,0.156498235066732,0.0798383356730143,0.261112309773763,2690108.03431217
10415,0.155998270670573,0.0792037022908529,0.267711975097656,2683127.86130141
10416,0.156498235066732,0.0798383356730143,0.245660669962565,2723743.90196232
10417,0.155998270670573,0.0792037022908529,0.252335673014323,2715899.39364226
10418,0.156498235066732,0.0798383356730143,0.230209040323893,2761479.22744174
10419,0.155998270670573,0.0792037022908529,0.23695937093099,2752964.60460566
10420,0.156498235066732,0.0798383356730143,0.214759302775065,2805065.48555917
10421,0.155998270670573,0.0792037022908529,0.221583068847656,2792996.55618703
10422,0.156498235066732,0.0798383356730143,0.1993095703125,2842282.20338177
10423,0.155998270670573,0.0792037022908529,0.206208669026693,2827479.47246113
10424,0.156498235066732,0.0798383356730143,0.183856063842773,2878198.97722538
10425,0.155998270670573,0.0792037022908529,0.19083219909668,2863784.39024996
10426,0.156498235066732,0.0798383356730143,0.168404668172201,2929348.73356438
10427,0.155998270670573,0.0792037022908529,0.175454330444336,2925019.50811446
10428,0.156498235066732,0.0798383356730143,0.152958338419596,2995046.02671506
10429,0.155998270670573,0.0792037022908529,0.160081670125326,2988000.93845106
10430,0.156498235066732,0.0798383356730143,0.13750666809082,3052818.4206312
10431,0.155998270670573,0.0792037022908529,0.144709004720052,3042096.70340627
10432,0.156498235066732,0.0798383356730143,0.122053334554036,3114196.60316007
10433,0.155998270670573,0.0792037022908529,0.12932899983724,3099815.51807911
10434,0.156498235066732,0.0798383356730143,0.106603337605794,3128427.52662177
10435,0.155998270670573,0.0792037022908529,0.113953669230143,3154756.76840186
10436,0.156498235066732,0.0798383356730143,0.0911526692708333,3698030.01628742
10437,0.155998270670573,0.0792037022908529,0.0985780029296875,3149195.3213955
10438,0.155998270670573,0.0792037022908529,0.0832036692301432,3745664.00929006
10439,0.157497268676758,0.0811424357096354,0.559782002766927,2288128.78861972
10440,0.157497268676758,0.0811424357096354,0.544180684407552,2302325.90604066
10441,0.157996337890625,0.0818119023640951,0.554531677246094,2289141.90132397
10442,0.157996337890625,0.0818119023640951,0.538856018066406,2303393.70153178
10443,0.157996337890625,0.0818119023640951,0.523179341634115,2317842.73355985
10444,0.157497268676758,0.0811424357096354,0.528579345703125,2316858.94817308
10445,0.157996337890625,0.0818119023640951,0.507504679361979,2332595.14276371
10446,0.157497268676758,0.0811424357096354,0.512979014078776,2331818.43068282
10447,0.157996337890625,0.0818119023640951,0.491827341715495,2347766.74741012
10448,0.157497268676758,0.0811424357096354,0.497378011067708,2347040.76910022
10449,0.157996337890625,0.0818119023640951,0.47615234375,2363445.76575536
10450,0.157497268676758,0.0811424357096354,0.481776672363281,2362649.03758707
10451,0.157996337890625,0.0818119023640951,0.460475006103516,2379659.73425659
10452,0.157497268676758,0.0811424357096354,0.46617534383138,2378972.01631216
10453,0.157996337890625,0.0818119023640951,0.444800008138021,2396929.61478596
10454,0.157497268676758,0.0811424357096354,0.450574005126953,2396776.80647471
10455,0.157996337890625,0.0818119023640951,0.429123341878255,2415706.09256904
10456,0.157497268676758,0.0811424357096354,0.434973347981771,2415984.56580887
10457,0.157996337890625,0.0818119023640951,0.413447672526042,2435452.39196413
10458,0.157497268676758,0.0811424357096354,0.419372009277344,2435725.74913433
10459,0.157996337890625,0.0818119023640951,0.397771006266276,2455436.34692786
10460,0.157497268676758,0.0811424357096354,0.403770670572917,2455988.77231866
10461,0.157996337890625,0.0818119023640951,0.382096374511719,2476450.06891528
10462,0.157497268676758,0.0811424357096354,0.388170440673828,2477830.2170574
10463,0.157996337890625,0.0818119023640951,0.366418701171875,2498573.86125673
10464,0.157497268676758,0.0811424357096354,0.37256923421224,2500046.85052748
10465,0.157996337890625,0.0818119023640951,0.350743906656901,2520048.78766232
10466,0.157497268676758,0.0811424357096354,0.35696787516276,2520737.2294983
10467,0.157996337890625,0.0818119023640951,0.335067291259766,2541057.83369525
10468,0.157497268676758,0.0811424357096354,0.341367502848307,2541675.93785695
10469,0.157996337890625,0.0818119023640951,0.319391560872396,2564860.83244046
10470,0.157497268676758,0.0811424357096354,0.325766194661458,2566511.84666508
10471,0.157996337890625,0.0818119023640951,0.303714864095052,2591677.1812659
10472,0.157497268676758,0.0811424357096354,0.310164835611979,2594707.83801922
10473,0.157996337890625,0.0818119023640951,0.288040069580078,2620363.30523834
10474,0.157497268676758,0.0811424357096354,0.294564412434896,2624902.91876995
10475,0.157996337890625,0.0818119023640951,0.272364400227865,2650846.31614508
10476,0.157497268676758,0.0811424357096354,0.278964975992839,2656747.59726052
10477,0.157996337890625,0.0818119023640951,0.256687739054362,2684349.27934104
10478,0.157497268676758,0.0811424357096354,0.263363672892253,2690108.03431217
10479,0.157996337890625,0.0818119023640951,0.241011072794596,2719221.20433317
10480,0.157497268676758,0.0811424357096354,0.247761372884115,2723743.90196232
10481,0.157996337890625,0.0818119023640951,0.225335337320964,2755529.60101658
10482,0.157497268676758,0.0811424357096354,0.232160039265951,2761479.22744174
10483,0.157996337890625,0.0818119023640951,0.209660568237305,2797901.20863162
10484,0.157497268676758,0.0811424357096354,0.216560572306315,2805065.48555917
10485,0.157996337890625,0.0818119023640951,0.193984832763672,2837224.31937052
10486,0.157497268676758,0.0811424357096354,0.200960199991862,2842282.20338177
10487,0.157996337890625,0.0818119023640951,0.178308334350586,2877031.00494958
10488,0.157497268676758,0.0811424357096354,0.185358067830404,2878198.97722538
10489,0.157996337890625,0.0818119023640951,0.162633336385091,2906525.88991831
10490,0.157497268676758,0.0811424357096354,0.16975666809082,2929348.73356438
10491,0.157996337890625,0.0818119023640951,0.146958669026693,2962383.46178022
10492,0.157497268676758,0.0811424357096354,0.154158004760742,2995046.02671506
10493,0.157996337890625,0.0818119023640951,0.131281000773112,3006978.22579387
10494,0.157497268676758,0.0811424357096354,0.138556666056315,3052818.4206312
10495,0.157996337890625,0.0818119023640951,0.115606338500977,3115612.00801544
10496,0.157497268676758,0.0811424357096354,0.122955337524414,3114196.60316007
10497,0.157996337890625,0.0818119023640951,0.0999286702473958,3539210.12070575
10498,0.157497268676758,0.0811424357096354,0.10735400390625,3128427.52662177
10499,0.157497268676758,0.0811424357096354,0.0917526702880859,3698030.01628742
10500,0.158995407104492,0.0831847686767578,0.559707682291667,2289141.90132397
10501,0.158995407104492,0.0831847686767578,0.543880350748698,2303393.70153178
10502,0.159495407104492,0.0838881683349609,0.554381022135417,2288588.77523359
10503,0.159495407104492,0.0838881683349609,0.538480346679687,2302588.19037536
10504,0.159495407104492,0.0838881683349609,0.522579671223958,2316847.70656495
10505,0.158995407104492,0.0831847686767578,0.528056009928385,2317842.73355985
10506,0.159495407104492,0.0838881683349609,0.506678995768229,2331514.35609019
10507,0.158995407104492,0.0831847686767578,0.512228668212891,2332595.14276371
10508,0.159495407104492,0.0838881683349609,0.490778330485026,2346719.50790975
10509,0.158995407104492,0.0831847686767578,0.496404337565104,2347766.74741012
10510,0.159495407104492,0.0838881683349609,0.474876668294271,2362460.00196647
10511,0.158995407104492,0.0831847686767578,0.480577006022135,2363445.76575536
10512,0.159495407104492,0.0838881683349609,0.458975992838542,2378650.02759654
10513,0.158995407104492,0.0831847686767578,0.464751668294271,2379659.73425659
10514,0.159495407104492,0.0838881683349609,0.443075337727865,2395547.02800941
10515,0.158995407104492,0.0831847686767578,0.448925333658854,2396929.61478596
10516,0.159495407104492,0.0838881683349609,0.427173675537109,2413691.93748174
10517,0.158995407104492,0.0831847686767578,0.433100006103516,2415706.09256904
10518,0.159495407104492,0.0838881683349609,0.411272674560547,2433040.80887431
10519,0.158995407104492,0.0831847686767578,0.417272674560547,2435452.39196413
10520,0.159495407104492,0.0838881683349609,0.395371673583984,2452846.74252419
10521,0.158995407104492,0.0831847686767578,0.401448008219401,2455436.34692786
10522,0.159495407104492,0.0838881683349609,0.379470967610677,2472799.86640349
10523,0.158995407104492,0.0831847686767578,0.38562060546875,2476450.06891528
10524,0.159495407104492,0.0838881683349609,0.363570332845052,2493983.29397633
10525,0.158995407104492,0.0831847686767578,0.369796203613281,2498573.86125673
10526,0.159495407104492,0.0838881683349609,0.347669596354167,2515880.01105397
10527,0.158995407104492,0.0831847686767578,0.353968861897786,2520048.78766232
10528,0.159495407104492,0.0838881683349609,0.331768870035807,2537594.371871
10529,0.158995407104492,0.0831847686767578,0.33814442952474,2541057.83369525
10530,0.159495407104492,0.0838881683349609,0.31586713663737,2560067.2952054
10531,0.158995407104492,0.0831847686767578,0.322317097981771,2564860.83244046
10532,0.159495407104492,0.0838881683349609,0.299966369628906,2584342.76249069
10533,0.158995407104492,0.0831847686767578,0.306491628011068,2591677.1812659
10534,0.159495407104492,0.0838881683349609,0.284063741048177,2610807.66120031
10535,0.158995407104492,0.0831847686767578,0.290665262858073,2620363.30523834
10536,0.159495407104492,0.0838881683349609,0.268162048339844,2639542.8151806
10537,0.158995407104492,0.0831847686767578,0.274837972005208,2650846.31614508
10538,0.159495407104492,0.0838881683349609,0.252261276245117,2671965.22886308
10539,0.158995407104492,0.0831847686767578,0.259012542724609,2684349.27934104
10540,0.159495407104492,0.0838881683349609,0.236360539754232,2706623.2453345
10541,0.158995407104492,0.0831847686767578,0.243186172485352,2719221.20433317
10542,0.159495407104492,0.0838881683349609,0.220459772745768,2738989.42110925
10543,0.158995407104492,0.0831847686767578,0.22736073811849,2755529.60101658
10544,0.159495407104492,0.0838881683349609,0.204559036254883,2772549.07540095
10545,0.158995407104492,0.0831847686767578,0.211534367879232,2797901.20863162
10546,0.159495407104492,0.0838881683349609,0.188658106486003,2809064.33175816
10547,0.158995407104492,0.0831847686767578,0.195709869384766,2837224.31937052
10548,0.159495407104492,0.0838881683349609,0.172757339477539,2837773.14140929
10549,0.158995407104492,0.0831847686767578,0.179883336385091,2877031.00494958
10550,0.159495407104492,0.0838881683349609,0.156856674194336,2846524.37417018
10551,0.158995407104492,0.0831847686767578,0.164059005737305,2906525.88991831
10552,0.159495407104492,0.0838881683349609,0.14095600382487,2842240.03532797
10553,0.158995407104492,0.0831847686767578,0.148231669108073,2962383.46178022
10554,0.159495407104492,0.0838881683349609,0.125055338541667,2993733.99062317
10555,0.158995407104492,0.0831847686767578,0.132407338460286,3006978.22579387
10556,0.159495407104492,0.0838881683349609,0.109153666178385,3508238.174371
10557,0.158995407104492,0.0831847686767578,0.116580001831055,3115612.00801544
10558,0.158995407104492,0.0831847686767578,0.100754669189453,3539210.12070575
10559,0.160497273763021,0.0853297678629557,0.55963134765625,2288588.77523359
10560,0.160497273763021,0.0853297678629557,0.543581013997396,2302588.19037536
10561,0.160999140421549,0.0860679677327474,0.55423134358724,2287273.76372268
10562,0.160999140421549,0.0860679677327474,0.538106669108073,2300844.1376441
10563,0.160999140421549,0.0860679677327474,0.521978983561198,2315035.58887199
10564,0.160497273763021,0.0853297678629557,0.527529663085938,2316847.70656495
10565,0.160999140421549,0.0860679677327474,0.505855326334635,2329924.97204314
10566,0.160497273763021,0.0853297678629557,0.511479319254557,2331514.35609019
10567,0.160999140421549,0.0860679677327474,0.489728668212891,2345373.67031248
10568,0.160497273763021,0.0853297678629557,0.495428995768229,2346719.50790975
10569,0.160999140421549,0.0860679677327474,0.473603668212891,2361211.06414268
10570,0.160497273763021,0.0853297678629557,0.479377665201823,2362460.00196647
10571,0.160999140421549,0.0860679677327474,0.457476674397786,2377432.40399459
10572,0.160497273763021,0.0853297678629557,0.463326995849609,2378650.02759654
10573,0.160999140421549,0.0860679677327474,0.441351013183594,2394129.68340983
10574,0.160497273763021,0.0853297678629557,0.447275675455729,2395547.02800941
10575,0.160999140421549,0.0860679677327474,0.425224344889323,2411838.14002183
10576,0.160497273763021,0.0853297678629557,0.431224344889323,2413691.93748174
10577,0.160999140421549,0.0860679677327474,0.409098337809245,2430690.5454378
10578,0.160497273763021,0.0853297678629557,0.415173675537109,2433040.80887431
10579,0.160999140421549,0.0860679677327474,0.392968668619792,2450459.207518
10580,0.160497273763021,0.0853297678629557,0.399121002197266,2452846.74252419
10581,0.160999140421549,0.0860679677327474,0.376844004313151,2470111.55810902
10582,0.160497273763021,0.0853297678629557,0.383069702148437,2472799.86640349
10583,0.160999140421549,0.0860679677327474,0.360717264811198,2490567.60228448
10584,0.160497273763021,0.0853297678629557,0.367019399007161,2493983.29397633
10585,0.160999140421549,0.0860679677327474,0.344593404134115,2512573.58013741
10586,0.160497273763021,0.0853297678629557,0.350968933105469,2515880.01105397
10587,0.160999140421549,0.0860679677327474,0.328465708414714,2535433.17983191
10588,0.160497273763021,0.0853297678629557,0.33491850789388,2537594.371871
10589,0.160999140421549,0.0860679677327474,0.312339904785156,2558392.42348398
10590,0.160497273763021,0.0853297678629557,0.31886610921224,2560067.2952054
10591,0.160999140421549,0.0860679677327474,0.296214131673177,2581054.51882396
10592,0.160497273763021,0.0853297678629557,0.302815673828125,2584342.76249069
10593,0.160999140421549,0.0860679677327474,0.280087371826172,2605780.58512584
10594,0.160497273763021,0.0853297678629557,0.286763305664062,2610807.66120031
10595,0.160999140421549,0.0860679677327474,0.263961578369141,2633488.38443522
10596,0.160497273763021,0.0853297678629557,0.270711883544922,2639542.8151806
10597,0.160999140421549,0.0860679677327474,0.247834838867187,2664190.51099764
10598,0.160497273763021,0.0853297678629557,0.25466047668457,2671965.22886308
10599,0.160999140421549,0.0860679677327474,0.231709971110026,2697348.07054665
10600,0.160497273763021,0.0853297678629557,0.238610005696615,2706623.2453345
10601,0.160999140421549,0.0860679677327474,0.215584167480469,2730651.1383798
10602,0.160497273763021,0.0853297678629557,0.222559539794922,2738989.42110925
10603,0.160999140421549,0.0860679677327474,0.199459299723307,2755878.41123708
10604,0.160497273763021,0.0853297678629557,0.206509068806966,2772549.07540095
10605,0.160999140421549,0.0860679677327474,0.183331405639648,2793687.3756867
10606,0.160497273763021,0.0853297678629557,0.190457504272461,2809064.33175816
10607,0.160999140421549,0.0860679677327474,0.167206675211589,2809362.35638112
10608,0.160497273763021,0.0853297678629557,0.174406010945638,2837773.14140929
10609,0.160999140421549,0.0860679677327474,0.151080001831055,2780656.99171054
10610,0.160497273763021,0.0853297678629557,0.158355672200521,2846524.37417018
10611,0.160999140421549,0.0860679677327474,0.134956339518229,2818836.85642977
10612,0.160497273763021,0.0853297678629557,0.142305338541667,2842240.03532797
10613,0.160999140421549,0.0860679677327474,0.118828669230143,3451845.81716478
10614,0.160497273763021,0.0853297678629557,0.126255004882812,2993733.99062317
10615,0.160497273763021,0.0853297678629557,0.110202667236328,3508238.174371
10616,0.1620009765625,0.0875773340861003,0.55955800374349,2287273.76372268
10617,0.1620009765625,0.0875773340861003,0.54328065999349,2300844.1376441
10618,0.162500946044922,0.0883485005696615,0.554081665039063,2285925.38083886
10619,0.162500946044922,0.0883485005696615,0.537730000813802,2299168.7495752
10620,0.162500946044922,0.0883485005696615,0.521379333496094,2313423.13160774
10621,0.1620009765625,0.0875773340861003,0.527005330403646,2315035.58887199
10622,0.162500946044922,0.0883485005696615,0.505029327392578,2328612.45504394
10623,0.1620009765625,0.0875773340861003,0.510728993733724,2329924.97204314
10624,0.162500946044922,0.0883485005696615,0.488679341634115,2344490.35167855
10625,0.1620009765625,0.0875773340861003,0.494455332438151,2345373.67031248
10626,0.162500946044922,0.0883485005696615,0.472326344807943,2360764.63865203
10627,0.1620009765625,0.0875773340861003,0.478178680419922,2361211.06414268
10628,0.162500946044922,0.0883485005696615,0.455974680582682,2377172.52487925
10629,0.1620009765625,0.0875773340861003,0.461901011149089,2377432.40399459
10630,0.162500946044922,0.0883485005696615,0.439624013264974,2393935.21216795
10631,0.1620009765625,0.0875773340861003,0.445625681559245,2394129.68340983
10632,0.162500946044922,0.0883485005696615,0.42327333577474,2411639.88730284
10633,0.1620009765625,0.0875773340861003,0.429349344889323,2411838.14002183
10634,0.162500946044922,0.0883485005696615,0.406920664469401,2430470.44021414
10635,0.1620009765625,0.0875773340861003,0.413072998046875,2430690.5454378
10636,0.162500946044922,0.0883485005696615,0.390568674723307,2450225.96681802
10637,0.1620009765625,0.0875773340861003,0.396793670654297,2450459.207518
10638,0.162500946044922,0.0883485005696615,0.374218739827474,2470393.60509418
10639,0.1620009765625,0.0875773340861003,0.380517974853516,2470111.55810902
10640,0.162500946044922,0.0883485005696615,0.357868967692057,2491143.66826748
10641,0.1620009765625,0.0875773340861003,0.364242635091146,2490567.60228448
10642,0.162500946044922,0.0883485005696615,0.341518137613932,2513582.48232072
10643,0.1620009765625,0.0875773340861003,0.347968068440755,2512573.58013741
10644,0.162500946044922,0.0883485005696615,0.325164438883464,2538300.02529273
10645,0.1620009765625,0.0875773340861003,0.331690673828125,2535433.17983191
10646,0.162500946044922,0.0883485005696615,0.308813639322917,2564833.24792684
10647,0.1620009765625,0.0875773340861003,0.315413269042969,2558392.42348398
10648,0.162500946044922,0.0883485005696615,0.292462799072266,2589971.09586458
10649,0.1620009765625,0.0875773340861003,0.299138732910156,2581054.51882396
10650,0.162500946044922,0.0883485005696615,0.276111938476563,2614226.63238644
10651,0.1620009765625,0.0875773340861003,0.282862263997396,2605780.58512584
10652,0.162500946044922,0.0883485005696615,0.259761103312175,2641673.89112105
10653,0.1620009765625,0.0875773340861003,0.266586741129557,2633488.38443522
10654,0.162500946044922,0.0883485005696615,0.243411198933919,2670991.88391426
10655,0.1620009765625,0.0875773340861003,0.250310302734375,2664190.51099764
10656,0.162500946044922,0.0883485005696615,0.227060333251953,2703136.61865619
10657,0.1620009765625,0.0875773340861003,0.234035700480143,2697348.07054665
10658,0.162500946044922,0.0883485005696615,0.210707600911458,2745281.56740567
10659,0.1620009765625,0.0875773340861003,0.217759231567383,2730651.1383798
10660,0.162500946044922,0.0883485005696615,0.194356770833333,2774928.39801186
10661,0.1620009765625,0.0875773340861003,0.201482767740885,2755878.41123708
10662,0.162500946044922,0.0883485005696615,0.178004806518555,2797553.85552322
10663,0.1620009765625,0.0875773340861003,0.185207204182943,2793687.3756867
10664,0.162500946044922,0.0883485005696615,0.161654001871745,2808735.45359549
10665,0.1620009765625,0.0875773340861003,0.168929672241211,2809362.35638112
10666,0.162500946044922,0.0883485005696615,0.145303334554036,2848775.04710418
10667,0.1620009765625,0.0875773340861003,0.152655334472656,2780656.99171054
10668,0.162500946044922,0.0883485005696615,0.128953669230143,3386627.33439587
10669,0.1620009765625,0.0875773340861003,0.136379002888997,2818836.85642977
10670,0.1620009765625,0.0875773340861003,0.120104670206706,3451845.81716478
10671,0.163500915527344,0.0899256693522135,0.559481669108073,2285925.38083886
10672,0.163500915527344,0.0899256693522135,0.542980346679688,2299168.7495752
10673,0.164000915527344,0.0907316716512044,0.553931009928385,2283359.4011523
10674,0.164000915527344,0.0907316716512044,0.53735634358724,2296509.99625492
10675,0.164000915527344,0.0907316716512044,0.520780334472656,2310552.5474711
10676,0.163500915527344,0.0899256693522135,0.526480000813802,2313423.13160774
10677,0.164000915527344,0.0907316716512044,0.504204335530599,2325936.74574404
10678,0.163500915527344,0.0899256693522135,0.509980000813802,2328612.45504394
10679,0.164000915527344,0.0907316716512044,0.487625010172526,2342336.0769062
10680,0.163500915527344,0.0899256693522135,0.493477671305339,2344490.35167855
10681,0.164000915527344,0.0907316716512044,0.471048004150391,2359124.33200341
10682,0.163500915527344,0.0899256693522135,0.476974344889323,2360764.63865203
10683,0.164000915527344,0.0907316716512044,0.454473002115885,2376200.11299553
10684,0.163500915527344,0.0899256693522135,0.460473673502604,2377172.52487925
10685,0.164000915527344,0.0907316716512044,0.437896341959635,2393364.49476357
10686,0.163500915527344,0.0899256693522135,0.443972340901693,2393935.21216795
10687,0.164000915527344,0.0907316716512044,0.421321665445964,2411185.93189888
10688,0.163500915527344,0.0899256693522135,0.427472005208333,2411639.88730284
10689,0.164000915527344,0.0907316716512044,0.404744669596354,2430158.80523753
10690,0.163500915527344,0.0899256693522135,0.410970662434896,2430470.44021414
10691,0.164000915527344,0.0907316716512044,0.38817030843099,2450537.76377985
10692,0.163500915527344,0.0899256693522135,0.39446967569987,2450225.96681802
10693,0.164000915527344,0.0907316716512044,0.371594665527344,2472069.56557112
10694,0.163500915527344,0.0899256693522135,0.377970072428385,2470393.60509418
10695,0.164000915527344,0.0907316716512044,0.355019704182943,2494012.80918759
10696,0.163500915527344,0.0899256693522135,0.361469665527344,2491143.66826748
10697,0.164000915527344,0.0907316716512044,0.338442881266276,2516699.58376352
10698,0.163500915527344,0.0899256693522135,0.344969075520833,2513582.48232072
10699,0.164000915527344,0.0907316716512044,0.321866068522135,2541578.78594618
10700,0.163500915527344,0.0899256693522135,0.328465708414714,2538300.02529273
10701,0.164000915527344,0.0907316716512044,0.305291137695313,2570205.26039935
10702,0.163500915527344,0.0899256693522135,0.311965169270833,2564833.24792684
10703,0.164000915527344,0.0907316716512044,0.288712412516276,2599605.34110947
10704,0.163500915527344,0.0899256693522135,0.295463673909505,2589971.09586458
10705,0.164000915527344,0.0907316716512044,0.272135579427083,2626938.23598094
10706,0.163500915527344,0.0899256693522135,0.278961212158203,2614226.63238644
10707,0.164000915527344,0.0907316716512044,0.255559702555339,2654175.94203392
10708,0.163500915527344,0.0899256693522135,0.26246066792806,2641673.89112105
10709,0.164000915527344,0.0907316716512044,0.238984736124674,2682633.05836935
10710,0.163500915527344,0.0899256693522135,0.245961034138997,2670991.88391426
10711,0.164000915527344,0.0907316716512044,0.222407903035482,2716325.26046863
10712,0.163500915527344,0.0899256693522135,0.229459533691406,2703136.61865619
10713,0.164000915527344,0.0907316716512044,0.205831075032552,2758865.05507163
10714,0.163500915527344,0.0899256693522135,0.212957071940104,2745281.56740567
10715,0.164000915527344,0.0907316716512044,0.189256037394206,2782750.12636525
10716,0.163500915527344,0.0899256693522135,0.196455607096354,2774928.39801186
10717,0.164000915527344,0.0907316716512044,0.172679005940755,2786275.48930663
10718,0.163500915527344,0.0899256693522135,0.179954803466797,2797553.85552322
10719,0.164000915527344,0.0907316716512044,0.156104339599609,2865134.66515281
10720,0.163500915527344,0.0899256693522135,0.163453338623047,2808735.45359549
10721,0.164000915527344,0.0907316716512044,0.139527669270833,3325217.13404833
10722,0.163500915527344,0.0899256693522135,0.146953002929687,2848775.04710418
10723,0.163500915527344,0.0899256693522135,0.130452667236328,3386627.33439587
10724,0.165000915527344,0.0923794733683268,0.559407348632812,2283359.4011523
10725,0.165000915527344,0.0923794733683268,0.542681009928385,2296509.99625492
10726,0.165500915527344,0.0932212727864583,0.55378135172526,2277359.22868726
10727,0.165500915527344,0.0932212727864583,0.536981669108073,2291173.71176446
10728,0.165500915527344,0.0932212727864583,0.520181681315104,2304943.14721631
10729,0.165000915527344,0.0923794733683268,0.525957336425781,2310552.5474711
10730,0.165500915527344,0.0932212727864583,0.503376342773437,2319946.4609187
10731,0.165000915527344,0.0923794733683268,0.509229014078776,2325936.74574404
10732,0.165500915527344,0.0932212727864583,0.486574330647786,2336379.75324965
10733,0.165000915527344,0.0923794733683268,0.492499003092448,2342336.0769062
10734,0.165500915527344,0.0932212727864583,0.469773996988932,2353704.38249521
10735,0.165000915527344,0.0923794733683268,0.475773996988932,2359124.33200341
10736,0.165500915527344,0.0932212727864583,0.452973002115885,2371206.39614883
10737,0.165000915527344,0.0923794733683268,0.459047332763672,2376200.11299553
10738,0.165500915527344,0.0932212727864583,0.436173014322917,2388869.58765593
10739,0.165000915527344,0.0923794733683268,0.442322672526042,2393364.49476357
10740,0.165500915527344,0.0932212727864583,0.419372344970703,2406972.34813263
10741,0.165000915527344,0.0923794733683268,0.425596343994141,2411185.93189888
10742,0.165500915527344,0.0932212727864583,0.402572347005208,2426082.63960254
10743,0.165000915527344,0.0923794733683268,0.408871673583984,2430158.80523753
10744,0.165500915527344,0.0932212727864583,0.3857705078125,2446620.28576248
10745,0.165000915527344,0.0923794733683268,0.392145975748698,2450537.76377985
10746,0.165500915527344,0.0932212727864583,0.368969502766927,2468598.51288163
10747,0.165000915527344,0.0923794733683268,0.37541943359375,2472069.56557112
10748,0.165500915527344,0.0932212727864583,0.352168538411458,2491577.16904707
10749,0.165000915527344,0.0923794733683268,0.35869477335612,2494012.80918759
10750,0.165500915527344,0.0932212727864583,0.33536669921875,2514464.31579989
10751,0.165000915527344,0.0923794733683268,0.341967274983724,2516699.58376352
10752,0.165500915527344,0.0932212727864583,0.318566731770833,2537985.11791452
10753,0.165000915527344,0.0923794733683268,0.325242665608724,2541578.78594618
10754,0.165500915527344,0.0932212727864583,0.301763905843099,2566922.69813461
10755,0.165000915527344,0.0923794733683268,0.308516103108724,2570205.26039935
10756,0.165500915527344,0.0932212727864583,0.284962036132813,2597525.93417555
10757,0.165000915527344,0.0923794733683268,0.291787679036458,2599605.34110947
10758,0.165500915527344,0.0932212727864583,0.268161092122396,2625786.22428574
10759,0.165000915527344,0.0923794733683268,0.27506113688151,2626938.23598094
10760,0.165500915527344,0.0932212727864583,0.251361068725586,2650553.25735342
10761,0.165000915527344,0.0923794733683268,0.258334569295247,2654175.94203392
10762,0.165500915527344,0.0932212727864583,0.234560170491536,2676002.39283105
10763,0.165000915527344,0.0923794733683268,0.241609903971354,2682633.05836935
10764,0.165500915527344,0.0932212727864583,0.217757339477539,2705911.92187702
10765,0.165000915527344,0.0923794733683268,0.224883371988932,2716325.26046863
10766,0.165500915527344,0.0932212727864583,0.200955505371094,2729491.94509262
10767,0.165000915527344,0.0923794733683268,0.208155873616536,2758865.05507163
10768,0.165500915527344,0.0932212727864583,0.184155568440755,2746959.97471687
10769,0.165000915527344,0.0923794733683268,0.191431137084961,2782750.12636525
10770,0.165500915527344,0.0932212727864583,0.167354670206706,2782364.5801278
10771,0.165000915527344,0.0923794733683268,0.174704671223958,2786275.48930663
10772,0.165500915527344,0.0932212727864583,0.150554672241211,3187210.54611011
10773,0.165000915527344,0.0923794733683268,0.157980005900065,2865134.66515281
10774,0.165000915527344,0.0923794733683268,0.141253672281901,3325217.13404833
10775,0.166500879923503,0.0949368718465169,0.559332010904948,2277359.22868726
10776,0.166500879923503,0.0949368718465169,0.542381673177083,2291173.71176446
10777,0.167000844319661,0.095810671488444,0.553631673177083,2266853.26977425
10778,0.167000844319661,0.095810671488444,0.536606994628906,2281464.28561314
10779,0.167000844319661,0.095810671488444,0.519580993652344,2295286.93023774
10780,0.166500879923503,0.0949368718465169,0.525431335449219,2304943.14721631
10781,0.167000844319661,0.095810671488444,0.502551991780599,2309407.87980191
10782,0.166500879923503,0.0949368718465169,0.508478668212891,2319946.4609187
10783,0.167000844319661,0.095810671488444,0.485524993896484,2325209.28715517
10784,0.166500879923503,0.0949368718465169,0.491524993896484,2336379.75324965
10785,0.167000844319661,0.095810671488444,0.468498341878255,2342435.08442922
10786,0.166500879923503,0.0949368718465169,0.474574330647786,2353704.38249521
10787,0.167000844319661,0.095810671488444,0.45147401936849,2360009.33811388
10788,0.166500879923503,0.0949368718465169,0.457623677571615,2371206.39614883
10789,0.167000844319661,0.095810671488444,0.434448018391927,2377923.29317382
10790,0.166500879923503,0.0949368718465169,0.440673685709635,2388869.58765593
10791,0.167000844319661,0.095810671488444,0.41742333984375,2396052.96268565
10792,0.166500879923503,0.0949368718465169,0.423723347981771,2406972.34813263
10793,0.167000844319661,0.095810671488444,0.400396341959635,2414799.52976029
10794,0.166500879923503,0.0949368718465169,0.406773010253906,2426082.63960254
10795,0.167000844319661,0.095810671488444,0.38337016805013,2434972.86789611
10796,0.166500879923503,0.0949368718465169,0.38982021077474,2446620.28576248
10797,0.167000844319661,0.095810671488444,0.366344299316406,2456917.88462922
10798,0.166500879923503,0.0949368718465169,0.372870534261068,2468598.51288163
10799,0.167000844319661,0.095810671488444,0.349314534505208,2480091.74215329
10800,0.166500879923503,0.0949368718465169,0.355917032877604,2491577.16904707
10801,0.167000844319661,0.095810671488444,0.332289530436198,2503139.23794526
10802,0.166500879923503,0.0949368718465169,0.338965464274089,2514464.31579989
10803,0.167000844319661,0.095810671488444,0.31526357014974,2523754.35716664
10804,0.166500879923503,0.0949368718465169,0.322014831542969,2537985.11791452
10805,0.167000844319661,0.095810671488444,0.298237620035807,2552154.99176177
10806,0.166500879923503,0.0949368718465169,0.305063273111979,2566922.69813461
10807,0.167000844319661,0.095810671488444,0.281212575276693,2584247.45525197
10808,0.166500879923503,0.0949368718465169,0.288112609863281,2597525.93417555
10809,0.167000844319661,0.095810671488444,0.264185668945312,2611386.2077105
10810,0.166500879923503,0.0949368718465169,0.271161956787109,2625786.22428574
10811,0.167000844319661,0.095810671488444,0.24716157023112,2635925.96192212
10812,0.166500879923503,0.0949368718465169,0.254211303710937,2650553.25735342
10813,0.167000844319661,0.095810671488444,0.230135604858398,2653369.26306041
10814,0.166500879923503,0.0949368718465169,0.237261601765951,2676002.39283105
10815,0.167000844319661,0.095810671488444,0.213107737223307,2666681.46678815
10816,0.166500879923503,0.0949368718465169,0.220308141072591,2705911.92187702
10817,0.167000844319661,0.095810671488444,0.196080866495768,2701692.2981468
10818,0.166500879923503,0.0949368718465169,0.203356567382812,2729491.94509262
10819,0.167000844319661,0.095810671488444,0.17905300394694,2758227.32591312
10820,0.166500879923503,0.0949368718465169,0.186404235839844,2746959.97471687
10821,0.167000844319661,0.095810671488444,0.162028671264648,3115608.56275599
10822,0.166500879923503,0.0949368718465169,0.169454335530599,2782364.5801278
10823,0.166500879923503,0.0949368718465169,0.152503672281901,3187210.54611011
10824,0.167999872843424,0.0975940704345703,0.559257670084635,2266853.26977425
10825,0.167999872843424,0.0975940704345703,0.542081319173177,2281464.28561314
10826,0.168498936971029,0.0985036697387695,0.553481994628906,2247506.65347644
10827,0.168498936971029,0.0985036697387695,0.536231323242187,2262317.44079407
10828,0.168498936971029,0.0985036697387695,0.518980997721354,2276557.36094908
10829,0.167999872843424,0.0975940704345703,0.524906656901042,2295286.93023774
10830,0.168498936971029,0.0985036697387695,0.501725992838542,2289943.92967349
10831,0.167999872843424,0.0975940704345703,0.507728658040365,2309407.87980191
10832,0.168498936971029,0.0985036697387695,0.484475331624349,2304340.69801092
10833,0.167999872843424,0.0975940704345703,0.490549326578776,2325209.28715517
10834,0.168498936971029,0.0985036697387695,0.467225341796875,2320349.51044447
10835,0.167999872843424,0.0975940704345703,0.473375010172526,2342435.08442922
10836,0.168498936971029,0.0985036697387695,0.449973002115885,2337249.36502958
10837,0.167999872843424,0.0975940704345703,0.456199015299479,2360009.33811388
10838,0.168498936971029,0.0985036697387695,0.432722330729167,2354482.34964393
10839,0.167999872843424,0.0975940704345703,0.439022338867188,2377923.29317382
10840,0.168498936971029,0.0985036697387695,0.415472330729167,2372246.99158523
10841,0.167999872843424,0.0975940704345703,0.421848002115885,2396052.96268565
10842,0.168498936971029,0.0985036697387695,0.398219004313151,2390439.84970108
10843,0.167999872843424,0.0975940704345703,0.40467100016276,2414799.52976029
10844,0.168498936971029,0.0985036697387695,0.38096913655599,2409526.93998657
10845,0.167999872843424,0.0975940704345703,0.387494303385417,2434972.86789611
10846,0.168498936971029,0.0985036697387695,0.363716267903646,2430380.43534279
10847,0.167999872843424,0.0975940704345703,0.370318766276042,2456917.88462922
10848,0.168498936971029,0.0985036697387695,0.346465270996094,2452469.00985387
10849,0.167999872843424,0.0975940704345703,0.353139302571615,2480091.74215329
10850,0.168498936971029,0.0985036697387695,0.329215199788411,2475548.31402222
10851,0.167999872843424,0.0975940704345703,0.335964569091797,2503139.23794526
10852,0.168498936971029,0.0985036697387695,0.311963267008464,2493903.14642014
10853,0.167999872843424,0.0975940704345703,0.318788899739583,2523754.35716664
10854,0.168498936971029,0.0985036697387695,0.294712249755859,2519826.52222518
10855,0.167999872843424,0.0975940704345703,0.301612284342448,2552154.99176177
10856,0.168498936971029,0.0985036697387695,0.277461263020833,2554799.40585508
10857,0.167999872843424,0.0975940704345703,0.28443755086263,2584247.45525197
10858,0.168498936971029,0.0985036697387695,0.260208368937174,2579174.62775101
10859,0.167999872843424,0.0975940704345703,0.267259999593099,2611386.2077105
10860,0.168498936971029,0.0985036697387695,0.242959233601888,2596486.69676497
10861,0.167999872843424,0.0975940704345703,0.25008430480957,2635925.96192212
10862,0.168498936971029,0.0985036697387695,0.225708236694336,2607570.28651433
10863,0.167999872843424,0.0975940704345703,0.232910502115885,2653369.26306041
10864,0.168498936971029,0.0985036697387695,0.20845719909668,2623372.39772783
10865,0.167999872843424,0.0975940704345703,0.215732935587565,2666681.46678815
10866,0.168498936971029,0.0985036697387695,0.191205271402995,2664417.05672968
10867,0.167999872843424,0.0975940704345703,0.198556299845378,2701692.2981468
10868,0.168498936971029,0.0985036697387695,0.173953272501628,2993712.37805659
10869,0.167999872843424,0.0975940704345703,0.181378606160482,2758227.32591312
10870,0.167999872843424,0.0975940704345703,0.164202006022135,3115608.56275599
10871,0.169497970581055,0.100356735229492,0.559182332356771,2247506.65347644
10872,0.169497970581055,0.100356735229492,0.541781982421875,2262317.44079407
10873,0.169997940063477,0.101300201416016,0.553332316080729,2228746.92648986
10874,0.169997940063477,0.101300201416016,0.53585732014974,2243230.74582869
10875,0.169997940063477,0.101300201416016,0.51837900797526,2258546.55950674
10876,0.169497970581055,0.100356735229492,0.524381001790365,2276557.36094908
10877,0.169997940063477,0.101300201416016,0.50090033976237,2272642.88210425
10878,0.169497970581055,0.100356735229492,0.506976338704427,2289943.92967349
10879,0.169997940063477,0.101300201416016,0.483426340738932,2286591.27388141
10880,0.169497970581055,0.100356735229492,0.489575998942057,2304340.69801092
10881,0.169997940063477,0.101300201416016,0.465950012207031,2302060.14178311
10882,0.169497970581055,0.100356735229492,0.472176005045573,2320349.51044447
10883,0.169997940063477,0.101300201416016,0.448473337809245,2318655.1315028
10884,0.169497970581055,0.100356735229492,0.45477333577474,2337249.36502958
10885,0.169997940063477,0.101300201416016,0.430999338785807,2335993.53704383
10886,0.169497970581055,0.100356735229492,0.43737299601237,2354482.34964393
10887,0.169997940063477,0.101300201416016,0.413521006266276,2354058.47960536
10888,0.169497970581055,0.100356735229492,0.419973002115885,2372246.99158523
10889,0.169997940063477,0.101300201416016,0.396042338053385,2372672.9469126
10890,0.169497970581055,0.100356735229492,0.402568339029948,2390439.84970108
10891,0.169997940063477,0.101300201416016,0.378568237304688,2391700.25245119
10892,0.169497970581055,0.100356735229492,0.385167836507161,2409526.93998657
10893,0.169997940063477,0.101300201416016,0.361091105143229,2412117.71488842
10894,0.169497970581055,0.100356735229492,0.36776703898112,2430380.43534279
10895,0.169997940063477,0.101300201416016,0.343616943359375,2434056.08934806
10896,0.169497970581055,0.100356735229492,0.350366302490234,2452469.00985387
10897,0.169997940063477,0.101300201416016,0.326140909830729,2455125.61908776
10898,0.169497970581055,0.100356735229492,0.332966542561849,2475548.31402222
10899,0.169997940063477,0.101300201416016,0.308663899739583,2472099.50342498
10900,0.169497970581055,0.100356735229492,0.315563934326172,2493903.14642014
10901,0.169997940063477,0.101300201416016,0.291187856038411,2495519.97909633
10902,0.169497970581055,0.100356735229492,0.298163197835286,2519826.52222518
10903,0.169997940063477,0.101300201416016,0.273708984375,2519032.99748732
10904,0.169497970581055,0.100356735229492,0.280760620117187,2554799.40585508
10905,0.169997940063477,0.101300201416016,0.256232935587565,2544265.29302969
10906,0.169497970581055,0.100356735229492,0.263357996622721,2579174.62775101
10907,0.169997940063477,0.101300201416016,0.238758768717448,2561518.33104525
10908,0.169497970581055,0.100356735229492,0.245958236694336,2596486.69676497
10909,0.169997940063477,0.101300201416016,0.221281768798828,2592356.54244377
10910,0.169497970581055,0.100356735229492,0.228557500203451,2607570.28651433
10911,0.169997940063477,0.101300201416016,0.203807601928711,2630656.92456191
10912,0.169497970581055,0.100356735229492,0.211156768798828,2623372.39772783
10913,0.169997940063477,0.101300201416016,0.186331670125326,2855550.34763461
10914,0.169497970581055,0.100356735229492,0.19375700378418,2664417.05672968
10915,0.169497970581055,0.100356735229492,0.176354604085286,2993712.37805659
10916,0.170997909545898,0.103222002665202,0.559107991536458,2228746.92648986
10917,0.170997909545898,0.103222002665202,0.541481323242187,2243230.74582869
10918,0.171497909545898,0.104200337727865,0.553181660970052,2223076.84723166
10919,0.171497909545898,0.104200337727865,0.53548134358724,2237094.61040908
10920,0.171497909545898,0.104200337727865,0.51777934773763,2252707.24870015
10921,0.170997909545898,0.103222002665202,0.523855346679687,2258546.55950674
10922,0.171497909545898,0.104200337727865,0.500076670328776,2268897.35503366
10923,0.170997909545898,0.103222002665202,0.506227010091146,2272642.88210425
10924,0.171497909545898,0.104200337727865,0.482374338785807,2283712.60522803
10925,0.170997909545898,0.103222002665202,0.488600341796875,2286591.27388141
10926,0.171497909545898,0.104200337727865,0.464674336751302,2299438.76937832
10927,0.170997909545898,0.103222002665202,0.470974344889323,2302060.14178311
10928,0.171497909545898,0.104200337727865,0.446973663330078,2316536.84141399
10929,0.170997909545898,0.103222002665202,0.453350006103516,2318655.1315028
10930,0.171497909545898,0.104200337727865,0.42927333577474,2334789.40317803
10931,0.170997909545898,0.103222002665202,0.435723337809245,2335993.53704383
10932,0.171497909545898,0.104200337727865,0.41157133992513,2354019.43249607
10933,0.170997909545898,0.103222002665202,0.418097340901693,2354058.47960536
10934,0.171497909545898,0.104200337727865,0.393869333902995,2374522.50848182
10935,0.170997909545898,0.103222002665202,0.400469004313151,2372672.9469126
10936,0.171497909545898,0.104200337727865,0.376167002360026,2395708.62839566
10937,0.170997909545898,0.103222002665202,0.382843068440755,2391700.25245119
10938,0.171497909545898,0.104200337727865,0.358465932210286,2417488.05623544
10939,0.170997909545898,0.103222002665202,0.365216237386068,2412117.71488842
10940,0.171497909545898,0.104200337727865,0.340765808105469,2440238.5001677
10941,0.170997909545898,0.103222002665202,0.347591440836589,2434056.08934806
10942,0.171497909545898,0.104200337727865,0.323063771565755,2462684.32109431
10943,0.170997909545898,0.103222002665202,0.329965677897135,2455125.61908776
10944,0.171497909545898,0.104200337727865,0.305362670898437,2481825.61185381
10945,0.170997909545898,0.103222002665202,0.31233896891276,2472099.50342498
10946,0.171497909545898,0.104200337727865,0.28766064453125,2508371.93748309
10947,0.170997909545898,0.103222002665202,0.294712259928385,2495519.97909633
10948,0.171497909545898,0.104200337727865,0.269958587646484,2526272.68515937
10949,0.170997909545898,0.103222002665202,0.277084604899089,2519032.99748732
10950,0.171497909545898,0.104200337727865,0.252258443196615,2546602.65900028
10951,0.170997909545898,0.103222002665202,0.25945790608724,2544265.29302969
10952,0.171497909545898,0.104200337727865,0.234558268229167,2595007.59336821
10953,0.170997909545898,0.103222002665202,0.241834004720052,2561518.33104525
10954,0.171497909545898,0.104200337727865,0.21685530090332,2617830.26449324
10955,0.170997909545898,0.103222002665202,0.22420730082194,2592356.54244377
10956,0.171497909545898,0.104200337727865,0.19915517171224,2834682.59390712
10957,0.170997909545898,0.103222002665202,0.206580602010091,2630656.92456191
10958,0.170997909545898,0.103222002665202,0.188956837972005,2855550.34763461
10959,0.172497909545898,0.106191805521647,0.559031677246094,2223076.84723166
10960,0.172497909545898,0.106191805521647,0.541182006835938,2237094.61040908
10961,0.172997909545898,0.107204938252767,0.553032002766927,2223076.84723166
10962,0.172997909545898,0.107204938252767,0.535107666015625,2235699.79164984
10963,0.172997909545898,0.107204938252767,0.51717866007487,2250235.5694765
10964,0.172497909545898,0.106191805521647,0.52333100382487,2252707.24870015
10965,0.172997909545898,0.107204938252767,0.499251007080078,2266603.67263755
10966,0.172497909545898,0.106191805521647,0.50547666422526,2268897.35503366
10967,0.172997909545898,0.107204938252767,0.48132568359375,2282821.70022714
10968,0.172497909545898,0.106191805521647,0.487625010172526,2283712.60522803
10969,0.172997909545898,0.107204938252767,0.463400675455729,2298720.39752674
10970,0.172497909545898,0.106191805521647,0.46977500406901,2299438.76937832
10971,0.172997909545898,0.107204938252767,0.445473673502604,2315559.35979027
10972,0.172497909545898,0.106191805521647,0.451923665364583,2316536.84141399
10973,0.172997909545898,0.107204938252767,0.42754833984375,2333229.80931794
10974,0.172497909545898,0.106191805521647,0.434073669433594,2334789.40317803
10975,0.172997909545898,0.107204938252767,0.409620340983073,2351816.86396898
10976,0.172497909545898,0.106191805521647,0.416222005208333,2354019.43249607
10977,0.172997909545898,0.107204938252767,0.391694000244141,2371706.15593478
10978,0.172497909545898,0.106191805521647,0.398370005289714,2374522.50848182
10979,0.172997909545898,0.107204938252767,0.373766967773437,2392527.6924089
10980,0.172497909545898,0.106191805521647,0.380517262776693,2395708.62839566
10981,0.172997909545898,0.107204938252767,0.35584267171224,2413022.41501781
10982,0.172497909545898,0.106191805521647,0.36266640218099,2417488.05623544
10983,0.172997909545898,0.107204938252767,0.337914642333984,2432843.63645043
10984,0.172497909545898,0.106191805521647,0.344816569010417,2440238.5001677
10985,0.172997909545898,0.107204938252767,0.319985677083333,2453410.28455327
10986,0.172497909545898,0.106191805521647,0.326961975097656,2462684.32109431
10987,0.172997909545898,0.107204938252767,0.302061442057292,2472496.98434372
10988,0.172497909545898,0.106191805521647,0.309111175537109,2481825.61185381
10989,0.172997909545898,0.107204938252767,0.284136240641276,2494337.33400088
10990,0.172497909545898,0.106191805521647,0.291261322021484,2508371.93748309
10991,0.172997909545898,0.107204938252767,0.266209167480469,2513538.73913529
10992,0.172497909545898,0.106191805521647,0.273409545898438,2526272.68515937
10993,0.172997909545898,0.107204938252767,0.248284907023112,2541466.01470108
10994,0.172497909545898,0.106191805521647,0.255558746337891,2546602.65900028
10995,0.172997909545898,0.107204938252767,0.230356897989909,2558168.28844336
10996,0.172497909545898,0.106191805521647,0.237708867390951,2595007.59336821
10997,0.172997909545898,0.107204938252767,0.212428863525391,2812759.54659776
10998,0.172497909545898,0.106191805521647,0.219854298909505,2617830.26449324
10999,0.172497909545898,0.106191805521647,0.202004435221354,2834682.59390712
11000,0.173997873942057,0.109264203389486,0.558958333333333,2222543.41341892
11001,0.173997873942057,0.109264203389486,0.540881652832031,2235699.79164984
11002,0.174497838338216,0.110310335795085,0.55288232421875,2222543.41341892
11003,0.174497838338216,0.110310335795085,0.534729329427083,2235635.62726838
11004,0.174497838338216,0.110310335795085,0.516577331542969,2248719.25815969
11005,0.173997873942057,0.109264203389486,0.522802998860677,2250235.5694765
11006,0.174497838338216,0.110310335795085,0.498427001953125,2263383.31465718
11007,0.173997873942057,0.109264203389486,0.504727335611979,2266603.67263755
11008,0.174497838338216,0.110310335795085,0.480274678548177,2280067.05974836
11009,0.173997873942057,0.109264203389486,0.486651346842448,2282821.70022714
11010,0.174497838338216,0.110310335795085,0.462124674479167,2296455.01505573
11011,0.173997873942057,0.109264203389486,0.468574686686198,2298720.39752674
11012,0.174497838338216,0.110310335795085,0.443975341796875,2313186.25532956
11013,0.173997873942057,0.109264203389486,0.450500671386719,2315559.35979027
11014,0.174497838338216,0.110310335795085,0.425821350097656,2330179.77429865
11015,0.173997873942057,0.109264203389486,0.432423014322917,2333229.80931794
11016,0.174497838338216,0.110310335795085,0.407669006347656,2347482.90003971
11017,0.173997873942057,0.109264203389486,0.414345011393229,2351816.86396898
11018,0.174497838338216,0.110310335795085,0.389517995198568,2365456.62496598
11019,0.173997873942057,0.109264203389486,0.396268330891927,2371706.15593478
11020,0.174497838338216,0.110310335795085,0.371367645263672,2384297.1588977
11021,0.173997873942057,0.109264203389486,0.378193369547526,2392527.6924089
11022,0.174497838338216,0.110310335795085,0.353215606689453,2402742.02898173
11023,0.173997873942057,0.109264203389486,0.360117513020833,2413022.41501781
11024,0.174497838338216,0.110310335795085,0.335062540690104,2418815.85456059
11025,0.173997873942057,0.109264203389486,0.342038838704427,2432843.63645043
11026,0.174497838338216,0.110310335795085,0.316912312825521,2432287.89620754
11027,0.173997873942057,0.109264203389486,0.323962046305339,2453410.28455327
11028,0.174497838338216,0.110310335795085,0.298761149088542,2446903.34879321
11029,0.173997873942057,0.109264203389486,0.305886210123698,2472496.98434372
11030,0.174497838338216,0.110310335795085,0.280611836751302,2467354.20488459
11031,0.173997873942057,0.109264203389486,0.287811299641927,2494337.33400088
11032,0.174497838338216,0.110310335795085,0.262460678100586,2494880.86516968
11033,0.173997873942057,0.109264203389486,0.269736399332682,2513538.73913529
11034,0.174497838338216,0.110310335795085,0.244308532714844,2488742.40100405
11035,0.173997873942057,0.109264203389486,0.251659606933594,2541466.01470108
11036,0.174497838338216,0.110310335795085,0.226154530843099,2744250.93254895
11037,0.173997873942057,0.109264203389486,0.23358186340332,2558168.28844336
11038,0.173997873942057,0.109264203389486,0.215504130045573,2812759.54659776
11039,0.175497802734375,0.112438369750977,0.558881998697917,2221927.51636359
11040,0.175497802734375,0.112438369750977,0.540579671223958,2235635.62726838
11041,0.175997802734375,0.11352027130127,0.552731669108073,2221927.51636359
11042,0.175997802734375,0.11352027130127,0.534353678385417,2237229.94049285
11043,0.175997802734375,0.11352027130127,0.515977335611979,2251434.66214365
11044,0.175497802734375,0.112438369750977,0.522277669270833,2248719.25815969
11045,0.175997802734375,0.11352027130127,0.497601003011068,2264361.8798942
11046,0.175497802734375,0.112438369750977,0.50397666422526,2263383.31465718
11047,0.175997802734375,0.11352027130127,0.479225006103516,2280031.90742542
11048,0.175497802734375,0.112438369750977,0.485674672444661,2280067.05974836
11049,0.175997802734375,0.11352027130127,0.46085166422526,2297957.90988995
11050,0.175497802734375,0.112438369750977,0.467375,2296455.01505573
11051,0.175997802734375,0.11352027130127,0.442473673502604,2315601.02855009
11052,0.175497802734375,0.112438369750977,0.449076009114583,2313186.25532956
11053,0.175997802734375,0.11352027130127,0.424095336914062,2333608.60321885
11054,0.175497802734375,0.112438369750977,0.430771341959635,2330179.77429865
11055,0.175997802734375,0.11352027130127,0.405719004313151,2351402.89159777
11056,0.175497802734375,0.112438369750977,0.41246934000651,2347482.90003971
11057,0.175997802734375,0.11352027130127,0.387344543457031,2369288.66470935
11058,0.175497802734375,0.112438369750977,0.394168334960938,2365456.62496598
11059,0.175997802734375,0.11352027130127,0.368966644287109,2388637.18017738
11060,0.175497802734375,0.112438369750977,0.375868479410807,2384297.1588977
11061,0.175997802734375,0.11352027130127,0.350588531494141,2406809.11641699
11062,0.175497802734375,0.112438369750977,0.357563903808594,2402742.02898173
11063,0.175997802734375,0.11352027130127,0.332214202880859,2422842.10789897
11064,0.175497802734375,0.112438369750977,0.339263936360677,2418815.85456059
11065,0.175997802734375,0.11352027130127,0.313838002522786,2440782.95041098
11066,0.175497802734375,0.112438369750977,0.320963073730469,2432287.89620754
11067,0.175997802734375,0.11352027130127,0.29546083577474,2469749.10532654
11068,0.175497802734375,0.112438369750977,0.302662180582682,2446903.34879321
11069,0.175997802734375,0.11352027130127,0.277084594726562,2486177.3465825
11070,0.175497802734375,0.112438369750977,0.284360341389974,2467354.20488459
11071,0.175997802734375,0.11352027130127,0.258708363850911,2478728.56281012
11072,0.175497802734375,0.112438369750977,0.266060368855794,2494880.86516968
11073,0.175997802734375,0.11352027130127,0.240332168579102,2773170.41336625
11074,0.175497802734375,0.112438369750977,0.247757598876953,2488742.40100405
11075,0.175497802734375,0.112438369750977,0.229455769856771,2744250.93254895
11076,0.176996836344401,0.115717005411784,0.558807678222656,2222797.14590296
11077,0.176996836344401,0.115717005411784,0.540280008951823,2237229.94049285
11078,0.177495869954427,0.116831837972005,0.552582010904948,2222797.14590296
11079,0.177495869954427,0.116831837972005,0.533978678385417,2236710.86391851
11080,0.177495869954427,0.116831837972005,0.515378346761068,2251919.62832352
11081,0.176996836344401,0.115717005411784,0.521752014160156,2251434.66214365
11082,0.177495869954427,0.116831837972005,0.496778004964193,2266349.83808639
11083,0.176996836344401,0.115717005411784,0.503228006998698,2264361.8798942
11084,0.177495869954427,0.116831837972005,0.478174997965495,2280633.62027591
11085,0.176996836344401,0.115717005411784,0.484701334635417,2280031.90742542
11086,0.177495869954427,0.116831837972005,0.459573669433594,2299428.01643565
11087,0.176996836344401,0.115717005411784,0.466175333658854,2297957.90988995
11088,0.177495869954427,0.116831837972005,0.440971659342448,2319426.78945485
11089,0.176996836344401,0.115717005411784,0.447647664388021,2315601.02855009
11090,0.177495869954427,0.116831837972005,0.422372334798177,2339824.24838937
11091,0.176996836344401,0.115717005411784,0.429121663411458,2333608.60321885
11092,0.177495869954427,0.116831837972005,0.403770009358724,2359857.07083351
11093,0.176996836344401,0.115717005411784,0.410595672607422,2351402.89159777
11094,0.177495869954427,0.116831837972005,0.385167785644531,2377806.12612251
11095,0.176996836344401,0.115717005411784,0.392069549560547,2369288.66470935
11096,0.177495869954427,0.116831837972005,0.366564676920573,2392197.55261963
11097,0.176996836344401,0.115717005411784,0.373540944417318,2388637.18017738
11098,0.177495869954427,0.116831837972005,0.347965240478516,2412607.68984701
11099,0.176996836344401,0.115717005411784,0.355015004475911,2406809.11641699
11100,0.177495869954427,0.116831837972005,0.329363037109375,2440640.83161151
11101,0.176996836344401,0.115717005411784,0.336489034016927,2422842.10789897
11102,0.177495869954427,0.116831837972005,0.310761800130208,2475825.91956152
11103,0.176996836344401,0.115717005411784,0.317963134765625,2440782.95041098
11104,0.177495869954427,0.116831837972005,0.292159596761068,2517442.34019988
11105,0.176996836344401,0.115717005411784,0.299435323079427,2469749.10532654
11106,0.177495869954427,0.116831837972005,0.273560201009115,2537976.69504973
11107,0.176996836344401,0.115717005411784,0.280909362792969,2486177.3465825
11108,0.177495869954427,0.116831837972005,0.254957066853841,2683363.59982652
11109,0.176996836344401,0.115717005411784,0.262383427937825,2478728.56281012
11110,0.176996836344401,0.115717005411784,0.243856572469076,2773170.41336625
11111,0.178494903564453,0.119096366882324,0.558732340494792,2221871.88817398
11112,0.178494903564453,0.119096366882324,0.539980672200521,2236710.86391851
11113,0.178994903564453,0.120246063232422,0.552432332356771,2221871.88817398
11114,0.178994903564453,0.120246063232422,0.53360400390625,2228723.75622499
11115,0.178994903564453,0.120246063232422,0.514778330485026,2242542.66750877
11116,0.178494903564453,0.119096366882324,0.521228342692057,2251919.62832352
11117,0.178994903564453,0.120246063232422,0.495952331542969,2256905.00899096
11118,0.178494903564453,0.119096366882324,0.502478332519531,2266349.83808639
11119,0.178994903564453,0.120246063232422,0.477126007080078,2271880.87489123
11120,0.178494903564453,0.119096366882324,0.483725667317708,2280633.62027591
11121,0.178994903564453,0.120246063232422,0.458298014322917,2288269.32075046
11122,0.178494903564453,0.119096366882324,0.464973673502604,2299428.01643565
11123,0.178994903564453,0.120246063232422,0.4394716796875,2308905.82941087
11124,0.178494903564453,0.119096366882324,0.446222005208333,2319426.78945485
11125,0.178994903564453,0.120246063232422,0.420646341959635,2330924.95735053
11126,0.178494903564453,0.119096366882324,0.427472005208333,2339824.24838937
11127,0.178994903564453,0.120246063232422,0.401819010416667,2347484.15804723
11128,0.178494903564453,0.119096366882324,0.408721008300781,2359857.07083351
11129,0.178994903564453,0.120246063232422,0.382989969889323,2358618.00942784
11130,0.178494903564453,0.119096366882324,0.389966247558594,2377806.12612251
11131,0.178994903564453,0.120246063232422,0.364165466308594,2373618.93867016
11132,0.178494903564453,0.119096366882324,0.371215240478516,2392197.55261963
11133,0.178994903564453,0.120246063232422,0.345340067545573,2396236.0314631
11134,0.178494903564453,0.119096366882324,0.352465138753255,2412607.68984701
11135,0.178994903564453,0.120246063232422,0.326512837727865,2424994.56331326
11136,0.178494903564453,0.119096366882324,0.333714172363281,2440640.83161151
11137,0.178994903564453,0.120246063232422,0.307684631347656,2459849.80168629
11138,0.178494903564453,0.119096366882324,0.314960367838542,2475825.91956152
11139,0.178994903564453,0.120246063232422,0.288860219319661,2481532.54623522
11140,0.178494903564453,0.119096366882324,0.296210337320964,2517442.34019988
11141,0.178994903564453,0.120246063232422,0.270034881591797,2629407.22564107
11142,0.178494903564453,0.119096366882324,0.277460316975911,2537976.69504973
11143,0.178494903564453,0.119096366882324,0.258708404541016,2683363.59982652
11144,0.179996770222982,0.122579345703125,0.558657999674479,2213906.64679758
11145,0.179996770222982,0.122579345703125,0.539680338541667,2228723.75622499
11146,0.18049863688151,0.12376293182373,0.552282674153646,2213906.64679758
11147,0.18049863688151,0.12376293182373,0.533228352864583,2213036.59216103
11148,0.18049863688151,0.12376293182373,0.514176676432292,2226420.34375163
11149,0.179996770222982,0.122579345703125,0.520702006022135,2242542.66750877
11150,0.18049863688151,0.12376293182373,0.495126678466797,2239503.54895724
11151,0.179996770222982,0.122579345703125,0.50172699991862,2256905.00899096
11152,0.18049863688151,0.12376293182373,0.476076354980469,2252940.96582017
11153,0.179996770222982,0.122579345703125,0.482752349853516,2271880.87489123
11154,0.18049863688151,0.12376293182373,0.457022013346354,2268213.43948267
11155,0.179996770222982,0.122579345703125,0.463774353027344,2288269.32075046
11156,0.18049863688151,0.12376293182373,0.43796967569987,2284420.79294827
11157,0.179996770222982,0.122579345703125,0.444795349121094,2308905.82941087
11158,0.18049863688151,0.12376293182373,0.41892133585612,2301251.21618525
11159,0.179996770222982,0.122579345703125,0.425820343017578,2330924.95735053
11160,0.18049863688151,0.12376293182373,0.399868998209635,2310345.53433679
11161,0.179996770222982,0.122579345703125,0.406845336914062,2347484.15804723
11162,0.18049863688151,0.12376293182373,0.380816589355469,2326444.10090418
11163,0.179996770222982,0.122579345703125,0.387866394042969,2358618.00942784
11164,0.18049863688151,0.12376293182373,0.361764363606771,2348925.92735449
11165,0.179996770222982,0.122579345703125,0.368890391031901,2373618.93867016
11166,0.18049863688151,0.12376293182373,0.342713033040365,2373384.24018288
11167,0.179996770222982,0.122579345703125,0.349914367675781,2396236.0314631
11168,0.18049863688151,0.12376293182373,0.323661661783854,2389560.96608118
11169,0.179996770222982,0.122579345703125,0.33093739827474,2424994.56331326
11170,0.18049863688151,0.12376293182373,0.304611267089844,2390679.69079874
11171,0.179996770222982,0.122579345703125,0.311961364746094,2459849.80168629
11172,0.18049863688151,0.12376293182373,0.285558990478516,2595898.12568206
11173,0.179996770222982,0.122579345703125,0.292984415690104,2481532.54623522
11174,0.179996770222982,0.122579345703125,0.274009358723958,2629407.22564107
11175,0.181500503540039,0.126166829427083,0.558582682291667,2198885.96521164
11176,0.181500503540039,0.126166829427083,0.539380696614583,2213036.59216103
11177,0.182000503540039,0.127387140909831,0.552132690429687,2198885.96521164
11178,0.182000503540039,0.127387140909831,0.532854349772135,2207297.96640802
11179,0.182000503540039,0.127387140909831,0.513577006022135,2221431.83256049
11180,0.181500503540039,0.126166829427083,0.520176676432292,2226420.34375163
11181,0.182000503540039,0.127387140909831,0.49430268351237,2234722.73658758
11182,0.181500503540039,0.126166829427083,0.500976684570313,2239503.54895724
11183,0.182000503540039,0.127387140909831,0.47502533976237,2246249.10408602
11184,0.181500503540039,0.126166829427083,0.481776682535807,2252940.96582017
11185,0.182000503540039,0.127387140909831,0.455747009277344,2257705.81791823
11186,0.181500503540039,0.126166829427083,0.462572672526042,2268213.43948267
11187,0.182000503540039,0.127387140909831,0.436471669514974,2269038.64733967
11188,0.181500503540039,0.126166829427083,0.443370676676432,2284420.79294827
11189,0.182000503540039,0.127387140909831,0.417196329752604,2273746.03772363
11190,0.181500503540039,0.126166829427083,0.424171661376953,2301251.21618525
11191,0.182000503540039,0.127387140909831,0.397917999267578,2290828.53687986
11192,0.181500503540039,0.126166829427083,0.404969665527344,2310345.53433679
11193,0.182000503540039,0.127387140909831,0.378642567952474,2310825.38237709
11194,0.181500503540039,0.126166829427083,0.38576752726237,2326444.10090418
11195,0.182000503540039,0.127387140909831,0.359366139729818,2331444.86281269
11196,0.181500503540039,0.126166829427083,0.366565602620443,2348925.92735449
11197,0.182000503540039,0.127387140909831,0.340087829589844,2349351.32547004
11198,0.181500503540039,0.126166829427083,0.347363566080729,2373384.24018288
11199,0.182000503540039,0.127387140909831,0.320811462402344,2365136.26533677
11200,0.181500503540039,0.126166829427083,0.328161560058594,2389560.96608118
11201,0.182000503540039,0.127387140909831,0.301535074869792,2586283.31072015
11202,0.181500503540039,0.126166829427083,0.308961466471354,2390679.69079874
11203,0.181500503540039,0.126166829427083,0.289759450276693,2595898.12568206
11204,0.183000503540039,0.12985883585612,0.558508015950521,2193127.0620919
11205,0.183000503540039,0.12985883585612,0.539080342610677,2207297.96640802
11206,0.183500503540039,0.131110219319661,0.551982014973958,2193127.0620919
11207,0.183500503540039,0.131110219319661,0.53247900390625,2212414.94662572
11208,0.183500503540039,0.131110219319661,0.512977345784505,2227447.46440697
11209,0.183000503540039,0.12985883585612,0.519653340657552,2221431.83256049
11210,0.183500503540039,0.131110219319661,0.493476674397786,2240632.158775
11211,0.183000503540039,0.12985883585612,0.500227010091146,2234722.73658758
11212,0.183500503540039,0.131110219319661,0.473975331624349,2252283.81229718
11213,0.183000503540039,0.12985883585612,0.480801005045573,2246249.10408602
11214,0.183500503540039,0.131110219319661,0.454473999023437,2261682.72305625
11215,0.183000503540039,0.12985883585612,0.461374003092448,2257705.81791823
11216,0.183500503540039,0.131110219319661,0.434971659342448,2270532.4963221
11217,0.183000503540039,0.12985883585612,0.441947998046875,2269038.64733967
11218,0.183500503540039,0.131110219319661,0.415468343098958,2279698.00857469
11219,0.183000503540039,0.12985883585612,0.422519999186198,2273746.03772363
11220,0.183500503540039,0.131110219319661,0.395967010498047,2296059.23464317
11221,0.183000503540039,0.12985883585612,0.403093007405599,2290828.53687986
11222,0.183500503540039,0.131110219319661,0.376466613769531,2314402.90086776
11223,0.183000503540039,0.12985883585612,0.38366704305013,2310825.38237709
11224,0.183500503540039,0.131110219319661,0.356966939290365,2322950.25997292
11225,0.183000503540039,0.12985883585612,0.36424267578125,2331444.86281269
11226,0.183500503540039,0.131110219319661,0.337462666829427,2356954.63688778
11227,0.183000503540039,0.12985883585612,0.344814666748047,2349351.32547004
11228,0.183500503540039,0.131110219319661,0.317960306803385,2657139.08512219
11229,0.183000503540039,0.12985883585612,0.325385732014974,2365136.26533677
11230,0.183000503540039,0.12985883585612,0.305959645589193,2586283.31072015
11231,0.184500473022461,0.133648768107096,0.558432006835938,2197118.87611383
11232,0.184500473022461,0.133648768107096,0.538781005859375,2212414.94662572
11233,0.185000442504883,0.13493593343099,0.551832336425781,2197118.87611383
11234,0.185000442504883,0.13493593343099,0.532105000813802,2225697.30292876
11235,0.185000442504883,0.13493593343099,0.512376668294271,2242489.62293028
11236,0.184500473022461,0.133648768107096,0.51912700398763,2227447.46440697
11237,0.185000442504883,0.13493593343099,0.492653004964193,2256356.03850977
11238,0.184500473022461,0.133648768107096,0.499476674397786,2240632.158775
11239,0.185000442504883,0.13493593343099,0.472925323486328,2268605.81303467
11240,0.184500473022461,0.133648768107096,0.479827331542969,2252283.81229718
11241,0.185000442504883,0.13493593343099,0.453197326660156,2280281.89615225
11242,0.184500473022461,0.133648768107096,0.460173319498698,2261682.72305625
11243,0.185000442504883,0.13493593343099,0.433470011393229,2293146.51535842
11244,0.184500473022461,0.133648768107096,0.440521667480469,2270532.4963221
11245,0.185000442504883,0.13493593343099,0.413743347167969,2308053.68910505
11246,0.184500473022461,0.133648768107096,0.420868347167969,2279698.00857469
11247,0.185000442504883,0.13493593343099,0.394017008463542,2322415.46567351
11248,0.184500473022461,0.133648768107096,0.401217346191406,2296059.23464317
11249,0.185000442504883,0.13493593343099,0.374290405273437,2329027.0685605
11250,0.184500473022461,0.133648768107096,0.381566243489583,2314402.90086776
11251,0.185000442504883,0.13493593343099,0.35456396484375,2378107.71303306
11252,0.184500473022461,0.133648768107096,0.3619150390625,2322950.25997292
11253,0.185000442504883,0.13493593343099,0.334837463378906,2695694.6222219
11254,0.184500473022461,0.133648768107096,0.342263865152995,2356954.63688778
11255,0.184500473022461,0.133648768107096,0.32261083984375,2657139.08512219
11256,0.186000411987305,0.13754508972168,0.558358337402344,2210193.3183496
11257,0.186000411987305,0.13754508972168,0.538480672200521,2225697.30292876
11258,0.186500411987305,0.138867080688477,0.551682678222656,2210193.3183496
11259,0.186500411987305,0.138867080688477,0.531728678385417,2234695.82757407
11260,0.186500411987305,0.138867080688477,0.511777008056641,2248642.21158987
11261,0.186000411987305,0.13754508972168,0.518602671305339,2242489.62293028
11262,0.186500411987305,0.138867080688477,0.491825327555339,2260965.45951046
11263,0.186000411987305,0.13754508972168,0.498727335611979,2256356.03850977
11264,0.186500411987305,0.138867080688477,0.47187065633138,2275357.36006872
11265,0.186000411987305,0.13754508972168,0.478848988850911,2268605.81303467
11266,0.186500411987305,0.138867080688477,0.45192133585612,2293112.10969546
11267,0.186000411987305,0.13754508972168,0.458970998128255,2280281.89615225
11268,0.186500411987305,0.138867080688477,0.431969665527344,2310886.02228545
11269,0.186000411987305,0.13754508972168,0.439096008300781,2293146.51535842
11270,0.186500411987305,0.138867080688477,0.412019327799479,2326766.0645928
11271,0.186000411987305,0.13754508972168,0.419218668619792,2308053.68910505
11272,0.186500411987305,0.138867080688477,0.392068003336589,2333744.335683
11273,0.186000411987305,0.13754508972168,0.399343668619792,2322415.46567351
11274,0.186500411987305,0.138867080688477,0.372114501953125,2370446.90534032
11275,0.186000411987305,0.13754508972168,0.379465504964193,2329027.0685605
11276,0.186500411987305,0.138867080688477,0.352162892659505,2693345.98685254
11277,0.186000411987305,0.13754508972168,0.35958832804362,2378107.71303306
11278,0.186000411987305,0.13754508972168,0.339712127685547,2704050.62452372
11279,0.187500376383464,0.141546869913737,0.558282348632812,2221862.48835526
11280,0.187500376383464,0.141546869913737,0.538180358886719,2234695.82757407
11281,0.188000340779622,0.142904668172201,0.551532023111979,2221862.48835526
11282,0.188000340779622,0.142904668172201,0.531354675292969,2231708.40141764
11283,0.188000340779622,0.142904668172201,0.511177327473958,2244403.08653127
11284,0.187500376383464,0.141546869913737,0.518077331542969,2248642.21158987
11285,0.188000340779622,0.142904668172201,0.490999664306641,2257784.93124774
11286,0.187500376383464,0.141546869913737,0.49797499593099,2260965.45951046
11287,0.188000340779622,0.142904668172201,0.470822001139323,2275575.54591073
11288,0.187500376383464,0.141546869913737,0.477871663411458,2275357.36006872
11289,0.188000340779622,0.142904668172201,0.45064833577474,2296673.48069287
11290,0.187500376383464,0.141546869913737,0.457771331787109,2293112.10969546
11291,0.188000340779622,0.142904668172201,0.430470662434896,2313518.61304428
11292,0.187500376383464,0.141546869913737,0.437671997070313,2310886.02228545
11293,0.188000340779622,0.142904668172201,0.41029433186849,2332548.44682726
11294,0.187500376383464,0.141546869913737,0.417568990071615,2326766.0645928
11295,0.188000340779622,0.142904668172201,0.390117004394531,2372579.76464857
11296,0.187500376383464,0.141546869913737,0.397469004313151,2333744.335683
11297,0.188000340779622,0.142904668172201,0.369938537597656,2648835.58998411
11298,0.187500376383464,0.141546869913737,0.377365000406901,2370446.90534032
11299,0.187500376383464,0.141546869913737,0.357262603759766,2676981.76506195
11300,0.188999374389648,0.145651336669922,0.558207682291667,2220177.65848278
11301,0.188999374389648,0.145651336669922,0.537880676269531,2231708.40141764
11302,0.189498443603516,0.14704020690918,0.551382019042969,2220177.65848278
11303,0.189498443603516,0.14704020690918,0.530979675292969,2225589.17240808
11304,0.189498443603516,0.14704020690918,0.510577351888021,2236021.37076816
11305,0.188999374389648,0.145651336669922,0.517553670247396,2244403.08653127
11306,0.189498443603516,0.14704020690918,0.490174011230469,2244810.60167609
11307,0.188999374389648,0.145651336669922,0.497225677490234,2257784.93124774
11308,0.189498443603516,0.14704020690918,0.469772328694661,2264763.96836838
11309,0.188999374389648,0.145651336669922,0.47689833577474,2275575.54591073
11310,0.189498443603516,0.14704020690918,0.449371663411458,2292088.21883401
11311,0.188999374389648,0.145651336669922,0.456572998046875,2296673.48069287
11312,0.189498443603516,0.14704020690918,0.428967997233073,2313340.62161443
11313,0.188999374389648,0.145651336669922,0.436245666503906,2313518.61304428
11314,0.189498443603516,0.14704020690918,0.4085693359375,2349956.56953594
11315,0.188999374389648,0.145651336669922,0.415918334960937,2332548.44682726
11316,0.189498443603516,0.14704020690918,0.388167002360026,2533133.25252392
11317,0.188999374389648,0.145651336669922,0.395593332926432,2372579.76464857
11318,0.188999374389648,0.145651336669922,0.37526421101888,2650812.55167646
11319,0.190497477213542,0.149854639689128,0.558132344563802,2210702.90539177
11320,0.190497477213542,0.149854639689128,0.537579345703125,2225589.17240808
11321,0.190997441609701,0.151280202229818,0.551230672200521,2210702.90539177
11322,0.190997441609701,0.151280202229818,0.530603332519531,2197119.18354484
11323,0.190997441609701,0.151280202229818,0.509977671305339,2209755.73624096
11324,0.190497477213542,0.149854639689128,0.51702734375,2236021.37076816
11325,0.190997441609701,0.151280202229818,0.489351013183594,2218935.17457573
11326,0.190497477213542,0.149854639689128,0.496476013183594,2244810.60167609
11327,0.190997441609701,0.151280202229818,0.468723337809245,2238753.94354968
11328,0.190497477213542,0.149854639689128,0.475923004150391,2264763.96836838
11329,0.190997441609701,0.151280202229818,0.448095672607422,2276538.80695495
11330,0.190497477213542,0.149854639689128,0.455371327718099,2292088.21883401
11331,0.190997441609701,0.151280202229818,0.427468343098958,2308198.55147159
11332,0.190497477213542,0.149854639689128,0.434818339029948,2313340.62161443
11333,0.190997441609701,0.151280202229818,0.40684267171224,2441128.11234858
11334,0.190497477213542,0.149854639689128,0.414269002278646,2349956.56953594
11335,0.190497477213542,0.149854639689128,0.393716674804688,2635095.97169498
11336,0.191997406005859,0.154163365681966,0.558056335449219,2179610.1066634
11337,0.191997406005859,0.154163365681966,0.5372783203125,2197119.18354484
11338,0.192497406005859,0.155620966593424,0.551079996744792,2179610.1066634
11339,0.192497406005859,0.155620966593424,0.530228332519531,2173090.1918981
11340,0.192497406005859,0.155620966593424,0.509378346761068,2181560.27413454
11341,0.191997406005859,0.154163365681966,0.516503672281901,2209755.73624096
11342,0.192497406005859,0.155620966593424,0.48852500406901,2199557.75741138
11343,0.191997406005859,0.154163365681966,0.495727345784505,2218935.17457573
11344,0.192497406005859,0.155620966593424,0.467673004150391,2226595.59250353
11345,0.191997406005859,0.154163365681966,0.474949005126953,2238753.94354968
11346,0.192497406005859,0.155620966593424,0.446819681803385,2241263.0055097
11347,0.191997406005859,0.154163365681966,0.454171681722005,2276538.80695495
11348,0.192497406005859,0.155620966593424,0.425968007405599,2377804.0826624
11349,0.191997406005859,0.154163365681966,0.433393676757812,2308198.55147159
11350,0.191997406005859,0.154163365681966,0.412616343180339,2584921.42136564
11351,0.193497406005859,0.158571935017904,0.557981669108073,2156852.43896058
11352,0.193497406005859,0.158571935017904,0.536978332519531,2173090.1918981
11353,0.193997406005859,0.160065302530924,0.550929992675781,2156852.43896058
11354,0.193997406005859,0.160065302530924,0.529853332519531,2173090.1918981
11355,0.193997406005859,0.160065302530924,0.508776672363281,2190494.39818726
11356,0.193497406005859,0.158571935017904,0.515978006998698,2181560.27413454
11357,0.193997406005859,0.160065302530924,0.487699005126953,2224290.44034316
11358,0.193497406005859,0.158571935017904,0.494974670410156,2199557.75741138
11359,0.193997406005859,0.160065302530924,0.466622344970703,2263275.37828634
11360,0.193497406005859,0.158571935017904,0.473973337809245,2226595.59250353
11361,0.193997406005859,0.160065302530924,0.445544677734375,2441517.46356114
11362,0.193497406005859,0.158571935017904,0.452970011393229,2241263.0055097
11363,0.193497406005859,0.158571935017904,0.431968678792318,2526901.9432559
11364,0.194997406005859,0.163088770548503,0.557906331380208,2169095.84914739
11365,0.194997406005859,0.163088770548503,0.536678995768229,2178111.1581588
11366,0.195497406005859,0.16461887105306,0.550780334472656,2169095.84914739
11367,0.195497406005859,0.16461887105306,0.529479675292969,2178111.1581588
11368,0.195497406005859,0.16461887105306,0.508177022298177,2189920.19831788
11369,0.194997406005859,0.163088770548503,0.515452677408854,2190494.39818726
11370,0.195497406005859,0.16461887105306,0.486875345865885,2225459.48836478
11371,0.194997406005859,0.163088770548503,0.494225351969401,2224290.44034316
11372,0.195497406005859,0.16461887105306,0.465571665445964,2441145.92230339
11373,0.194997406005859,0.163088770548503,0.472998006184896,2263275.37828634
11374,0.194997406005859,0.163088770548503,0.451770670572917,2545208.81743575
11375,0.196497370402018,0.167710138956706,0.557832010904948,2156500.96237358
11376,0.196497370402018,0.167710138956706,0.536379679361979,2176236.98417384
11377,0.196997334798177,0.169271306355794,0.550630676269531,2156500.96237358
11378,0.196997334798177,0.169271306355794,0.52910400390625,2176236.98417384
11379,0.196997334798177,0.169271306355794,0.507576334635417,2212372.88288053
11380,0.196497370402018,0.167710138956706,0.514928344726562,2189920.19831788
11381,0.196997334798177,0.169271306355794,0.486049672444661,2486268.25124409
11382,0.196497370402018,0.167710138956706,0.493475006103516,2225459.48836478
11383,0.196497370402018,0.167710138956706,0.472023671468099,2500681.93468287
11384,0.197999165852865,0.172430374145508,0.557756673177083,2191392.49562502
11385,0.197999165852865,0.172430374145508,0.536079325358073,2203672.98645927
11386,0.198501032511393,0.174028274536133,0.550480997721354,2191392.49562502
11387,0.198501032511393,0.174028274536133,0.528729329427083,2203672.98645927
11388,0.198501032511393,0.174028274536133,0.50697666422526,2212372.88288053
11389,0.197999165852865,0.172430374145508,0.514401997884115,2212372.88288053
11390,0.197999165852865,0.172430374145508,0.492725667317708,2497694.61897199
11391,0.199501968383789,0.177255142211914,0.557682332356771,2219038.86053325
11392,0.199501968383789,0.177255142211914,0.535778991699219,2235141.3362434
11393,0.200001037597656,0.17888410949707,0.550330322265625,2219038.86053325
11394,0.200001037597656,0.17888410949707,0.528353658040365,2235141.3362434
11395,0.199501968383789,0.177255142211914,0.513878662109375,2444026.84861521
11396,0.201000071207682,0.182178741455078,0.557605997721354,2214959.99465965
11397,0.201000071207682,0.182178741455078,0.535479654947917,2314453.84698078
11398,0.201500035603841,0.18384440612793,0.5501806640625,2214959.99465965
11399,0.20365630086263,0.194905370076497,0.5649580078125,2644133.85397652
11400,0.0532850735982259,0.194427968343099,0.5649580078125,2644133.85397652
11401,0.203558364868164,0.192514638264974,0.5649580078125,2677444.18266218
11402,0.203715637207031,0.194427968343099,0.5649580078125,2644133.85397652
11403,0.0533425076802572,0.194905370076497,0.5649580078125,2644133.85397652
11404,0.20373540242513,0.193945871988932,0.5649580078125,2644133.85397652
11405,0.0532653032938639,0.193945871988932,0.5649580078125,2644133.85397652
11406,0.203715637207031,0.193463770548503,0.5649580078125,2644133.85397652
11407,0.0532850735982259,0.193463770548503,0.5649580078125,2644133.85397652
11408,0.0533425076802572,0.192986368815104,0.5649580078125,2677444.18266218
11409,0.20365630086263,0.192986368815104,0.5649580078125,2644133.85397652
11410,0.0534404385884603,0.192514638264974,0.5649580078125,2677444.18266218
11411,0.203,0.190578704833984,0.5649580078125,2502421.05826317
11412,0.201514170328776,0.185989374796549,0.5649580078125,2160779.45483271
11413,0.200029271443685,0.181499842325846,0.5649580078125,2441470.55475375
11414,0.202514134724935,0.191022206624349,0.5649580078125,2502421.05826317
11415,0.198540598551432,0.177105407714844,0.5649580078125,2213710.65971073
11416,0.201042439778646,0.186939442952474,0.5649580078125,2429564.55699722
11417,0.19705099995931,0.172804173787435,0.5649580078125,2198500.53958974
11418,0.199569768269857,0.182948008219401,0.5649580078125,2441470.55475375
11419,0.195563303629557,0.168597101847331,0.5649580078125,2160325.74800483
11420,0.198092397054036,0.179040374755859,0.5649580078125,2446883.60419278
11421,0.194073669433594,0.164484237670898,0.5649580078125,2161176.10905377
11422,0.196616933186849,0.175221237182617,0.5649580078125,2453483.01787113
11423,0.192583104451497,0.160469233194987,0.5649580078125,2154517.57449497
11424,0.195139567057292,0.171485936482747,0.5649580078125,2453184.34335802
11425,0.191091608683268,0.156548436482747,0.5649580078125,2161951.99072537
11426,0.193659367879232,0.16783913675944,0.5649580078125,2449807.8266768
11427,0.189602940877279,0.152722737630208,0.5649580078125,2194870.87044586
11428,0.192177271525065,0.164279866536458,0.5649580078125,2453870.40721666
11429,0.188109573364258,0.148990203857422,0.5649580078125,2213421.73052194
11430,0.190696141560872,0.160805404663086,0.5649580078125,2462280.3688195
11431,0.186618108113607,0.145350947062174,0.5649580078125,2213421.73052194
11432,0.189213104248047,0.157419403076172,0.5649580078125,2466778.13757156
11433,0.185123809814453,0.141807723999023,0.5649580078125,2218518.981219
11434,0.187727305094401,0.154116271972656,0.5649580078125,2465202.59455209
11435,0.183630437215169,0.138359573364258,0.5649580078125,2211016.89253224
11436,0.186241475423177,0.150900746663411,0.5649580078125,2462965.03465498
11437,0.182134206136068,0.135004679361979,0.5649580078125,2196042.83479238
11438,0.184753774007161,0.147769912719727,0.5649580078125,2460092.838999
11439,0.180637069702148,0.131742983500163,0.5649580078125,2188587.27457471
11440,0.183264139811198,0.144725728352865,0.5649580078125,2459877.83571176
11441,0.179138971964518,0.12857543182373,0.5649580078125,2190528.98961359
11442,0.181772638956706,0.141764419555664,0.5649580078125,269233.249694657
11443,0.177644673665365,0.125503005981445,0.5649580078125,2203892.32826281
11444,0.180279271443685,0.138888765970866,0.5649580078125,193507.254901844
11445,0.176147506713867,0.12252476755778,0.5649580078125,13086.8655949827
11446,0.178787775675456,0.136096903483073,0.5649580078125,131439.414620614
11447,0.174649439493815,0.119638737996419,0.5649580078125,7902.32732203097
11448,0.177295344034831,0.133392669677734,0.5649580078125,86304.6375520962
11449,0.173149510701497,0.116845962524414,0.5649580078125,4226.40514201925
11450,0.175799107869466,0.130771268208822,0.5649580078125,50123.6477624758
11451,0.17165234375,0.114144533793132,0.5649580078125,-2319.07167309873
11452,0.174301076253255,0.128233629862467,0.5649580078125,24762.0360205461
11453,0.170152374267578,0.111539133707682,0.5649580078125,-6021.1832207318
11454,0.172803944905599,0.125777025858561,0.5649580078125,7253.85355411006
11455,0.168651473999023,0.109028831481934,0.5649580078125,-9432.1874611695
11456,0.171306777954102,0.123405131022135,0.5649580078125,-1151.20147150181
11457,0.16715244547526,0.106608912150065,0.5649580078125,-14850.7226015791
11458,0.169804941813151,0.121120829264323,0.5649580078125,-2288.24403817709
11459,0.165650614420573,0.104284100850423,0.5649580078125,-17596.6231602687
11460,0.168304011027018,0.118917472839355,0.5649580078125,-4595.94221723939
11461,0.164148747762044,0.102050623575846,0.5649580078125,-19992.0985613726
11462,0.166802179972331,0.116797940572103,0.5649580078125,-9411.80459869479
11463,0.162646911621094,0.0999113210042318,0.5649580078125,-21304.5983120682
11464,0.165298446655273,0.114761253356934,0.5649580078125,-14175.7341703819
11465,0.161141306559245,0.0978661855061849,0.5649580078125,-21640.437071651
11466,0.163794713338216,0.112807441711426,0.5649580078125,-17958.4601297681
11467,0.159635706583659,0.0959104715983073,0.5649580078125,-20673.9266566828
11468,0.162289108276367,0.110938372294108,0.5649580078125,-20233.11807997
11469,0.158132873535156,0.0940498580932617,0.5649580078125,-19299.5747753873
11470,0.160779739379883,0.10915028889974,0.5649580078125,-21107.9232417758
11471,0.156630071004232,0.0922796681722005,0.5649580078125,-18110.4575619006
11472,0.15927224222819,0.107445027669271,0.5649580078125,-21468.0300446636
11473,0.155126373291016,0.0906055018107096,0.5649580078125,-16904.0851420343
11474,0.157765640258789,0.105821723937988,0.5649580078125,-22090.238606584
11475,0.153619806925456,0.0890227025349935,0.5649580078125,-15480.4448226147
11476,0.156258173624674,0.104281267801921,0.5649580078125,-23024.5439577385
11477,0.15211610921224,0.0875312347412109,0.5649580078125,-13792.4485367068
11478,0.154747838338216,0.102826502482096,0.5649580078125,-23811.5729092567
11479,0.150610443115234,0.0861348037719727,0.5649580078125,-12395.9151548771
11480,0.153237538655599,0.10145086924235,0.5649580078125,-24106.8927454517
11481,0.149105779012044,0.0848297729492188,0.5649580078125,-12356.5310715204
11482,0.151728139241536,0.10015803527832,0.5649580078125,-23747.7823900875
11483,0.147599243164063,0.0836169713338216,0.5649580078125,-14142.0891531323
11484,0.150216842651367,0.0989480717976888,0.5649580078125,-21889.0409430446
11485,0.146092676798503,0.0824955368041992,0.5649580078125,-16739.9807266429
11486,0.148704676310221,0.0978200378417969,0.5649580078125,-18379.6230994405
11487,0.144587071736654,0.0814691696166992,0.5649580078125,-18861.827083858
11488,0.147190577189128,0.0967729695638021,0.5649580078125,-14909.3698803784
11489,0.143077672322591,0.0805332361857096,0.5649580078125,-20563.4720045675
11490,0.145678375244141,0.0958087692260742,0.5649580078125,-11646.976222988
11491,0.141567372639974,0.0796914698282878,0.5649580078125,-21729.1036908697
11492,0.14416520690918,0.094926503499349,0.5649580078125,-8545.66886045135
11493,0.14005983988444,0.0789401041666667,0.5649580078125,-22726.0069878106
11494,0.142647374471029,0.0941271031697591,0.5649580078125,-6381.10645365589
11495,0.138554229736328,0.0782828369140625,0.5649580078125,-23573.7004772518
11496,0.141131408691406,0.0934096374511719,0.5649580078125,-7857.83885083608
11497,0.13704768371582,0.0777169011433919,0.5649580078125,-24142.1477166472
11498,0.139618240356445,0.0927721710205078,0.5649580078125,-11016.8740905683
11499,0.135540186564128,0.0772423680623372,0.5649580078125,-24716.6641406681
11500,0.138105102539062,0.0922184702555339,0.5649580078125,-13838.1302304732
11501,0.134030807495117,0.076862902323405,0.5649580078125,-25289.9747561933
11502,0.136590067545573,0.091743901570638,0.5649580078125,-15694.1068445326
11503,0.132522364298503,0.0765729014078776,0.5649580078125,-25804.4864165656
11504,0.13507221476237,0.0913541030883789,0.5649580078125,-16510.5382241854
11505,0.13101486714681,0.0763798700968425,0.5649580078125,-26027.0640186999
11506,0.133554361979167,0.0910443013509114,0.5649580078125,-16790.3777883278
11507,0.129507380167643,0.0762762705485026,0.5649580078125,-26148.5143335758
11508,0.132038386027018,0.0908164698282878,0.5649580078125,-16713.4519612372
11509,0.127999880472819,0.076264035542806,0.5649580078125,-26148.5143335758
11510,0.130523361206055,0.0906733042399089,0.5649580078125,-16421.8715894047
11511,0.12749235534668,0.0906252695719401,0.5649580078125,-16190.6349233471
11512,0.129007395426432,0.0906074040730794,0.5649580078125,-16190.6349233471
11513,0.125975440979004,0.0907232386271159,0.5649580078125,-16421.8715894047
11514,0.126493316650391,0.0763440704345703,0.5649580078125,-26027.0640186999
11515,0.124457588195801,0.0909021352132161,0.5649580078125,-16713.4519612372
11516,0.124983940124512,0.0765154698689779,0.5649580078125,-25804.4864165656
11517,0.122939732869466,0.0911639022827148,0.5649580078125,-16790.3777883278
11518,0.123473617553711,0.0767781677246094,0.5649580078125,-25289.9747561933
11519,0.12142470296224,0.0915085016886393,0.5649580078125,-16510.5382241854
11520,0.121964235941569,0.0771369018554687,0.5649580078125,-24716.6641406681
11521,0.119908732096354,0.0919341023763021,0.5649580078125,-15694.1068445326
11522,0.120456738789876,0.0775869674682617,0.5649580078125,-24142.1477166472
11523,0.118392753601074,0.0924397710164388,0.5649580078125,-13838.1302304732
11524,0.118948287963867,0.0781284027099609,0.5649580078125,-23573.7004772518
11525,0.116878672281901,0.0930301717122396,0.5649580078125,-11016.8740905683
11526,0.117441739400228,0.0787621383666992,0.5649580078125,-22726.0069878106
11527,0.115362673441569,0.0937015024820964,0.5649580078125,-7857.83885083608
11528,0.115935173034668,0.0794899698893229,0.5649580078125,-21729.1036908697
11529,0.113848607381185,0.0944529037475586,0.5649580078125,-6381.10645365589
11530,0.114426740010579,0.0803091354370117,0.5649580078125,-20563.4720045675
11531,0.112335441589355,0.0952871373494466,0.5649580078125,-8545.66886045135
11532,0.112921140034993,0.0812196706136068,0.5649580078125,-18861.827083858
11533,0.110819473266602,0.0962023696899414,0.5649580078125,-11646.976222988
11534,0.11141360727946,0.0822234039306641,0.5649580078125,-16739.9807266429
11535,0.109305404663086,0.0972023366292318,0.5649580078125,-14909.3698803784
11536,0.109905204772949,0.0833185043334961,0.5649580078125,-14142.0891531323
11537,0.107795038859049,0.0982842381795247,0.5649580078125,-18379.6230994405
11538,0.108400505065918,0.0845105387369792,0.5649580078125,-12356.5310715204
11539,0.106283805847168,0.0994443028767904,0.5649580078125,-21889.0409430446
11540,0.106895838419596,0.0857902043660482,0.5649580078125,-12395.9151548771
11541,0.104772539774577,0.100689102172852,0.5649580078125,-23747.7823900875
11542,0.10539023844401,0.0871621017456055,0.5649580078125,-13792.4485367068
11543,0.103258473714193,0.102018636067708,0.5649580078125,-24106.8927454517
11544,0.103882738749186,0.0886300684611003,0.5649580078125,-15480.4448226147
11545,0.101748140970866,0.10342630259196,0.5649580078125,-23811.5729092567
11546,0.102374305725098,0.0901902694702148,0.5649580078125,-16904.0851420343
11547,0.100238774617513,0.104915901184082,0.5649580078125,-23024.5439577385
11548,0.10087057240804,0.0918399353027344,0.5649580078125,-18110.4575619006
11549,0.098729372660319,0.106491190592448,0.5649580078125,-22090.238606584
11550,0.0993649724324544,0.0935837682088216,0.5649580078125,-19299.5747753873
11551,0.0972218704223633,0.108148427327474,0.5649580078125,-21468.0300446636
11552,0.097861203511556,0.0954227244059245,0.5649580078125,-20673.9266566828
11553,0.0957153396606445,0.109888488769531,0.5649580078125,-21107.9232417758
11554,0.0963584391276042,0.0973520711263021,0.5649580078125,-21640.437071651
11555,0.094209706624349,0.111709538777669,0.5649580078125,-20233.11807997
11556,0.0948556416829427,0.0993755518595378,0.5649580078125,-21304.5983120682
11557,0.0927060063680013,0.113613444010417,0.5649580078125,-17958.4601297681
11558,0.0933538080851237,0.101488489786784,0.5649580078125,-19992.0985613726
11559,0.0912003733317057,0.115603052775065,0.5649580078125,-14175.7341703819
11560,0.0918519744873047,0.103698425292969,0.5649580078125,-17596.6231602687
11561,0.0896966069539388,0.11767174021403,0.5649580078125,-9411.80459869479
11562,0.0903482081095378,0.105999699910482,0.5649580078125,-14850.7226015791
11563,0.0881947733561198,0.119827072143555,0.5649580078125,-4595.94221723939
11564,0.0888482411702474,0.108392311096191,0.5649580078125,-9432.1874611695
11565,0.0866938730875651,0.122064295450846,0.5649580078125,-2288.24403817709
11566,0.0873473409016927,0.110881896972656,0.5649580078125,-6021.1832207318
11567,0.0851920394897461,0.124383466084798,0.5649580078125,-1151.20147150181
11568,0.085846440633138,0.113460934956868,0.5649580078125,-2319.07167309873
11569,0.0836920394897461,0.126790158589681,0.5649580078125,7253.85355411006
11570,0.0843445739746094,0.116136001586914,0.5649580078125,4226.40514201925
11571,0.0821949055989583,0.129279762268066,0.5649580078125,24762.0360205461
11572,0.082844607035319,0.118905227661133,0.5649580078125,7902.32732203097
11573,0.0806996409098307,0.131853169759115,0.5649580078125,50123.6477624758
11574,0.0813474731445313,0.121766771952311,0.5649580078125,13086.8655949827
11575,0.0792034428914388,0.134507502237956,0.5649580078125,86304.6375520962
11576,0.079849375406901,0.124721501668294,0.5649580078125,38377.2088783831
11577,0.0777082087198893,0.137246599833171,0.5649580078125,131439.414620614
11578,0.0783513081868489,0.127767534891764,0.5649580078125,2190528.98961359
11579,0.0762157414754232,0.140072352091471,0.5649580078125,2466743.89145709
11580,0.0768551076253255,0.130908714294434,0.5649580078125,2188587.27457471
11581,0.0747233403523763,0.142984731038411,0.5649580078125,2462866.06729501
11582,0.0753598403930664,0.134146881103516,0.5649580078125,2196042.83479238
11583,0.0732337392171224,0.145977111816406,0.5649580078125,2459877.83571176
11584,0.0738636728922526,0.137476374308268,0.5649580078125,2211016.89253224
11585,0.0717441050211589,0.14905707804362,0.5649580078125,2462965.03465498
11586,0.0723702723185221,0.140898122151693,0.5649580078125,2218518.981219
11587,0.0702564061482747,0.152222737630208,0.5649580078125,2465202.59455209
11588,0.0708740717569987,0.144416880289714,0.5649580078125,2213421.73052194
11589,0.0687705739339193,0.15547407023112,0.5649580078125,2466778.13757156
11590,0.0693826065063477,0.148030736287435,0.5649580078125,2213421.73052194
11591,0.0672847061157227,0.15880827331543,0.5649580078125,2462280.3688195
11592,0.0678882726033529,0.151736872355143,0.5649580078125,2194870.87044586
11593,0.0658007736206055,0.162230967203776,0.5649580078125,2453870.40721666
11594,0.0663958384195964,0.155537170410156,0.5649580078125,2161951.99072537
11595,0.0643187103271484,0.165737467447917,0.5649580078125,2448519.28743946
11596,0.0649034411112468,0.159431599934896,0.5649580078125,2154517.57449497
11597,0.0628385098775228,0.169332504272461,0.5649580078125,2449807.8266768
11598,0.0634128761291504,0.163420201619466,0.5649580078125,2161176.10905377
11599,0.0613592720031738,0.173016036987305,0.5649580078125,2453483.01787113
11600,0.061923272450765,0.167507705688477,0.5649580078125,2160325.74800483
11601,0.0598800036112467,0.176782404581706,0.5649580078125,2446883.60419278
11602,0.0604336687723796,0.171688369750977,0.5649580078125,2198500.53958974
11603,0.0584026018778483,0.180638275146484,0.5649580078125,2441470.55475375
11604,0.058944034576416,0.175963241577148,0.5649580078125,2213710.65971073
11605,0.0569290046691895,0.184576975504557,0.5649580078125,2429564.55699722
11606,0.0574563026428223,0.180332275390625,0.5649580078125,2441470.55475375
11607,0.0554582354227702,0.188605107625326,0.5649580078125,2397778.7694083
11608,0.0559714037577311,0.184794474283854,0.5649580078125,2429564.55699722
11609,0.0539865709940592,0.192723673502604,0.5649580078125,2677444.18266218
11610,0.0544865353902181,0.189356506347656,0.5649580078125,2277190.35364353
11611,0.2025,0.187211537679036,0.557532674153646,2272308.66283917
11612,0.0545006345113119,0.187211537679036,0.557532674153646,2272308.66283917
