FaceID,X,Y,Z,Heat Flux
1,54.4865353902181,192.68977355957,557.532674153646,-1013362.57584888
2,55.985538482666,187.655039469401,535.479654947917,-891800.908937324
3,55.9582049051921,188.603205362956,550.1806640625,-333107.697481956
4,55.4582354227702,190.272674560547,557.532674153646,-333107.697481956
5,57.4836362202962,182.721074422201,513.878662109375,-974185.24720401
6,56.9704729715983,184.825541178385,528.353658040365,-1173772.45863791
7,57.4431393941244,184.134404500326,535.778991699219,-452389.721458456
8,57.4158058166504,185.078837076823,550.330322265625,-386807.202602943
9,56.9158058166504,186.718139648438,557.605997721354,-386807.202602943
10,58.983570098877,177.89350382487,492.727671305339,-1078409.81205701
11,58.4694709777832,179.956537882487,506.978668212891,-1176910.40055718
12,58.944039662679,179.288004557292,514.406016031901,-433957.103138732
13,58.4308713277181,181.361404418945,528.73134358724,-382865.984762746
14,58.9054400126139,180.693801879883,536.083333333333,-382865.984762746
15,58.8772061665853,181.631637573242,550.482991536458,-378497.672436031
16,58.3753039042155,183.243672688802,557.682332356771,-378497.672436031
17,60.4854367574056,173.168538411458,472.025675455729,-1093972.1765044
18,59.9713071187337,175.193939208984,486.053680419922,-1161230.91395642
19,60.4449450174967,174.549870808919,493.48100789388,-491594.334705877
20,59.9317766825358,176.580902099609,507.582346598307,-399589.835354946
21,60.4082425435384,175.936838785807,514.934346516927,-424962.853646922
22,59.8950742085775,177.976338704427,529.110005696615,-356406.434190175
23,60.3687070210775,177.330403645833,536.385660807292,-356406.434190175
24,60.3423398335775,178.261632283529,550.63466389974,-374968.435025265
25,59.8404731750488,179.845403035482,557.758666992188,-374968.435025265
26,61.9854062398275,168.543436686198,451.774668375651,-1093055.26405401
27,61.4731737772624,170.531138102214,465.577667236328,-1117633.67867047
28,61.948678334554,169.912541707357,473.007680257161,-432014.078752474
29,61.4345792134603,171.905873616536,486.883015950521,-372166.935087104
30,61.9110450744629,171.286305745443,494.235005696615,-417714.536764393
31,61.397876739502,173.286239624023,508.184997558594,-369416.415857985
32,61.8743069966634,172.664805094401,515.460673014323,-408297.010780243
33,61.3583056131999,174.669469197591,529.485677083333,-395766.978413581
34,61.8338050842285,174.047068277995,536.684997558594,-395766.978413581
35,61.8093401590983,174.972671508789,550.784322102865,-398674.506587994
36,61.3074735005697,176.526301066081,557.834004720052,-398674.506587994
37,63.4853757222494,164.024703979492,431.970672607422,-1060957.00000799
38,62.9731432596842,165.971939086914,445.550669352214,-1210823.01753139
39,63.448678334554,165.37873840332,452.979990641276,-410991.852659365
40,62.9364458719889,167.331639607747,466.634002685547,-346404.936631365
41,63.4119453430176,166.738403320312,473.985005696615,-394462.506033053
42,62.9006436665853,168.699737548828,487.710673014323,-360009.990885014
43,63.3770739237467,168.104634602865,494.986673990885,-380177.258577133
44,62.8639055887858,170.069768269857,508.786682128906,-382658.891202285
45,63.3394050598145,169.471867879232,515.988016764323,-382658.891202285
46,62.8253059387207,171.44450378418,529.861328125,-435004.643050018
47,63.3027076721191,170.846572875977,536.9873046875,-435004.643050018
48,63.2782427469889,171.763671875,550.934977213542,-468941.76459632
49,62.7763760884603,173.287206013997,557.908325195312,-468941.76459632
50,64.9872398376465,159.606735229492,412.618011474609,-948169.156255764
51,64.4750086466471,161.516270955404,425.971669514974,-1211450.08879332
52,64.9524091084798,160.946604410807,433.402994791667,-1204631.48182333
53,64.4383112589518,162.861836751302,446.831319173177,-402039.852972016
54,64.9156761169434,162.290303548177,454.186991373698,-412800.740915249
55,64.4015426635742,164.21396891276,467.686665852865,-137410.562576039
56,64.8798408508301,163.641469319661,474.964009602865,-357496.710021999
57,64.3666737874349,165.57080078125,488.538350423177,165851.282883064
58,64.8450075785319,164.996434529622,495.740681966146,-372806.301611021
59,64.3309071858724,166.932367960612,509.390340169271,-391352.756949975
60,64.8083076477051,166.358001708984,516.516337076823,-391352.756949975
61,64.2942072550456,168.299570719401,530.239990234375,-474220.17689008
62,64.7716077168783,167.723302205404,537.289672851562,-474220.17689008
63,64.7480761210124,168.632868448893,551.086669921875,-506920.387752425
64,64.2462107340495,170.126235961914,557.984659830729,-506920.387752425
65,66.4881057739258,155.293299357096,393.718343098958,-1060925.63607434
66,65.9768397013346,157.16140238444,406.846008300781,-1223777.53999948
67,66.4542083740234,156.618072509766,414.278004964193,-1194965.7518616
68,65.942008972168,158.493738810221,427.481333414714,-485360.830155903
69,66.4194081624349,157.949503580729,434.837331136068,-425553.740209339
70,65.9071731567383,159.83083597819,448.114664713542,-163983.105063736
71,66.3855056762695,159.284703572591,455.392008463542,-403109.17018171
72,65.8723068237305,161.171671549479,468.741678873698,264410.25339065
73,66.3506418863932,160.623672485352,475.944010416667,-350713.945491054
74,65.8365097045898,162.519104003906,489.368672688802,-368983.485729357
75,66.3139088948568,161.969202677409,496.494669596354,-368983.485729357
76,65.7998072306315,163.872166951497,509.99267578125,-446556.910189608
77,66.280039469401,163.320404052734,517.044006347656,-446556.910189608
78,65.7659403483073,165.229970296224,530.617350260417,-503722.874201693
79,66.2461420694987,164.676305135091,537.590677897135,-503722.874201693
80,66.2216415405273,165.580235799154,551.236348470052,-511614.836740376
81,65.71790822347,167.043467203776,558.060017903646,-511614.836740376
82,67.9890060424805,151.082433064779,375.267883300781,-1150303.91831971
83,67.4777069091797,152.911966959635,388.172342936198,-1224168.47044492
84,67.9560419718425,152.392201741536,395.604339599609,-1251487.80276332
85,67.4438095092773,154.230204264323,408.582336425781,-513213.388119296
86,67.9212086995443,153.710439046224,415.938334147135,2596860.29250891
87,67.4090067545573,155.554072062174,428.990000406901,-72639.1031707929
88,67.8892389933268,155.031504313151,436.269327799479,-417157.401426561
89,67.3779729207357,156.880803426107,449.394002278646,134745.458028129
90,67.8563079833984,156.357269287109,456.596008300781,-423826.053048114
91,67.342175801595,158.213170369466,469.796346028646,-366721.974847534
92,67.8214416503906,157.68776957194,476.922342936198,-366721.974847534
93,67.3073069254557,159.548370361328,490.196004231771,-414650.807509434
94,67.7875391642253,159.020100911458,497.245666503906,-414650.807509434
95,67.2743733723958,160.889170328776,510.595662434896,-495677.160001253
96,67.7546081542969,160.361872355143,517.571329752604,-495677.160001253
97,67.2404759724935,162.239440917969,530.993001302083,-517300.204566444
98,67.7197418212891,161.710240681966,537.891337076823,-517300.204566444
99,67.697141011556,162.605707804362,551.387003580729,-500477.37365336
100,67.1933746337891,164.038838704427,558.134338378906,-500477.37365336
101,69.4880727132161,146.976104736328,357.266377766927,-1258778.28598223
102,68.9767735799154,148.76513671875,369.945983886719,-1246417.1433566
103,69.4551086425781,148.271738688151,377.378112792969,-1277911.73618212
104,68.945676167806,150.069269816081,390.132008870443,-507405.697109463
105,69.4249420166016,149.574005126953,397.487670898438,-2908885.98902387
106,68.912707010905,151.37717183431,410.315999348958,-283439.241348115
107,69.3901062011719,150.87907409668,417.595672607422,-420737.372950803
108,68.8788401285807,152.68977355957,430.497334798177,177118.33729905
109,69.3590749104818,152.18977355957,437.700337727865,-395140.135595834
110,68.8478088378906,154.007970174154,450.674336751302,-423826.053048114
111,69.3270746866862,153.506103515625,457.80234781901,-405848.777090025
112,68.8148396809896,155.330001831055,470.850016276042,-366721.974847534
113,69.2941055297852,154.826268513997,477.901672363281,-432776.004297113
114,68.7809397379557,156.655766805013,491.023661295573,-481710.022116946
115,69.2611414591471,156.151997884115,498,-481710.022116946
116,68.7479756673177,157.989034016927,511.197672526042,-507923.122936713
117,69.2291081746419,157.483403523763,518.097005208333,-507923.122936713
118,68.7150065104167,159.327041625977,531.368998209635,-513987.899908303
119,69.1971054077148,158.816706339518,538.192667643229,-513987.899908303
120,69.1754735310872,159.706537882487,551.53867594401,-496463.173063083
121,68.670773824056,161.112340291341,558.210673014323,-496463.173063083
122,70.9899063110352,142.971501668294,339.715901692708,-1284493.78406396
123,70.4777069091797,144.722869873047,352.170440673828,-1215562.16431777
124,70.9579086303711,144.253036499023,359.60341389974,-1278877.06429587
125,70.4466094970703,146.012873331706,372.131479899089,-503164.233918249
126,70.9268086751302,145.541137695312,379.487375895182,-3283176.94222045
127,70.4145736694336,147.30473836263,392.089670817057,-310777.853340648
128,70.8938395182292,146.831136067708,399.369008382161,-448063.380582073
129,70.3816070556641,148.602305094401,412.046681722005,107762.580623323
130,70.8618418375651,148.127736409505,419.251017252604,-398167.703496499
131,70.350575764974,149.904505411784,432.003011067708,-395140.135595834
132,70.8326746622721,149.427103678385,439.130676269531,-387767.180875433
133,70.3204396565755,151.210505167643,451.956013997396,-405848.777090025
134,70.8025385538737,150.733139038086,459.007680257161,-421591.412371383
135,70.28843943278,152.52500406901,471.905670166016,-432776.004297113
136,70.7705408732096,152.045705159505,478.880991617839,-484141.905505872
137,70.2564086914062,153.843200683594,491.853332519531,-524214.856589962
138,70.7385101318359,153.361104329427,498.753336588542,-524214.856589962
139,70.224375406901,155.164271036784,511.799336751302,-518363.295714076
140,70.7064743041992,154.678405761719,518.623331705729,-518363.295714076
141,70.1933059692383,156.48720296224,531.744669596354,-504580.135890604
142,70.675407409668,156.001332600911,538.493021647135,-504580.135890604
143,70.6528065999349,156.884567260742,551.688354492188,-482957.741274053
144,70.1490732828776,158.260269165039,558.286010742188,-482957.741274053
145,72.4898401896159,139.071416219076,322.614603678385,-1249013.05661912
146,71.9795074462891,140.782302856445,334.845001220703,-1267958.19741013
147,72.4597422281901,140.336934407552,342.277038574219,-1311318.97666736
148,71.9503428141276,142.056299845378,354.580912272135,-496114.153513391
149,72.4305419921875,141.610936482747,361.93857828776,-464387.367847118
150,71.9183069864909,143.3359375,374.316975911458,-404380.240105276
151,72.3975728352865,142.885838826497,381.59726969401,-455731.629884857
152,71.8853403727214,144.617436726888,394.047007242839,-439649.651157511
153,72.367441813151,144.167368570964,401.25200398763,-435310.77131358
154,71.8561757405599,145.906499226888,413.778340657552,-398167.703496499
155,72.3382746378581,145.454533894857,420.908335367839,-394639.35649261
156,71.8260396321615,147.198369344076,433.508677164714,-387767.180875433
157,72.3081385294596,146.744537353516,440.56201171875,-413425.01085499
158,71.7968724568685,148.495905558268,453.235677083333,-421591.412371383
159,72.2789738972982,148.040171305339,460.210998535156,-469153.208637092
160,71.7667414347331,149.798105875651,472.958323160807,-484141.905505872
161,72.2478764851888,149.340469360352,479.858317057292,-527114.429993914
162,71.733777364095,151.105972290039,492.680989583333,-540450.278085883
163,72.2158762613932,150.645538330078,499.504659016927,-540450.278085883
164,71.7027079264323,152.414805094401,512.401000976562,-519880.648445269
165,72.1866734822591,151.95246887207,519.150329589844,-519880.648445269
166,71.6725413004557,153.73019917806,532.121012369792,-492643.93953264
167,72.1555760701497,153.266001383464,538.79502360026,-492643.93953264
168,72.1358083089193,154.139801025391,551.839029947917,-460567.587093006
169,71.6301727294922,155.487233479818,558.3603515625,-460567.587093006
170,73.9898401896159,135.272079467773,305.964345296224,-1258901.61848396
171,73.4794743855794,136.946243286133,317.968770345052,-1187530.6001897
172,73.9587427775065,136.526295979818,325.402669270833,-1300498.22199811
173,73.449343363444,138.206100463867,337.480539957682,-478699.550587718
174,73.9314422607422,137.784261067708,344.838216145833,-459845.654355386
175,73.4220403035482,139.469731648763,356.992380777995,-467882.688806289
176,73.903205871582,139.046015421549,364.273773193359,-470059.353253995
177,73.3909734090169,140.737121582031,376.500264485677,-458287.796808126
178,73.8730748494466,140.311518351237,383.703328450521,-442297.370807399
179,73.3617757161458,142.010167439779,396.005330403646,-448063.380582073
180,73.843874613444,141.584564208984,403.135335286458,-452577.124602918
181,73.3316396077474,143.289800008138,415.512003580729,-394639.35649261
182,73.8137385050456,142.860438028971,422.566345214844,-434928.721278927
183,73.3024724324544,144.57133992513,435.01601155599,-413425.01085499
184,73.7864735921224,144.139139811198,441.994008382161,-440553.898440244
185,73.2742411295573,145.856602986654,454.515329996745,-469153.208637092
186,73.7572758992513,145.423467000326,461.415323893229,-517745.616289263
187,73.2431437174479,147.149398803711,474.010986328125,-527114.429993914
188,73.7271092732747,146.713434855143,480.837656656901,-545918.376297308
189,73.2139409383138,148.444071451823,493.508656819661,-541902.455534135
190,73.6979395548503,148.006240844727,500.257995605469,-541902.455534135
191,73.1838404337565,149.745371500651,513.003326416016,-518952.743564625
192,73.6678085327148,149.303771972656,519.677663167318,-518952.743564625
193,73.1536763509115,151.046671549479,532.498677571615,-475744.855537611
194,73.6376419067383,150.603174845378,539.0966796875,-475744.855537611
195,73.6169408162435,151.471338907878,551.990681966146,-440221.166474652
196,73.1132074991862,152.788635253906,558.436686197917,-440221.166474652
197,75.4898071289062,131.57725016276,289.763214111328,-1192328.93710964
198,74.9794743855794,133.210922241211,301.543538411458,-1280804.97229421
199,75.4606094360352,132.815450032552,308.977467854818,-1331813.05121241
200,74.9502436319987,134.456659952799,320.832173665365,-459089.521212442
201,75.4323425292969,134.05930074056,328.189809163411,-440196.776471619
202,74.9229405721029,135.707097371419,340.117980957031,-455528.253668335
203,75.4069391886393,135.306915283203,347.399373372396,-453923.317502972
204,74.8966064453125,136.960362752279,359.401000976562,-464387.367847118
205,75.3787078857422,136.558298746745,366.607025146484,-462373.469090965
206,74.8674087524414,138.218348185221,378.682861328125,-455731.629884857
207,75.3495101928711,137.81440226237,385.812530517578,-458709.180082521
208,74.8372751871745,139.481969197591,397.963002522786,-435310.77131358
209,75.3212738037109,139.076126098633,405.017669677734,-481773.445007216
210,74.8099721272786,140.749359130859,417.244344075521,-434928.721278927
211,75.2939732869466,140.341659545898,424.221343994141,-470372.880829427
212,74.7817408243815,142.020538330078,436.521341959635,-440553.898440244
213,75.2647755940755,141.610936482747,443.42333984375,-521525.376570936
214,74.7525431315104,143.296401977539,455.79600016276,-517745.616289263
215,75.2365086873372,142.884902954102,462.621663411458,-553428.777296683
216,74.725207010905,144.57600402832,475.067657470703,-545918.376297308
217,75.2091725667318,144.161707560221,481.81699625651,-551429.848856124
218,74.695073445638,145.861307779948,494.336334228516,-532810.993300491
219,75.179074605306,145.445139567057,501.009338378906,-532810.993300491
220,74.6659088134766,147.148473103841,513.605336507161,-503162.643395739
221,75.1517766316732,146.728505452474,520.204345703125,-503162.643395739
222,74.6376419067383,148.440307617188,532.874674479167,-465979.373577074
223,75.1235071818034,148.02033996582,539.397013346354,-465979.373577074
224,75.1037063598633,148.880040486654,552.140340169271,-438237.967405799
225,74.5971399943034,150.168172200521,558.512003580729,-438237.967405799
226,76.9907073974609,127.987884521484,274.014068603516,-1171648.0284713
227,76.4813079833984,129.582005818685,285.567464192708,-1261074.00200922
228,76.9624760945638,129.210072835286,293.000427246094,-1350353.75816995
229,76.4521102905273,130.809844970703,304.630106608073,-507962.783025757
230,76.9360758463542,130.437917073568,311.98774210612,-528241.655835605
231,76.4266738891602,132.046162923177,323.692738850911,-390263.984630745
232,76.9087727864583,131.672348022461,330.974100748698,-461400.160443509
233,76.3984400431315,133.285303751628,342.752563476562,-459845.654355386
234,76.8824081420898,132.908671061198,349.957661946615,-451804.965280954
235,76.3730087280273,134.52821858724,361.81049601237,-470059.353253995
236,76.8569768269857,134.14875793457,368.940266927083,-484699.772346854
237,76.3447774251302,135.774892171224,380.866465250651,-442297.370807399
238,76.8287760416667,135.394490559896,387.919932047526,-509004.921428473
239,76.317507425944,137.028157552083,399.920664469401,-452577.124602918
240,76.8033396402995,136.645868937174,406.899007161458,-539486.2088461
241,76.2911071777344,138.286137898763,418.973012288411,-470372.880829427
242,76.7741419474284,137.901967366536,425.875020345052,-534585.825694342
243,76.2600428263346,139.547887166341,438.025349934896,-521525.376570936
244,76.7459106445312,139.159952799479,444.851013183594,-589502.106992723
245,76.234608968099,140.811503092448,457.074666341146,-553428.777296683
246,76.7204742431641,140.421671549479,463.823994954427,-573029.854939062
247,76.2063395182292,142.080774943034,476.120330810547,-551429.848856124
248,76.6922073364258,141.689071655273,482.794342041016,-553461.903206202
249,76.1790415445964,143.35383605957,495.16401163737,-532810.993300491
250,76.664909362793,142.958333333333,501.763671875,-521805.189417364
251,76.1508102416992,144.629669189453,514.2080078125,-483727.96097339
252,76.6366755167643,144.232304890951,520.730672200521,-483727.96097339
253,76.1235071818034,145.911173502604,533.249348958333,-460934.218579962
254,76.6093724568685,145.511006673177,539.696329752604,-460934.218579962
255,76.5914738972982,146.36220296224,552.289998372396,-451293.479436945
256,76.085807800293,147.6220703125,558.586344401042,-451293.479436945
257,78.4897079467773,124.499262491862,258.712178548177,-1241209.13148261
258,77.9822082519531,126.054784138997,270.043365478516,-1222831.34611415
259,78.4661763509115,125.707331339518,277.476328531901,-59949.6763652976
260,77.9558436075846,127.268498738607,288.879994710286,-352198.678708642
261,78.4398091634115,126.91916402181,296.239501953125,-623598.961011746
262,77.9304072062175,128.488810221354,307.717569986979,-463012.966467265
263,78.4144058227539,128.139478047689,315.001770019531,-543398.454859724
264,77.9021733601888,129.714769999186,326.553304036458,-440196.776471619
265,78.3861414591471,129.360730489095,333.761240641276,-488222.197274944
266,77.876708984375,130.94167582194,345.387135823568,-453923.317502972
267,78.3625768025716,130.587636311849,352.516937255859,-481007.298180322
268,77.8522440592448,132.175170898438,364.21723429362,-462373.469090965
269,78.3362426757812,131.817357381185,371.273600260417,-524362.25078516
270,77.8249740600586,133.41054280599,383.050099690755,-458709.180082521
271,78.308972676595,133.052729288737,390.03017171224,-575037.119764008
272,77.7986068725586,134.654388427734,401.878346761068,-481773.445007216
273,78.2844746907552,134.292816162109,408.780354817708,-633118.597723827
274,77.7722422281901,135.900126139323,420.70302327474,-534585.825694342
275,78.2562433878581,135.53667195638,427.530354817708,-615528.569948903
276,77.744010925293,137.150578816732,439.528015136719,-589502.106992723
277,78.2298762003581,136.784296671549,446.279012044271,-620582.51281981
278,77.7176411946615,138.403839111328,458.351338704427,-573029.854939062
279,78.2035064697266,138.035664876302,465.02734375,-592915.248173801
280,77.6922073364258,139.661794026693,477.174011230469,-553461.903206202
281,78.1780751546224,139.291758219401,483.771677652995,-555087.918256591
282,77.663942972819,140.923533121745,495.991668701172,-521805.189417364
283,78.1498107910156,140.549733479818,502.514994303385,-511388.865415523
284,77.6366424560547,142.187169392904,514.809661865234,-480234.374752934
285,78.1244074503581,141.810536702474,521.257659912109,-480234.374752934
286,77.6103057861328,143.455505371094,533.625651041667,-465290.161686671
287,78.0980402628581,143.076970418294,539.997314453125,-465290.161686671
288,78.0801417032878,143.920639038086,552.439656575521,-473865.13871224
289,77.5745086669922,145.150370279948,558.661661783854,-473865.13871224
290,79.9896748860677,121.114217122396,243.862243652344,-1332879.10052039
291,79.4821421305339,122.630190531413,254.966512044271,-1219816.4911565
292,79.9661432902018,122.308169047038,262.402313232422,-249111.351191869
293,79.4576772054036,123.829788208008,273.580942789714,-590219.703458415
294,79.9416758219401,123.505877176921,280.940450032552,67263.1448111527
295,79.4341405232747,125.034085591634,292.195343017578,-557659.559681167
296,79.9181391398112,124.708295186361,299.47954305013,108943.721094454
297,79.4078063964844,126.244041442871,310.807902018229,-528241.655835605
298,79.8918075561523,125.91542561849,318.013041178385,-563298.583038821
299,79.3823750813802,127.456822713216,329.414845784505,-461400.160443509
300,79.8682098388672,127.126322428385,336.546508789062,-517287.97208343
301,79.3578440348307,128.676190694173,348.022705078125,-451804.965280954
302,79.8437093098958,128.343808492025,355.079030354818,-518650.275056483
303,79.3324406941732,129.897440592448,366.629628499349,-484699.772346854
304,79.8183059692383,129.561294555664,373.609670003255,-568565.507399677
305,79.3061065673828,131.123397827148,385.233713785807,-509004.921428473
306,79.7919743855794,130.788192749023,392.135548909505,-645441.129205473
307,79.2807083129883,132.355951944987,403.834014892578,-539486.2088461
308,79.7665761311849,132.016042073568,410.659678141276,-706838.60207819
309,79.2543436686198,133.589452107747,422.433349609375,-615528.569948903
310,79.7402089436849,133.247650146484,429.185343424479,-658264.919190644
311,79.2279739379883,134.828587849935,441.033345540365,-620582.51281981
312,79.715705871582,134.483963012695,447.709340413411,-640764.163944665
313,79.2034734090169,136.071497599284,459.631011962891,-592915.248173801
314,79.6921412150065,135.724049886068,466.230672200521,-604846.260933131
315,79.1780420939128,137.318181355794,478.224670410156,-555087.918256591
316,79.665776570638,136.967905680339,484.749003092448,-556992.356209562
317,79.1516774495443,138.567682902018,496.8193359375,-511388.865415523
318,79.639409383138,138.215515136719,503.269337972005,-514002.207369676
319,79.1253077189128,139.820933024089,515.412994384766,-489841.147446803
320,79.6130396525065,139.46689860026,521.784993489583,-489841.147446803
321,79.0998738606771,141.077967325846,534.001322428385,-484230.745221289
322,79.5876083374023,140.720169067383,540.297993977865,-484230.745221289
323,79.5716094970703,141.555369059245,552.59033203125,-508270.619591712
324,79.0659764607747,142.7568359375,558.736002604167,-508270.619591712
325,81.4887084960938,117.831817626953,229.461441040039,-1395013.02558448
326,80.9811757405599,119.309178670247,240.343510945638,-1296408.18522819
327,81.4670435587565,119.011629740397,247.778376261393,-366289.748074545
328,80.9595438639323,120.494646708171,258.73291015625,-523174.845724343
329,81.4454091389974,120.194274902344,266.090535481771,111928.899156254
330,80.9360071818034,121.683886210124,277.119445800781,-590921.76490568
331,81.4218724568685,121.382570902507,284.403635660807,-96749.9054552615
332,80.9115397135417,122.87877146403,295.50883992513,-623598.961011746
333,81.3974075317383,122.574635823568,302.716756184896,343058.929874564
334,80.8880081176758,124.075543721517,313.892598470052,-543398.454859724
335,81.3738759358724,123.771408081055,321.024271647135,-569010.364555926
336,80.8635101318359,125.280789693197,332.276377360026,-488222.197274944
337,81.349375406901,124.972885131836,339.332712809245,-554507.897576876
338,80.8399403889974,126.486035664876,350.659169514974,-481007.298180322
339,81.3258056640625,126.176249186198,357.637339274089,-561116.709264025
340,80.815439860026,127.697875976562,369.037241617839,-524362.25078516
341,81.3013076782227,127.386202494303,375.939280192057,-626993.316595104
342,80.7900416056315,128.91441599528,387.413543701172,-575037.119764008
343,81.2759094238281,128.600863138835,394.241007486979,-709825.801147007
344,80.7637100219727,130.134730021159,405.78867594401,-633118.597723827
345,81.2514419555664,129.816472371419,412.540008544922,-733806.171888156
346,80.7401733398438,131.355982462565,424.163004557292,-658264.919190644
347,81.2279052734375,131.035832722982,430.840667724609,-684363.337893916
348,80.7156728108724,132.582875569661,442.539001464844,-640764.163944665
349,81.2034072875977,132.260848999023,449.138671875,-652091.346932958
350,80.6921081542969,133.814488728841,460.908671061198,-604846.260933131
351,81.1798756917318,133.488698323568,467.43300374349,-614376.861354826
352,80.6676432291667,135.047983805339,479.279337565104,-556992.356209562
353,81.1554107666016,134.720311482747,485.727345784505,-572332.289806759
354,80.6412760416667,136.288065592448,497.647013346354,-514002.207369676
355,81.12904103597,135.956624348958,504.019012451172,-526737.24793109
356,80.6149063110352,137.530039469401,516.013336181641,-509908.033938787
357,81.1055068969727,137.195775349935,522.31000773112,-509908.033938787
358,80.5913747151693,138.774836222331,534.378336588542,-520094.209730329
359,81.0810089111328,138.43679300944,540.600341796875,-520094.209730329
360,81.0649744669596,139.264460245768,552.742004394531,-542153.753906811
361,80.5593414306641,140.437703450521,558.812337239583,-542153.753906811
362,82.9905751546224,114.651102701823,215.509765625,-1370584.55658665
363,82.4821090698242,116.090802510579,226.165837605794,-1395013.02558448
364,82.9679768880208,115.818669637044,233.601638793945,-365453.170885254
365,82.460444132487,117.262135823568,244.332107543945,-659588.534354383
366,82.9463094075521,116.986234029134,251.691609700521,145901.21322035
367,82.4387741088867,118.435356140137,262.49550374349,-640857.987804992
368,82.9246393839518,118.159456888835,269.77968343099,62937.2189541418
369,82.4171396891276,119.617060343424,280.658905029297,-610870.273727865
370,82.9030075073242,119.339291890462,287.866841634115,204895.748976263
371,82.3936080932617,120.800666809082,298.819488525391,-629031.119208364
372,82.8794759114583,120.518188476562,305.951161702474,374767.094039958
373,82.3691431681315,121.988021850586,316.980102539062,-563298.583038821
374,82.8550084431966,121.706484476725,324.035502115885,-576552.871631771
375,82.3456064860026,123.181966145833,335.136006673177,-517287.97208343
376,82.8314717610677,122.895718892415,342.11513264974,-596744.272513099
377,82.3211059570312,124.37685139974,353.290008544922,-518650.275056483
378,82.8088404337565,124.089665730794,360.193776448568,-610338.716951746
379,82.2994079589844,125.577390034993,371.443145751953,-568565.507399677
380,82.7871754964193,125.285494486491,378.270741780599,-687292.690010585
381,82.2749430338542,126.780754089355,389.59434000651,-645441.129205473
382,82.7627105712891,126.486976623535,396.347340901693,-737879.48791255
383,82.2514088948568,127.988828023275,407.745340983073,-706838.60207819
384,82.7391738891602,127.693166097005,414.42133585612,-738319.065911487
385,82.2269388834635,129.200660705566,425.893666585286,-684363.337893916
386,82.7147064208984,128.903114318848,432.496002197266,-697869.013370089
387,82.2034072875977,130.416259765625,444.042673746745,-652091.346932958
388,82.6930414835612,130.114008585612,450.567006429036,-656538.370659386
389,82.1808090209961,131.632807413737,462.187337239583,-614376.861354826
390,82.6704432169596,131.328669230143,468.637329101562,-618887.815980468
391,82.1572774251302,132.856887817383,480.33100382487,-572332.289806759
392,82.6469090779622,132.550867716471,486.704671223958,-584962.207229747
393,82.132807413737,134.082850138346,498.473012288411,-526737.24793109
394,82.622439066569,133.772120157878,504.771341959635,-550164.991572676
395,82.1092732747396,135.311630249023,516.614013671875,-540990.286372422
396,82.5988744099935,134.999964396159,522.836008707682,-540990.286372422
397,82.0847422281901,136.54606628418,534.75400797526,-556451.202987218
398,82.574343363444,136.230631510417,540.899658203125,-556451.202987218
399,82.5583419799805,137.049814860026,552.891662597656,-572938.831111822
400,82.0527064005534,138.192916870117,558.887674967448,-572938.831111822
401,84.4905090332031,111.573969523112,202.011037190755,-1365800.34586072
402,83.9839426676432,112.973169962565,212.441101074219,-1370584.55658665
403,84.4698079427083,112.72553507487,219.875935872396,-284802.265484637
404,83.9623082478841,114.131334940592,230.380401611328,-657956.011113545
405,84.4481735229492,113.88180287679,237.739934285482,351229.035803795
406,83.939707438151,115.293235778809,248.320673624674,-674900.993692596
407,84.4255727132161,115.040901184082,255.605809529622,218593.806943999
408,83.9180399576823,116.458000183105,266.260925292969,-690562.191576001
409,84.4067408243815,116.203768412272,273.468872070312,326907.354320015
410,83.8992080688477,117.627456665039,284.195566813151,-637120.841008751
411,84.3850758870443,117.369455973307,291.327219645182,229528.608964626
412,83.8747431437175,118.798812866211,302.130167643229,-614073.988271919
413,84.3606084187825,118.538925170898,309.188364664714,173190.127924742
414,83.8512064615885,119.976763407389,320.064758300781,-569010.364555926
415,84.3389383951823,119.716883341471,327.04389444987,-588014.21106874
416,83.8286056518555,121.160357157389,337.993764241536,-554507.897576876
417,84.3163401285807,120.896710713704,344.897572835286,-630013.977785179
418,83.8069407145182,122.344886779785,355.922709147135,-561116.709264025
419,84.2965418497721,122.077473958333,362.751139322917,-675511.869282372
420,83.7862091064453,123.53035736084,373.849802652995,-626993.316595104
421,84.2739435831706,123.262001037598,380.603068033854,-728734.769473759
422,83.7626775105794,124.723360697428,391.777008056641,-709825.801147007
423,84.2504094441732,124.451240539551,398.454671223958,-740462.918413723
424,83.7382074991862,125.919194539388,409.700998942057,-733806.171888156
425,84.2278391520182,125.645189921061,416.301666259766,-728489.329682499
426,83.7165730794271,127.12161509196,427.624338785807,-697869.013370089
427,84.206174214681,126.843841552734,434.150675455729,-703311.091279049
428,83.6939417521159,128.323089599609,445.546671549479,-656538.370659386
429,84.1835759480794,128.042493184408,451.996663411458,-658323.310818845
430,83.6723098754883,129.529273986816,463.466990152995,-618887.815980468
431,84.1628774007161,129.247739156087,469.840657552083,-619637.910974103
432,83.6506423950195,130.741114298503,481.38466389974,-584962.207229747
433,84.1402740478516,130.455810546875,487.682006835938,-595058.765867711
434,83.6261723836263,131.954833984375,499.30034383138,-550164.991572676
435,84.1167399088542,131.665761311849,505.522349039714,-573050.118437422
436,83.6026077270508,133.171381632487,517.215342203776,-577107.592277242
437,84.0922419230143,132.879480997721,523.361348470052,-577107.592277242
438,83.5781097412109,134.39262898763,535.127665201823,-588659.256855774
439,84.0705769856771,134.096018473307,541.199991861979,-588659.256855774
440,84.0564422607422,134.905797322591,553.042317708333,-597478.859031805
441,83.5479736328125,136.021591186523,558.961995442708,-597478.859031805
442,85.9923756917318,108.601333618164,188.960571289062,-1427158.28926587
443,85.4839096069336,109.961001078288,199.165506998698,-1365800.34586072
444,85.9716415405273,109.736902872721,206.600336710612,-123201.603857184
445,85.464106241862,111.10223642985,216.880701700846,-600519.886220224
446,85.9499715169271,110.876269022624,224.242131551107,306434.982889145
447,85.4415384928385,112.250035603841,234.59689839681,-704596.005486278
448,85.9293060302734,112.024037679036,241.883000691732,436879.911342831
449,85.4218063354492,113.403470357259,252.311172485352,-723567.424813729
450,85.9095408121745,113.172803243001,259.519104003906,381380.597292316
451,85.4020080566406,114.556002298991,270.021687825521,-691398.064209178
452,85.8897425333659,114.322469075521,277.153361002604,191610.388164165
453,85.3803431193034,115.71223449707,287.732198079427,-650792.375544147
454,85.8681106567383,115.47873433431,294.787577311198,-230363.247760165
455,85.3587086995443,116.876068115234,305.440795898438,-599114.102735774
456,85.846440633138,116.640701293945,312.420857747396,-220161.847985114
457,85.33607228597,118.043678283691,323.14756266276,-576552.871631771
458,85.8257064819336,117.803578694661,330.05137125651,-623447.057553812
459,85.3163070678711,119.213137308757,340.85151163737,-596744.272513099
460,85.804074605306,118.969261169434,347.679972330729,-678476.119106241
461,85.2937088012695,120.38542175293,358.554463704427,-610338.716951746
462,85.7833429972331,120.138720194499,365.308532714844,-733530.604486282
463,85.2739105224609,121.56241607666,376.258473714193,-687292.690010585
464,85.7616755167643,121.313835144043,382.936411539714,-744747.145577494
465,85.2494405110677,122.741299947103,393.958669026693,-737879.48791255
466,85.7390721638997,122.489893595378,400.559000651042,-729789.945645657
467,85.2296727498372,123.925829569499,411.655670166016,-738319.065911487
468,85.7202402750651,123.674423217773,418.182006835938,-712629.345269222
469,85.2080078125,125.116010030111,429.354339599609,-703311.091279049
470,85.6976420084635,124.859893798828,435.804341634115,-697731.449008892
471,85.1854426066081,126.30712890625,447.050669352214,-658323.310818845
472,85.6760431925456,126.047248840332,453.424336751302,-662265.568328772
473,85.1647440592448,127.50107828776,464.743998209635,-619637.910974103
474,85.6562423706055,127.237429300944,471.041341145833,-623923.1134623
475,85.1440073649089,128.698786417643,482.435343424479,-595058.765867711
476,85.6336390177409,128.433258056641,488.657674153646,-605060.480782687
477,85.1204732259115,129.901209513346,500.126342773438,-573050.118437422
478,85.6119740804036,129.630971272786,506.27500406901,-598538.797161567
479,85.0978749593099,131.103622436523,517.817016601562,-577107.592277242
480,85.5893758138021,130.831502278646,523.889689127604,-614460.804015978
481,85.0762100219727,132.310750325521,535.50634765625,-620404.556223889
482,85.5677083333333,132.034866333008,541.50233968099,-620404.556223889
483,85.5536066691081,132.836166381836,553.19199625651,-618674.516578977
484,85.0479736328125,133.921829223633,559.038330078125,-618674.516578977
485,87.4933090209961,105.731335957845,176.360234578451,-1488118.38897675
486,86.9857762654622,107.051434834798,186.341033935547,-1427158.28926587
487,87.4716415405273,106.8537012736,193.776733398438,-312596.291263791
488,86.9659729003906,108.1795018514,203.831100463867,-900114.115343371
489,87.4537048339844,107.978935241699,211.192535400391,-219984.245879841
490,86.9452387491862,109.310368855794,221.323201497396,-688902.023932379
491,87.4330062866211,109.107902526855,228.609303792318,360483.538737823
492,86.9255065917969,110.44780476888,238.814336140951,-777110.431799716
493,87.4132741292318,110.242505391439,246.022237141927,418763.120868843
494,86.9048080444336,111.588071187337,256.298833211263,-725240.654037332
495,87.3925425211589,111.379969278971,263.43049621582,182472.877745613
496,86.885009765625,112.731168111165,273.782440185547,-685416.123981091
497,87.3737106323242,112.519302368164,280.840657552083,-318680.489208397
498,86.8662109375,113.877103169759,291.266957600911,-610934.940081258
499,87.355842590332,113.665237426758,298.248911539714,-412356.75576179
500,86.8454742431641,115.03150177002,308.749593098958,-598572.8807052
501,87.3332061767578,114.814933776855,315.656229654948,-325893.533600294
502,86.8238067626953,116.184033711751,326.231302897135,-588014.21106874
503,87.3134409586589,115.963701883952,333.060709635417,-687367.823677754
504,86.803108215332,117.339370727539,343.709238688151,-630013.977785179
505,87.2927424112956,117.119969685872,350.462371826172,-743818.817246828
506,86.7833429972331,118.503158569336,361.187174479167,-675511.869282372
507,87.2729415893555,118.279991149902,367.864980061849,-767831.134378328
508,86.7607065836589,119.666971842448,378.664276123047,-728734.769473759
509,87.2503382364909,119.440989176432,385.265869140625,-748525.505478377
510,86.7409388224284,120.836446126302,396.138336181641,-740462.918413723
511,87.2334060668945,120.608578999837,402.663340250651,-713474.599540834
512,86.7221069335938,122.010620117188,413.610341389974,-728489.329682499
513,87.2117411295573,121.778045654297,420.062347412109,-698172.307883283
514,86.6995086669922,123.1857325236,431.084014892578,-697731.449008892
515,87.191042582194,122.949391682943,437.457682291667,-689199.728163097
516,86.6797765096029,124.363672892253,448.551676432292,-662265.568328772
517,87.1722106933594,124.123565673828,454.851013183594,-665168.32288351
518,86.6599756876628,125.543492635091,466.021016438802,-623923.1134623
519,87.1514739990234,125.301500956217,472.24501546224,-632027.889845066
520,86.6373723347982,126.729909261068,483.487670898438,-605060.480782687
521,87.1298395792643,126.486035664876,489.63633219401,-617775.155338885
522,86.6176071166992,127.919146219889,500.954996744792,-598538.797161567
523,87.1091079711914,127.670560201009,507.027323404948,-627588.822279793
524,86.594975789388,129.110265096029,518.420003255208,-614460.804015978
525,87.0874430338542,128.860743204753,524.416341145833,-649607.393249011
526,86.5733413696289,130.306096394857,535.882019042969,-650260.115098055
527,87.0667394002279,130.05185953776,541.801676432292,-650260.115098055
528,87.052604675293,130.845626831055,553.341674804688,-645489.724667461
529,86.5451049804688,131.901163736979,559.111673990885,-645489.724667461
530,88.9942092895508,102.964937845866,164.207672119141,-1556397.53926659
531,88.4867095947266,104.246437072754,173.964569091797,-1488118.38897675
532,88.9753748575846,104.072237650553,181.402135213216,-431254.67443736
533,88.4678395589193,105.359402974447,191.23350016276,-947584.814748577
534,88.9574381510417,105.183336893717,198.593037923177,-293531.755851942
535,88.4489720662435,106.477068583171,208.497706095378,-848332.989112054
536,88.9367396036784,106.297236124674,215.780975341797,133826.25954262
537,88.4292399088542,107.596636454264,225.761906941732,-778695.137849213
538,88.9170074462891,107.41490427653,232.971705118815,254655.936766717
539,88.4085413614909,108.72087097168,243.027002970378,-732522.516766065
540,88.8962758382161,108.537269592285,250.158671061198,-234883.00539193
541,88.3887430826823,109.850802103678,260.285568237305,-705942.607377544
542,88.8793106079102,109.664367675781,267.342864990234,-358704.035096098
543,88.3718109130859,110.981669108073,277.546010335286,-669647.686101058
544,88.861442565918,110.79147084554,284.527954101562,-435949.179331355
545,88.3529739379883,112.11723836263,294.804555257161,-616046.704497265
546,88.8426055908203,111.92797088623,301.710235595703,-465161.944558568
547,88.3332061767578,113.259401957194,312.061228434245,-618776.167658081
548,88.8228403727214,113.065434773763,318.88969930013,-452117.456062541
549,88.3124745686849,114.400634765625,329.314107259115,-623447.057553812
550,88.8039754231771,114.202901204427,336.067240397135,-762895.266624555
551,88.2945760091146,115.546567281087,346.566975911458,-678476.119106241
552,88.7851435343425,115.34880065918,353.244801839193,-790931.130571408
553,88.2729085286458,116.699035644531,363.818003336589,-733530.604486282
554,88.7625401814779,116.494702657064,370.420501708984,-774382.057642269
555,88.2522048950195,117.849675496419,381.069071451823,-744747.145577494
556,88.7446721394857,117.645375569661,387.597198486328,-750612.086411276
557,88.2352727254232,119.00882212321,398.319000244141,-729789.945645657
558,88.7267735799154,118.798848470052,404.769002278646,-708765.704630207
559,88.2145411173503,120.166030883789,415.565348307292,-712629.345269222
560,88.7060419718425,119.954172770182,421.940012613932,-698172.307883283
561,88.1947758992513,121.329846700033,432.810679117839,-689199.728163097
562,88.6872431437175,121.116104125977,439.108001708984,-689585.970230952
563,88.1759440104167,122.495541890462,450.054341634115,-665168.32288351
564,88.6674423217773,122.278032938639,456.278340657552,-669098.911664653
565,88.1552073160807,123.664065043132,467.299011230469,-632027.889845066
566,88.646738688151,123.444671630859,473.447336832682,-647327.001927347
567,88.1354726155599,124.838233947754,484.542002360026,-617775.155338885
568,88.6288731892904,124.614135742188,490.614329020182,-644682.411584446
569,88.114741007487,126.01335144043,501.780985514323,-627588.822279793
570,88.6062418619792,125.785484313965,507.777323404948,-664852.405646782
571,88.0930760701497,127.193171183268,519.019999186198,-649607.393249011
572,88.5874430338542,126.963422139486,524.941670735677,-683521.142175368
573,88.0752080281575,128.376757303874,536.257670084635,-681879.010667356
574,88.5686060587565,128.142298380534,542.101013183594,-681879.010667356
575,88.5563379923503,128.925707499186,553.491353352865,-672227.771205673
576,88.0488052368164,129.95393371582,559.188008626302,-672227.771205673
577,90.4941431681315,100.299270629883,152.509338378906,-1573335.03453445
578,89.9885101318359,101.54310353597,162.040003458659,-1556397.53926659
579,90.4762751261393,101.393402099609,169.477666219076,-531001.049730931
580,89.9706395467122,102.641036987305,179.082901000977,-873837.324523229
581,90.458371480306,102.488502502441,186.444468180339,-269067.891831279
582,89.9527053833008,103.743637084961,196.123240152995,-891183.698375504
583,90.4404729207357,103.590136210124,203.409306844076,191624.501109588
584,89.9329732259115,104.850003560384,213.162373860677,-843607.465804734
585,90.4207407633464,104.691802978516,220.37217203776,-361056.510764562
586,89.9122746785482,105.957303365072,230.200571695964,-743891.530067947
587,90.4018758138021,105.799102783203,237.334101359049,-367103.104918979
588,89.8943430582682,107.073102315267,247.236902872721,-686230.909182325
589,90.3849105834961,106.91303507487,254.293233235677,-350003.743789832
590,89.8774108886719,108.190767923991,264.272298177083,-675138.487755656
591,90.3670425415039,108.026934305827,271.254231770833,-408730.409516825
592,89.8585739135742,109.310335795085,281.30674235026,-668349.927542786
593,90.3482055664062,109.144635518392,288.212412516276,-463826.521655511
594,89.840705871582,110.436503092448,298.33930460612,-650715.815929985
595,90.3303400675456,110.267036437988,305.168701171875,-508648.934828911
596,89.8218739827474,111.56453704834,315.368103027344,-649925.836048529
597,90.3115081787109,111.390337626139,322.12217203776,-533005.960124553
598,89.8039754231771,112.693501790365,332.396901448568,-687367.823677754
599,90.294542948405,112.517435709635,339.076568603516,-826182.243684085
600,89.7851104736328,113.82906850179,349.424733479818,-743818.817246828
601,90.2747421264648,113.651102701823,356.027201334635,-819138.363456125
602,89.7644068400065,114.966501871745,366.449768066406,-767831.134378328
603,90.2559382120768,114.78480275472,372.97597249349,-782439.766241472
604,89.7465387980143,116.108703613281,383.474833170573,-748525.505478377
605,90.2389729817708,115.925104777018,389.924631754557,-741146.022581961
606,89.7286071777344,117.251803080241,400.496999104818,-713474.599540834
607,90.2201410929362,117.063468933105,406.870676676432,-719154.111500086
608,89.7098083496094,118.39865620931,417.517344156901,-698172.307883283
609,90.2022755940755,118.20938873291,423.817342122396,-693233.006974026
610,89.6909764607747,119.551162719727,434.537333170573,-689585.970230952
611,90.1824773152669,119.357190450033,440.76133219401,-691729.904337895
612,89.6702423095703,120.70462290446,451.555999755859,-669098.911664653
613,90.1636403401693,120.50688680013,457.704671223958,-676407.329619017
614,89.6523717244466,121.860903422038,468.575337727865,-647327.001927347
615,90.1467056274414,121.661282857259,474.647664388021,-672007.179556859
616,89.6344731648763,123.020952860514,485.591990152995,-644682.411584446
617,90.1278737386068,122.816627502441,491.588317871094,-683121.591385234
618,89.613774617513,124.18194325765,502.606994628906,-664852.405646782
619,90.1081085205078,123.975733439128,508.529663085938,-699822.125573683
620,89.5949427286784,125.34952545166,519.621663411458,-683521.142175368
621,90.0911763509115,125.139549255371,525.467000325521,-715145.571727849
622,89.5770746866862,126.518987019857,536.630350748698,-712340.74962461
623,90.0723419189453,126.305244445801,542.400370279948,-712340.74962461
624,90.0582071940104,127.081123352051,553.641031901042,-700963.547196623
625,89.550671895345,128.078275044759,559.261352539062,-700963.547196623
626,91.9941431681315,97.7381362915039,141.259338378906,-1632094.58921141
627,91.4884770711263,98.9415028889974,150.566004435221,-1573335.03453445
628,91.97620900472,98.8172022501628,158.003667195638,-516181.968113016
629,91.4696400960286,100.025268554688,167.38466389974,-841333.085310841
630,91.9592717488607,99.8972015380859,174.745000203451,-371874.122039174
631,91.4536387125651,101.112800598145,184.199569702148,-845945.000495295
632,91.944206237793,100.984733581543,191.482905069987,393114.292429214
633,91.4367065429688,102.206934611003,201.013870239258,-939941.686915671
634,91.9263407389323,102.075101216634,208.223668416341,-319612.843435742
635,91.4178746541341,103.300102233887,217.828903198242,-802195.773149006
636,91.9075088500977,103.16640218099,224.960571289062,-607585.745995637
637,91.3999760945638,104.39990234375,234.637369791667,-716035.640711504
638,91.8896102905273,104.264335632324,241.695602416992,-496903.834088285
639,91.3820775349935,105.50346883138,251.448664347331,-652920.706004742
640,91.8736089070638,105.364102681478,258.430628458659,-492519.121129663
641,91.3660736083984,106.609835306803,268.257130940755,-676714.639662089
642,91.8575719197591,106.46576944987,275.162821451823,-496388.014758959
643,91.3481725056966,107.717168172201,285.065592447917,-680049.287840361
644,91.8397064208984,107.571202596029,291.894989013672,-516689.306015544
645,91.3293736775716,108.82920328776,301.871205647786,-704218.581733799
646,91.8208745320638,108.679471333822,308.625274658203,-545843.191798502
647,91.3114751180013,109.943105061849,318.676839192708,-719727.865457844
648,91.8039423624675,109.793370564779,325.354665120443,-575183.777377196
649,91.294542948405,111.06453704834,335.479665120443,-762895.266624555
650,91.7860438028971,110.910102844238,342.081207275391,-872065.132043578
651,91.2756754557292,112.185035705566,352.280578613281,-790931.130571408
652,91.7690734863281,112.026835123698,358.805847167969,-837378.428481496
653,91.2596715291341,113.31120300293,369.078674316406,-774382.057642269
654,91.7540054321289,113.151135762533,375.530507405599,-793361.876314168
655,91.2427062988281,114.44113667806,385.877604166667,-750612.086411276
656,91.7361068725586,114.276336669922,392.253306070964,-749541.498701302
657,91.2239074707031,115.571970621745,402.674011230469,-708765.704630207
658,91.7173080444336,115.404370625814,408.974344889323,-734659.141460861
659,91.2060089111328,116.706601460775,419.471008300781,-693233.006974026
660,91.7003428141276,116.537101745605,425.695007324219,-698326.74477596
661,91.1881103515625,117.845916748047,436.265340169271,-691729.904337895
662,91.681510925293,117.671717325846,442.413014729818,-698792.025029133
663,91.1692759195964,118.985254923503,453.057678222656,-676407.329619017
664,91.6636403401693,118.807306925456,459.132008870443,-690999.330525166
665,91.152338663737,120.129318237305,469.851328531901,-672007.179556859
666,91.6466725667318,119.949473063151,475.849324544271,-703762.690740436
667,91.1344401041667,121.277112325033,486.64198811849,-683121.591385234
668,91.6278406778971,121.092557271322,492.563659667969,-727231.805839163
669,91.115608215332,122.425862630208,503.432657877604,-699822.125573683
670,91.6099421183268,122.24036916097,509.277994791667,-733880.896142106
671,91.0986760457357,123.5802637736,520.220336914062,-715145.571727849
672,91.5920766194661,123.390060424805,525.99033610026,-747678.796481358
673,91.079844156901,124.73560333252,537.007019042969,-741011.065497975
674,91.5751113891602,124.541636149089,542.703674316406,-741011.065497975
675,91.5657094319661,125.308095296224,553.793680826823,-726674.951014491
676,91.0563074747721,126.277941385905,559.337687174479,-726674.951014491
677,93.4931411743164,95.2786687215169,130.459335327148,-1681026.05529471
678,92.9875081380208,96.4443689982096,139.540003458659,-1632094.58921141
679,93.4771067301432,96.3445688883464,146.977671305339,-560191.667562227
680,92.9714736938477,97.514035542806,156.134668986003,-987212.832534319
681,93.4611053466797,97.4104359944661,163.496002197266,-427427.871399294
682,92.9554723103841,98.5855356852214,172.725336710612,-893178.50554704
683,93.4451065063477,98.4819361368815,180.010442097982,-108246.28728997
684,92.9394734700521,99.6655349731445,189.313440958659,-928691.549766659
685,93.4291076660156,99.5582021077474,196.522440592448,-441327.393730991
686,92.92347462972,100.745567321777,205.901702880859,-935894.692248182
687,93.4131088256836,100.633501688639,213.036204020182,-640123.862143007
688,92.9056091308594,101.829335530599,222.489837646484,-795524.983149598
689,93.3980763753255,101.715403238932,229.546173095703,-625877.742947639
690,92.8896102905273,102.916903177897,239.075139363607,-733040.976587594
691,93.381108601888,102.800137837728,246.057072957357,-620345.211891885
692,92.8726399739583,104.008204142253,255.65950012207,-678630.743385463
693,93.365104675293,103.888603210449,262.565165201823,-624071.02795023
694,92.8575719197591,105.100435892741,272.241984049479,-692823.672405833
695,93.3500391642253,104.978034973145,279.072326660156,-610810.647035333
696,92.8415730794271,106.197402954102,288.822560628255,-732348.530406666
697,93.3331069946289,106.074068705241,295.57851155599,-593566.227969882
698,92.8227411905925,107.298136393229,305.405008951823,-756543.119969064
699,93.315175374349,107.170102437337,312.085673014323,-606667.259771019
700,92.8057759602865,108.401702880859,321.983764648438,-805229.450597015
701,93.2973098754883,108.271769205729,328.585327148438,-630788.746356274
702,92.7869771321615,109.509002685547,338.557769775391,-826182.243684085
703,93.2803777058919,109.374369303385,345.08583577474,-902237.51562707
704,92.7728424072266,110.617268880208,355.134541829427,-819138.363456125
705,93.2671737670898,110.481702168783,361.586364746094,-853534.126153014
706,92.7577387491862,111.731201171875,371.709503173828,-782439.766241472
707,93.2492396036784,111.591868082682,378.085927327474,-805696.149066318
708,92.7389068603516,112.847002665202,388.282633463542,-741146.022581961
709,93.232307434082,112.703870137533,394.582997639974,-775998.958465548
710,92.7229080200195,113.965604146322,404.85400390625,-719154.111500086
711,93.2172419230143,113.819669087728,411.079671223958,-756281.906135868
712,92.7059758504232,115.088935852051,421.424011230469,-698326.74477596
713,93.1993764241536,114.940167744954,427.57367960612,-715537.579332865
714,92.6871439615885,116.214134216309,437.992350260417,-698792.025029133
715,93.180544535319,116.059733072917,444.066680908203,-704104.30126687
716,92.6692759195964,117.339368184408,454.561676025391,-690999.330525166
717,93.1655069986979,117.183069864909,460.55967203776,-717319.47513009
718,92.6542053222656,118.471163431803,471.128000895182,-703762.690740436
719,93.1504058837891,118.311063130697,477.049672444661,-742844.182320013
720,92.6362737019857,119.604817708333,487.692667643229,-727231.805839163
721,93.1315409342448,119.440981547038,493.541005452474,-766195.659227939
722,92.617441813151,120.743227640788,504.257334391276,-733880.896142106
723,93.1136754353841,120.577509562174,510.029327392578,-770851.874855438
724,92.5995763142904,121.884447733561,520.819986979167,-747678.796481358
725,93.0948435465495,121.712135314941,526.516662597656,-773579.756513256
726,92.5826110839844,123.023780822754,537.383666992188,-769166.455499871
727,93.0807113647461,122.850527445475,543.003011067708,-769166.455499871
728,93.0713094075521,123.608512878418,553.943339029948,-753059.98299695
729,92.5638071695964,124.548225402832,559.414001464844,-753059.98299695
730,94.9950103759766,92.921869913737,120.110336303711,-1714809.09583672
731,94.4884084065755,94.0470708211263,128.966003417969,-1681026.05529471
732,94.9780400594075,93.9736048380534,136.403671264648,-673299.415752735
733,94.4723714192708,95.1054026285807,145.334671020508,-969261.361199255
734,94.964838663737,95.0272369384766,152.696004231771,-614392.756942207
735,94.4592056274414,96.1628036499023,161.700337727865,-947027.46529925
736,94.948839823405,96.0827713012695,168.986338297526,-119517.469851402
737,94.4403737386068,97.2268040974935,178.067108154297,-985288.666074373
738,94.931874593099,97.144905090332,185.276941935221,-678954.776469755
739,94.4262415568034,98.2927042643229,194.429275512695,-941762.283889776
740,94.9187088012695,98.207036336263,201.563771565755,-755559.745715727
741,94.4112091064453,99.3604685465495,210.791437784831,-909762.896990321
742,94.9036763509115,99.2719701131185,217.849634806315,-729292.613966839
743,94.3980433146159,100.431070963542,227.150736490885,-825242.305157418
744,94.8895416259766,100.340703328451,234.133600870768,-677862.333180372
745,94.3810729980469,101.508270263672,243.510971069336,-740102.453565496
746,94.8725713094075,101.414103190104,250.418533325195,-701838.420511549
747,94.3650716145833,102.586369832357,259.870300292969,-726964.777189502
748,94.8575388590495,102.488469441732,266.70160929362,-707693.80276147
749,94.3500391642253,103.668301900228,276.226816813151,-741222.856773553
750,94.8434066772461,103.5675684611,282.979960123698,-698103.625189779
751,94.3349405924479,104.753967285156,292.581420898438,-794397.811788992
752,94.8264414469401,104.650400797526,299.261118570964,-674287.394005433
753,94.3170420328776,105.842468261719,308.938873291016,-838499.84999623
754,94.8094762166341,105.736068725586,315.540435791016,-670203.196375238
755,94.2991434733073,106.933769226074,325.288798014323,-875479.77998143
756,94.7925440470378,106.823603312174,331.81406656901,-679330.671646021
757,94.2841110229492,108.026969909668,341.638661702474,-872065.132043578
758,94.7784423828125,107.91493733724,348.090494791667,-926270.108659469
759,94.2690404256185,109.126770019531,357.989491780599,-837378.428481496
760,94.7633717854818,109.010938008626,364.365997314453,-868876.720493905
761,94.2530059814453,110.226537068685,374.339294433594,-793361.876314168
762,94.7464065551758,110.106936136882,380.639668782552,-836942.540430327
763,94.2360407511393,111.32913462321,390.686665852865,-749541.498701302
764,94.7322743733724,111.206700642904,396.912668863932,-808232.305982594
765,94.2228749593099,112.435501098633,407.03466796875,-734659.141460861
766,94.7172419230143,112.30933380127,413.184000651042,-756281.906135868
767,94.2050094604492,113.544733683268,423.378672281901,-715537.579332865
768,94.6984100341797,113.414800008138,429.451009114583,-734333.097960781
769,94.1861775716146,114.655832926432,439.720347086589,-704104.30126687
770,94.6824111938477,114.522132873535,445.718343098958,-725023.211332466
771,94.1730092366536,115.769734700521,456.062672932943,-717319.47513009
772,94.6692072550456,115.634134928385,461.984334309896,-752782.410293342
773,94.1579055786133,116.887369791667,472.403004964193,-742844.182320013
774,94.6531728108724,116.748001098633,478.251342773438,-784327.416837273
775,94.1409403483073,118.007858276367,488.746348063151,-766195.659227939
776,94.636240641276,117.866625467936,494.518341064453,-805073.226942251
777,94.1230748494466,119.134030659993,505.084991455078,-770851.874855438
778,94.6193084716797,118.988085428874,510.778645833333,-806433.555756328
779,94.1051762898763,120.259251912435,521.419657389323,-773579.756513256
780,94.6023432413737,120.107650756836,527.039998372396,-801055.010609151
781,94.0901107788086,121.387280782064,537.75634765625,-795822.589632817
782,94.5882110595703,121.233800252279,543.30234781901,-795822.589632817
783,94.576909383138,121.98331451416,554.093017578125,-781841.455940135
784,94.0694071451823,122.894780476888,559.487345377604,-781841.455940135
785,96.49400583903,90.6705017089844,110.208333333333,-1687357.73437387
786,95.9902750651042,91.7561696370443,118.840001424154,-1714809.09583672
787,96.4799067179362,91.7062377929688,126.275670369466,-734989.46779125
788,95.9742736816406,92.7984720865885,134.983673095703,-1129071.80389262
789,96.464838663737,92.7466710408529,142.345006306966,-839893.373957777
790,95.96107228597,93.8436381022135,151.126337687174,-876477.385006682
791,96.4526062011719,93.7871373494466,158.411336263021,-560956.514735974
792,95.9460067749023,94.8907038370768,167.267003377279,-1033385.50060959
793,96.4356409708659,94.8332697550456,174.476669311523,-755010.003229353
794,95.9299748738607,95.9434382120768,183.405838012695,-1004702.80920091
795,96.4224421183268,95.8813044230143,190.539372762044,-812385.909844243
796,95.9168090820312,96.9971033732096,199.54497273763,-938087.307780249
797,96.4092763264974,96.9330698649089,206.603174845378,-804642.749847058
798,95.9036432902018,98.0545043945312,215.680170694987,-888268.521839924
799,96.3951416015625,97.9857711791992,222.661173502604,-765245.859501509
800,95.8866729736328,99.1128692626953,231.813501993815,-830317.771371318
801,96.3781712849935,99.043202718099,238.721069335938,-729242.759470049
802,95.8725382486979,100.176869710286,247.94873046875,-807083.16529153
803,96.3668721516927,100.103403727214,254.779098510742,-753409.065875695
804,95.8593724568685,101.242736816406,264.080210367839,-784551.335291458
805,96.3509063720703,101.167404174805,270.834289550781,-760866.472130366
806,95.8424402872721,102.312403361003,280.208831787109,-808611.862957839
807,96.3358408610026,102.232335408529,286.88661702474,-760397.337739902
808,95.8283081054688,103.383934020996,296.337443033854,-865735.31206607
809,96.3207753499349,103.302001953125,302.941802978516,-750453.751039085
810,95.8113428751628,104.462069193522,312.467041015625,-924849.434836275
811,96.3047434488932,104.37543741862,318.995137532552,-732891.417684157
812,95.796277364095,105.539271036784,328.59380086263,-932575.703344453
813,96.2915751139323,105.448870340983,335.045603434245,-724653.008547297
814,95.7821731567383,106.621170043945,344.717702229818,-902237.51562707
815,96.2765045166016,106.52983601888,351.096069335938,-935276.007724623
816,95.7671051025391,107.70777130127,360.845367431641,-853534.126153014
817,96.2633056640625,107.611704508464,367.147471110026,-896094.794746302
818,95.7529729207357,108.795270284017,376.968475341797,-805696.149066318
819,96.2463734944661,108.695470174154,383.194468180339,-864195.211094288
820,95.7360407511393,109.884702046712,393.091664632161,-775998.958465548
821,96.2322743733724,109.782068888346,399.240997314453,-838419.727024287
822,95.7228749593099,110.977900187174,409.211334228516,-756281.906135868
823,96.2172088623047,110.872467041016,415.285664876302,-775525.799549062
824,95.7049763997396,112.07396697998,425.33066813151,-734333.097960781
825,96.2002436319987,111.965667724609,431.328674316406,-752663.568203259
826,95.6899108886719,113.17280069987,441.447011311849,-725023.211332466
827,96.1861089070638,113.061668395996,447.371673583984,-756334.992103008
828,95.6748072306315,114.275400797526,457.564666748047,-752782.410293342
829,96.1710052490234,114.159568786621,463.413004557292,-791706.660940527
830,95.6606725056966,115.378934224447,473.681009928385,-784327.416837273
831,96.157839457194,115.259335835775,479.453013102214,-826144.92730329
832,95.6456400553385,116.48716990153,489.795338948568,-805073.226942251
833,96.1418736775716,116.362904866536,495.491994222005,-841369.873178889
834,95.6287078857422,117.596415201823,505.908650716146,-806433.555756328
835,96.1268081665039,117.468381245931,511.528991699219,-840437.105020779
836,95.6145757039388,118.708450317383,522.019327799479,-801055.010609151
837,96.1117426554362,118.576639811198,527.565348307292,-830545.089862653
838,95.5976104736328,119.822359720866,538.132019042969,-823329.681493116
839,96.0957107543945,119.687713623047,543.602701822917,-823329.681493116
840,96.0863087972005,120.426849365234,554.243693033854,-811308.948923065
841,95.5769068400065,121.311009724935,559.563680013021,-811308.948923065
842,97.9930369059245,88.5236028035482,100.760335286458,-1785955.92686896
843,97.4892705281575,89.5688018798828,109.164998372396,-1687357.73437387
844,97.9817377726237,89.5433680216471,116.600667317708,-683429.705873604
845,97.4761047363281,90.5951360066732,125.079671223958,-734989.46779125
846,97.9685719807943,90.5678380330404,132.442006429036,-365623.205244161
847,97.4629389444987,91.6271387736003,140.999338785807,-1136246.57046923
848,97.9544397989909,91.5951385498047,148.287333170573,-543837.614509015
849,97.447873433431,92.6581700642904,156.917999267578,-1039589.47052004
850,97.9393742879232,92.6242701212565,164.127665201823,-901762.431436861
851,97.4337412516276,93.6958033243815,172.83066813151,-1069951.09383321
852,97.9261754353841,93.6581370035807,179.964202880859,-903663.049107507
853,97.4205423990885,94.7334696451823,188.743738810221,-1027188.47414742
854,97.913942972819,94.6929702758789,195.801172892253,-745276.19669903
855,97.4083099365234,95.7767715454102,204.655008951823,-984743.243420722
856,97.9017079671224,95.7325057983398,211.636973063151,-772485.953924177
857,97.394172668457,96.8200709025065,220.566141764323,-911643.399505989
858,97.8856709798177,96.773935953776,227.471837361654,-778961.473756996
859,97.3781382242839,97.8699696858724,236.474436442057,-889407.147204047
860,97.8724721272786,97.8219375610352,243.304799397786,-763356.44102657
861,97.3668390909831,98.9217046101888,252.381800333659,-869183.885519736
862,97.8602396647135,98.8699035644531,259.135904947917,-776062.710041489
863,97.351806640625,99.9762700398763,268.287282307943,-867820.423205094
864,97.8452072143555,99.9216715494792,274.966969807943,-793308.856208341
865,97.3377075195312,101.032737731934,284.191762288411,-890934.518065831
866,97.832041422526,100.974370320638,290.795186360677,-801277.335234869
867,97.3226420084635,102.092035929362,300.094401041667,-946638.0345044
868,97.816042582194,102.032737731934,306.62440999349,-801718.293881089
869,97.3075764973958,103.156071980794,315.999908447266,-984616.529704474
870,97.8028767903646,103.092038472493,322.453643798828,-788755.580493276
871,97.2953414916992,104.221003214518,331.900675455729,-968122.015990492
872,97.7915725708008,104.153203328451,338.276214599609,-768722.257363633
873,97.2821375528971,105.28973642985,347.799509684245,-926270.108659469
874,97.7764714558919,105.218170166016,354.101643880208,-760612.892888193
875,97.2670389811198,106.36220296224,363.700307210286,-868876.720493905
876,97.7623392740885,106.287803649902,369.924275716146,-918406.42473086
877,97.2520065307617,107.437505086263,379.597432454427,-836942.540430327
878,97.7473068237305,107.359369913737,385.747965494792,-898100.772143649
879,97.237907409668,108.514701843262,395.494333902995,-808232.305982594
880,97.7341079711914,108.432767232259,401.568339029948,-838419.727024287
881,97.2228088378906,109.594701131185,411.389333089193,-775525.799549062
882,97.7190093994141,109.509035746257,417.390329996745,-791679.322527334
883,97.2086766560872,110.678502400716,427.28466796875,-752663.568203259
884,97.7058436075846,110.589970906576,433.206339518229,-773815.142889939
885,97.193608601888,111.766003926595,443.175008138021,-756334.992103008
886,97.6898396809896,111.671869913737,449.02333577474,-799161.081983881
887,97.1785380045573,112.851702372233,459.068339029948,-791706.660940527
888,97.6766713460286,112.755668640137,464.84033203125,-828642.729296084
889,97.1663055419922,113.943936665853,474.957000732422,-826144.92730329
890,97.6634724934896,113.84413655599,480.653666178385,-861208.958697069
891,97.1512400309245,115.035270690918,490.846333821615,-841369.873178889
892,97.6474736531575,114.930770874023,496.468332926432,-871235.994913558
893,97.1362075805664,116.13037109375,506.734334309896,-840437.105020779
894,97.6343078613281,116.024904886882,512.280334472656,-871714.970725214
895,97.122075398763,117.231104532878,522.621012369792,-830545.089862653
896,97.6201756795247,117.120936075846,528.091674804688,-862700.072742188
897,97.1079432169596,118.331825256348,538.506693522135,-848787.742351129
898,97.6060434977214,118.216924031576,543.903015136719,-848787.742351129
899,97.5956751505534,118.946647644043,554.393351236979,-840194.140464159
900,97.0881729125977,119.800684611003,559.638020833333,-840194.140464159
901,99.4930369059245,86.4775365193685,91.7593383789062,-1853934.55704534
902,98.9892705281575,87.485969543457,99.9410044352214,-1785955.92686896
903,99.4817377726237,87.4841028849284,107.375671386719,-573638.868308339
904,98.9779713948568,88.4963022867839,115.630671183268,-683429.705873604
905,99.469472249349,88.4916025797526,122.992004394531,519119.012159842
906,98.965705871582,89.5113703409831,131.324335734049,-1070804.17684197
907,99.4572067260742,89.5048039754232,138.612335205078,419223.193807814
908,98.9515736897786,90.5292714436849,147.018000284831,-1268252.47749428
909,99.4430745442708,90.5189030965169,154.22699991862,-675284.866067492
910,98.9374415079753,91.5508702596029,162.705998738607,-1116815.1263458
911,99.43177541097,91.5386352539062,169.839665730794,-926511.341169151
912,98.9261423746745,92.5743687947591,178.394866943359,-1073752.17711743
913,99.419542948405,92.5583699544271,185.453170776367,-955838.668999681
914,98.912976582845,93.6016387939453,194.079940795898,-1072612.35861618
915,99.406374613444,93.5837732950846,201.061874389648,-796043.542990497
916,98.9007390340169,94.6308390299479,209.765070597331,-1041728.0114097
917,99.3950703938802,94.6092046101888,216.673568725586,-784475.762547773
918,98.8875376383464,95.6647364298503,225.451166788737,-965845.666076501
919,99.3818715413411,95.6412022908529,232.282435099284,-805529.431429323
920,98.8743387858073,96.7023696899414,241.13346862793,-936687.400350463
921,99.3677393595378,96.6741027832031,247.889434814453,-787137.058927646
922,98.8592732747396,97.7418696085612,256.814870198568,-941593.285754589
923,99.35267384847,97.7098693847656,263.494567871094,-791922.94071406
924,98.8470408121745,98.7833048502604,272.495290120443,-939023.438519636
925,99.3413747151693,98.7494049072266,279.098704020182,-814746.711421891
926,98.833875020345,99.8294041951497,288.173807779948,-980516.805052976
927,99.3282089233398,99.7917353312175,294.701924641927,-831367.231755496
928,98.8197758992513,100.877403259277,303.853312174479,-1008154.98159581
929,99.3150431315104,100.835037231445,310.307006835938,-836573.589225373
930,98.8066101074219,101.926338195801,319.53184000651,-1018963.89574967
931,99.3028081258138,101.88020324707,325.908335367839,-830062.737796152
932,98.7953058878581,102.978103637695,335.205678304036,-998463.049643042
933,99.29150390625,102.931037902832,341.505869547526,-812093.25717705
934,98.7821044921875,104.034571329753,350.878540039062,-935276.007724623
935,99.2783050537109,103.984670003255,357.104400634766,-793770.802808874
936,98.7679723103841,105.093869527181,366.551472981771,-896094.794746302
937,99.2632395426432,105.040204366048,372.701039632161,-918406.42473086
938,98.7529067993164,106.156003316243,382.224375406901,-864195.211094288
939,99.2491073608398,106.097635904948,388.300404866536,-898100.772143649
940,98.7397079467773,107.219067891439,397.89800008138,-838419.727024287
941,99.2359085083008,107.156903584798,403.89599609375,-851050.250184675
942,98.7265090942383,108.28493754069,413.56733194987,-791679.322527334
943,99.2236760457357,108.220937093099,419.490997314453,-813129.780024574
944,98.7133433024089,109.356503804525,429.235666910807,-773815.142889939
945,99.2105102539062,109.288703918457,435.082997639974,-802560.681881096
946,98.6992416381836,110.42803700765,444.901997884115,-799161.081983881
947,99.1973393758138,110.354601542155,450.676666259766,-833544.229619078
948,98.6860707600911,111.502400716146,460.569997151693,-828642.729296084
949,99.1841710408529,111.427068074544,466.266672770182,-869076.371303471
950,98.6719385782878,112.580535888672,476.233673095703,-861208.958697069
951,99.1690724690755,112.500503540039,481.85600789388,-886432.30661232
952,98.6568400065104,113.659604390462,491.89800008138,-871235.994913558
953,99.1549733479818,113.575803120931,497.444000244141,-899838.659742921
954,98.6437072753906,114.741503397624,507.560333251953,-871714.970725214
955,99.1437072753906,114.655802408854,513.031341552734,-894342.18737136
956,98.6324081420898,115.829035441081,523.222005208333,-862700.072742188
957,99.1324081420898,115.736768086751,528.616353352865,-890494.670782411
958,98.6182759602865,116.913767496745,538.882344563802,-874018.649966203
959,99.1154429117839,116.81770324707,544.202351888021,-874018.649966203
960,99.1050771077474,117.537068684896,554.543009440104,-862125.668847066
961,98.597541809082,118.362856547038,559.713338216146,-862125.668847066
962,100.992970784505,84.532236735026,83.2093353271484,-1901512.82991945
963,100.489237467448,85.5020701090495,91.1650034586589,-1853934.55704534
964,100.983571370443,85.5265375773112,98.6026713053385,-696684.325843547
965,100.479838053385,86.5001373291016,106.631673177083,-573638.868308339
966,100.973205566406,86.519905090332,113.993006388346,-438640.631901665
967,100.466606140137,87.4991709391276,122.098337809245,-979759.314038119
968,100.960006713867,87.5170720418294,129.386337280273,472733.238012872
969,100.454373677572,88.5029373168945,137.568003336589,-1271889.37636965
970,100.948707580566,88.5170720418294,144.777674357096,-445935.483472393
971,100.443041483561,89.5085703531901,153.031005859375,-1299190.0687755
972,100.937375386556,89.5208053588867,160.164672851562,-696174.632633562
973,100.43174235026,90.5189030965169,168.494333902995,-1157219.00005869
974,100.925142923991,90.5264383951823,175.554270426432,-928727.926364474
975,100.418576558431,91.5301717122396,183.95790608724,-1090995.19816673
976,100.91197458903,91.5358072916667,190.939707438151,-937476.133067713
977,100.406339009603,92.5461400349935,199.416905721029,-1112395.07924791
978,100.900670369466,92.5480397542318,206.324467976888,-841362.195835716
979,100.395037333171,93.5640385945638,214.877934773763,-1093451.81284734
980,100.889371236165,93.5640385945638,221.710199991862,-797882.865785321
981,100.38373819987,94.5856704711914,230.337102254232,-1000459.32389069
982,100.8771387736,94.5819040934245,237.093073527018,-820213.787009408
983,100.368672688802,95.6091690063477,245.794372558594,-995145.346225579
984,100.862073262533,95.6035029093425,252.47407023112,-819899.958105278
985,100.354540506999,96.6364364624023,261.248830159505,-994741.121566506
986,100.850774129232,96.6270370483398,267.852244059245,-817116.846386145
987,100.343241373698,97.6665700276693,276.701395670573,-1026482.4608492
988,100.839474995931,97.6533686319987,283.231363932292,-834379.701366942
989,100.331942240397,98.6985346476237,292.15678914388,-1044577.23608596
990,100.827242533366,98.6806335449219,298.611440022786,-850909.344240237
991,100.318776448568,99.7314682006836,307.610270182292,-1054124.34047844
992,100.814076741536,99.7117029825846,313.987701416016,-862316.485340385
993,100.306541442871,100.769137064616,323.06093343099,-1041898.54836563
994,100.802772521973,100.747469584147,329.363077799479,-863716.228497961
995,100.295237223307,101.811470031738,338.510670979818,-996590.35263696
996,100.79147084554,101.785102844238,344.736501057943,-854199.708832986
997,100.283938090007,102.854769388835,353.957560221354,-953288.713290638
998,100.779238382975,102.824635823568,360.10996500651,-973940.663012286
999,100.268872578939,103.900871276855,369.406372070312,-918406.42473086
1000,100.764172871908,103.866971333822,375.482513427734,-951520.412807254
1001,100.254740397135,104.947937011719,384.853210449219,-898100.772143649
1002,100.752873738607,104.909334818522,390.854136149089,-910344.313866394
1003,100.243441263835,105.996869405111,400.299326578776,-851050.250184675
1004,100.741574605306,105.955436706543,406.223002115885,-869183.1913456
1005,100.23120880127,107.051470438639,415.743336995443,-813129.780024574
1006,100.728375752767,107.007235209147,421.591674804688,-831424.87863114
1007,100.21800994873,108.108901977539,431.186665852865,-802560.681881096
1008,100.716110229492,108.058970133464,436.958669026693,-843729.403683912
1009,100.206708272298,109.165336608887,446.629669189453,-833544.229619078
1010,100.704806009928,109.113535563151,452.326344807943,-871900.409054415
1011,100.193537394206,110.227467854818,462.070017496745,-869076.371303471
1012,100.691637674967,110.170969645182,467.68935139974,-897994.301251634
1013,100.179405212402,111.290537516276,477.508341471354,-886432.30661232
1014,100.678438822428,111.230270385742,483.056335449219,-911301.546772104
1015,100.166239420573,112.356435139974,492.950002034505,-899838.659742921
1016,100.666239420573,112.292401631673,498.419667561849,-914096.17824949
1017,100.154973347982,113.426068623861,508.384674072266,-894342.18737136
1018,100.654940287272,113.357335408529,513.780680338542,-915517.717085812
1019,100.143674214681,114.494801839193,523.821695963542,-890494.670782411
1020,100.643641153971,114.422302246094,529.141682942708,-906854.147682229
1021,100.129542032878,115.568204243978,539.25634765625,-874018.649966203
1022,100.628575642904,115.491938273112,544.503011067708,-900975.577182701
1023,100.620109558105,116.201904296875,554.693684895833,-885065.280540206
1024,100.110710144043,116.997535705566,559.787679036458,-885065.280540206
1025,102.494804382324,82.6904703776042,75.1080017089844,-1952931.78369827
1026,101.991038004557,83.6207707722982,82.8393351236979,-1901512.82991945
1027,102.484438578288,83.6687698364258,90.277333577474,-674641.810532779
1028,101.98070526123,84.6047032674154,98.0850016276042,-696684.325843547
1029,102.474105834961,84.6480026245117,105.446670532227,-715676.657167457
1030,101.970339457194,85.589604695638,113.325673421224,-1153581.99103209
1031,102.461840311686,85.6320037841797,120.611673990885,-328416.364251567
1032,101.958106994629,86.5802052815755,128.567006429036,-1236644.13538666
1033,102.450574239095,86.6207046508789,135.777002970378,-314795.076671531
1034,101.946807861328,87.5717061360677,143.806004842122,-1333391.57205006
1035,102.441141764323,87.6074727376302,150.939666748047,-635579.217030753
1036,101.937375386556,88.5650736490885,159.045003255208,-1291231.98326338
1037,102.430775960286,88.5989735921224,166.103332519531,-784716.782755997
1038,101.924176534017,89.5622406005859,174.282938639323,-1219988.877392
1039,102.417574564616,89.5923716227214,181.264770507812,-945404.594237656
1040,101.911938985189,90.5622049967448,189.517903645833,-1121428.78261393
1041,102.406270345052,90.5904362996419,196.423604329427,-937958.641077275
1042,101.900637308757,91.5659383138021,204.752970377604,-1156809.44487293
1043,102.394971211751,91.5904362996419,211.584269205729,-878539.072653602
1044,101.889338175456,92.5725377400716,219.988032023112,-1106140.11092854
1045,102.385571797689,92.5923029581706,226.743998209635,-833088.862794208
1046,101.879005432129,93.5800374348958,235.222137451172,-1064218.3867922
1047,102.374305725098,93.5960362752279,241.90180460612,-847062.207422035
1048,101.865839640299,94.5922368367513,250.452438354492,-1037748.39419071
1049,102.362073262533,94.6054026285807,257.055872599284,-861861.412326993
1050,101.854540506999,95.6072692871094,265.680918375651,-1071955.2094875
1051,102.350774129232,95.6167017618815,272.209025065104,-854176.330246245
1052,101.843241373698,96.6232681274414,280.910319010417,-1093015.81451819
1053,102.339474995931,96.628901163737,287.364044189453,-856865.62711955
1054,101.831008911133,97.6411005655925,296.139739990234,-1104357.24514727
1055,102.326276143392,97.6448669433594,302.515309651693,-869128.135478456
1056,101.817810058594,98.6646347045898,311.364440917969,-1078933.04043782
1057,102.315910339355,98.6646347045898,317.666544596354,-884316.911974923
1058,101.8084081014,99.6900355021159,326.591949462891,-1035275.8140958
1059,102.30650583903,99.686269124349,332.818715413411,-895351.391910219
1060,101.797103881836,100.71733601888,341.815673828125,-999562.006867443
1061,102.295204162598,100.709803263346,347.966166178385,-894982.100033329
1062,101.784871419271,101.747436523438,357.039398193359,-973940.663012286
1063,102.282038370768,101.738004048665,363.115539550781,-994231.574438626
1064,101.771705627441,102.781303405762,372.262247721354,-951520.412807254
1065,102.269805908203,102.765302022298,378.260284423828,-963276.295095505
1066,101.760406494141,103.812367757161,387.481475830078,-910344.313866394
1067,102.258506774902,103.79446665446,393.406005859375,-917124.037656306
1068,101.74910736084,104.850001017253,402.702341715495,-869183.1913456
1069,102.247207641602,104.828336079915,408.55034383138,-873418.627815952
1070,101.736841837565,105.889536539714,417.919342041016,-831424.87863114
1071,102.234008789062,105.865036010742,423.691335042318,-871611.41933174
1072,101.723642985026,106.9328028361,433.135670979818,-843729.403683912
1073,102.221776326497,106.903602600098,438.8330078125,-883690.292903696
1074,101.712341308594,107.977968851725,448.352681477865,-871900.409054415
1075,102.212341308594,107.94596862793,453.975016276042,-908906.192851471
1076,101.70290629069,109.02503712972,463.568013509115,-897994.301251634
1077,102.20290629069,108.986437479655,469.11567179362,-922961.019741604
1078,101.690671284993,110.072102864583,478.785003662109,-911301.546772104
1079,102.190671284993,110.032569885254,484.257670084635,-924851.122410712
1080,101.678438822428,111.126703898112,493.998667399089,-914096.17824949
1081,102.178438822428,111.082438151042,499.392995198568,-927576.300053769
1082,101.666206359863,112.179402669271,509.210001627604,-915517.717085812
1083,102.166206359863,112.129501342773,514.531005859375,-927720.498543382
1084,101.654907226562,113.234934488932,524.421671549479,-906854.147682229
1085,102.154907226562,113.183135986328,529.667317708333,-926096.130194511
1086,101.642674763997,114.294237772624,539.633992513021,-900975.577182701
1087,102.142674763997,114.236803690592,544.804321289062,-918107.313534147
1088,102.134208679199,114.939236958822,554.843668619792,-907849.634951293
1089,101.625742594401,115.706637064616,559.864013671875,-907849.634951293
1090,103.996671040853,80.9532038370768,67.4586741129557,-1998991.43949935
1091,103.492904663086,81.8430048624675,74.9640045166016,-1952931.78369827
1092,103.986305236816,81.9155044555664,82.4016723632812,-729617.846959196
1093,103.481605529785,82.8109690348307,89.9836680094401,-674641.810532779
1094,103.975006103516,82.881601969401,97.3460032145182,-1605026.68579017
1095,103.471239725749,83.7827021280925,105.001337687174,-1423283.55863073
1096,103.965573628743,83.8505045572917,112.286341349284,-1039896.44128381
1097,103.459940592448,84.7582041422526,120.017674763997,-1335346.42292048
1098,103.954274495443,84.8222376505534,127.227340698242,-568284.986139348
1099,103.448641459147,85.7365366617839,135.031336466471,-1321801.65770611
1100,103.94487508138,85.7958374023438,142.165003458659,-635801.841431794
1101,103.441141764323,86.7157719930013,150.04433186849,-1321262.54098865
1102,103.936442057292,86.7713063557943,157.104334513346,-803582.211379113
1103,103.429842631022,87.696907043457,165.057998657227,-1307975.07320946
1104,103.923243204753,87.7505722045898,172.04167175293,-1318281.82015617
1105,103.417574564616,88.6827697753906,180.068837483724,-1271256.04175831
1106,103.911938985189,88.7326685587565,186.976440429688,-1303838.70969988
1107,103.406270345052,89.6705017089844,195.07807413737,-1168748.92743258
1108,103.902503967285,89.7185363769531,201.910308837891,-957415.487924249
1109,103.39683787028,90.6629689534505,210.087137858073,-1192108.21230416
1110,103.892138163249,90.7072372436523,216.843098958333,-930803.133981922
1111,103.386505126953,91.6544698079427,225.096196492513,-1152467.3772203
1112,103.881805419922,91.6940027872721,231.776830037435,-900380.625171022
1113,103.376172383626,92.647834777832,240.104298909505,-1103725.41428386
1114,103.871439615885,92.6864344278971,246.707733154297,-902172.005222275
1115,103.36580657959,93.6478017171224,255.108673095703,-1111415.10971383
1116,103.862007141113,93.6835683186849,261.636774698893,-913595.901847314
1117,103.354507446289,94.6506017049154,270.112080891927,-1130170.25977892
1118,103.850708007812,94.6826349894206,276.565785725911,-905546.748749444
1119,103.343208312988,95.6543680826823,285.116455078125,-1159880.77305679
1120,103.840375264486,95.6826019287109,291.494852701823,-893245.412143499
1121,103.331909179688,96.6609013875325,300.118011474609,-1131554.55437903
1122,103.829076131185,96.68443552653,306.420104980469,-899386.926813893
1123,103.321543375651,97.6684010823568,315.119506835938,-1074001.42612236
1124,103.819676717122,97.6881688435872,321.348175048828,-915141.414309939
1125,103.312141418457,98.6806360880534,330.121978759766,-1025215.67925474
1126,103.808372497559,98.6985371907552,336.271575927734,-931311.411691585
1127,103.300837198893,99.6966374715169,345.118804931641,-1003307.50644357
1128,103.798937479655,99.7098032633464,351.194936116536,-937104.723206395
1129,103.290471394857,100.713536580404,360.118438720703,-994231.574438626
1130,103.787638346354,100.722969055176,366.118306477865,-1001270.5936265
1131,103.277305603027,101.731435139974,375.113444010417,-963276.295095505
1132,103.775405883789,101.735201517741,381.036966959635,-964184.017560848
1133,103.266006469727,102.751167297363,390.108337402344,-917124.037656306
1134,103.764106750488,102.753033955892,395.958333333333,-907544.903038211
1135,103.254707336426,103.774668375651,405.10400390625,-873418.627815952
1136,103.754674275716,103.772801717122,410.878000895182,-892675.453913555
1137,103.244341532389,104.801968892415,420.096333821615,-871611.41933174
1138,103.74430847168,104.798202514648,425.794006347656,-904947.222746128
1139,103.232109069824,105.832069396973,435.086344401042,-883690.292903696
1140,103.732076009115,105.82266998291,440.711344401042,-925635.287669911
1141,103.221743265788,106.86220296224,450.080342610677,-908906.192851471
1142,103.721710205078,106.848070780436,455.629333496094,-927181.607316913
1143,103.212308247884,107.893236796061,465.071665445964,-922961.019741604
1144,103.712308247884,107.875335693359,470.54433186849,-931915.710103844
1145,103.20290629069,108.929003397624,480.061004638672,-924851.122410712
1146,103.70290629069,108.909238179525,485.457336425781,-934829.629631223
1147,103.190671284993,109.968538920085,495.048329671224,-927576.300053769
1148,103.68970489502,109.942171732585,500.370330810547,-936659.23795969
1149,103.177472432454,111.006169637044,510.036000569661,-927720.498543382
1150,103.677439371745,110.976036071777,515.28266398112,-939949.355165101
1151,103.166173299154,112.047569274902,525.023315429688,-926096.130194511
1152,103.668039957682,112.015569051107,530.193644205729,-935967.1073908
1153,103.156773885091,113.093701680501,540.007975260417,-918107.313534147
1154,103.65864054362,113.057902018229,545.102986653646,-934322.73718325
1155,103.651107788086,113.749036153158,554.993326822917,-919358.988578203
1156,103.140775044759,114.487269083659,559.937662760417,-919358.988578203
1157,105.497571309408,79.3204701741536,60.2573394775391,-2077730.60485233
1158,104.993804931641,80.1697718302409,67.5386759440104,-1998991.43949935
1159,105.487205505371,80.2676722208659,74.9763387044271,-676938.059612233
1160,104.983472188314,81.1236038208008,82.3340047200521,-1247381.74158056
1161,105.476872762044,81.2196706136068,89.6956685384115,-1728958.48763563
1162,104.973106384277,82.0822041829427,97.1256713867188,-1605026.68579017
1163,105.467440287272,82.1735382080078,104.410669962565,-1736021.49315039
1164,104.963673909505,83.0407384236654,111.916005452474,-1515875.78396457
1165,105.4580078125,83.1283060709635,119.125005086263,-825141.080619141
1166,104.954241434733,84.0021057128906,126.705006917318,-1433086.96982507
1167,105.447642008464,84.0868377685547,133.839340209961,-844345.741677656
1168,104.943908691406,84.9662704467773,141.495340983073,-1309701.16944173
1169,105.439208984375,85.0481719970703,148.555338541667,-850372.780358432
1170,104.935475667318,85.9332733154297,156.285003662109,-1319294.97698728
1171,105.428876241048,86.0114390055339,163.269002278646,-887705.764314311
1172,104.923243204753,86.9031372070312,171.072006225586,-1318281.82015617
1173,105.419441223145,86.9794362386068,177.979604085286,-1321689.41498651
1174,104.913805643717,87.8767700195312,185.856872558594,-1303838.70969988
1175,105.410003662109,87.9492696126302,192.687337239583,-1303032.45155551
1176,104.904370625814,88.8532028198242,200.639139811198,-1215777.05018983
1177,105.402470906576,88.9238357543945,207.395105997721,-1256593.67518114
1178,104.895904541016,89.8334376017253,215.422236124674,-1193514.62844906
1179,105.391171773275,89.8993377685547,222.101933797201,-978387.505933952
1180,104.882705688477,90.8126703898112,230.203430175781,-1158209.89164619
1181,105.37890625,90.8748041788737,236.809666951497,-967762.424487261
1182,104.873273213704,91.7947362263997,244.986501057943,-1158476.22137884
1183,105.371373494466,91.8550033569336,251.516469319661,-959936.925798309
1184,104.865740458171,92.7824681599935,259.765803019206,-1160073.39559751
1185,105.361974080404,92.8380355834961,266.220448811849,-957867.957776016
1186,104.85444132487,93.7711690266927,274.545125325521,-1180473.09507738
1187,105.352541605632,93.8229700724284,280.922576904297,-951929.017260352
1188,104.845975240072,94.7626698811849,289.321634928385,-1171271.95532464
1189,105.343142191569,94.8088048299154,295.623728434245,-937118.684570023
1190,104.83470916748,95.7522710164388,304.099039713542,-1129051.06147686
1191,105.332809448242,95.7965393066406,310.324869791667,-935798.264340453
1192,104.825309753418,96.7484715779622,318.874603271484,-1049346.2464188
1193,105.32341003418,96.7908706665039,325.025136311849,-947136.621780674
1194,104.814008076986,97.7484690348307,333.648305257161,-1016057.76028382
1195,105.312105814616,97.7861353556315,339.722534179688,-963693.727137763
1196,104.804570515951,98.7493693033854,348.421936035156,-1009030.8297277
1197,105.304537455241,98.781369527181,354.42177327474,-974180.249699836
1198,104.796071370443,99.7512359619141,363.194641113281,-1001270.5936265
1199,105.29323832194,99.7795028686523,369.118245442708,-987585.515213763
1200,104.782905578613,100.755002339681,377.96543375651,-964184.017560848
1201,105.281005859375,100.781369527181,383.813802083333,-945031.239221786
1202,104.771606445312,101.76343536377,392.735331217448,-907544.903038211
1203,105.271606445312,101.785102844238,398.510335286458,-908010.37118613
1204,104.764073689779,102.772834777832,407.507334391276,-892675.453913555
1205,105.264073689779,102.792602539062,413.204996744792,-916366.466683554
1206,104.754641215007,103.788803100586,422.27333577474,-904947.222746128
1207,105.254641215007,103.802904764811,427.895334879557,-941814.820140272
1208,104.74427541097,104.802904764811,437.041005452474,-925635.287669911
1209,105.243342081706,104.812337239583,442.589996337891,-949578.879346458
1210,104.731109619141,105.817970275879,451.809326171875,-927181.607316913
1211,105.231109619141,105.823603312174,457.279327392578,-938637.142966865
1212,104.721710205078,106.83580271403,466.572001139323,-931915.710103844
1213,105.223576863607,106.839569091797,471.968343098958,-928186.067135337
1214,104.714174906413,107.859336853027,481.337005615234,-934829.629631223
1215,105.214139302572,107.857470194499,486.657002766927,-938713.788110047
1216,104.701904296875,108.881004333496,496.099334716797,-936659.23795969
1217,105.200937906901,108.875335693359,501.344004313151,-938207.263582531
1218,104.688705444336,109.906369527181,510.861663818359,-939949.355165101
1219,105.190605163574,109.896001180013,516.032002766927,-943999.860263664
1220,104.681205749512,110.933667500814,525.623331705729,-935967.1073908
1221,105.18310546875,110.91956837972,530.717346191406,-941087.343272501
1222,104.671806335449,111.965670267741,540.382670084635,-934322.73718325
1223,105.173672993978,111.947771708171,545.40234375,-940432.917932743
1224,105.168006896973,112.63040415446,555.143005371094,-926176.099271733
1225,104.65860748291,113.339436848958,560.013671875,-926176.099271733
1226,106.997538248698,77.789436340332,53.5070037841797,-2144953.1036639
1227,106.492838541667,78.6010716756185,60.5633392333984,-2077730.60485233
1228,106.986239115397,78.7225392659505,68.0010070800781,-883341.35385
1229,106.484372456868,79.5398381551107,75.1326700846354,-1404382.64887169
1230,106.978739420573,79.6594365437825,82.4940032958984,-1592062.16866156
1231,106.474973042806,80.4833374023438,89.6993357340495,-959789.072853394
1232,106.969306945801,80.6001052856445,96.9853363037109,-1756502.89734163
1233,106.465540568034,81.4277725219727,104.266667683919,-1736021.49315039
1234,106.961774190267,81.539805094401,111.476333618164,-1560011.61953007
1235,106.4580078125,82.3731384277344,118.829335530599,-1483182.7593997
1236,106.953275044759,82.4833043416341,125.964004516602,-1379341.326587
1237,106.44667561849,83.3232040405273,133.394007364909,-1403223.26812028
1238,106.941975911458,83.4296035766602,140.454004923503,-948741.496541923
1239,106.438242594401,84.2751388549805,147.959335327148,-1299048.00515935
1240,106.934476216634,84.3787384033203,154.943333943685,-958096.704600638
1241,106.428843180339,85.2299372355143,162.52333577474,-1305580.55428241
1242,106.92504119873,85.3297704060872,169.429000854492,-939637.6042179
1243,106.421272277832,86.1875712076823,177.082265218099,-1321689.41498651
1244,106.917470296224,86.2855046590169,183.913401285807,-1215726.78668719
1245,106.411837259928,87.1498692830404,191.641204833984,-1303032.45155551
1246,106.908070882161,87.2440032958984,198.397176106771,-1272776.00537941
1247,106.404337565104,88.1140365600586,206.199274698893,-1256593.67518114
1248,106.901504516602,88.203503926595,212.880839029948,-1250850.29669512
1249,106.394905090332,89.0792032877604,220.756368001302,-1132199.93962205
1250,106.890172322591,89.1648712158203,227.361668904622,-1141958.09576865
1251,106.382639567057,90.0471394856771,235.313471476237,-1158520.77412271
1252,106.880772908529,90.1290384928385,241.843439737956,-1018520.57367347
1253,106.375139872233,91.016970316569,249.869603474935,-1172034.56746186
1254,106.873273213704,91.0951360066732,256.321431477865,-1008974.5076862
1255,106.365740458171,91.9887364705404,264.422943115234,-1200315.10766974
1256,106.863840738932,92.0621693929036,270.80039469401,-996816.388102515
1257,106.358174641927,92.963269551595,278.975351969401,-1189547.75644569
1258,106.855341593424,93.0348358154297,285.276519775391,-991783.786934688
1259,106.346875508626,93.9406712849935,293.525838216146,-1162649.56075677
1260,106.844042460124,94.0084711710612,299.754516601562,-981129.996629275
1261,106.338409423828,94.9208730061849,308.078236897786,-1087150.50437475
1262,106.83650970459,94.9867731730143,314.228769938151,-973196.814669752
1263,106.329010009766,95.9048385620117,322.625935872396,-1042314.40361916
1264,106.827110290527,95.9641367594401,328.702067057292,-978409.207988469
1265,106.319608052572,96.8878351847331,337.175496419271,-1009901.37589752
1266,106.817705790202,96.943369547526,343.177235921224,-991723.082886531
1267,106.310170491536,97.87366994222,351.724110921224,-1009360.40124677
1268,106.810137430827,97.92640431722,357.649576822917,-1005891.60549276
1269,106.301671346029,98.8623708089193,366.270843505859,-987585.515213763
1270,106.798838297526,98.9123051961263,372.121002197266,-959245.444217638
1271,106.288505554199,99.8558044433594,380.816772460938,-945031.239221786
1272,106.788505554199,99.9019368489583,386.590637207031,-918980.343849248
1273,106.281005859375,100.849169413249,395.362670898438,-908010.37118613
1274,106.782872517904,100.890602111816,401.062998453776,-912507.021375762
1275,106.273473103841,101.846303304036,409.908325195312,-916366.466683554
1276,106.773440043132,101.884902954102,415.529663085938,-939584.238762288
1277,106.264040629069,102.845303853353,424.448333740234,-941814.820140272
1278,106.765907287598,102.877337137858,429.997344970703,-955031.162861308
1279,106.255574544271,103.844370524089,438.993336995443,-949578.879346458
1280,106.754608154297,103.873570760091,444.466003417969,-964141.410479209
1281,106.242375691732,104.847170511882,453.53266398112,-938637.142966865
1282,106.74424235026,104.873537699382,458.929005940755,-935418.379246253
1283,106.234842936198,105.853736877441,468.072011311849,-928186.067135337
1284,106.736709594727,105.87540435791,473.393676757812,-930793.819788923
1285,106.225407918294,106.859369913737,482.610005696615,-938713.788110047
1286,106.727307637533,106.87540435791,487.855672200521,-925408.857897532
1287,106.215072631836,107.867835998535,497.147338867188,-938207.263582531
1288,106.716939290365,107.88197072347,502.3193359375,-939176.035572536
1289,106.204704284668,108.879102071126,511.686340332031,-943999.860263664
1290,106.706570943197,108.886637369792,516.782348632812,-935126.685615389
1291,106.194371541341,109.889437357585,526.222025553385,-941087.343272501
1292,106.69623819987,109.896039326986,531.242696126302,-942531.854787839
1293,106.186838785807,110.908271789551,540.757690429688,-940432.917932743
1294,106.688705444336,110.911071777344,545.703674316406,-936503.350480015
1295,106.683039347331,111.582438151042,555.292663574219,-925332.520973088
1296,106.175506591797,112.262270609538,560.087341308594,-925332.520973088
1297,108.496571858724,76.3610382080078,47.2076721191406,-2106372.98261758
1298,107.992805480957,77.1331380208333,54.0390065511068,-2144953.1036639
1299,108.486206054688,77.2790730794271,61.4766743977865,-1703052.5041751
1300,107.984339396159,78.0568389892578,68.3823394775391,-1656528.80729263
1301,108.480573018392,78.2009048461914,75.7436726888021,-1712270.97970132
1302,107.976839701335,78.986203511556,82.7236735026042,-1592062.16866156
1303,108.473040262858,79.1265029907227,90.0090077718099,-1685079.90170267
1304,107.969273885091,79.91650390625,97.0653381347656,-1041044.507843
1305,108.46454111735,80.0530370076497,104.277002970378,-1623386.43207938
1306,107.960807800293,80.8486709594727,111.406667073568,-1089174.57920181
1307,108.456075032552,80.9805043538411,118.540003458659,-1389052.94787685
1308,107.952308654785,81.7818044026693,125.744338989258,-1379341.326587
1309,108.447575887044,81.9117380777995,132.804341634115,-1323939.51779656
1310,107.943842569987,82.7196375528971,140.084004720052,-1349919.42955629
1311,108.44007619222,82.8458048502604,147.067667643229,-1008041.46196092
1312,107.934443155924,83.6593704223633,154.421666463216,-1273497.48919558
1313,108.430676778158,83.7827021280925,161.329335530599,-1003156.0991715
1314,107.926907857259,84.6019032796224,168.75666809082,-1265689.28351568
1315,108.425005594889,84.7214711507161,175.588002522786,-979668.17389241
1316,107.919336954753,85.5472717285156,183.091471354167,-1215726.78668719
1317,108.414637247721,85.6659037272135,189.847544352214,-948222.276501499
1318,107.909004211426,86.4982706705729,197.425445556641,-1272776.00537941
1319,108.406171162923,86.6103032430013,204.106079101562,-1211111.03515751
1320,107.902404785156,87.4455032348633,211.759373982747,-1250850.29669512
1321,108.399571736654,87.555669148763,218.362803141276,-1218966.8996257
1322,107.893938700358,88.3993377685547,226.089569091797,-1141958.09576865
1323,108.390172322591,88.5057373046875,232.617670694987,-1149583.60518433
1324,107.884539286296,89.3531697591146,240.419738769531,-1156709.64742521
1325,108.382639567057,89.4548695882161,246.872502644857,-1048725.54449758
1326,107.877006530762,90.3089040120443,254.748031616211,-1212942.84778693
1327,108.375106811523,90.4087371826172,261.125462849935,-1045209.79057009
1328,107.869473775228,91.2684020996094,269.076314290365,-1208581.22797957
1329,108.36757405599,91.3635025024414,275.380310058594,-1035431.29022419
1330,107.859107971191,92.2288360595703,283.405558268229,-1186062.1577815
1331,108.356274922689,92.3211364746094,289.631408691406,-1029681.74735813
1332,107.849675496419,93.1949361165365,297.731048583984,-1107512.71320077
1333,108.349675496419,93.283437093099,303.883433024089,-1021682.81462547
1334,107.842142740885,94.1628723144531,312.057434082031,-1068470.27862493
1335,108.340276082357,94.2476043701172,318.133534749349,-1009985.27282945
1336,107.832743326823,95.1308034261068,326.381001790365,-1025769.88894245
1337,108.332743326823,95.2108357747396,332.382731119792,-1007177.3470249
1338,107.825208028158,96.0997034708659,340.705535888672,-1014790.71102527
1339,108.325208028158,96.1778717041016,346.63193766276,-1016554.40505836
1340,107.817672729492,97.0742721557617,355.029103597005,-991607.822126654
1341,108.317672729492,97.148671468099,360.877370198568,-943069.854388618
1342,107.807304382324,98.0507380167643,369.348002115885,-959245.444217638
1343,108.30637105306,98.1204376220703,375.122843424479,-905228.479172002
1344,107.797904968262,99.0281372070312,383.669708251953,-918980.343849248
1345,108.29977162679,99.0940348307292,389.368408203125,-892725.683100318
1346,107.792238871257,100.009267171224,397.989664713542,-912507.021375762
1347,108.292205810547,100.071400960286,403.611999511719,-933010.29713026
1348,107.782806396484,100.991335550944,412.306671142578,-939584.238762288
1349,108.282806396484,101.047803243001,417.852671305339,-955899.810788407
1350,107.77530670166,101.973403930664,426.624674479167,-955031.162861308
1351,108.277173360189,102.027071634928,432.097005208333,-980509.344378615
1352,107.766807556152,102.960205078125,440.942342122396,-964141.410479209
1353,108.266774495443,103.010103861491,446.338663736979,-960479.507310895
1354,107.756441752116,103.949836730957,455.258666992188,-935418.379246253
1355,108.258341471354,103.994102478027,460.58066813151,-947030.561188578
1356,107.748008728027,104.939470926921,469.572672526042,-930793.819788923
1357,108.248008728027,104.97900390625,474.818339029948,-918873.801409364
1358,107.738609313965,105.930971781413,483.885009765625,-925408.857897532
1359,108.240475972493,105.967704772949,489.056345621745,-926406.308805028
1360,107.73104095459,106.926272074382,498.199005126953,-939176.035572536
1361,108.232907613118,106.960138956706,503.295664469401,-921538.203782553
1362,107.720672607422,107.92337290446,512.512003580729,-935126.685615389
1363,108.222574869792,107.952537536621,517.532674153646,-938840.903908054
1364,107.710339864095,108.922403971354,526.823689778646,-942531.854787839
1365,108.215039571126,108.948768615723,531.77001953125,-931081.450360424
1366,107.70280456543,109.925203959147,541.135009765625,-936503.350480015
1367,108.206537882487,109.944969177246,546.003987630208,-934869.036321341
1368,108.199938456217,110.606903076172,555.443318684896,-917766.817024384
1369,107.690539042155,111.258504231771,560.163330078125,-917766.817024384
1370,109.997472127279,75.0352732340495,41.3556722005208,-2227745.98901775
1371,109.493738810221,75.7687733968099,47.9636739095052,-2064115.08115858
1372,109.988072713216,75.9392064412435,55.4003397623698,-1835679.97152226
1373,109.484306335449,76.6774063110352,62.0820058186849,-1703052.5041751
1374,109.980506896973,76.8450063069661,69.4433390299479,-1778478.29180719
1375,109.478640238444,77.5907389322917,76.1993408203125,-1712270.97970132
1376,109.974873860677,77.756472269694,83.485341389974,-1777288.98776563
1377,109.473007202148,78.5069376627604,90.3150075276693,-1685079.90170267
1378,109.968274434408,78.6670049031575,97.5246734619141,-1553580.55521565
1379,109.463574727376,79.4231033325195,104.430338541667,-1195120.33909373
1380,109.958875020345,79.5803375244141,111.563669840495,-1415364.15246069
1381,109.455108642578,80.3421045939128,118.543670654297,-1054223.41687758
1382,109.95320892334,80.4974721272786,125.602005004883,-1298942.78631658
1383,109.449442545573,81.2658055623372,132.658340454102,-1323939.51779656
1384,109.945676167806,81.4174041748047,139.642339070638,-1241268.88337211
1385,109.44004313151,82.1895039876302,146.772003173828,-1294975.52916127
1386,109.936276753743,82.3373362223307,153.679667154948,-1210945.8989206
1387,109.432543436686,83.1169687906901,160.883000691732,-1235312.11792896
1388,109.930641174316,83.2629013061523,167.714335123698,-1005915.2785776
1389,109.426872253418,84.0482025146484,174.992004394531,-1223320.81235094
1390,109.924969991048,84.1904042561849,181.747838338216,-1007689.8284079
1391,109.418403625488,84.9823048909505,189.099909464518,-1204648.09353409
1392,109.915570576986,85.1207377115885,195.779505411784,-984120.922651529
1393,109.408971150716,85.91636912028,203.207773844401,-1211111.03515751
1394,109.907071431478,86.0500691731771,209.813069661458,-1195830.81768954
1395,109.401438395182,86.8541692097982,217.314804077148,-1218966.8996257
1396,109.899538675944,86.9860026041667,223.844802856445,-1232052.11727763
1397,109.393905639648,87.7939020792643,231.420903523763,-1149583.60518433
1398,109.89200592041,87.9191360473633,237.874603271484,-1201665.03046415
1399,109.386372884115,88.732671101888,245.524134318034,-1192463.15643413
1400,109.886339823405,88.8569717407227,251.901606241862,-1213880.29703873
1401,109.380706787109,89.6790033976237,259.627405802409,-1225750.35359126
1402,109.880706787109,89.7995351155599,265.931406656901,-1078453.82477887
1403,109.373207092285,90.6243693033854,273.733459472656,-1199943.06726616
1404,109.870374043783,90.7401707967122,279.961191813151,-1076609.79771244
1405,109.361907958984,91.5716044108073,287.833892822266,-1129605.70766207
1406,109.86094156901,91.6836369832357,293.985371907552,-1069820.18571951
1407,109.355308532715,92.5216700236003,301.935272216797,-1053042.36367216
1408,109.855308532715,92.6318384806315,308.011403401693,-1062959.29458013
1409,109.347808837891,93.4783376057943,316.035664876302,-1037219.27699166
1410,109.847775777181,93.5819040934245,322.035532633464,-1049082.68445033
1411,109.340243021647,94.4312032063802,330.135131835938,-1009629.17643888
1412,109.840209960938,94.5310033162435,336.058736165365,-1039578.01659436
1413,109.332710266113,95.3888041178385,344.232737223307,-1001944.35289058
1414,109.832710266113,95.4867375691732,350.08290608724,-1043353.47122513
1415,109.325208028158,96.3502044677734,358.330373128255,-943069.854388618
1416,109.825172424316,96.4424692789714,364.104268391927,-902264.112754565
1417,109.316703796387,97.3106358846029,372.426106770833,-905228.479172002
1418,109.817604064941,97.398203531901,378.126637776693,-861619.119099294
1419,109.309137980143,98.2739028930664,386.52207438151,-892725.683100318
1420,109.811004638672,98.3595682779948,392.146341959635,-905537.400568579
1421,109.301605224609,99.24183400472,400.615010579427,-933010.29713026
1422,109.801605224609,99.3218688964844,406.162679036458,-950445.472177428
1423,109.292205810547,100.207903544108,414.70566813151,-955899.810788407
1424,109.794072469076,100.284169514974,420.180002848307,-988665.234590039
1425,109.286539713542,101.177736918132,428.799336751302,-980509.344378615
1426,109.78840637207,101.251202901204,434.197672526042,-980892.901446612
1427,109.279006958008,102.150436401367,442.891662597656,-960479.507310895
1428,109.780906677246,102.218236287435,448.214660644531,-969258.822396533
1429,109.270573933919,103.122169494629,456.983662923177,-947030.561188578
1430,109.771507263184,103.18620300293,462.22900390625,-936332.8022084
1431,109.259274800618,104.097668965658,471.07167561849,-918873.801409364
1432,109.761141459147,104.15980275472,476.242004394531,-926541.85736852
1433,109.251742045085,105.077870686849,485.160003662109,-926406.308805028
1434,109.755475362142,105.134371439616,490.256663004557,-902598.586102372
1435,109.246075948079,106.05807240804,499.249664306641,-921538.203782553
1436,109.749842325846,106.109837849935,504.271331787109,-916370.931024
1437,109.238576253255,107.041069030762,513.338002522786,-938840.903908054
1438,109.740442911784,107.089101155599,518.282338460286,-916717.021687538
1439,109.229141235352,108.026934305827,527.42333984375,-931081.450360424
1440,109.732874552409,108.06930287679,532.294352213542,-925190.647900553
1441,109.222506205241,109.010902404785,541.510009765625,-934869.036321341
1442,109.726275126139,109.048568725586,546.3046875,-913878.339126261
1443,109.719706217448,109.700167338053,555.593343098958,-901496.118074539
1444,109.20933787028,110.324434916178,560.237996419271,-901496.118074539
1445,111.497439066569,73.8121388753255,35.9566701253255,-2092272.24246974
1446,110.99557240804,74.5061060587565,42.336669921875,-2256558.65993156
1447,111.491806030273,74.7019399007161,49.7743377685547,-2060290.97951054
1448,110.988039652507,75.4015401204427,56.2300059000651,-1540098.88101028
1449,111.48427327474,75.5936050415039,63.5916697184245,-1974538.34017893
1450,110.980506896973,76.2988713582357,70.1233367919922,-1375359.772744
1451,111.478607177734,76.4881362915039,77.4093373616536,-1812408.23110288
1452,110.974840799967,77.2000045776367,84.0153401692708,-1777288.98776563
1453,111.472007751465,77.3864364624023,91.225336710612,-1571420.99916236
1454,110.967308044434,78.1029713948568,97.9050038655599,-1553580.55521565
1455,111.464474995931,78.2847035725911,105.038670857747,-1375667.3728179
1456,110.960741678874,79.0059712727865,111.79167175293,-1415364.15246069
1457,111.456975301107,79.1858367919922,118.852005004883,-1277101.33375236
1458,110.95320892334,79.9155705769857,125.682337443034,-975926.519567796
1459,111.449409484863,80.0916697184245,132.66633605957,-1211668.48068948
1460,110.945643107096,80.8251698811849,139.570002237956,-866484.115378709
1461,111.441876729329,80.9974695841471,146.477666219076,-1168160.07578227
1462,110.938143412272,81.7375361124675,153.457667032878,-1210945.8989206
1463,111.436241149902,81.907969156901,160.289001464844,-1191866.64256755
1464,110.932472229004,82.6537017822266,167.34233601888,-1199594.07968224
1465,111.430569966634,82.8194351196289,174.098337809245,-1003132.49644332
1466,110.926836649577,83.5708363850911,181.226170857747,-1158194.79820374
1467,111.424003601074,83.7328033447266,187.905939737956,-1022261.58747145
1468,110.919303894043,84.4908040364583,195.10720316569,-1186604.96686083
1469,111.41647084554,84.6489690144857,201.713470458984,-1027809.9764831
1470,110.910837809245,85.412602742513,208.991068522135,-1195830.81768954
1471,111.408938090007,85.5660680135091,215.521072387695,-1210170.69539888
1472,110.903271993001,86.3353678385417,222.873072306315,-1232052.11727763
1473,111.403271993001,86.485102335612,229.32773844401,-1273282.9650202
1474,110.897638956706,87.2609710693359,236.753168741862,-1201665.03046415
1475,111.397638956706,87.4069061279297,243.130599975586,-1257633.74069397
1476,110.891972859701,88.1893717447917,250.629506429036,-1213880.29703873
1477,111.391972859701,88.3334376017253,256.933512369792,-1211002.1398918
1478,110.886339823405,89.1215693155925,264.509613037109,-1220860.39267069
1479,111.386339823405,89.2609024047852,270.738260904948,-1178774.78747595
1480,110.877873738607,90.0546696980794,278.387786865234,-1163870.47989872
1481,111.375040690104,90.1902364095052,284.539235432943,-1121992.2733824
1482,110.866574605306,90.9877700805664,292.264119466146,-1067363.24211225
1483,111.366541544596,91.1196034749349,298.340250651042,-1115053.17326535
1484,110.860908508301,91.9256388346354,306.137634277344,-1031725.5444037
1485,111.360908508301,92.0556055704753,312.138427734375,-1105706.29565042
1486,110.855275472005,92.8653717041016,320.012064615885,-1013510.60183182
1487,111.355242411296,92.989636739095,325.938466389974,-1093850.11598173
1488,110.847709655762,93.8059692382812,333.885538736979,-1012824.40721622
1489,111.347709655762,93.9283701578776,339.735677083333,-1081074.77786607
1490,110.840209960938,94.7513376871745,347.759043375651,-966861.243870175
1491,111.342076619466,94.8690388997396,353.53574625651,-1079995.01542127
1492,110.834541320801,95.6967035929362,361.633504231771,-902264.112754565
1493,111.336407979329,95.8087692260742,367.332041422526,-834608.87794368
1494,110.8279393514,96.6421025594075,375.503336588542,-861619.119099294
1495,111.329806009928,96.7504043579102,381.12744140625,-853185.130014027
1496,110.821337381999,97.592170715332,389.375010172526,-905537.400568579
1497,111.323237101237,97.6966705322266,394.922678629557,-911956.404296291
1498,110.81290435791,98.5441029866536,403.241678873698,-950445.472177428
1499,111.31290435791,98.6439030965169,408.713338216146,-971959.38064232
1500,110.803471883138,99.4979349772135,417.108673095703,-988665.234590039
1501,111.305338541667,99.5939687093099,422.507008870443,-988826.06318983
1502,110.797805786133,100.453669230143,430.976674397786,-980892.901446612
1503,111.299705505371,100.545003255208,436.299672444661,-976211.36074439
1504,110.792205810547,101.410336812337,444.843668619792,-969258.822396533
1505,111.294072469076,101.4988377889,450.090006510417,-955133.100622481
1506,110.783706665039,102.370770772298,458.706339518229,-936332.8022084
1507,111.285573323568,102.454569498698,463.878672281901,-935335.767410133
1508,110.775240580241,103.332135518392,472.571665445964,-926541.85736852
1509,111.279940287272,103.412170410156,477.668670654297,-906492.089992898
1510,110.769574483236,104.296338399251,486.435668945312,-902598.586102372
1511,111.273307800293,104.370737711589,491.456339518229,-886589.205573137
1512,110.762975056966,105.260536193848,500.299001057943,-916370.931024
1513,111.266741434733,105.332102457682,505.245340983073,-887927.023891538
1514,110.755475362142,106.229436238607,514.16200764974,-916717.021687538
1515,111.257342020671,106.297236124674,519.03266398112,-894003.34577577
1516,110.74604288737,107.19926961263,528.024007161458,-925190.647900553
1517,111.249776204427,107.261403401693,532.818684895833,-898722.291385525
1518,110.740376790365,108.169102986654,541.883707682292,-913878.339126261
1519,111.244143168132,108.227500915527,546.602030436198,-890344.12347577
1520,111.240376790365,108.868733723958,555.743021647135,-892216.099085397
1521,110.730041503906,109.461934407552,560.313354492188,-892216.099085397
1522,112.997406005859,72.6935043334961,31.0076700846354,-2144731.11538996
1523,112.495539347331,73.3479385375977,37.1636708577474,-2132523.01922715
1524,112.991772969564,73.5682703653971,44.5993347167969,-2116395.46218575
1525,112.489906311035,74.2283045450846,50.8300018310547,-1822240.09480354
1526,112.986106872559,74.4458033243815,58.1913350423177,-2140275.43803665
1527,112.48424021403,75.1115036010742,64.4973347981771,-1603316.58734586
1528,112.979507446289,75.3252690633138,71.7823333740234,-1932722.67739547
1529,112.47764078776,75.9966354370117,78.1626688639323,-1423240.69852516
1530,112.97290802002,76.2066370646159,85.3743387858073,-1515329.60252224
1531,112.471041361491,76.8845698038737,91.8310038248698,-1571420.99916236
1532,112.96630859375,77.0907694498698,98.9666697184245,-1433079.22147719
1533,112.464441935221,77.7743682861328,105.494669596354,-1375667.3728179
1534,112.960675557454,77.9777679443359,112.552001953125,-1248027.01894066
1535,112.456942240397,78.66796875,119.156336466471,-1277101.33375236
1536,112.953142801921,78.8685022989909,126.139999389648,-1073607.25798075
1537,112.449376424154,79.5624694824219,132.819666544596,-1034063.35768765
1538,112.947476704915,79.7583033243815,139.72699991862,-1164028.62618999
1539,112.443743387858,80.4598032633464,146.481333414714,-953873.348634261
1540,112.94184366862,80.6537704467773,153.313334147135,-1102430.143305
1541,112.438074747721,81.3618698120117,160.141001383464,-954050.066250711
1542,112.938041687012,81.5520706176758,166.897003173828,-1187650.31866725
1543,112.434305826823,82.2639032999675,173.801005045573,-1165340.40113929
1544,112.934308369954,82.4494043986003,180.481602986654,-1134197.46233263
1545,112.427739461263,83.1669031778971,187.458704630534,-1138579.70595957
1546,112.926773071289,83.348637898763,194.062067667643,-1041347.9403144
1547,112.420204162598,84.0727030436198,201.115570068359,-1137713.8088897
1548,112.920204162598,84.2506713867188,207.645568847656,-1054222.20527962
1549,112.414571126302,84.9804026285807,214.773473103841,-1210170.69539888
1550,112.914538065592,85.156504313151,221.227172851562,-1267647.41522364
1551,112.408905029297,85.8919041951497,228.429438273112,-1273282.9650202
1552,112.908905029297,86.0642064412435,234.807805379232,-1318609.27375343
1553,112.403271993001,86.8033396402995,242.083536783854,-1257633.74069397
1554,112.903238932292,86.9718729654948,248.385635375977,-1300192.36905617
1555,112.397605895996,87.7195053100586,255.736704508464,-1211002.1398918
1556,112.897605895996,87.8833389282227,261.964436848958,-1179385.73756242
1557,112.391972859701,88.636604309082,269.389892578125,-1178774.78747595
1558,112.891939798991,88.7966715494792,275.540405273438,-1090361.12554615
1559,112.383473714193,89.5565363566081,283.040222167969,-1084029.02029068
1560,112.883473714193,89.7128372192383,289.116373697917,-1154170.55093372
1561,112.375007629395,90.4783706665039,296.691518147786,-1038700.42306372
1562,112.876874287923,90.6309382120768,302.691365559896,-1151881.00447803
1563,112.368408203125,91.4021377563477,310.340891520182,-994506.840436558
1564,112.870274861654,91.5499699910482,316.267333984375,-1142111.751515
1565,112.36274210612,92.3277028401693,323.991271972656,-1002336.41331699
1566,112.864608764648,92.4717356363932,329.84141031901,-1131803.19094942
1567,112.357109069824,93.2560704549154,337.638743082682,-978683.765761769
1568,112.859008789062,93.3954366048177,343.412607828776,-1118806.10650102
1569,112.351476033529,94.185437520345,351.286244710286,-915765.724643698
1570,112.853342692057,94.3210372924805,356.98481241862,-836379.888345127
1571,112.345809936523,95.116704305013,364.932851155599,-834608.87794368
1572,112.847676595052,95.2485376993815,370.554178873698,-811172.863175224
1573,112.340141296387,96.0489044189453,378.577473958333,-853185.130014027
1574,112.842007954915,96.1769383748372,384.125376383464,-867474.241304287
1575,112.333572387695,96.9829381306966,392.223012288411,-911956.404296291
1576,112.835474650065,97.1062698364258,397.695678710938,-938047.810160056
1577,112.325139363607,97.919802347819,405.867004394531,-971959.38064232
1578,112.827008565267,98.0394007364909,411.265329996745,-986929.908501311
1579,112.316640218099,98.8595352172852,419.509999593099,-988826.06318983
1580,112.820373535156,98.9763031005859,424.832672119141,-988836.043438021
1581,112.310971577962,99.8020706176758,433.152679443359,-976211.36074439
1582,112.814737955729,99.9141362508138,438.399342854818,-972397.81228688
1583,112.305338541667,100.745569864909,446.792673746745,-955133.100622481
1584,112.809071858724,100.85386912028,451.963002522786,-958047.30238028
1585,112.299672444661,101.690935770671,460.43266805013,-935335.767410133
1586,112.803438822428,101.792635599772,465.528666178385,-936466.379785481
1587,112.294039408366,102.636304219564,474.07167561849,-906492.089992898
1588,112.797772725423,102.734237670898,479.092010498047,-903779.593590364
1589,112.287406921387,103.584503173828,487.709676106771,-886589.205573137
1590,112.791173299154,103.678667704264,492.656005859375,-879080.172648608
1591,112.280840555827,104.536468505859,501.349009195964,-887927.023891538
1592,112.785540262858,104.625902811686,506.220672607422,-868630.092162217
1593,112.273307800293,105.489336649577,514.987660725911,-894003.34577577
1594,112.77707417806,105.575968424479,519.78232828776,-871787.176319014
1595,112.264841715495,106.446001688639,528.622009277344,-898722.291385525
1596,112.77047475179,106.526036580404,533.342346191406,-872731.762248726
1597,112.25917561849,107.399836222331,542.257344563802,-890344.12347577
1598,112.761075337728,108.107002258301,555.893676757812,-869672.638964424
1599,112.764841715495,107.475168863932,546.904337565104,-871050.80460015
1600,112.251642862956,108.67290242513,560.387674967448,-869672.638964424
1601,114.49737294515,71.6765365600586,26.5056711832682,-2150863.19297472
1602,113.995506286621,72.292371114095,32.4376678466797,-1318701.86298503
1603,114.49077351888,72.5362370808919,39.8753356933594,-2181486.41384885
1604,113.988906860352,73.1577021280925,45.8810017903646,-1830573.09501409
1605,114.486073811849,73.3978017171224,53.2433319091797,-2212649.98790398
1606,113.985140482585,74.025868733724,59.322998046875,-1750931.6435671
1607,114.482307434082,74.2641042073568,66.6089986165365,-2023690.98553357
1608,113.978541056315,74.8978042602539,72.7623341878255,-1473177.91800729
1609,114.475708007812,75.1313044230143,79.9723358154297,-1592229.47357032
1610,113.971941630046,75.7687708536784,86.2040049235026,-1232332.84506625
1611,114.470074971517,76.0004043579102,93.340337117513,-1339501.17373985
1612,113.96630859375,76.6444702148438,99.6463368733724,-1413241.07593139
1613,114.464408874512,76.8723373413086,106.704335530599,-1085710.46329443
1614,113.960642496745,77.5220362345378,113.082000732422,-1248027.01894066
1615,114.458775838216,77.7480036417643,120.063669840495,-1020945.26733563
1616,113.955009460449,78.4042689005534,126.517333984375,-1073607.25798075
1617,114.453109741211,78.6246032714844,133.424667358398,-936990.54763185
1618,113.949343363444,79.2846705118815,139.954666137695,-1164028.62618999
1619,114.449343363444,79.5022048950195,146.787002563477,-1069238.74371395
1620,113.945576985677,80.1698048909505,153.391337076823,-994875.583744923
1621,114.445576985677,80.3835703531901,160.147338867188,-1066761.09239027
1622,113.94181060791,81.057736714681,166.825337727865,-987421.637769219
1623,114.440877278646,81.267702738444,173.507008870443,-1158485.77114552
1624,113.937110900879,81.9475377400716,180.259272257487,-1134197.46233263
1625,114.434275309245,82.1528040568034,186.864435831706,-1112902.53845661
1626,113.930506388346,82.8364054361979,193.690129597982,-1117859.80009028
1627,114.427670796712,83.0379053751628,200.220097859701,-1117245.9498558
1628,113.923937479655,83.7281061808268,207.122034708659,-1134853.80339733
1629,114.422037760417,83.9286727905273,213.576705932617,-1104209.99908375
1630,113.91827138265,84.6273396809896,220.553939819336,-1267647.41522364
1631,114.416371663411,84.8232065836589,226.932306925456,-1120579.87818377
1632,113.912638346354,85.5246734619141,233.983907063802,-1318609.27375343
1633,114.412638346354,85.7139053344727,240.286041259766,-1372068.12675538
1634,113.908871968587,86.4219716389974,247.412038167318,-1300192.36905617
1635,114.408838907878,86.6103032430013,253.639765421549,-1271418.81080642
1636,113.903205871582,87.3240381876628,260.841094970703,-1179385.73756242
1637,114.403205871582,87.5076370239258,266.99257405599,-1110884.27554994
1638,113.897572835286,88.2270050048828,274.266428629557,-1090361.12554615
1639,114.397539774577,88.4068705240885,280.342549641927,-996410.019489983
1640,113.891906738281,89.1328379313151,287.692677815755,-1027188.74711535
1641,114.390973409017,89.3089370727539,293.694427490234,-1207936.71851007
1642,113.884407043457,90.04150390625,301.117970784505,-1002963.02394721
1643,114.383440653483,90.2129033406575,307.043436686198,-1208109.83102666
1644,113.877774556478,90.9501698811849,314.543273925781,-985083.246617409
1645,114.377774556478,91.1177698771159,320.393442789714,-1197539.37977531
1646,113.872141520182,91.8616027832031,327.967641194661,-980429.496097785
1647,114.374041239421,92.0263697306315,333.741505940755,-1188818.59735116
1648,113.868408203125,92.775868733724,341.389139811198,-924639.271341823
1649,114.370274861654,92.9359690348307,347.088643391927,-1175857.63731865
1650,113.86274210612,93.6911366780599,354.810679117839,-836379.888345127
1651,114.364608764648,93.8474375406901,360.434844970703,-773449.329523921
1652,113.857076009115,94.6091715494792,368.230305989583,-811172.863175224
1653,114.358942667643,94.7617034912109,373.780069986979,-828652.855180293
1654,113.851409912109,95.5291035970052,381.651845296224,-867474.241304287
1655,114.353309631348,95.6750691731771,387.126139322917,-887696.502346469
1656,113.845809936523,96.4462356567383,395.072336832682,-938047.810160056
1657,114.347676595052,96.5903015136719,400.470662434896,-961225.665423195
1658,113.839210510254,97.3699340820312,408.492329915365,-986929.908501311
1659,114.341077168783,97.5102335611979,413.814331054688,-971406.441896296
1660,113.832608540853,98.2964680989583,421.910003662109,-988836.043438021
1661,114.334475199382,98.4330037434896,427.156677246094,-983434.770474291
1662,113.826006571452,99.2249043782552,435.326009114583,-972397.81228688
1663,114.32787322998,99.3548380533854,440.498331705729,-958671.197678627
1664,113.820337931315,100.152369181315,448.741994222005,-958047.30238028
1665,114.324071248372,100.277603149414,453.838663736979,-962368.409974312
1666,113.816571553548,101.08080291748,462.155670166016,-936466.379785481
1667,114.320337931315,101.202270507812,467.178009033203,-922180.226592554
1668,113.810938517253,102.012036641439,475.57133992513,-903779.593590364
1669,114.31467183431,102.129735310872,480.51767985026,-905827.753099158
1670,113.805272420247,102.946100870768,488.984680175781,-879080.172648608
1671,114.309038798014,103.060033162435,493.856679280599,-857654.935236749
1672,113.799639383952,103.882034301758,502.399668375651,-868630.092162217
1673,114.303372701009,103.992202758789,507.195994059245,-852517.219589067
1674,113.793039957682,104.82270304362,515.811665852865,-871787.176319014
1675,114.296806335449,104.929102579753,520.532999674479,-824789.952859457
1676,113.786473592122,105.762402852376,529.223999023438,-872731.762248726
1677,114.291140238444,105.86220296224,533.870666503906,-841986.458248406
1678,113.780807495117,106.701169331868,542.636006673177,-871050.80460015
1679,114.284573872884,106.797236124674,547.20469156901,-828716.010943698
1680,114.279874165853,107.418703715007,556.04335530599,-856407.709225231
1681,113.772341410319,107.954470316569,560.464009602865,-856407.709225231
1682,115.996373494466,70.7622706095378,22.4550069173177,-2044003.837195
1683,115.494506835938,71.338503519694,28.1610056559245,-2564601.18747394
1684,115.991673787435,71.6068700154622,35.5986684163411,-2336551.40655129
1685,115.489807128906,72.1887690226237,41.3810017903646,-2181486.41384885
1686,115.986974080404,72.4543024698893,48.742670694987,-2267122.14114354
1687,115.485107421875,73.0418701171875,54.5993347167969,-1647821.83039366
1688,115.983207702637,73.3064702351888,61.8853352864583,-2002149.6349232
1689,115.481341044108,73.9006373087565,67.8153330485026,-1430632.99410296
1690,115.977574666341,74.1605046590169,75.0243326822917,-1678447.26011551
1691,115.475708007812,74.7574717203776,81.0279998779297,-1274003.6284338
1692,115.973808288574,75.0126368204753,88.1636657714844,-1443932.99437555
1693,115.471941630046,75.6181030273438,94.2443339029948,-1330026.88447848
1694,115.970041910807,75.87047068278,101.304336547852,-1141081.44471053
1695,115.46627553304,76.4806391398112,107.458338419596,-1483689.33763559
1696,115.964375813802,76.7292048136393,114.439341227214,-789405.206634794
1697,115.460642496745,77.3468704223633,120.667007446289,-1020945.26733563
1698,115.960642496745,77.5926030476888,127.574671427409,-837636.716584808
1699,115.456876118978,78.2140706380208,133.878667195638,-936990.54763185
1700,115.956843058268,78.4560699462891,140.710998535156,-830505.760917715
1701,115.453076680501,79.0841369628906,147.089335123698,-1069238.74371395
1702,115.953076680501,79.3223698933919,153.84733581543,-1010175.94407524
1703,115.449343363444,79.9542032877604,160.301005045573,-1055710.83675906
1704,115.946510314941,80.1877034505208,166.982671101888,-1077825.66778509
1705,115.44181060791,80.8270365397135,173.510676066081,-1030528.38744877
1706,115.940844217936,81.0586700439453,180.116973876953,-1130059.49839857
1707,115.437075297038,81.7046025594075,186.718470255534,-1049215.54812191
1708,115.937039693197,81.9324696858724,193.24663289388,-1152770.62581275
1709,115.43140411377,82.5821711222331,199.922566731771,-1117245.9498558
1710,115.93140411377,82.806271870931,206.377237955729,-1198207.67960261
1711,115.425771077474,83.4625727335612,213.129440307617,-1218898.92985302
1712,115.925738016764,83.6829045613607,219.506871541341,-1127613.435624
1713,115.420104980469,84.3448715209961,226.332504272461,-1312160.986255
1714,115.921971638997,84.5604705810547,232.636469523112,-1143610.97027976
1715,115.41823832194,85.228037516276,239.53840637207,-1372068.12675538
1716,115.920104980469,85.4398701985677,245.766138712565,-1364401.71790793
1717,115.414471944173,86.1140696207682,252.741500854492,-1271418.81080642
1718,115.914438883464,86.3221715291341,258.893870035807,-1213496.79470384
1719,115.408805847168,87.0020039876302,265.943613688151,-1110884.27554994
1720,115.908805847168,87.2054036458333,272.019755045573,-1038643.57748169
1721,115.403172810872,87.8909022013346,279.144836425781,-996410.019489983
1722,115.903172810872,88.0905354817708,285.147521972656,-942518.430856982
1723,115.396606445312,88.7826029459635,292.346984863281,-997095.973880354
1724,115.898506164551,88.9784367879232,298.273396809896,-976653.966018828
1725,115.391906738281,89.6761703491211,305.546305338542,-976612.516792382
1726,115.89377339681,89.8682378133138,311.39643351237,-1223430.76481649
1727,115.385307312012,90.5725708007812,318.743733723958,-976163.470372505
1728,115.88717397054,90.760871887207,324.520426432292,-1224121.70623929
1729,115.381540934245,91.47083791097,331.944000244141,-903644.610299085
1730,115.883407592773,91.6544392903646,337.644439697266,-1214953.03488349
1731,115.377774556478,92.3700714111328,345.141448974609,-831594.738177206
1732,115.879641215007,92.5499369303385,350.765614827474,-1201185.27552769
1733,115.374008178711,93.2721354166667,358.336975097656,-773449.329523921
1734,115.87587483724,93.4463017781575,363.885803222656,-769856.462789436
1735,115.368342081706,94.1741358439128,371.533437093099,-828652.855180293
1736,115.870208740234,94.3455022176107,377.007904052734,-874397.151644123
1737,115.36270904541,95.0790354410807,384.728830973307,-887696.502346469
1738,115.864575703939,95.2447687784831,390.127024332682,-921586.869730703
1739,115.357042948405,95.984868367513,397.922658284505,-961225.665423195
1740,115.860776265462,96.1487019856771,403.245666503906,-967829.385613176
1741,115.353276570638,96.8944346110026,411.11567179362,-971406.441896296
1742,115.857042948405,97.0526351928711,416.364013671875,-961754.424851632
1743,115.346710205078,97.8049697875977,424.309346516927,-983434.770474291
1744,115.850443522135,97.9584706624349,429.481353759766,-973324.174109855
1745,115.340075174967,98.716438293457,437.501007080078,-958671.197678627
1746,115.843841552734,98.8661371866862,442.596669514974,-977058.368385758
1747,115.335372924805,99.6297709147135,450.690663655599,-962368.409974312
1748,115.839141845703,99.7757364908854,455.711334228516,-958637.820513723
1749,115.331606547038,100.545036315918,463.881673177083,-922180.226592554
1750,115.835375467936,100.687202453613,468.828002929688,-939339.732022804
1751,115.327840169271,101.462135314941,477.070678710938,-905827.753099158
1752,115.831609090169,101.598668416341,481.940673828125,-898327.820708847
1753,115.322207132975,102.380200703939,490.259674072266,-857654.935236749
1754,115.825973510742,102.512967427572,495.055999755859,-869169.461665051
1755,115.316538492839,103.302968343099,503.449330647786,-852517.219589067
1756,115.820304870605,103.431035359701,508.16933186849,-820135.550884485
1757,115.310905456543,104.226669311523,516.637329101562,-824789.952859457
1758,115.81467183431,104.348134358724,521.28232828776,-800790.181771186
1759,115.305239359538,105.150367736816,529.824666341146,-841986.458248406
1760,115.810872395833,105.268068949382,534.393005371094,-789211.66050564
1761,115.300539652507,106.075970967611,543.007690429688,-828716.010943698
1762,115.806205749512,106.189905802409,547.502034505208,-809607.646719387
1763,115.802439371745,106.801971435547,556.193033854167,-827305.498576248
1764,115.292073567708,107.309504191081,560.537353515625,-827305.498576248
1765,117.497273763021,69.9506378173828,18.8559977213542,-2700828.51799038
1766,116.995407104492,70.488271077474,24.3363342285156,-1218960.72054753
1767,117.49257405599,70.7820358276367,31.7740020751953,-2517562.3796089
1768,116.990707397461,71.3244018554688,37.3303375244141,-2336551.40655129
1769,117.488807678223,71.6144358317057,44.6926727294922,-2448018.51171819
1770,116.986941019694,72.1624374389648,50.3226725260417,-2267122.14114354
1771,117.485041300456,72.4496383666992,57.6086730957031,-1932333.84838211
1772,116.983174641927,73.006103515625,63.3146718343099,-2002149.6349232
1773,117.481274922689,73.2904688517253,70.5243377685547,-1621401.96435519
1774,116.977541605632,73.8507029215495,76.3040008544922,-1678447.26011551
1775,117.475641886393,74.13037109375,83.4376678466797,-1600670.32805803
1776,116.973775227865,74.6953379313151,89.2936655680339,-1473817.4374468
1777,117.473742167155,74.9731038411458,96.3516693115234,-1235984.91720114
1778,116.971875508626,75.5427703857422,102.281672159831,-1403154.49947556
1779,117.469975789388,75.816769917806,109.263341267904,-767091.38601699
1780,116.966242472331,76.3930358886719,115.267008463542,-1188634.92171871
1781,117.466242472331,76.6632690429688,122.172673543294,-626172.222689584
1782,116.964375813802,77.2451705932617,128.252670288086,-837636.716584808
1783,117.464342753092,77.5107040405273,135.085001627604,-639259.885537646
1784,116.960576375326,78.1001358032227,141.239334106445,-830505.760917715
1785,117.458676656087,78.3619028727214,147.99533589681,-775066.712350418
1786,116.95494333903,78.9560699462891,154.225001017253,-1010175.94407524
1787,117.45494333903,79.2140706380208,160.906667073568,-985995.694201631
1788,116.950243631999,79.8138707478841,167.21066792806,-1077825.66778509
1789,117.449277242025,80.0690383911133,173.815002441406,-1069934.09984682
1790,116.944577534993,80.6745045979818,180.193303426107,-1029521.69027283
1791,117.444577534993,80.9268697102865,186.721369425456,-1168821.07727154
1792,116.940808614095,81.5389022827148,193.173202514648,-1027705.58930466
1793,117.440808614095,81.7855707804362,199.62690226237,-1273818.60491784
1794,116.937039693197,82.4032389322917,206.15500386556,-1198207.67960261
1795,117.437039693197,82.6452382405599,212.535237630208,-1295772.23420046
1796,116.93137105306,83.2686030069987,219.134902954102,-1290652.89463259
1797,117.43137105306,83.5068359375,225.438898722331,-1336991.68318632
1798,116.927604675293,84.1367365519206,232.114832560221,-1351519.29254096
1799,117.429504394531,84.3730697631836,238.342569986979,-1182736.5895199
1800,116.925738016764,85.0086364746094,245.091939290365,-1364401.71790793
1801,117.425738016764,85.2402699788411,251.243408203125,-1184485.10906836
1802,116.920071919759,85.8796056111654,258.069976806641,-1213496.79470384
1803,117.420071919759,86.1074727376302,264.147979736328,-1162936.5563945
1804,116.914438883464,86.7534383138021,271.048014322917,-1038643.57748169
1805,117.416338602702,86.9775365193685,277.049774169922,-1006827.75179854
1806,116.910705566406,87.6291351318359,284.024200439453,-942518.430856982
1807,117.412572224935,87.8494695027669,289.950592041016,-927610.548578376
1808,116.906939188639,88.5067036946615,297.000325520833,-976653.966018828
1809,117.408805847168,88.7232716878255,302.850463867188,-963551.065354928
1810,116.902239481608,89.38707224528,309.973663330078,-964813.389396213
1811,117.404106140137,89.5998713175456,315.747528076172,-1256374.96847489
1812,116.897506713867,90.2693379720052,322.946990966797,-929190.771553319
1813,117.399373372396,90.474604288737,328.647430419922,-1261450.8721072
1814,116.890907287598,91.1497395833333,335.921305338542,-785511.420014969
1815,117.392773946126,91.3512395222982,341.545471191406,-1252129.99079932
1816,116.887140909831,92.0358047485352,348.892771402995,-738340.354458579
1817,117.390874226888,92.2335357666016,354.440633138021,-706578.856015728
1818,116.885241190592,92.9218343098958,361.8623046875,-769856.462789436
1819,117.387107849121,93.1158014933268,367.336741129557,-835547.075615021
1820,116.879608154297,93.8116353352865,374.834706624349,-874397.151644123
1821,117.381474812826,94.0037358601888,380.232971191406,-927910.193201737
1822,116.873942057292,94.7033360799154,387.804361979167,-921586.869730703
1823,117.377675374349,94.8897705078125,393.127329508464,-972103.011260044
1824,116.872042338053,95.5950368245443,400.77300008138,-967829.385613176
1825,117.37580871582,95.7767715454102,406.019673665365,-954409.376519429
1826,116.868309020996,96.4886372884115,413.740681966146,-961754.424851632
1827,117.370175679525,96.6666030883789,418.913014729818,-957441.139212685
1828,116.862642923991,97.3841018676758,426.708353678385,-973324.174109855
1829,117.366376241048,97.5554682413737,431.804341634115,-970332.190743221
1830,116.85794321696,98.279535929362,439.673004150391,-977058.368385758
1831,117.361709594727,98.4499689737956,444.695668538411,-983742.30146663
1832,116.8513768514,99.1825358072917,452.640004475911,-958637.820513723
1833,117.356043497721,99.3463694254557,457.587341308594,-959382.659219799
1834,116.847577412923,100.081736246745,465.605000813802,-939339.732022804
1835,117.354143778483,100.240870157878,470.47666422526,-945942.138600309
1836,116.845710754395,100.982869466146,478.569661458333,-898327.820708847
1837,117.349477132161,101.139170328776,483.365997314453,-903500.190202825
1838,116.839141845703,101.887736002604,491.533335367839,-869169.461665051
1839,117.34287516276,102.039337158203,496.253672281901,-862856.851826286
1840,116.833473205566,102.792635599772,504.496337890625,-820135.550884485
1841,117.339108784993,102.938570658366,509.143351236979,-794950.735162012
1842,116.829706827799,103.698435465495,517.461344401042,-800790.181771186
1843,117.335342407227,103.840604146322,522.032002766927,-755652.853422653
1844,116.825940450033,104.608004252116,530.421325683594,-789211.66050564
1845,117.331573486328,104.746406555176,534.917317708333,-735632.818957351
1846,116.822171529134,105.52040608724,543.383341471354,-809607.646719387
1847,117.32780456543,105.654139200846,547.803344726562,-768208.261233328
1848,117.325937906901,106.255839029948,556.342692057292,-802459.148461989
1849,116.816538492839,106.734171549479,560.613688151042,-802459.148461989
1850,118.996307373047,69.2406692504883,15.7073262532552,-3136072.63333195
1851,118.496307373047,69.7406361897786,20.9633280436198,-1433512.07338481
1852,118.994427998861,70.0589014689128,28.3993326822917,-2490100.47829514
1853,118.492561340332,70.5626678466797,33.7296702067057,-2517562.3796089
1854,118.990681966146,70.8771692911784,41.0920054117839,-1761960.78770445
1855,118.488794962565,71.3865712483724,46.4986724853516,-2448018.51171819
1856,118.986895243327,71.6991729736328,53.7840067545573,-2046161.27787427
1857,118.485008239746,72.2142384847005,59.2640075683594,-1932333.84838211
1858,118.985008239746,72.5221379597982,66.4736735026042,-1601250.22016118
1859,118.483141581217,73.0419031778971,72.0280049641927,-1621401.96435519
1860,118.981257120768,73.3460362752279,79.1616719563802,-1624076.2250586
1861,118.477490743001,73.8742701212565,84.7916717529297,-1600670.32805803
1862,118.977472941081,74.1755701700846,91.8510030110677,-1409199.63256344
1863,118.475591023763,74.7094370524089,97.5550028483073,-1235984.91720114
1864,118.975591023763,75.00697072347,104.53667195638,-1023497.10672977
1865,118.471842447917,75.5446370442708,110.315007527669,-767091.38601699
1866,118.971842447917,75.8384373982747,117.222671508789,-573270.379536948
1867,118.469975789388,76.3808034261068,123.076670328776,-626172.222689584
1868,118.969957987467,76.6708043416341,129.909001668294,-301681.958166289
1869,118.466191609701,77.2188034057617,135.837336222331,-639259.885537646
1870,118.964291890462,77.5060017903646,142.595336914062,-496879.578074783
1871,118.460543314616,78.0596694946289,148.599004109701,-775066.712350418
1872,118.960543314616,78.3440373738607,155.280670166016,-731269.801768709
1873,118.458676656087,78.9042714436849,161.35866800944,-985995.694201631
1874,118.957717895508,79.1848704020182,167.965001424154,-940094.365115035
1875,118.453018188477,79.7498372395833,174.117335001628,-1069934.09984682
1876,118.952059427897,80.0238367716471,180.647237141927,-1122548.13376255
1877,118.448318481445,80.5954030354818,186.872970581055,-1168821.07727154
1878,118.948308308919,80.8656361897786,193.326670328776,-1318716.08466416
1879,118.444567362467,81.4437713623047,199.628768920898,-1057789.00147592
1880,118.94642384847,81.7121047973633,206.009033203125,-1409273.90973814
1881,118.442665100098,82.295903523763,212.387400309245,-1105710.70121428
1882,118.942639668783,82.5595703125,218.689534505208,-1369022.7385282
1883,118.437014261882,83.1471379597982,225.141367594401,-1336991.68318632
1884,118.938891092936,83.4070053100586,231.369099934896,-1335797.66479242
1885,118.435147603353,84.0030364990234,237.894368489583,-1342648.40943353
1886,118.937009175618,84.2591349283854,244.045837402344,-1276720.89545463
1887,118.431365966797,84.8608016967773,250.6455078125,-1304619.90394941
1888,118.933227539062,85.1103363037109,256.723510742188,-1202328.73797328
1889,118.42759958903,85.7176717122396,263.3994140625,-1162936.5563945
1890,118.929476420085,85.9643707275391,269.402099609375,-1149706.60778975
1891,118.423848470052,86.5782699584961,276.152425130208,-1006827.75179854
1892,118.925710042318,86.8202692667643,282.078847249349,-1012041.09896773
1893,118.420066833496,87.4398701985677,288.902587890625,-927610.548578376
1894,118.921928405762,87.6799697875977,294.752726236979,-933801.555326711
1895,118.416300455729,88.3061370849609,301.650868733724,-963551.065354928
1896,118.918177286784,88.5396372477214,307.426635742188,-924568.283407343
1897,118.412549336751,89.1695709228516,314.400095621745,-937447.223813144
1898,118.916292826335,89.3993021647135,320.099599202474,-1269612.73124925
1899,118.409716288249,90.0348688761393,327.147471110026,-813250.309819631
1900,118.911577860514,90.2599360148112,332.771647135417,-1278579.88925009
1901,118.40310160319,90.9011713663737,339.895772298177,-670944.235437762
1902,118.907796223958,91.1252721150716,345.446502685547,-1268151.00445923
1903,118.401201883952,91.7730712890625,352.644063313802,-706578.856015728
1904,118.90497080485,91.9915364583333,358.118499755859,-729032.138642411
1905,118.396509806315,92.6459681193034,365.389506022135,-835547.075615021
1906,118.900278727214,92.8606694539388,370.788645426432,-911667.462764505
1907,118.392743428548,93.5226033528646,378.134145100911,-927910.193201737
1908,118.896494547526,93.7325719197591,383.456878662109,-967302.870829812
1909,118.388959248861,94.4001388549805,390.878672281901,-972103.011260044
1910,118.892728169759,94.6035385131836,396.12700398763,-984385.31794088
1911,118.385210673014,95.2749048868815,403.622334798177,-954409.376519429
1912,118.888979593913,95.4745381673177,408.79433186849,-940265.926657389
1913,118.381444295247,96.1543706258138,416.364003499349,-957441.139212685
1914,118.885197957357,96.3502019246419,421.462666829427,-953198.013774087
1915,118.377662658691,97.033800760905,429.107666015625,-970332.190743221
1916,118.883316040039,97.2258682250977,434.130004882812,-978029.123501147
1917,118.375796000163,97.91796875,441.849344889323,-983742.30146663
1918,118.879564921061,98.1063028971354,446.796346028646,-982494.754766514
1919,118.370145161947,98.802136739095,454.590006510417,-959382.659219799
1920,118.875780741374,98.9838358561198,459.460673014323,-974174.871735419
1921,118.368245442708,99.6872024536133,467.329671223958,-945942.138600309
1922,118.873898824056,99.8651682535807,472.125996907552,-954411.659148436
1923,118.363563537598,100.575136820475,480.069325764974,-903500.190202825
1924,118.867329915365,100.749336242676,484.790334065755,-917902.183138208
1925,118.356976826986,101.464970906576,492.807342529297,-862856.851826286
1926,118.863543192546,101.634470621745,497.454345703125,-852223.837418511
1927,118.355077107747,102.354771931966,505.547688802083,-794950.735162012
1928,118.861663818359,102.520472208659,510.12001546224,-774927.951204309
1929,118.351331075033,103.246439615885,518.286336263021,-755652.853422653
1930,118.857917785645,103.408404032389,522.780314127604,-700228.11008974
1931,118.347562154134,104.140970865885,531.02197265625,-735632.818957351
1932,118.853187561035,104.297269185384,535.440979003906,-690197.622735774
1933,118.342831929525,105.036437988281,543.756327311198,-768208.261233328
1934,118.850359598796,105.188036600749,548.101013183594,-715392.423588482
1935,118.848480224609,105.779370625814,556.492350260417,-788070.188657305
1936,118.33908589681,106.229471842448,560.68701171875,-788070.188657305
1937,120.496281941732,68.6352055867513,13.006337483724,-3461562.22306491
1938,119.996294657389,69.0947036743164,18.0390014648438,-1676963.53713675
1939,120.496281941732,69.4393030802409,25.4766693115234,-2341879.54760046
1940,119.994415283203,69.9035339355469,30.5809987386068,-2579417.40406212
1941,120.492518107096,70.2434692382812,37.940668741862,-1889363.82325348
1942,119.990651448568,70.7133382161458,43.121337890625,-2663698.90387348
1943,120.490633646647,71.0513737996419,50.4073384602865,-1222663.87860468
1944,119.988764444987,71.5278065999349,55.663340250651,-2046161.27787427
1945,120.486864725749,71.8611399332682,62.8730061848958,-1798799.6594145
1946,119.984995524089,72.3404057820638,68.2033386230469,-1601250.22016118
1947,120.484982808431,72.6681060791016,75.336669921875,-1602975.94243165
1948,119.983111063639,73.1539713541667,80.7406717936198,-1624076.2250586
1949,120.481213887533,73.4797719319661,87.7980041503906,-1387605.51201267
1950,119.979342142741,73.9731369018555,93.2783355712891,-1409199.63256344
1951,120.479329427083,74.295171101888,100.261998494466,-1315195.40822495
1952,119.977460225423,74.7951380411784,105.816335042318,-1023497.10672977
1953,120.475565592448,75.113405863444,112.724670410156,-766290.898490234
1954,119.973696390788,75.6190388997396,118.352671305339,-573270.379536948
1955,120.47368367513,75.9335378011068,125.184000651042,207437.612163082
1956,119.971811930339,76.4429372151693,130.88633219401,-301681.958166289
1957,120.471799214681,76.7527033487956,137.642333984375,358834.471467141
1958,119.968045552572,77.2677688598633,143.423004150391,-496879.578074783
1959,120.467096964518,77.5738016764323,150.104670206706,-331461.157109448
1960,119.963343302409,78.0964024861654,155.958669026693,-731269.801768709
1961,120.464276631673,78.3986358642578,162.562001546224,-646319.146542088
1962,119.960517883301,78.9268697102865,168.49033610026,-940094.365115035
1963,120.459564208984,79.2244033813477,175.02033996582,-1006109.43918344
1964,119.955805460612,79.7564036051432,181.024907430013,-1122548.13376255
1965,120.457677205404,80.0501708984375,187.478510538737,-1335257.43490532
1966,119.953921000163,80.5878372192383,193.554539998372,-1318716.08466416
1967,120.453913370768,80.8797378540039,199.932942708333,-1077323.3955709
1968,119.950157165527,81.4258702596029,206.085337320964,-1028743.0777838
1969,120.452033996582,81.71400197347,212.389338175456,-1510093.26475308
1970,119.94827524821,82.2639032999675,218.615168253581,-1064805.87248603
1971,120.448265075684,82.5454381306966,224.842905680339,-1386890.69269362
1972,119.944506327311,83.1009724934896,231.145004272461,-1130431.75689604
1973,120.446378072103,83.3806381225586,237.298334757487,-1247406.16755639
1974,119.942624409993,83.9427693684896,243.673899332682,-1276720.89545463
1975,120.444496154785,84.2186686197917,249.750035603841,-1176678.41472946
1976,119.940742492676,84.7845687866211,256.19997660319,-1234842.26116764
1977,120.442614237467,85.0557708740234,262.199813842773,-1209593.37879144
1978,119.936976114909,85.6282374064128,268.726033528646,-1149706.60778975
1979,120.438847859701,85.8965708414714,274.652455647786,-1222813.75756153
1980,119.933209737142,86.4747034708659,281.254943847656,-1012041.09896773
1981,120.435081481934,86.7383702596029,287.105092366536,-1056823.98823005
1982,119.929443359375,87.3240356445312,293.779134114583,-933801.555326711
1983,120.433197021484,87.5839029947917,299.553009033203,-947337.509765547
1984,119.927558898926,88.1733373006185,306.302368164062,-924568.283407343
1985,120.429428100586,88.426638285319,312.002797444661,-784095.32061133
1986,119.923789978027,89.0226694742839,318.826568603516,-855188.494596045
1987,120.427543640137,89.2731348673503,324.45073445638,-619958.380266791
1988,119.92190806071,89.8748346964518,331.347941080729,-628617.041479648
1989,120.423782348633,90.1206029256185,336.898640950521,-1301702.36904758
1990,119.918146769206,90.7298049926758,343.873077392578,-599679.5104121
1991,120.421902974447,90.9717712402344,349.347544352214,-607534.256938317
1992,119.915321350098,91.585703531901,356.39540608724,-729032.138642411
1993,120.416249593099,91.8239364624023,361.793568929036,-816104.080596817
1994,119.90966796875,92.44447072347,368.915802001953,-911667.462764505
1995,120.413421630859,92.6779708862305,374.237701416016,-965798.449818718
1996,119.907783508301,93.3041381835938,381.433278401693,-967302.870829812
1997,120.41153717041,93.5338719685872,386.680735270182,-991083.72149611
1998,119.904017130534,94.1657053629557,393.952667236328,-984385.31794088
1999,120.407773335775,94.3888702392578,399.126993815104,-974645.793343551
2000,119.900253295898,95.0263366699219,406.473327636719,-940265.926657389
2001,120.405891418457,95.2466710408529,411.569325764974,-954728.107336133
2002,119.898371378581,95.8907038370768,418.988993326823,-953198.013774087
2003,120.40212504069,96.1072692871094,424.011657714844,-955556.788786118
2004,119.894605000814,96.7588348388672,431.507670084635,-978029.123501147
2005,120.400240580241,96.970703125,436.45399983724,-970008.756523887
2006,119.892720540365,97.6260706583659,444.02333577474,-982494.754766514
2007,120.396474202474,97.832270304362,448.895324707031,-977885.829006979
2008,119.888954162598,98.4942016601562,456.539001464844,-974174.871735419
2009,120.394592285156,98.6985015869141,461.335673014323,-995500.683633232
2010,119.88707224528,99.366101582845,469.053670247396,-954411.659148436
2011,120.390825907389,99.563835144043,473.776000976562,-963123.698208036
2012,119.881418863932,100.237101236979,481.5693359375,-917902.183138208
2013,120.387054443359,100.43106842041,486.215342203776,-934884.744312195
2014,119.879531860352,101.112803141276,494.083343505859,-852223.837418511
2015,120.385175069173,101.301104227702,498.654001871745,-835660.69072101
2016,119.875773111979,101.988471984863,506.597330729167,-774927.951204309
2017,120.381416320801,102.1730372111,511.091328938802,-750008.16372077
2018,119.873893737793,102.8670018514,519.107991536458,-700228.11008974
2019,120.37952931722,103.04780069987,523.528666178385,-633585.782768386
2020,119.869178771973,103.745501200358,531.619995117188,-690197.622735774
2021,120.3748143514,103.918769836426,535.964680989583,-615709.348342603
2022,119.866350809733,104.622136433919,544.130350748698,-715392.423588482
2023,120.372934977214,104.793502807617,548.4013671875,-647503.212083334
2024,120.371055603027,105.375401814779,556.643025716146,-1108866.04723693
2025,119.862592061361,105.795369466146,560.763346354167,-747416.235175723
2026,121.996248881022,68.1333389282227,10.7546691894531,-3873403.84989599
2027,121.496259053548,68.5532735188802,15.5616760253906,-1752561.65094951
2028,121.996248881022,68.9205067952474,22.9993438720703,-2763312.89696337
2029,121.496259053548,69.347038269043,27.8816731770833,-2341879.54760046
2030,121.994364420573,69.711435953776,35.2410024007161,-1761108.34602387
2031,121.49249013265,70.1436360677083,40.1956685384115,-1889363.82325348
2032,121.990595499674,70.50523630778,47.47900390625,-765310.730910086
2033,121.490605672201,70.943105061849,52.510004679362,-2198925.85542955
2034,121.990595499674,71.2990366617839,59.7196706136068,503809.049609723
2035,121.488723754883,71.7406387329102,64.826670328776,-1798799.6594145
2036,121.986831665039,72.0946706136068,71.9603373209635,-1240965.10119761
2037,121.484959920247,72.5428721110026,77.1400044759115,-1602975.94243165
2038,121.984949747721,72.8931376139323,84.1973368326823,-1320191.31749585
2039,121.483075459798,73.3441721598307,89.4513346354167,-1387605.51201267
2040,121.983065287272,73.6916046142578,96.4353332519531,-1454301.13683522
2041,121.481190999349,74.1492385864258,101.765665690104,-1315195.40822495
2042,121.981180826823,74.4938379923503,108.673334757487,-1326472.95926567
2043,121.477424621582,74.9580383300781,114.078002929688,-766290.898490234
2044,121.977414449056,75.2979380289714,120.909337361654,-395057.689441007
2045,121.475542704264,75.7678044637044,126.387334187826,207437.612163082
2046,121.977414449056,76.1039708455404,133.14333597819,476176.44174964
2047,121.475542704264,76.579470316569,138.696004231771,358834.471467141
2048,121.974589029948,76.9090372721354,145.378672281901,564237.860893118
2049,121.469896952311,77.388303120931,151.00666809082,-331461.157109448
2050,121.968943277995,77.7169367472331,157.613001505534,431544.530250932
2051,121.467076619466,78.2046686808268,163.314336140951,-646319.146542088
2052,121.968943277995,78.528569539388,169.844334920247,-727369.656550309
2053,121.465189615885,79.0200703938802,175.622004191081,-1006109.43918344
2054,121.965174357096,79.3402048746745,182.076670328776,-1305348.54744967
2055,121.461420694987,79.8383051554362,187.92860921224,-1335257.43490532
2056,121.963292439779,80.1537373860677,194.306905110677,-1536389.97230512
2057,121.459541320801,80.6575037638346,200.235209147135,-1479989.13835265
2058,121.961413065592,80.9692026774089,206.539204915365,-1618962.02639775
2059,121.457661946615,81.4795684814453,212.540939331055,-1510093.26475308
2060,121.959528605143,81.787467956543,218.768636067708,-1560878.03718701
2061,121.453890482585,82.3034362792969,224.844772338867,-1064989.12801813
2062,121.955757141113,82.6075719197591,230.99717203776,-1319381.50655886
2063,121.452003479004,83.1292394002279,237.148635864258,-1121965.5569844
2064,121.955757141113,83.4286727905273,243.224767049154,-1114533.39770879
2065,121.452003479004,83.9559707641602,249.450602213542,-1176678.41472946
2066,121.953875223796,84.2497380574544,255.451405843099,-1129851.4092435
2067,121.448239644368,84.7836380004883,261.750676472982,-1209593.37879144
2068,121.95011138916,85.0736389160156,267.677103678385,-1243320.70089745
2069,121.446357727051,85.6141052246094,274.052663167318,-1180069.92014617
2070,121.948229471842,85.9003372192383,279.905639648438,-1256998.76897669
2071,121.442591349284,86.4464696248372,286.355580647786,-1056823.98823005
2072,121.944463094076,86.7280019124349,292.132283528646,-1107031.27627779
2073,121.440706888835,87.2797698974609,298.655670166016,-947337.509765547
2074,121.944463094076,87.5575383504232,304.355163574219,-868250.672202094
2075,121.438822428385,88.1149724324544,310.952931722005,-784095.32061133
2076,121.940694173177,88.3890050252279,316.57709757487,-414264.250176259
2077,121.435053507487,88.9511362711589,323.251129150391,-619958.380266791
2078,121.938809712728,89.2213694254557,328.800893147786,-282193.651145008
2079,121.433174133301,89.7891362508138,335.551198323568,-477059.560968751
2080,121.936930338542,90.0546696980794,341.025665283203,-448329.411735267
2081,121.431294759115,90.6281026204427,347.847574869792,-607534.256938317
2082,121.935048421224,90.8898696899414,353.245768229167,-749472.150828891
2083,121.426584879557,91.4717712402344,360.143900553385,-816104.080596817
2084,121.930338541667,91.7297719319661,365.468627929688,-904329.721731083
2085,121.423756917318,92.3154373168945,372.440195719401,-965798.449818718
2086,121.930338541667,92.5668360392253,377.687774658203,-1002663.28032467
2087,121.423756917318,93.1591033935547,384.732737223307,-991083.72149611
2088,121.928454081217,93.407704671224,389.905008951823,-1011855.97077918
2089,121.419990539551,94.0056381225586,397.027333577474,-974645.793343551
2090,121.924687703451,94.2495040893555,402.126007080078,-984720.421820079
2091,121.418108622233,94.8530705769857,409.321665445964,-954728.107336133
2092,121.924687703451,95.0931701660156,414.343994140625,-986812.553915717
2093,121.416224161784,95.7033360799154,421.614318847656,-955556.788786118
2094,121.919977823893,95.9387359619141,426.563323974609,-959650.642981388
2095,121.411514282227,96.5545374552409,433.906992594401,-970008.756523887
2096,121.917152404785,96.7842712402344,438.778666178385,-966916.423173285
2097,121.409632364909,97.4066365559896,446.197662353516,-1218133.33169023
2098,121.91338857015,97.6326370239258,450.993998209635,-985026.758650128
2099,121.405868530273,98.262570699056,458.48833211263,-1236512.0552861
2100,121.911506652832,98.4848047892253,463.209340413411,-1008391.4803708
2101,121.403984069824,99.1184692382812,470.779012044271,-1255913.67005974
2102,121.909622192383,99.3341013590495,475.424682617188,-979822.414228052
2103,121.402099609375,99.9734344482422,483.067677815755,-1266819.45940138
2104,121.907740275065,100.185302734375,487.638010660807,-933395.699526834
2105,121.398338317871,100.831237792969,495.356333414714,-1259978.79169477
2106,121.903978983561,101.039337158203,499.853332519531,-819958.878111787
2107,121.396458943685,101.693768819173,507.644999186198,-1230135.41687622
2108,121.903978983561,101.897168477376,512.065002441406,-698399.571244643
2109,121.394571940104,102.557235717773,519.932006835938,-1183503.80203642
2110,121.900207519531,102.754969278971,524.278666178385,-578997.929061162
2111,121.390800476074,103.418802897135,532.220011393229,-1133791.55844786
2112,121.898323059082,103.609937032064,536.489339192708,-523234.580460017
2113,121.388921101888,104.281270345052,544.505025227865,-1112481.69818592
2114,121.894561767578,104.471468607585,548.701680501302,-579033.675032511
2115,121.89267985026,105.043968200684,556.792683919271,-1102054.60700188
2116,121.385159810384,105.435668945312,560.837687174479,-698285.122745252
2117,123.49809773763,67.7360026041667,8.95533243815104,-4418911.16858083
2118,122.996225992839,68.1154708862305,13.5360005696615,-2208888.5810642
2119,123.496213277181,68.5071716308594,20.971669514974,-3893536.59985646
2120,122.996225992839,68.8922729492188,25.6280059814453,-2763312.89696337
2121,123.496213277181,69.2821044921875,32.9896697998047,-2926607.41362618
2122,122.994341532389,69.6747360229492,37.7203369140625,-1761108.34602387
2123,123.494328816732,70.060801188151,45.006337483724,1023848.36367006
2124,122.99245707194,70.4591013590495,49.8103383382161,-765310.730910086
2125,123.492444356283,70.8404693603516,57.0203399658203,221621.321254312
2126,122.990572611491,71.2425359090169,61.898671468099,-2137114.87046422
2127,123.490559895833,71.6201044718425,69.0330047607422,-1086623.60423897
2128,122.988690694173,72.030637105306,73.9876708984375,-1774481.06558125
2129,123.488677978516,72.4063034057617,81.0470021565755,-1602583.13469403
2130,122.986808776855,72.8206024169922,86.0770009358724,-1320191.31749585
2131,123.488677978516,73.189702351888,93.0606689453125,-1757207.18456227
2132,122.986808776855,73.6096700032552,98.1650034586589,-1454301.13683522
2133,123.486798604329,73.9750035603841,105.072672526042,-1491251.85811942
2134,122.98304494222,74.4015375773112,110.250671386719,-1326472.95926567
2135,123.483034769694,74.7640711466471,117.082672119141,-1038457.22895997
2136,122.981160481771,75.1962712605794,122.336669921875,-395057.689441007
2137,123.483034769694,75.5540720621745,129.09267171224,122098.056663925
2138,122.981160481771,75.9919052124023,134.421340942383,476176.44174964
2139,123.483034769694,76.3478393554688,141.102010091146,779010.160469587
2140,122.978335062663,76.7894719441732,146.506673177083,564237.860893118
2141,123.477381388346,77.1388041178385,153.112004597982,940133.836270538
2142,122.972681681315,77.5870030721029,158.590337117513,431544.530250932
2143,123.474553426107,77.93443552653,165.120340983073,315475.786547728
2144,122.972681681315,78.3882700602214,170.673004150391,-727369.656550309
2145,123.474553426107,78.7300694783529,177.126637776693,-1183230.89325196
2146,122.970799763997,79.1905034383138,182.752634684245,-1305348.54744967
2147,123.470789591471,79.5304361979167,189.129974365234,-1566288.31770999
2148,122.967035929362,79.9955698649089,194.832305908203,-1536389.97230512
2149,123.468907674154,80.3317362467448,201.136306762695,-1703181.46785972
2150,122.967035929362,80.8016026814779,206.914901733398,-1618962.02639775
2151,123.468907674154,81.1340026855469,213.142603556315,-1696285.39272862
2152,122.965151468913,81.6095021565755,218.994603474935,-1560878.03718701
2153,123.467023213704,81.9371693929036,225.147008260091,-1063701.1213806
2154,122.963267008464,82.4192708333333,231.073440551758,-1048060.50459354
2155,123.465138753255,82.7413050333659,237.149571736654,-1195413.86322888
2156,122.961382548014,83.2290395100911,243.149434407552,-1108514.4090973
2157,123.463254292806,83.5463383992513,249.151168823242,-1030154.68054077
2158,122.959500630697,84.0397389729818,255.227305094401,-1214920.30920266
2159,123.461372375488,84.354237874349,261.152776082357,-1138229.63082615
2160,122.957618713379,84.854237874349,267.303304036458,-1243320.70089745
2161,123.461372375488,85.1659037272135,273.155334472656,-1337860.39399775
2162,122.955736796061,85.6715367635091,279.382110595703,-1256998.76897669
2163,123.457608540853,85.9775695800781,285.157867431641,-1333050.39001528
2164,122.951972961426,86.487902323405,291.458099365234,-1107031.27627779
2165,123.455726623535,86.790168762207,297.157582600911,-1077009.06236506
2166,122.951972961426,87.3080368041992,303.531260172526,-868250.672202094
2167,123.455726623535,87.60560353597,309.155426025391,-469449.554764168
2168,122.950088500977,88.1291376749675,315.603495279948,-414264.250176259
2169,123.453842163086,88.4229024251302,321.15419514974,611072.395406618
2170,122.948204040527,88.9530029296875,327.677561442057,-282193.651145008
2171,123.451960245768,89.241101582845,333.151997884115,372778.394295387
2172,122.94632212321,89.7750015258789,339.749796549479,-448329.411735267
2173,123.450078328451,90.0593694051107,345.14800008138,-631766.290318227
2174,122.944440205892,90.6008046468099,351.822062174479,-749472.150828891
2175,123.448196411133,90.8804728190104,357.143961588542,-875432.636316344
2176,122.942558288574,91.4275385538737,363.892395019531,-904329.721731083
2177,123.448196411133,91.7034378051758,369.140869140625,-966718.168378209
2178,122.942558288574,92.257069905599,375.964680989583,-1002663.28032467
2179,123.446314493815,92.5292027791341,381.136983235677,-992271.626679327
2180,122.938791910807,93.0875701904297,388.032348632812,-1011855.97077918
2181,123.442548116048,93.3540369669596,393.12900797526,-1016029.90785368
2182,122.936907450358,93.9180374145508,400.100341796875,-984720.421820079
2183,123.442548116048,94.1816711425781,405.124674479167,-1027442.60342048
2184,122.936907450358,94.7532374064128,412.172668457031,-986812.553915717
2185,123.440661112467,95.0112380981445,417.118998209635,-1020438.82702826
2186,122.932195027669,95.5865707397461,424.239329020182,-959650.642981388
2187,123.435948689779,95.8408050537109,429.109334309896,-961361.736812851
2188,122.929369608561,96.4227040608724,436.305002848307,-1221823.2323452
2189,123.435948689779,96.6731694539388,441.101338704427,-964185.48098678
2190,122.927487691243,97.260737101237,448.371337890625,-1231671.1793081
2191,123.434066772461,97.5065027872721,453.09434000651,-999041.456923316
2192,122.925605773926,98.1006368001302,460.438008626302,-1252677.7152567
2193,123.432187398275,98.3407363891602,465.084676106771,-1026383.61472252
2194,122.92372639974,98.9405364990234,472.501678466797,-1271578.70818552
2195,123.430308024089,99.1759363810221,477.074005126953,-996171.676381155
2196,122.921844482422,99.781369527181,484.567342122396,-1276470.31614426
2197,123.428426106771,100.011136372884,489.064331054688,-930481.264184404
2198,122.919962565104,100.623168945312,496.631998697917,-1262985.17534961
2199,123.428426106771,100.851036071777,501.052998860677,-808403.07614333
2200,122.919962565104,101.470603942871,508.6943359375,-1235101.61097883
2201,123.425598144531,101.69283803304,513.039001464844,-632336.19671151
2202,122.915250142415,102.317136128743,520.756327311198,-1192505.22473684
2203,123.420885721842,102.533701578776,525.027323404948,-495127.309541536
2204,122.913365681966,103.162668863932,532.818990071615,-1144149.7028783
2205,123.420885721842,103.374504089355,537.013671875,-396089.871154573
2206,122.911483764648,104.01197052002,544.880676269531,-1099911.6718747
2207,123.417121887207,104.220069885254,549.001017252604,-474610.0071513
2208,123.415239969889,104.779401143392,556.942342122396,-1090035.66670706
2209,122.907719930013,105.143801371257,560.913004557292,-646515.100710812
2210,124.999946594238,67.4403355916341,7.60599772135417,-5294167.70477787
2211,124.498074849447,67.7821350097656,11.9609985351562,-2411818.83821793
2212,124.996180216471,68.2002029418945,19.3966623942057,-1676963.53713675
2213,124.496190388997,68.5457712809245,23.826665242513,-3057029.41095988
2214,124.996180216471,68.959103902181,31.187998453776,-3010138.7313378
2215,124.496190388997,69.3103357950846,35.6946665445964,-2105559.24699682
2216,124.996180216471,69.7208684285482,42.9810028076172,-2523016.9399984
2217,124.496190388997,70.0787022908529,47.562006632487,1023848.36367006
2218,124.996180216471,70.4845377604167,54.7716725667318,416197.544695777
2219,124.494305928548,70.8480046590169,59.4260050455729,221621.321254312
2220,124.994295756022,71.2500712076823,66.559336344401,-1155637.61279816
2221,124.492421468099,71.6201044718425,71.2880045572917,-1086623.60423897
2222,124.991470336914,72.0202713012695,78.3460032145182,-1239627.36643525
2223,124.489596048991,72.3959376017253,83.1503346761068,-1500406.85552055
2224,124.988644917806,72.7904688517253,90.1343332926432,-1805190.0506924
2225,124.489596048991,73.1699345906575,95.0146687825521,-1509135.12903942
2226,124.988644917806,73.5597686767578,101.920338948568,-1908755.96162741
2227,124.487716674805,73.9448699951172,106.874008178711,-1491251.85811942
2228,124.98676554362,74.3328043619792,113.705337524414,-1370303.83883321
2229,124.485837300618,74.725471496582,118.736002604167,-1038457.22895997
2230,124.98676554362,75.1096725463867,125.491999308268,-959035.295800856
2231,124.485837300618,75.5060729980469,130.594670613607,122098.056663925
2232,124.98676554362,75.8855056762695,137.274668375651,921247.367305173
2233,124.485837300618,76.2894388834635,142.453338623047,779010.160469587
2234,124.984881083171,76.6651382446289,149.059336344401,1291705.31063005
2235,124.48112487793,77.0728708902995,154.313339233398,940133.836270538
2236,124.980168660482,77.4429041544596,160.843338012695,849887.332465688
2237,124.47829691569,77.8562698364258,166.172007242839,315475.786547728
2238,124.980168660482,78.2244364420573,172.625671386719,-1013925.01365708
2239,124.47829691569,78.644401550293,178.027638753255,-1183230.89325196
2240,124.980168660482,79.0088017781575,184.40500386556,-1518057.83516281
2241,124.476414998372,79.4344024658203,189.881342569987,-1566288.31770999
2242,124.978286743164,79.7941029866536,196.185338338216,-1804185.64213879
2243,124.474533081055,80.2263031005859,201.737970987956,-1703181.46785972
2244,124.978286743164,80.5803375244141,207.966634114583,-1805228.30748803
2245,124.474533081055,81.0181706746419,213.59267171224,-1696285.39272862
2246,124.976404825846,81.3675053914388,219.744105021159,-1659073.58481475
2247,124.472651163737,81.8110046386719,225.446441650391,-1507653.7597065
2248,124.974522908529,82.1565704345703,231.524475097656,-1388492.78898387
2249,124.470766703288,82.6047693888346,237.301172892253,-1195413.86322888
2250,124.972638448079,82.9465688069661,243.30290222168,-1106209.04986562
2251,124.468882242839,83.4004033406575,249.153035481771,-1127836.13479717
2252,124.972638448079,83.7403030395508,255.081334431966,-1007030.32533007
2253,124.468882242839,84.2007369995117,261.004938761393,-1303340.08739755
2254,124.972638448079,84.5369033813477,266.855092366536,-1207952.62975134
2255,124.468882242839,85.0020701090495,272.854960123698,-1413980.69261707
2256,124.972638448079,85.3316370646159,278.631652832031,-1465756.64073388
2257,124.467000325521,85.801503499349,284.707784016927,-1333050.39001528
2258,124.968874613444,86.1282374064128,290.408223470052,-1366870.53663836
2259,124.463236490885,86.606569925944,296.557790120443,-1077009.06236506
2260,124.966992696126,86.9285710652669,302.181976318359,-785481.364463778
2261,124.463236490885,87.4097366333008,308.405934651693,-469449.554764168
2262,124.966992696126,87.7270380655925,313.956675211589,773288.91597768
2263,124.463236490885,88.2166697184245,320.256866455078,611072.395406618
2264,124.966992696126,88.5311381022135,325.73036702474,882260.810381574
2265,124.461354573568,89.0254694620768,332.102132161458,372778.394295387
2266,124.965110778809,89.333371480306,337.500335693359,-114244.451126951
2267,124.45947265625,89.833371480306,343.948404947917,-631766.290318227
2268,124.965110778809,90.1394068400065,349.273142496745,-832546.793680082
2269,124.45947265625,90.6450729370117,355.794637044271,-875432.636316344
2270,124.963226318359,90.9445063273112,361.043100992839,-984445.51196368
2271,124.457588195801,91.455805460612,367.640899658203,-966718.168378209
2272,124.96134185791,91.7524058024089,372.815907796224,-952718.950808481
2273,124.455706278483,92.2721710205078,379.48817952474,-992271.626679327
2274,124.959459940592,92.5621719360352,384.585876464844,-968900.179184775
2275,124.453824361165,93.0856704711914,391.331339518229,-1016029.90785368
2276,124.959459940592,93.3719050089518,396.353668212891,-1061021.5108741
2277,124.453824361165,93.9039052327474,403.175669352214,-1027442.60342048
2278,124.959459940592,94.1854731241862,408.124003092448,-1094267.94296647
2279,124.451937357585,94.7212397257487,415.019337972005,-1020438.82702826
2280,124.957572937012,94.9971389770508,419.890329996745,-1060776.48745091
2281,124.450050354004,95.5413716634115,426.859995524089,-1250317.44708274
2282,124.955691019694,95.8135045369466,431.658335367839,-980304.669502361
2283,124.448168436686,96.3634033203125,438.704010009766,-1242509.79887415
2284,124.953809102376,96.6308034261068,443.427012125651,-984805.862893707
2285,124.448168436686,97.1863352457682,450.547342936198,-1251007.40270939
2286,124.953809102376,97.4480692545573,455.193339029948,-1017336.77957199
2287,124.4462890625,98.0083363850911,462.387003580729,-1270197.76586812
2288,124.95192972819,98.2663370768229,466.957672119141,-1040397.9446648
2289,124.444409688314,98.8341369628906,474.227671305339,-1281172.6766332
2290,124.95192972819,99.088368733724,478.723999023438,-1008951.73996979
2291,124.444409688314,99.6599349975586,486.067321777344,-1273270.1054639
2292,124.950045267741,99.9075673421224,490.488321940104,-916499.621041899
2293,124.442525227865,100.486635843913,497.906331380208,-1252765.08829868
2294,124.948160807292,100.73237101237,502.253011067708,-766503.877050049
2295,124.439697265625,101.319005330404,509.744344075521,-1227281.45309039
2296,124.945332845052,101.559104919434,514.014343261719,-529221.334610862
2297,124.436869303385,102.149503072103,521.579996744792,-1193296.94895151
2298,124.945332845052,102.384902954102,525.776672363281,-339763.532428938
2299,124.436869303385,102.980936686198,533.418680826823,-1156178.83004326
2300,124.945332845052,103.21257019043,537.539021809896,80884.3791952552
2301,124.434987386068,103.814236958822,545.254353841146,-1108052.78309363
2302,124.943450927734,104.040234883626,549.301350911458,-217244.253985394
2303,124.941569010417,104.590136210124,557.093017578125,-1096968.59029756
2304,124.431223551432,104.923469543457,560.987345377604,-564615.845804834
2305,126.501790364583,67.244504292806,6.70566813151042,-6854288.02690307
2306,125.999921162923,67.5486373901367,10.836659749349,-3779282.69098226
2307,126.499908447266,67.9902369181315,18.2726643880208,-9163774.0572604
2308,125.998039245605,68.3000030517578,22.4776662190755,-3805898.32916882
2309,126.497085571289,68.7378362019857,29.8390045166016,4160196.69033491
2310,125.995216369629,69.0513687133789,34.1193339029948,-964259.889224329
2311,126.494262695312,69.4845021565755,41.4046681722005,-3117382.7059254
2312,125.995216369629,69.8027699788411,45.7596689860026,549574.986664252
2313,126.494262695312,70.2331034342448,52.9676717122396,-2492486.3637193
2314,125.995216369629,70.5570373535156,57.398671468099,416197.544695777
2315,126.494262695312,70.984504699707,64.5320027669271,-1119752.04707985
2316,125.995216369629,71.3140716552734,69.038335164388,-1155637.61279816
2317,126.494262695312,71.7387034098307,76.0956726074219,-984457.910586102
2318,125.992390950521,72.0748697916667,80.6746724446615,-1239627.36643525
2319,126.491437276204,72.4948043823242,87.6566721598307,-1313032.50517741
2320,125.989565531413,72.8347371419271,92.312001546224,-1805190.0506924
2321,126.491437276204,73.2481028238932,99.2196706136068,-1938054.14255311
2322,125.989565531413,73.5936686197917,103.947672526042,-1248090.81346955
2323,126.491437276204,74.005137125651,110.779006958008,-1929664.61927905
2324,125.989565531413,74.3591715494792,115.583002726237,-1370303.83883321
2325,126.491437276204,74.7678375244141,122.338668823242,-1181436.00251744
2326,125.989565531413,75.1256713867188,127.217000325521,-959035.295800856
2327,126.491437276204,75.5277379353841,133.896667480469,746598.223140367
2328,125.989565531413,75.8911717732747,138.85166422526,921247.367305173
2329,126.491437276204,76.2913360595703,145.455998738607,1631374.85368136
2330,125.987681070964,76.6613693237305,150.485000610352,1291705.31063005
2331,126.489552815755,77.0568695068359,157.014668782552,1241416.17202245
2332,125.985796610514,77.4306716918945,162.119003295898,849887.332465688
2333,126.487668355306,77.8224054972331,168.572672526042,-540472.53932995
2334,125.983912150065,78.2028045654297,173.750671386719,-1013925.01365708
2335,126.485783894857,78.5907363891602,180.128138224284,-1395566.96362794
2336,125.983912150065,78.9767684936523,185.380503336589,-1518057.83516281
2337,126.485783894857,79.3609364827474,191.682637532552,-1836307.860212
2338,125.983912150065,79.7526702880859,197.011133829753,-1804185.64213879
2339,126.485783894857,80.1321385701497,203.238866170247,-1987664.08077105
2340,125.983912150065,80.5276056925456,208.641733805339,-1805228.30748803
2341,126.485783894857,80.9033050537109,214.794138590495,-1797309.0028674
2342,125.982030232747,81.3053716023763,220.270472208659,-1659073.58481475
2343,126.483901977539,81.6773045857747,226.348505655924,-1606455.69417782
2344,125.98014831543,82.0850041707357,231.90017191569,-1388492.78898387
2345,126.483901977539,82.4531707763672,237.902872721354,-1331451.29790349
2346,125.98014831543,82.8665364583333,243.528905232747,-1106209.04986562
2347,126.483901977539,83.2290369669596,249.455307006836,-902126.704263245
2348,125.98014831543,83.6489690144857,255.157602945964,-1190419.78250066
2349,126.483901977539,84.007703145345,261.007741292318,-1071626.65971831
2350,125.98014831543,84.4352035522461,266.781626383464,-1418394.29995856
2351,126.483901977539,84.7892710367839,272.555511474609,-1321875.91981388
2352,125.98014831543,85.2205378214518,278.405670166016,-1497492.83436566
2353,126.483901977539,85.5679702758789,284.107991536458,-1595166.18193692
2354,125.978266398112,86.0058034261068,290.034413655599,-1366870.53663836
2355,126.482020060221,86.3523025512695,295.660451253255,-1160673.35868978
2356,125.976384480794,86.7967376708984,301.658447265625,-785481.364463778
2357,126.480138142904,87.1366373697917,307.206339518229,649262.127270862
2358,125.974502563477,87.5857721964518,313.280609130859,773288.91597768
2359,126.478256225586,87.9238052368164,318.755035400391,1185260.00534634
2360,125.974502563477,88.3795394897461,324.904602050781,882260.810381574
2361,126.478256225586,88.7119394938151,330.302764892578,982553.429527432
2362,125.974502563477,89.1714401245117,336.526733398438,-114244.451126951
2363,126.478256225586,89.4991404215495,341.851470947266,-494399.142123389
2364,125.974502563477,89.9671071370443,348.149810791016,-832546.793680082
2365,126.478256225586,90.2910385131836,353.398274739583,-983505.437698762
2366,125.972618103027,90.7627716064453,359.77007039388,-984445.51196368
2367,126.476371765137,91.0801035563151,364.944163004557,-990290.558868507
2368,125.970733642578,91.5584386189779,371.392201741536,-952718.950808481
2369,126.476371765137,91.8720041910807,376.490936279297,-879746.712380708
2370,125.970733642578,92.3559722900391,383.012339274089,-968900.179184775
2371,126.476371765137,92.6657384236654,388.034800211589,-1012629.66157768
2372,125.970733642578,93.1581726074219,394.630666097005,-1061021.5108741
2373,126.476371765137,93.4642054239909,399.577992757161,-1165467.07748835
2374,125.970733642578,93.9595057169596,406.249328613281,-1094267.94296647
2375,126.476371765137,94.2589391072591,411.121327718099,-1192457.27774552
2376,125.970733642578,94.7608057657878,417.866994222005,-1060776.48745091
2377,126.476371765137,95.0592727661133,422.663330078125,-1151189.79902711
2378,125.96885172526,95.5677388509115,429.485005696615,-1103611.63075007
2379,126.474489847819,95.8596394856771,434.207010904948,-1053152.70509757
2380,125.966969807943,96.3728052775065,441.103342692057,-1101734.61940997
2381,126.47260538737,96.6600036621094,445.750335693359,-1036264.39112879
2382,125.965085347493,97.1797358194987,452.720001220703,-1093296.52038143
2383,126.470720926921,97.4622344970703,457.290669759115,-1042060.01429465
2384,125.965085347493,97.9885686238607,464.334676106771,-1070449.22316497
2385,126.470720926921,98.266367594401,468.831675211589,-1061518.30267252
2386,125.965085347493,98.7983678181966,475.950998942057,-1019176.35441871
2387,126.470720926921,99.0723673502604,480.37065633138,-1016479.74359757
2388,125.963200887044,99.6100006103516,487.564656575521,-961876.228532301
2389,126.468836466471,99.8774007161458,491.910990397135,-866381.797430167
2390,125.961316426595,100.420702616374,499.181335449219,-922178.900544731
2391,126.468836466471,100.685302734375,503.451334635417,-657591.27723335
2392,125.961316426595,101.237070719401,510.793009440104,-927213.968339939
2393,126.468836466471,101.495068868001,514.987670898438,-182956.000296248
2394,125.961316426595,102.052502950033,522.405680338542,-976779.998845236
2395,126.468836466471,102.306734720866,526.527018229167,466042.9537576
2396,125.961316426595,102.870768229167,534.018351236979,-1030443.05365916
2397,126.468836466471,103.11840057373,538.062337239583,618402.283334282
2398,125.961316426595,103.686200459798,545.630004882812,-1124599.70067548
2399,126.468836466471,104.47053527832,557.24267578125,-1110370.47569099
2400,126.468836466471,103.930066426595,549.600667317708,530751.380768934
2401,125.959434509277,104.776570638021,561.063680013021,-302415.798654184
2402,127.999880472819,67.1531702677409,6.25534057617188,-10553978.1336161
2403,127.500829060872,67.4158706665039,10.1603393554688,-4780893.68889426
2404,127.999880472819,67.88197072347,17.5963338216146,-9163774.0572604
2405,127.500829060872,68.1522038777669,21.5776672363281,-3480038.22354184
2406,127.999880472819,68.6154708862305,28.9380035400391,4160196.69033491
2407,127.498006184896,68.8913370768229,32.9943389892578,1367613.69534013
2408,127.997057596842,69.3489379882812,40.277338663737,-5276380.5388819
2409,127.495183308919,69.6285705566406,44.4073384602865,1630018.35047395
2410,127.997057596842,70.0824381510417,51.6153361002604,-2969513.17567846
2411,127.495183308919,70.3687032063802,55.8206685384115,-479568.754260095
2412,127.997057596842,70.8206685384115,62.9550018310547,1948088.59325703
2413,127.495183308919,71.1125361124675,67.2353363037109,636402.223109176
2414,127.997057596842,71.559804280599,74.2943369547526,-2279577.80316571
2415,127.495183308919,71.8564046223958,78.6483408610026,-984457.910586102
2416,127.997057596842,72.3008702596029,85.6303405761719,-3577252.50296493
2417,127.495183308919,72.6031036376953,90.0596720377604,-1313032.50517741
2418,127.997057596842,73.0428365071615,96.965337117513,-1548064.79402005
2419,127.495183308919,73.3479029337565,101.470006306966,-1938054.14255311
2420,127.997057596842,73.7838694254557,108.301340738932,-1921092.43554275
2421,127.495183308919,74.0955378214518,112.882339477539,-1414932.87083001
2422,127.997057596842,74.5277379353841,119.638336181641,-2158374.61161689
2423,127.495183308919,74.8460032145182,124.290669759115,-1630719.06155928
2424,127.997057596842,75.2735036214193,130.970336914062,1263842.43954075
2425,127.495183308919,75.5974044799805,135.698003133138,746598.223140367
2426,127.997057596842,76.021105448405,142.304336547852,2456464.18650914
2427,127.495183308919,76.3516031901042,147.107335408529,1631374.85368136
2428,127.997057596842,76.7715682983398,153.637339274089,2001962.46377098
2429,127.495183308919,77.1068013509115,158.515670776367,1241416.17202245
2430,127.997057596842,77.5220362345378,164.971338907878,1140559.67273679
2431,127.49329884847,77.8638381958008,169.924006144206,-540472.53932995
2432,127.995173136393,78.276237487793,176.301610310872,-1144927.08484838
2433,127.491414388021,78.6227366129557,181.327743530273,-1395566.96362794
2434,127.995173136393,79.0304361979167,187.631907145182,-1927809.59083721
2435,127.491414388021,79.3826039632161,192.734436035156,-1836307.860212
2436,127.995173136393,79.7865702311198,198.962168375651,-2418806.46171466
2437,127.491414388021,80.1443710327148,204.138102213542,-1987664.08077105
2438,127.995173136393,80.5417048136393,210.290466308594,-2286681.61611997
2439,127.491414388021,80.9051717122396,215.543635050456,-1797309.0028674
2440,127.995173136393,81.2997029622396,221.621668497721,-2117149.80833212
2441,127.491414388021,81.6697692871094,226.950205485026,-1606455.69417782
2442,127.995173136393,82.0595703125,232.951934814453,-2154169.94565325
2443,127.491414388021,82.4352722167969,238.352935791016,-1331451.29790349
2444,127.995173136393,82.8213373819987,244.278401692708,-1899653.54271962
2445,127.491414388021,83.2017364501953,249.754740397135,-1100808.14395866
2446,127.995173136393,83.5830688476562,255.606775919596,-1619113.05538699
2447,127.491414388021,83.96910349528,261.157480875651,-1071626.65971831
2448,127.995173136393,84.3467051188151,266.931365966797,-1314151.60978669
2449,127.491414388021,84.739372253418,272.555511474609,-1282682.79442529
2450,127.995173136393,85.1132049560547,278.255950927734,-1378604.47790969
2451,127.491414388021,85.5105361938477,283.958272298177,-1235217.09071283
2452,127.995173136393,85.8777364095052,289.584320068359,-1284332.52380171
2453,127.491414388021,86.2816696166992,295.360076904297,-1181071.67931582
2454,127.995173136393,86.6479695638021,300.907969156901,1336861.53894276
2455,127.489532470703,87.0585021972656,306.756235758464,649262.127270862
2456,127.993291219076,87.418202718099,312.230702718099,1981264.32197924
2457,127.487650553385,87.8343709309896,318.155232747396,1185260.00534634
2458,127.993291219076,88.190305074056,323.555297851562,1910165.33435655
2459,127.487650553385,88.6121393839518,329.553263346354,982553.429527432
2460,127.993291219076,88.9614715576172,334.877065022786,1390134.31805253
2461,127.487650553385,89.3889719645182,340.951304117839,-494399.142123389
2462,127.993291219076,89.7364044189453,346.199768066406,413113.02529329
2463,127.487650553385,90.1705042521159,352.348398844401,-983505.437698762
2464,127.993291219076,90.5123036702474,357.520599365234,-893132.520270858
2465,127.487650553385,90.9501698811849,363.744567871094,-990290.558868507
2466,127.993291219076,91.2882029215495,368.842366536458,-717623.006629842
2467,127.487650553385,91.7317021687825,375.140696207682,-879746.712380708
2468,127.993291219076,92.0659688313802,380.163096110026,-913878.740555577
2469,127.487650553385,92.5160369873047,386.535797119141,-1012629.66157768
2470,127.993291219076,92.8465372721354,391.481994628906,-1357904.73368485
2471,127.487650553385,93.3022715250651,397.92832438151,-1165467.07748835
2472,127.993291219076,93.6261723836263,402.800333658854,-1651732.60348021
2473,127.487650553385,94.0875396728516,409.322001139323,-1192457.27774552
2474,127.993291219076,94.4076716105143,414.120340983073,-1743559.5557614
2475,127.487650553385,94.8775380452474,420.716003417969,-1151189.79902711
2476,127.993291219076,95.1939036051432,425.439005533854,-1777751.3235857
2477,127.487650553385,95.6675389607747,432.108337402344,-1053152.70509757
2478,127.993291219076,95.9773381551107,436.755330403646,-1591217.04278504
2479,127.485766092936,96.4566370646159,443.500996907552,-1036264.39112879
2480,127.991406758626,96.7626368204753,448.073323567708,-1336233.97919654
2481,127.483881632487,97.2485020955404,454.893330891927,-1042060.01429465
2482,127.991406758626,97.5488688151042,459.390340169271,-1205500.2947908
2483,127.483881632487,98.0404001871745,466.284678141276,-1061518.30267252
2484,127.991406758626,98.336067199707,470.707346598307,-1188257.77687159
2485,127.483881632487,98.8360341389974,477.674001057943,-1016479.74359757
2486,127.991406758626,99.127934773763,482.020334879557,-971411.410170262
2487,127.483881632487,99.6316680908203,489.063323974609,-961876.228532301
2488,127.991406758626,99.9169692993164,493.336334228516,-394758.154156633
2489,127.483881632487,100.427302042643,500.45399983724,-922178.900544731
2490,127.991406758626,100.709803263346,504.649007161458,865153.752655621
2491,127.483881632487,101.225802103678,511.841003417969,-927213.968339939
2492,127.991406758626,101.503570556641,515.961344401042,1240707.40040929
2493,127.483881632487,102.027069091797,523.229349772135,-976779.998845236
2494,127.991406758626,102.301068623861,527.276346842448,1505601.75708043
2495,127.483881632487,102.828366597493,534.618001302083,-1030443.05365916
2496,127.991406758626,103.095799763997,538.588663736979,1596772.65036319
2497,127.483881632487,103.629699707031,546.003662109375,-1046241.60263953
2498,127.991406758626,103.894266764323,549.901000976562,1454438.38537464
2499,127.991406758626,104.422500610352,557.392333984375,-1031778.13786933
2500,127.483881632487,104.698402404785,561.137003580729,1018404.11924827
2501,128.998916625977,67.1531702677409,6.25534057617188,-10553978.1336161
2502,129.498901367188,67.4158706665039,10.1603393554688,-4780893.68889426
2503,128.998916625977,67.88197072347,17.5963338216146,-9163774.0572604
2504,129.498901367188,68.1522038777669,21.5776672363281,-3480038.22354184
2505,128.998916625977,68.6154708862305,28.9380035400391,4160196.69033491
2506,129.498901367188,68.8913370768229,32.9943389892578,1367613.69534013
2507,128.998916625977,69.3489379882812,40.277338663737,-5276380.5388819
2508,129.498901367188,69.6285705566406,44.4073384602865,1630018.35047395
2509,128.998916625977,70.0824381510417,51.6153361002604,-2969513.17567846
2510,129.498901367188,70.3687032063802,55.8206685384115,-479568.754260095
2511,128.998916625977,70.8206685384115,62.9550018310547,1948088.59325703
2512,129.498901367188,71.1125361124675,67.2353363037109,636402.223109176
2513,128.998916625977,71.559804280599,74.2943369547526,-2279577.80316571
2514,129.498901367188,71.8564046223958,78.6483408610026,-984457.910586102
2515,128.998916625977,72.3008702596029,85.6303405761719,-3577252.50296493
2516,129.500783284505,72.6031036376953,90.0596720377604,-1313032.50517741
2517,129.000798543294,73.0428365071615,96.965337117513,-1548064.79402005
2518,129.502665201823,73.3479029337565,101.470006306966,-1938054.14255311
2519,129.000798543294,73.7838694254557,108.301340738932,-1921092.43554275
2520,129.502665201823,74.0955378214518,112.882339477539,-1414932.87083001
2521,129.000798543294,74.5277379353841,119.638336181641,-2158374.61161689
2522,129.502665201823,74.8460032145182,124.290669759115,-1630719.06155928
2523,129.000798543294,75.2735036214193,130.970336914062,1263842.43954075
2524,129.502665201823,75.5974044799805,135.698003133138,-615539.184548722
2525,129.000798543294,76.021105448405,142.304336547852,2456464.18650914
2526,129.502665201823,76.3516031901042,147.107335408529,-837088.957340489
2527,129.000798543294,76.7715682983398,153.637339274089,2001962.46377098
2528,129.502665201823,77.1068013509115,158.515670776367,-1089897.23870644
2529,129.000798543294,77.5220362345378,164.971338907878,1140559.67273679
2530,129.502665201823,77.8638381958008,169.924006144206,-540472.53932995
2531,129.000798543294,78.276237487793,176.301610310872,-1144927.08484838
2532,129.502665201823,78.6227366129557,181.327743530273,-1395566.96362794
2533,129.000798543294,79.0304361979167,187.631907145182,-1927809.59083721
2534,129.502665201823,79.3826039632161,192.734436035156,-1836307.860212
2535,129.000798543294,79.7865702311198,198.962168375651,-2418806.46171466
2536,129.502665201823,80.1443710327148,204.138102213542,-1987664.08077105
2537,129.000798543294,80.5417048136393,210.290466308594,-2286681.61611997
2538,129.502665201823,80.9051717122396,215.543635050456,-1797309.0028674
2539,129.000798543294,81.2997029622396,221.621668497721,-2117149.80833212
2540,129.502665201823,81.6697692871094,226.950205485026,-1606455.69417782
2541,129.000798543294,82.0595703125,232.951934814453,-2154169.94565325
2542,129.505488077799,82.4352722167969,238.352935791016,-1331451.29790349
2543,129.003621419271,82.8213373819987,244.278401692708,-1899653.54271962
2544,129.508310953776,83.2017364501953,249.754740397135,-1100808.14395866
2545,129.003621419271,83.5830688476562,255.606775919596,-1619113.05538699
2546,129.508310953776,83.96910349528,261.157480875651,-1071626.65971831
2547,129.003621419271,84.3467051188151,266.931365966797,-1314151.60978669
2548,129.508310953776,84.739372253418,272.555511474609,-1321875.91981388
2549,129.003621419271,85.1132049560547,278.255950927734,-1378604.47790969
2550,129.508310953776,85.5105361938477,283.958272298177,-1595166.18193692
2551,129.003621419271,85.8777364095052,289.584320068359,-1284332.52380171
2552,129.508310953776,86.2816696166992,295.360076904297,-1160673.35868978
2553,129.003621419271,86.6479695638021,300.907969156901,1336861.53894276
2554,129.508310953776,87.0585021972656,306.756235758464,649262.127270862
2555,129.003621419271,87.418202718099,312.230702718099,1981264.32197924
2556,129.508310953776,87.8343709309896,318.155232747396,1185260.00534634
2557,129.003621419271,88.190305074056,323.555297851562,1910165.33435655
2558,129.508310953776,88.6121393839518,329.553263346354,982553.429527432
2559,129.003621419271,88.9614715576172,334.877065022786,1390134.31805253
2560,129.508310953776,89.3889719645182,340.951304117839,-494399.142123389
2561,129.003621419271,89.7364044189453,346.199768066406,413113.02529329
2562,129.508310953776,90.1705042521159,352.348398844401,-983505.437698762
2563,129.003621419271,90.5123036702474,357.520599365234,-893132.520270858
2564,129.510197957357,90.9501698811849,363.744567871094,-990290.558868507
2565,129.005508422852,91.2882029215495,368.842366536458,-717623.006629842
2566,129.512084960938,91.7317021687825,375.140696207682,-879746.712380708
2567,129.005508422852,92.0659688313802,380.163096110026,-913878.740555577
2568,129.512084960938,92.5160369873047,386.535797119141,-1012629.66157768
2569,129.005508422852,92.8465372721354,391.481994628906,-1357904.73368485
2570,129.512084960938,93.3022715250651,397.92832438151,-1165467.07748835
2571,129.005508422852,93.6261723836263,402.800333658854,-1651732.60348021
2572,129.512084960938,94.0875396728516,409.322001139323,-1192457.27774552
2573,129.005508422852,94.4076716105143,414.120340983073,-1743559.5557614
2574,129.512084960938,94.8775380452474,420.716003417969,-1151189.79902711
2575,129.005508422852,95.1939036051432,425.439005533854,-1777751.3235857
2576,129.512084960938,95.6675389607747,432.108337402344,-980304.669502361
2577,129.005508422852,95.9773381551107,436.755330403646,-1591217.04278504
2578,129.512084960938,96.4566370646159,443.500996907552,-984805.862893707
2579,129.005508422852,96.7626368204753,448.073323567708,-1336233.97919654
2580,129.512084960938,97.2485020955404,454.893330891927,-1017336.77957199
2581,129.005508422852,97.5488688151042,459.390340169271,-1205500.2947908
2582,129.512084960938,98.0404001871745,466.284678141276,-1040397.9446648
2583,129.005508422852,98.336067199707,470.707346598307,-1188257.77687159
2584,129.512084960938,98.8360341389974,477.674001057943,-1008951.73996979
2585,129.005508422852,99.127934773763,482.020334879557,-971411.410170262
2586,129.512084960938,99.6316680908203,489.063323974609,-916499.621041899
2587,129.005508422852,99.9169692993164,493.336334228516,-394758.154156633
2588,129.513971964518,100.427302042643,500.45399983724,-766503.877050049
2589,129.007395426432,100.709803263346,504.649007161458,865153.752655621
2590,129.515858968099,101.225802103678,511.841003417969,-927213.968339939
2591,129.007395426432,101.503570556641,515.961344401042,1240707.40040929
2592,129.515858968099,102.027069091797,523.229349772135,-976779.998845236
2593,129.007395426432,102.301068623861,527.276346842448,1505601.75708043
2594,129.515858968099,102.828366597493,534.618001302083,-1030443.05365916
2595,129.007395426432,103.095799763997,538.588663736979,1596772.65036319
2596,129.515858968099,103.629699707031,546.003662109375,-1046241.60263953
2597,129.007395426432,103.894266764323,549.901000976562,1454438.38537464
2598,129.515858968099,104.434735616048,557.392333984375,-1031778.13786933
2599,129.007395426432,104.69273630778,561.213338216146,1018404.11924827
2600,130.498870849609,67.244504292806,6.70566813151042,-6854288.02690307
2601,130.99885559082,67.5486373901367,10.836659749349,-3779282.69098226
2602,130.498870849609,67.9902369181315,18.2726643880208,-3923229.2419651
2603,130.99885559082,68.3000030517578,22.4776662190755,-3893536.59985646
2604,130.498870849609,68.7378362019857,29.8390045166016,-2904881.4889108
2605,130.99885559082,69.0513687133789,34.1193339029948,-964259.889224329
2606,130.498870849609,69.4845021565755,41.4046681722005,-3117382.7059254
2607,131.000742594401,69.8027699788411,45.7596689860026,549574.986664252
2608,130.50075785319,70.2331034342448,52.9676717122396,-2492486.3637193
2609,131.002629597982,70.5570373535156,57.398671468099,416197.544695777
2610,130.50075785319,70.984504699707,64.5320027669271,-1119752.04707985
2611,131.002629597982,71.3140716552734,69.038335164388,-1155637.61279816
2612,130.50075785319,71.7387034098307,76.0956726074219,-2364395.43018343
2613,131.002629597982,72.0748697916667,80.6746724446615,-1239627.36643525
2614,130.502639770508,72.4948043823242,87.6566721598307,-2251370.02370818
2615,131.004511515299,72.8347371419271,92.312001546224,-1805190.0506924
2616,130.504521687826,73.2481028238932,99.2196706136068,-825468.562089477
2617,131.004511515299,73.5936686197917,103.947672526042,-1908755.96162741
2618,130.504521687826,74.005137125651,110.779006958008,-1414932.87083001
2619,131.006393432617,74.3591715494792,115.583002726237,-1572926.88349362
2620,130.506403605143,74.7678375244141,122.338668823242,-1630719.06155928
2621,131.008275349935,75.1256713867188,127.217000325521,-1082140.53941026
2622,130.506403605143,75.5277379353841,133.896667480469,746598.223140367
2623,131.008275349935,75.8911717732747,138.85166422526,-887307.915698418
2624,130.506403605143,76.2913360595703,145.455998738607,1631374.85368136
2625,131.008275349935,76.6613693237305,150.485000610352,-923569.535639695
2626,130.506403605143,77.0568695068359,157.014668782552,1241416.17202245
2627,131.008275349935,77.4306716918945,162.119003295898,849887.332465688
2628,130.506403605143,77.8224054972331,168.572672526042,-540472.53932995
2629,131.008275349935,78.2028045654297,173.750671386719,-1013925.01365708
2630,130.506403605143,78.5907363891602,180.128138224284,-1395566.96362794
2631,131.010157267253,78.9767684936523,185.380503336589,-1518057.83516281
2632,130.508285522461,79.3609364827474,191.682637532552,-1836307.860212
2633,131.01203918457,79.7526702880859,197.011133829753,-1804185.64213879
2634,130.508285522461,80.1321385701497,203.238866170247,-1987664.08077105
2635,131.01203918457,80.5276056925456,208.641733805339,-1805228.30748803
2636,130.508285522461,80.9033050537109,214.794138590495,-1797309.0028674
2637,131.01203918457,81.3053716023763,220.270472208659,-1659073.58481475
2638,130.508285522461,81.6773045857747,226.348505655924,-1606455.69417782
2639,131.01203918457,82.0850041707357,231.90017191569,-1388492.78898387
2640,130.511108398438,82.4531707763672,237.902872721354,-1331451.29790349
2641,131.014862060547,82.8665364583333,243.528905232747,-1106209.04986562
2642,130.513931274414,83.2290369669596,249.455307006836,-1100808.14395866
2643,131.017690022786,83.6489690144857,255.157602945964,-1007030.32533007
2644,130.516759236654,84.007703145345,261.007741292318,-1071626.65971831
2645,131.020517985026,84.4352035522461,266.781626383464,-1207952.62975134
2646,130.516759236654,84.7892710367839,272.555511474609,-1321875.91981388
2647,131.020517985026,85.2205378214518,278.405670166016,-1465756.64073388
2648,130.516759236654,85.5679702758789,284.107991536458,-1595166.18193692
2649,131.020517985026,86.0058034261068,290.034413655599,-1366870.53663836
2650,130.516759236654,86.3523025512695,295.660451253255,-1160673.35868978
2651,131.020517985026,86.7967376708984,301.658447265625,-785481.364463778
2652,130.516759236654,87.1366373697917,307.206339518229,649262.127270862
2653,131.020517985026,87.5857721964518,313.280609130859,773288.91597768
2654,130.516759236654,87.9238052368164,318.755035400391,1185260.00534634
2655,131.022399902344,88.3795394897461,324.904602050781,882260.810381574
2656,130.518641153971,88.7119394938151,330.302764892578,982553.429527432
2657,131.024281819661,89.1714401245117,336.526733398438,-114244.451126951
2658,130.518641153971,89.4991404215495,341.851470947266,-494399.142123389
2659,131.024281819661,89.9671071370443,348.149810791016,-832546.793680082
2660,130.518641153971,90.2910385131836,353.398274739583,-983505.437698762
2661,131.024281819661,90.7627716064453,359.77007039388,-1225425.59671577
2662,130.520528157552,91.0801035563151,364.944163004557,-990290.558868507
2663,131.026168823242,91.5584386189779,371.392201741536,-1239372.66070661
2664,130.522415161133,91.8720041910807,376.490936279297,-879746.712380708
2665,131.028055826823,92.3559722900391,383.012339274089,-1210301.30188591
2666,130.524302164714,92.6657384236654,388.034800211589,-1012629.66157768
2667,131.029942830404,93.1581726074219,394.630666097005,-1177162.48781081
2668,130.524302164714,93.4642054239909,399.577992757161,-1165467.07748835
2669,131.029942830404,93.9595057169596,406.249328613281,-1144114.37153178
2670,130.524302164714,94.2589391072591,411.121327718099,-1192457.27774552
2671,131.029942830404,94.7608057657878,417.866994222005,-1117695.25864736
2672,130.524302164714,95.0592727661133,422.663330078125,-1151189.79902711
2673,131.029942830404,95.5677388509115,429.485005696615,-1103611.63075007
2674,130.524302164714,95.8596394856771,434.207010904948,-1053152.70509757
2675,131.029942830404,96.3728052775065,441.103342692057,-1101734.61940997
2676,130.524302164714,96.6600036621094,445.750335693359,-1036264.39112879
2677,131.031824747721,97.1797358194987,452.720001220703,-1093296.52038143
2678,130.526184082031,97.4622344970703,457.290669759115,-1042060.01429465
2679,131.033706665039,97.9885686238607,464.334676106771,-1070449.22316497
2680,130.526184082031,98.266367594401,468.831675211589,-1061518.30267252
2681,131.033706665039,98.7983678181966,475.950998942057,-1019176.35441871
2682,130.526184082031,99.0723673502604,480.37065633138,-1016479.74359757
2683,131.033706665039,99.6100006103516,487.564656575521,-961876.228532301
2684,130.526184082031,99.8774007161458,491.910990397135,-866381.797430167
2685,131.033706665039,100.420702616374,499.181335449219,-922178.900544731
2686,130.528071085612,100.685302734375,503.451334635417,-657591.27723335
2687,131.03559366862,101.237070719401,510.793009440104,-927213.968339939
2688,130.529958089193,101.495068868001,514.987670898438,-182956.000296248
2689,131.037475585938,102.052502950033,522.405680338542,-976779.998845236
2690,130.53184000651,102.306734720866,526.527018229167,466042.9537576
2691,131.039357503255,102.870768229167,534.018351236979,-1030443.05365916
2692,130.53184000651,103.11840057373,538.062337239583,618402.283334282
2693,131.039357503255,103.686200459798,545.630004882812,-1046241.60263953
2694,130.53184000651,103.930066426595,549.600667317708,530751.380768934
2695,131.039357503255,104.506334940592,557.24267578125,-1110370.47569099
2696,130.53184000651,104.746437072754,561.137003580729,-302415.798654184
2697,131.998830159505,67.4403355916341,7.60599772135417,-5294167.70477787
2698,132.498819986979,67.7821350097656,11.9609985351562,-2411818.83821793
2699,131.998830159505,68.2002029418945,19.3966623942057,-3937808.27514488
2700,132.50070699056,68.5457712809245,23.826665242513,-3463154.62382468
2701,132.000717163086,68.959103902181,31.187998453776,-3010138.7313378
2702,132.502593994141,69.3103357950846,35.6946665445964,-2105559.24699682
2703,132.002604166667,69.7208684285482,42.9810028076172,-2523016.9399984
2704,132.504480997721,70.0787022908529,47.562006632487,1023848.36367006
2705,132.004491170247,70.4845377604167,54.7716725667318,-2177947.1639727
2706,132.504480997721,70.8480046590169,59.4260050455729,221621.321254312
2707,132.004491170247,71.2500712076823,66.559336344401,-2117172.31619633
2708,132.506362915039,71.6201044718425,71.2880045572917,-1086623.60423897
2709,132.006373087565,72.0202713012695,78.3460032145182,-1940266.78798816
2710,132.508244832357,72.3959376017253,83.1503346761068,-1602583.13469403
2711,132.006373087565,72.7904688517253,90.1343332926432,-1662238.67666852
2712,132.508244832357,73.1699345906575,95.0146687825521,-1757207.18456227
2713,132.006373087565,73.5597686767578,101.920338948568,-1248090.81346955
2714,132.508244832357,73.9448699951172,106.874008178711,-1650413.82086056
2715,132.008255004883,74.3328043619792,113.705337524414,-1370303.83883321
2716,132.512008666992,74.725471496582,118.736002604167,-1283953.87011975
2717,132.012018839518,75.1096725463867,125.491999308268,-959035.295800856
2718,132.51389058431,75.5060729980469,130.594670613607,-1109867.22539008
2719,132.012018839518,75.8855056762695,137.274668375651,921247.367305173
2720,132.51389058431,76.2894388834635,142.453338623047,-947333.614380725
2721,132.012018839518,76.6651382446289,149.059336344401,1291705.31063005
2722,132.51389058431,77.0728708902995,154.313339233398,940133.836270538
2723,132.012018839518,77.4429041544596,160.843338012695,849887.332465688
2724,132.515777587891,77.8562698364258,166.172007242839,315475.786547728
2725,132.013905843099,78.2244364420573,172.625671386719,-1013925.01365708
2726,132.517664591471,78.644401550293,178.027638753255,-1183230.89325196
2727,132.015787760417,79.0088017781575,184.40500386556,-1518057.83516281
2728,132.519546508789,79.4344024658203,189.881342569987,-1566288.31770999
2729,132.017669677734,79.7941029866536,196.185338338216,-1804185.64213879
2730,132.519546508789,80.2263031005859,201.737970987956,-1703181.46785972
2731,132.017669677734,80.5803375244141,207.966634114583,-1805228.30748803
2732,132.522369384766,81.0181706746419,213.59267171224,-1696285.39272862
2733,132.020492553711,81.3675053914388,219.744105021159,-1659073.58481475
2734,132.525192260742,81.8110046386719,225.446441650391,-1507653.7597065
2735,132.020492553711,82.1565704345703,231.524475097656,-1388492.78898387
2736,132.525192260742,82.6047693888346,237.301172892253,-1195413.86322888
2737,132.020492553711,82.9465688069661,243.30290222168,-1106209.04986562
2738,132.525192260742,83.4004033406575,249.153035481771,-1030154.68054077
2739,132.023320515951,83.7403030395508,255.081334431966,-1007030.32533007
2740,132.529902140299,84.2007369995117,261.004938761393,-1138229.63082615
2741,132.028030395508,84.5369033813477,266.855092366536,-1207952.62975134
2742,132.531784057617,85.0020701090495,272.854960123698,-1337860.39399775
2743,132.028030395508,85.3316370646159,278.631652832031,-1465756.64073388
2744,132.531784057617,85.801503499349,284.707784016927,-1333050.39001528
2745,132.028030395508,86.1282374064128,290.408223470052,-1366870.53663836
2746,132.531784057617,86.606569925944,296.557790120443,-1077009.06236506
2747,132.028030395508,86.9285710652669,302.181976318359,-785481.364463778
2748,132.533665974935,87.4097366333008,308.405934651693,-469449.554764168
2749,132.029912312826,87.7270380655925,313.956675211589,773288.91597768
2750,132.535547892253,88.2166697184245,320.256866455078,611072.395406618
2751,132.031794230143,88.5311381022135,325.73036702474,882260.810381574
2752,132.53742980957,89.0254694620768,332.102132161458,372778.394295387
2753,132.033676147461,89.333371480306,337.500335693359,-114244.451126951
2754,132.53742980957,89.833371480306,343.948404947917,-631766.290318227
2755,132.033676147461,90.1394068400065,349.273142496745,-832546.793680082
2756,132.539316813151,90.6450729370117,355.794637044271,-1434110.51016797
2757,132.035563151042,90.9445063273112,361.043100992839,-984445.51196368
2758,132.541203816732,91.455805460612,367.640899658203,-1484404.20170576
2759,132.035563151042,91.7524058024089,372.815907796224,-952718.950808481
2760,132.541203816732,92.2721710205078,379.48817952474,-1469754.43721883
2761,132.037450154622,92.5621719360352,384.585876464844,-968900.179184775
2762,132.54497273763,93.0856704711914,391.331339518229,-1414659.90430099
2763,132.041219075521,93.3719050089518,396.353668212891,-1061021.5108741
2764,132.546854654948,93.9039052327474,403.175669352214,-1344848.16065274
2765,132.041219075521,94.1854731241862,408.124003092448,-1094267.94296647
2766,132.546854654948,94.7212397257487,415.019337972005,-1284533.00386151
2767,132.041219075521,94.9971389770508,419.890329996745,-1060776.48745091
2768,132.546854654948,95.5413716634115,426.859995524089,-1250317.44708274
2769,132.041219075521,95.8135045369466,431.658335367839,-980304.669502361
2770,132.548736572266,96.3634033203125,438.704010009766,-1242509.79887415
2771,132.043100992839,96.6308034261068,443.427012125651,-984805.862893707
2772,132.550618489583,97.1863352457682,450.547342936198,-1251007.40270939
2773,132.044982910156,97.4480692545573,455.193339029948,-1017336.77957199
2774,132.552500406901,98.0083363850911,462.387003580729,-1270197.76586812
2775,132.046864827474,98.2663370768229,466.957672119141,-1040397.9446648
2776,132.552500406901,98.8341369628906,474.227671305339,-1281172.6766332
2777,132.046864827474,99.088368733724,478.723999023438,-1008951.73996979
2778,132.554382324219,99.6599349975586,486.067321777344,-1273270.1054639
2779,132.048746744792,99.9075673421224,490.488321940104,-916499.621041899
2780,132.556264241536,100.486635843913,497.906331380208,-1252765.08829868
2781,132.048746744792,100.73237101237,502.253011067708,-766503.877050049
2782,132.556264241536,101.319005330404,509.744344075521,-1227281.45309039
2783,132.048746744792,101.559104919434,514.014343261719,-529221.334610862
2784,132.558151245117,102.149503072103,521.579996744792,-1193296.94895151
2785,132.05251566569,102.384902954102,525.776672363281,-339763.532428938
2786,132.561920166016,102.980936686198,533.418680826823,-1156178.83004326
2787,132.054397583008,103.21257019043,537.539021809896,80884.3791952552
2788,132.561920166016,103.814236958822,545.254353841146,-1124599.70067548
2789,132.054397583008,104.040234883626,549.301350911458,-217244.253985394
2790,132.561920166016,104.647567749023,557.093017578125,-1096968.59029756
2791,132.054397583008,104.869801839193,561.063680013021,-564615.845804834
2792,133.498799641927,67.7360026041667,8.95533243815104,-4418911.16858083
2793,133.998789469401,68.1154708862305,13.5360005696615,-2208888.5810642
2794,133.500686645508,68.5071716308594,20.971669514974,-3893536.59985646
2795,134.002558390299,68.8922729492188,25.6280059814453,-2763312.89696337
2796,133.504455566406,69.2821044921875,32.9896697998047,-2926607.41362618
2797,134.004440307617,69.6747360229492,37.7203369140625,-1761108.34602387
2798,133.504455566406,70.060801188151,45.006337483724,-1941665.59757853
2799,134.004440307617,70.4591013590495,49.8103383382161,-765310.730910086
2800,133.504455566406,70.8404693603516,57.0203399658203,-2233985.28350346
2801,134.006322224935,71.2425359090169,61.898671468099,503809.049609723
2802,133.508219401042,71.6201044718425,69.0330047607422,-2044201.21095853
2803,134.01008605957,72.030637105306,73.9876708984375,-1240965.10119761
2804,133.510101318359,72.4063034057617,81.0470021565755,-1500406.85552055
2805,134.01008605957,72.8206024169922,86.0770009358724,-1590696.25166038
2806,133.510101318359,73.189702351888,93.0606689453125,-1509135.12903942
2807,134.011973063151,73.6096700032552,98.1650034586589,-1511080.34882702
2808,133.51198832194,73.9750035603841,105.072672526042,-1491251.85811942
2809,134.013860066732,74.4015375773112,110.250671386719,-1288372.93416875
2810,133.513870239258,74.7640711466471,117.082672119141,-1038457.22895997
2811,134.017623901367,75.1962712605794,122.336669921875,-1170783.57633257
2812,133.517634073893,75.5540720621745,129.09267171224,122098.056663925
2813,134.019505818685,75.9919052124023,134.421340942383,-1062476.93811163
2814,133.517634073893,76.3478393554688,141.102010091146,779010.160469587
2815,134.019505818685,76.7894719441732,146.506673177083,564237.860893118
2816,133.517634073893,77.1388041178385,153.112004597982,940133.836270538
2817,134.021387736003,77.5870030721029,158.590337117513,431544.530250932
2818,133.521402994792,77.93443552653,165.120340983073,315475.786547728
2819,134.025156656901,78.3882700602214,170.673004150391,-727369.656550309
2820,133.523289998372,78.7300694783529,177.126637776693,-1183230.89325196
2821,134.025156656901,79.1905034383138,182.752634684245,-1305348.54744967
2822,133.523289998372,79.5304361979167,189.129974365234,-1566288.31770999
2823,134.027984619141,79.9955698649089,194.832305908203,-1536389.97230512
2824,133.526117960612,80.3317362467448,201.136306762695,-1703181.46785972
2825,134.03081258138,80.8016026814779,206.914901733398,-1618962.02639775
2826,133.528940836589,81.1340026855469,213.142603556315,-1696285.39272862
2827,134.033635457357,81.6095021565755,218.994603474935,-1560878.03718701
2828,133.531763712565,81.9371693929036,225.147008260091,-1507653.7597065
2829,134.035517374674,82.4192708333333,231.073440551758,-1319381.50655886
2830,133.533645629883,82.7413050333659,237.149571736654,-1195413.86322888
2831,134.037399291992,83.2290395100911,243.149434407552,-1114533.39770879
2832,133.533645629883,83.5463383992513,249.151168823242,-1030154.68054077
2833,134.037399291992,84.0397389729818,255.227305094401,-1129851.4092435
2834,133.535527547201,84.354237874349,261.152776082357,-1138229.63082615
2835,134.041168212891,84.854237874349,267.303304036458,-1243320.70089745
2836,133.539296468099,85.1659037272135,273.155334472656,-1337860.39399775
2837,134.043055216471,85.6715367635091,279.382110595703,-1256998.76897669
2838,133.539296468099,85.9775695800781,285.157867431641,-1333050.39001528
2839,134.043055216471,86.487902323405,291.458099365234,-1107031.27627779
2840,133.539296468099,86.790168762207,297.157582600911,-1077009.06236506
2841,134.044937133789,87.3080368041992,303.531260172526,-868250.672202094
2842,133.543060302734,87.60560353597,309.155426025391,-469449.554764168
2843,134.048700968424,88.1291376749675,315.603495279948,-414264.250176259
2844,133.544942220052,88.4229024251302,321.15419514974,611072.395406618
2845,134.050582885742,88.9530029296875,327.677561442057,-282193.651145008
2846,133.54682413737,89.241101582845,333.151997884115,372778.394295387
2847,134.05246480306,89.7750015258789,339.749796549479,-448329.411735267
2848,133.54682413737,90.0593694051107,345.14800008138,-631766.290318227
2849,134.05246480306,90.6008046468099,351.822062174479,-1359285.84963069
2850,133.548711140951,90.8804728190104,357.143961588542,-875432.636316344
2851,134.056233723958,91.4275385538737,363.892395019531,-1428169.02887159
2852,133.552480061849,91.7034378051758,369.140869140625,-966718.168378209
2853,134.058115641276,92.257069905599,375.964680989583,-1439192.21350069
2854,133.552480061849,92.5292027791341,381.136983235677,-992271.626679327
2855,134.058115641276,93.0875701904297,388.032348632812,-1401811.5356058
2856,133.554361979167,93.3540369669596,393.12900797526,-1016029.90785368
2857,134.061884562174,93.9180374145508,400.100341796875,-1339667.64852239
2858,133.558130900065,94.1816711425781,405.124674479167,-1027442.60342048
2859,134.063771565755,94.7532374064128,412.172668457031,-1277365.82761379
2860,133.558130900065,95.0112380981445,417.118998209635,-1020438.82702826
2861,134.063771565755,95.5865707397461,424.239329020182,-1235677.38835164
2862,133.558130900065,95.8408050537109,429.109334309896,-961361.736812851
2863,134.06564839681,96.4227040608724,436.305002848307,-1221823.2323452
2864,133.561889648438,96.6731694539388,441.101338704427,-964185.48098678
2865,134.069407145182,97.260737101237,448.371337890625,-1231671.1793081
2866,133.563771565755,97.5065027872721,453.09434000651,-999041.456923316
2867,134.072230021159,98.1006368001302,460.438008626302,-1252677.7152567
2868,133.566594441732,98.3407363891602,465.084676106771,-1026383.61472252
2869,134.075052897135,98.9405364990234,472.501678466797,-1271578.70818552
2870,133.566594441732,99.1759363810221,477.074005126953,-996171.676381155
2871,134.075052897135,99.781369527181,484.567342122396,-1276470.31614426
2872,133.568476359049,100.011136372884,489.064331054688,-930481.264184404
2873,134.078821818034,100.623168945312,496.631998697917,-1262985.17534961
2874,133.572245279948,100.851036071777,501.052998860677,-808403.07614333
2875,134.080708821615,101.470603942871,508.6943359375,-1235101.61097883
2876,133.572245279948,101.69283803304,513.039001464844,-632336.19671151
2877,134.080708821615,102.317136128743,520.756327311198,-1192505.22473684
2878,133.574132283529,102.533701578776,525.027323404948,-495127.309541536
2879,134.084482828776,103.162668863932,532.818990071615,-1144149.7028783
2880,133.57790629069,103.374504089355,537.013671875,-396089.871154573
2881,134.086369832357,104.01197052002,544.880676269531,-1108052.78309363
2882,133.57790629069,104.220069885254,549.001017252604,-474610.0071513
2883,134.086369832357,104.864135742188,556.942342122396,-1090035.66670706
2884,133.57790629069,105.065635681152,560.987345377604,-646515.100710812
2885,134.998769124349,68.1333389282227,10.7546691894531,-3873403.84989599
2886,135.500640869141,68.5532735188802,15.5616760253906,-1752561.65094951
2887,135.002532958984,68.9205067952474,22.9993438720703,-3463154.62382468
2888,135.504404703776,69.347038269043,27.8816731770833,-2341879.54760046
2889,135.004414876302,69.711435953776,35.2410024007161,-2596449.51926703
2890,135.504404703776,70.1436360677083,40.1956685384115,-1889363.82325348
2891,135.004414876302,70.50523630778,47.47900390625,-2061536.89362768
2892,135.506286621094,70.943105061849,52.510004679362,-1222663.87860468
2893,135.008178710938,71.2990366617839,59.7196706136068,-2137114.87046422
2894,135.510050455729,71.7406387329102,64.826670328776,-1037845.16179041
2895,135.010060628255,72.0946706136068,71.9603373209635,-1774481.06558125
2896,135.51193745931,72.5428721110026,77.1400044759115,-1362556.84162288
2897,135.011947631836,72.8931376139323,84.1973368326823,-1320191.31749585
2898,135.513824462891,73.3441721598307,89.4513346354167,-1473817.4374468
2899,135.013834635417,73.6916046142578,96.4353332519531,-1454301.13683522
2900,135.517593383789,74.1492385864258,101.765665690104,-1403154.49947556
2901,135.017603556315,74.4938379923503,108.673334757487,-1326472.95926567
2902,135.519475301107,74.9580383300781,114.078002929688,-1188634.92171871
2903,135.019485473633,75.2979380289714,120.909337361654,-395057.689441007
2904,135.523239135742,75.7678044637044,126.387334187826,-1107174.62626121
2905,135.023249308268,76.1039708455404,133.14333597819,476176.44174964
2906,135.52512105306,76.579470316569,138.696004231771,358834.471467141
2907,135.023249308268,76.9090372721354,145.378672281901,564237.860893118
2908,135.52512105306,77.388303120931,151.00666809082,-331461.157109448
2909,135.025131225586,77.7169367472331,157.613001505534,431544.530250932
2910,135.528889973958,78.2046686808268,163.314336140951,-646319.146542088
2911,135.028900146484,78.528569539388,169.844334920247,-727369.656550309
2912,135.530776977539,79.0200703938802,175.622004191081,-1006109.43918344
2913,135.028900146484,79.3402048746745,182.076670328776,-1305348.54744967
2914,135.533599853516,79.8383051554362,187.92860921224,-1335257.43490532
2915,135.034550984701,80.1537373860677,194.306905110677,-1536389.97230512
2916,135.539250691732,80.6575037638346,200.235209147135,-1479989.13835265
2917,135.03737894694,80.9692026774089,206.539204915365,-1618962.02639775
2918,135.541132609049,81.4795684814453,212.540939331055,-1510093.26475308
2919,135.039260864258,81.787467956543,218.768636067708,-1560878.03718701
2920,135.543014526367,82.3034362792969,224.844772338867,-1386890.69269362
2921,135.041142781576,82.6075719197591,230.99717203776,-1319381.50655886
2922,135.546778361003,83.1292394002279,237.148635864258,-1247406.16755639
2923,135.044906616211,83.4286727905273,243.224767049154,-1114533.39770879
2924,135.54866027832,83.9559707641602,249.450602213542,-1176678.41472946
2925,135.044906616211,84.2497380574544,255.451405843099,-1129851.4092435
2926,135.54866027832,84.7836380004883,261.750676472982,-1209593.37879144
2927,135.046793619792,85.0736389160156,267.677103678385,-1243320.70089745
2928,135.552429199219,85.6141052246094,274.052663167318,-1180069.92014617
2929,135.05056254069,85.9003372192383,279.905639648438,-1256998.76897669
2930,135.554311116536,86.4464696248372,286.355580647786,-1056823.98823005
2931,135.05056254069,86.7280019124349,292.132283528646,-1107031.27627779
2932,135.556198120117,87.2797698974609,298.655670166016,-947337.509765547
2933,135.054331461589,87.5575383504232,304.355163574219,-868250.672202094
2934,135.559967041016,88.1149724324544,310.952931722005,-784095.32061133
2935,135.056213378906,88.3890050252279,316.57709757487,-414264.250176259
2936,135.561848958333,88.9511362711589,323.251129150391,-619958.380266791
2937,135.059977213542,89.2213694254557,328.800893147786,-282193.651145008
2938,135.565612792969,89.7891362508138,335.551198323568,-477059.560968751
2939,135.061859130859,90.0546696980794,341.025665283203,-448329.411735267
2940,135.567494710286,90.6281026204427,347.847574869792,-1314490.92245784
2941,135.063741048177,90.8898696899414,353.245768229167,-749472.150828891
2942,135.569376627604,91.4717712402344,360.143900553385,-1372781.14709075
2943,135.065622965495,91.7297719319661,365.468627929688,-904329.721731083
2944,135.573145548503,92.3154373168945,372.440195719401,-1396482.49284223
2945,135.069391886393,92.5668360392253,377.687774658203,-1002663.28032467
2946,135.575032552083,93.1591033935547,384.732737223307,-1380368.20438289
2947,135.069391886393,93.407704671224,389.905008951823,-1011855.97077918
2948,135.575032552083,94.0056381225586,397.027333577474,-1337000.9196649
2949,135.071278889974,94.2495040893555,402.126007080078,-984720.421820079
2950,135.578801472982,94.8530705769857,409.321665445964,-1282146.38015223
2951,135.075047810872,95.0931701660156,414.343994140625,-986812.553915717
2952,135.580683390299,95.7033360799154,421.614318847656,-1236392.99778312
2953,135.075047810872,95.9387359619141,426.563323974609,-959650.642981388
2954,135.583511352539,96.5545374552409,433.906992594401,-1214033.99828724
2955,135.079752604167,96.7842712402344,438.778666178385,-966916.423173285
2956,135.588216145833,97.4066365559896,446.197662353516,-1218133.33169023
2957,135.081629435221,97.6326370239258,450.993998209635,-985026.758650128
2958,135.590092976888,98.262570699056,458.48833211263,-974174.871735419
2959,135.086329142253,98.4848047892253,463.209340413411,-1008391.4803708
2960,135.594792683919,99.1184692382812,470.779012044271,-954411.659148436
2961,135.089152018229,99.3341013590495,475.424682617188,-979822.414228052
2962,135.5966796875,99.9734344482422,483.067677815755,-917902.183138208
2963,135.09103902181,100.185302734375,487.638010660807,-933395.699526834
2964,135.598566691081,100.831237792969,495.356333414714,-852223.837418511
2965,135.092926025391,101.039337158203,499.853332519531,-819958.878111787
2966,135.602335611979,101.693768819173,507.644999186198,-1230135.41687622
2967,135.096694946289,101.897168477376,512.065002441406,-698399.571244643
2968,135.604217529297,102.557235717773,519.932006835938,-1183503.80203642
2969,135.096694946289,102.754969278971,524.278666178385,-578997.929061162
2970,135.606099446615,103.418802897135,532.220011393229,-1133791.55844786
2971,135.100463867188,103.609937032064,536.489339192708,-523234.580460017
2972,135.609868367513,104.281270345052,544.505025227865,-647503.212083334
2973,135.102350870768,104.471468607585,548.701680501302,-579033.675032511
2974,135.611750284831,105.149434407552,556.792683919271,-747416.235175723
2975,135.104232788086,105.334002176921,560.913004557292,-698285.122745252
2976,136.499674479167,68.6352055867513,13.006337483724,-3461562.22306491
2977,137.001546223958,69.0947036743164,18.0390014648438,-1676963.53713675
2978,136.504384358724,69.4393030802409,25.4766693115234,-3035376.20391862
2979,137.004374186198,69.9035339355469,30.5809987386068,-2490100.47829514
2980,136.504384358724,70.2434692382812,37.940668741862,-2589616.70513887
2981,137.006256103516,70.7133382161458,43.121337890625,-1761960.78770445
2982,136.508148193359,71.0513737996419,50.4073384602865,-2198925.85542955
2983,137.010019938151,71.5278065999349,55.663340250651,-1647821.83039366
2984,136.510030110677,71.8611399332682,62.8730061848958,-1798799.6594145
2985,137.011901855469,72.3404057820638,68.2033386230469,-1430632.99410296
2986,136.513799031576,72.6681060791016,75.336669921875,-1602975.94243165
2987,137.015670776367,73.1539713541667,80.7406717936198,-1274003.6284338
2988,136.515686035156,73.4797719319661,87.7980041503906,-1387605.51201267
2989,137.017552693685,73.9731369018555,93.2783355712891,-1330026.88447848
2990,136.519449869792,74.295171101888,100.261998494466,-1315195.40822495
2991,137.023203531901,74.7951380411784,105.816335042318,-1483689.33763559
2992,136.52321879069,75.113405863444,112.724670410156,-766290.898490234
2993,137.025090535482,75.6190388997396,118.352671305339,-1216844.05009092
2994,136.525100708008,75.9335378011068,125.184000651042,207437.612163082
2995,137.028854370117,76.4429372151693,130.88633219401,-301681.958166289
2996,136.528864542643,76.7527033487956,137.642333984375,358834.471467141
2997,137.030736287435,77.2677688598633,143.423004150391,-496879.578074783
2998,136.528864542643,77.5738016764323,150.104670206706,-331461.157109448
2999,137.032623291016,78.0964024861654,155.958669026693,-731269.801768709
3000,136.532638549805,78.3986358642578,162.562001546224,-646319.146542088
3001,137.036397298177,78.9268697102865,168.49033610026,-940094.365115035
3002,136.534525553385,79.2244033813477,175.02033996582,-1006109.43918344
3003,137.038279215495,79.7564036051432,181.024907430013,-1122548.13376255
3004,136.53923034668,80.0501708984375,187.478510538737,-1335257.43490532
3005,137.042984008789,80.5878372192383,193.554539998372,-1318716.08466416
3006,136.542053222656,80.8797378540039,199.932942708333,-1479989.13835265
3007,137.045806884766,81.4258702596029,206.085337320964,-1409273.90973814
3008,136.546758015951,81.71400197347,212.389338175456,-1510093.26475308
3009,137.05051167806,82.2639032999675,218.615168253581,-1369022.7385282
3010,136.548639933268,82.5454381306966,224.842905680339,-1386890.69269362
3011,137.052398681641,83.1009724934896,231.145004272461,-1335797.66479242
3012,136.552408854167,83.3806381225586,237.298334757487,-1247406.16755639
3013,137.056167602539,83.9427693684896,243.673899332682,-1276720.89545463
3014,136.554290771484,84.2186686197917,249.750035603841,-1176678.41472946
3015,137.058049519857,84.7845687866211,256.19997660319,-1234842.26116764
3016,136.556172688802,85.0557708740234,262.199813842773,-1209593.37879144
3017,137.061808268229,85.6282374064128,268.726033528646,-1149706.60778975
3018,136.559931437174,85.8965708414714,274.652455647786,-1180069.92014617
3019,137.065567016602,86.4747034708659,281.254943847656,-1012041.09896773
3020,136.561813354492,86.7383702596029,287.105092366536,-1056823.98823005
3021,137.067454020182,87.3240356445312,293.779134114583,-933801.555326711
3022,136.565587361654,87.5839029947917,299.553009033203,-947337.509765547
3023,137.071228027344,88.1733373006185,306.302368164062,-924568.283407343
3024,136.567474365234,88.426638285319,312.002797444661,-784095.32061133
3025,137.073109944661,89.0226694742839,318.826568603516,-855188.494596045
3026,136.57123819987,89.2731348673503,324.45073445638,-619958.380266791
3027,137.076873779297,89.8748346964518,331.347941080729,-628617.041479648
3028,136.573120117188,90.1206029256185,336.898640950521,-477059.560968751
3029,137.078755696615,90.7298049926758,343.873077392578,-599679.5104121
3030,136.576883951823,90.9717712402344,349.347544352214,-607534.256938317
3031,137.08251953125,91.585703531901,356.39540608724,-1330388.26989751
3032,136.578765869141,91.8239364624023,361.793568929036,-816104.080596817
3033,137.084406534831,92.44447072347,368.915802001953,-1351391.51358127
3034,136.582539876302,92.6779708862305,374.237701416016,-965798.449818718
3035,137.091003417969,93.3041381835938,381.433278401693,-1350767.13925595
3036,136.587249755859,93.5338719685872,386.680735270182,-991083.72149611
3037,137.093826293945,94.1657053629557,393.952667236328,-1329243.843705
3038,136.587249755859,94.3888702392578,399.126993815104,-974645.793343551
3039,137.095713297526,95.0263366699219,406.473327636719,-1291212.55206486
3040,136.591018676758,95.2466710408529,411.569325764974,-954728.107336133
3041,137.099482218424,95.8907038370768,418.988993326823,-1251400.88628531
3042,136.592900594076,96.1072692871094,424.011657714844,-955556.788786118
3043,137.101364135742,96.7588348388672,431.507670084635,-970332.190743221
3044,136.597610473633,96.970703125,436.45399983724,-970008.756523887
3045,137.106074015299,97.6260706583659,444.02333577474,-983742.30146663
3046,136.600438435872,97.832270304362,448.895324707031,-977885.829006979
3047,137.107955932617,98.4942016601562,456.539001464844,-959382.659219799
3048,136.604197184245,98.6985015869141,461.335673014323,-995500.683633232
3049,137.113596598307,99.366101582845,469.053670247396,-945942.138600309
3050,136.607955932617,99.563835144043,473.776000976562,-963123.698208036
3051,137.115478515625,100.237101236979,481.5693359375,-903500.190202825
3052,136.609842936198,100.43106842041,486.215342203776,-934884.744312195
3053,137.119252522786,101.112803141276,494.083343505859,-862856.851826286
3054,136.613616943359,101.301104227702,498.654001871745,-835660.69072101
3055,137.121139526367,101.988471984863,506.597330729167,-794950.735162012
3056,136.615498860677,102.1730372111,511.091328938802,-750008.16372077
3057,137.12489827474,102.8670018514,519.107991536458,-700228.11008974
3058,136.619257609049,103.04780069987,523.528666178385,-633585.782768386
3059,137.126775105794,103.745501200358,531.619995117188,-690197.622735774
3060,136.621139526367,103.918769836426,535.964680989583,-615709.348342603
3061,137.130544026693,104.622136433919,544.130350748698,-715392.423588482
3062,136.624908447266,104.793502807617,548.4013671875,-647503.212083334
3063,137.13525390625,105.505335489909,556.643025716146,-788070.188657305
3064,136.62961324056,105.671068827311,560.837687174479,-747416.235175723
3065,137.998682657878,69.2406692504883,15.7073262532552,-3136072.63333195
3066,138.500559488932,69.7406361897786,20.9633280436198,-1433512.07338481
3067,138.003412882487,70.0589014689128,28.3993326822917,-2579417.40406212
3068,138.505294799805,70.5626678466797,33.7296702067057,-2264912.75058846
3069,138.008127848307,70.8771692911784,41.0920054117839,-2663698.90387348
3070,138.510009765625,71.3865712483724,46.4986724853516,-1830573.09501409
3071,138.010009765625,71.6991729736328,53.7840067545573,-2046161.27787427
3072,138.511876424154,72.2142384847005,59.2640075683594,-1750931.6435671
3073,138.013758341471,72.5221379597982,66.4736735026042,-1601250.22016118
3074,138.515625,73.0419031778971,72.0280049641927,-1473177.91800729
3075,138.015640258789,73.3460362752279,79.1616719563802,-1624076.2250586
3076,138.517522176107,73.8742701212565,84.7916717529297,-1232332.84506625
3077,138.019419352214,74.1755701700846,91.8510030110677,-1409199.63256344
3078,138.52316792806,74.7094370524089,97.5550028483073,-1413241.07593139
3079,138.025054931641,75.00697072347,104.53667195638,-1023497.10672977
3080,138.526921590169,75.5446370442708,110.315007527669,-1196183.71270432
3081,138.026941935221,75.8384373982747,117.222671508789,-573270.379536948
3082,138.528823852539,76.3808034261068,123.076670328776,-626172.222689584
3083,138.030726114909,76.6708043416341,129.909001668294,-301681.958166289
3084,138.534474690755,77.2188034057617,135.837336222331,-639259.885537646
3085,138.034474690755,77.5060017903646,142.595336914062,-496879.578074783
3086,138.536341349284,78.0596694946289,148.599004109701,-775066.712350418
3087,138.036361694336,78.3440373738607,155.280670166016,-731269.801768709
3088,138.540130615234,78.9042714436849,161.35866800944,-985995.694201631
3089,138.040150960286,79.1848704020182,167.965001424154,-940094.365115035
3090,138.543899536133,79.7498372395833,174.117335001628,-1069934.09984682
3091,138.043899536133,80.0238367716471,180.647237141927,-1122548.13376255
3092,138.547648111979,80.5954030354818,186.872970581055,-1168821.07727154
3093,138.045781453451,80.8656361897786,193.326670328776,-1318716.08466416
3094,138.550481160482,81.4437713623047,199.628768920898,-1273818.60491784
3095,138.05143737793,81.7121047973633,206.009033203125,-1409273.90973814
3096,138.55800374349,82.295903523763,212.387400309245,-1295772.23420046
3097,138.056126912435,82.5595703125,218.689534505208,-1369022.7385282
3098,138.559870402018,83.1471379597982,225.141367594401,-1336991.68318632
3099,138.058013916016,83.4070053100586,231.369099934896,-1335797.66479242
3100,138.563654581706,84.0030364990234,237.894368489583,-1342648.40943353
3101,138.061798095703,84.2591349283854,244.045837402344,-1276720.89545463
3102,138.565551757812,84.8608016967773,250.6455078125,-1304619.90394941
3103,138.063680013021,85.1103363037109,256.723510742188,-1234842.26116764
3104,138.569300333659,85.7176717122396,263.3994140625,-1162936.5563945
3105,138.069305419922,85.9643707275391,269.402099609375,-1149706.60778975
3106,138.574946085612,86.5782699584961,276.152425130208,-1006827.75179854
3107,138.073084513346,86.8202692667643,282.078847249349,-1012041.09896773
3108,138.576848347982,87.4398701985677,288.902587890625,-927610.548578376
3109,138.074971516927,87.6799697875977,294.752726236979,-933801.555326711
3110,138.580602010091,88.3061370849609,301.650868733724,-963551.065354928
3111,138.078725179036,88.5396372477214,307.426635742188,-924568.283407343
3112,138.584365844727,89.1695709228516,314.400095621745,-937447.223813144
3113,138.082504272461,89.3993021647135,320.099599202474,-855188.494596045
3114,138.588144938151,90.0348688761393,327.147471110026,-813250.309819631
3115,138.084386189779,90.2599360148112,332.771647135417,-628617.041479648
3116,138.59001159668,90.9011713663737,339.895772298177,-670944.235437762
3117,138.088134765625,91.1252721150716,345.446502685547,-599679.5104121
3118,138.596593221029,91.7730712890625,352.644063313802,-706578.856015728
3119,138.092849731445,91.9915364583333,358.118499755859,-729032.138642411
3120,138.599426269531,92.6459681193034,365.389506022135,-1299494.52114483
3121,138.094736735026,92.8606694539388,370.788645426432,-911667.462764505
3122,138.603215535482,93.5226033528646,378.134145100911,-1300636.40893008
3123,138.101348876953,93.7325719197591,383.456878662109,-967302.870829812
3124,138.609807332357,94.4001388549805,390.878672281901,-1293856.28532273
3125,138.106038411458,94.6035385131836,396.12700398763,-984385.31794088
3126,138.611673990885,95.2749048868815,403.622334798177,-1276554.89639918
3127,138.107925415039,95.4745381673177,408.79433186849,-940265.926657389
3128,138.615458170573,96.1543706258138,416.364003499349,-1252386.14241606
3129,138.111709594727,96.3502019246419,421.462666829427,-953198.013774087
3130,138.619222005208,97.033800760905,429.107666015625,-973324.174109855
3131,138.115458170573,97.2258682250977,434.130004882812,-978029.123501147
3132,138.622970581055,97.91796875,441.849344889323,-977058.368385758
3133,138.117340087891,98.1063028971354,446.796346028646,-982494.754766514
3134,138.624872843424,98.802136739095,454.590006510417,-958637.820513723
3135,138.121124267578,98.9838358561198,459.460673014323,-974174.871735419
3136,138.630523681641,99.6872024536133,467.329671223958,-939339.732022804
3137,138.126754760742,99.8651682535807,472.125996907552,-954411.659148436
3138,138.634272257487,100.575136820475,480.069325764974,-898327.820708847
3139,138.12863667806,100.749336242676,484.790334065755,-917902.183138208
3140,138.636174519857,101.464970906576,492.807342529297,-869169.461665051
3141,138.13242594401,101.634470621745,497.454345703125,-852223.837418511
3142,138.642761230469,102.354771931966,505.547688802083,-820135.550884485
3143,138.137110392253,102.520472208659,510.12001546224,-774927.951204309
3144,138.6474609375,103.246439615885,518.286336263021,-755652.853422653
3145,138.140889485677,103.408404032389,522.780314127604,-700228.11008974
3146,138.651240030924,104.140970865885,531.02197265625,-735632.818957351
3147,138.142766316732,104.297269185384,535.440979003906,-690197.622735774
3148,138.653106689453,105.036437988281,543.756327311198,-768208.261233328
3149,138.146519978841,105.188036600749,548.101013183594,-715392.423588482
3150,138.658757527669,105.933804829915,556.492350260417,-802459.148461989
3151,138.153127034505,106.079737345378,560.763346354167,-788070.188657305
3152,139.497706095378,69.9506378173828,18.8559977213542,-2700828.51799038
3153,139.999608357747,70.488271077474,24.3363342285156,-1218960.72054753
3154,139.50434366862,70.7820358276367,31.7740020751953,-2517562.3796089
3155,140.006210327148,71.3244018554688,37.3303375244141,-2003647.16199692
3156,139.509043375651,71.6144358317057,44.6926727294922,-2448018.51171819
3157,140.01091003418,72.1624374389648,50.3226725260417,-1822240.09480354
3158,139.513743082682,72.4496383666992,57.6086730957031,-1932333.84838211
3159,140.015609741211,73.006103515625,63.3146718343099,-1603316.58734586
3160,139.515609741211,73.2904688517253,70.5243377685547,-1621401.96435519
3161,140.01747639974,73.8507029215495,76.3040008544922,-1423240.69852516
3162,139.519373575846,74.13037109375,83.4376678466797,-1600670.32805803
3163,140.023137410482,74.6953379313151,89.2936655680339,-1363837.84979586
3164,139.525034586589,74.9731038411458,96.3516693115234,-1235984.91720114
3165,140.028767903646,75.5427703857422,102.281672159831,-1264813.02221724
3166,139.528767903646,75.816769917806,109.263341267904,-767091.38601699
3167,140.030634562174,76.3930358886719,115.267008463542,-789405.206634794
3168,139.530670166016,76.6632690429688,122.172673543294,-626172.222689584
3169,140.034439086914,77.2451705932617,128.252670288086,-837636.716584808
3170,139.536341349284,77.5107040405273,135.085001627604,-639259.885537646
3171,140.040074666341,78.1001358032227,141.239334106445,-830505.760917715
3172,139.540074666341,78.3619028727214,147.99533589681,-775066.712350418
3173,140.04384358724,78.9560699462891,154.225001017253,-1010175.94407524
3174,139.543879191081,79.2140706380208,160.906667073568,-985995.694201631
3175,140.047648111979,79.8138707478841,167.21066792806,-1077825.66778509
3176,139.547648111979,80.0690383911133,173.815002441406,-1069934.09984682
3177,140.051381429036,80.6745045979818,180.193303426107,-1130059.49839857
3178,139.551381429036,80.9268697102865,186.721369425456,-1168821.07727154
3179,140.056081136068,81.5389022827148,193.173202514648,-1152770.62581275
3180,139.557047526042,81.7855707804362,199.62690226237,-1273818.60491784
3181,140.06364440918,82.4032389322917,206.15500386556,-1198207.67960261
3182,139.56364440918,82.6452382405599,212.535237630208,-1295772.23420046
3183,140.067408243815,83.2686030069987,219.134902954102,-1290652.89463259
3184,139.565511067708,83.5068359375,225.438898722331,-1336991.68318632
3185,140.069274902344,84.1367365519206,232.114832560221,-1351519.29254096
3186,139.569274902344,84.3730697631836,238.342569986979,-1342648.40943353
3187,140.074940999349,85.0086364746094,245.091939290365,-1364401.71790793
3188,139.57307434082,85.2402699788411,251.243408203125,-1304619.90394941
3189,140.078709920247,85.8796056111654,258.069976806641,-1213496.79470384
3190,139.576807657878,86.1074727376302,264.147979736328,-1162936.5563945
3191,140.082443237305,86.7534383138021,271.048014322917,-1038643.57748169
3192,139.580576578776,86.9775365193685,277.049774169922,-1006827.75179854
3193,140.086242675781,87.6291351318359,284.024200439453,-942518.430856982
3194,139.584376017253,87.8494695027669,289.950592041016,-927610.548578376
3195,140.090006510417,88.5067036946615,297.000325520833,-976653.966018828
3196,139.58810933431,88.7232716878255,302.850463867188,-963551.065354928
3197,140.095642089844,89.38707224528,309.973663330078,-964813.389396213
3198,139.593775431315,89.5998713175456,315.747528076172,-937447.223813144
3199,140.09944152832,90.2693379720052,322.946990966797,-929190.771553319
3200,139.595672607422,90.474604288737,328.647430419922,-813250.309819631
3201,140.102238972982,91.1497395833333,335.921305338542,-785511.420014969
3202,139.600336710612,91.3512395222982,341.545471191406,-670944.235437762
3203,140.108805338542,92.0358047485352,348.892771402995,-738340.354458579
3204,139.606938680013,92.2335357666016,354.440633138021,-706578.856015728
3205,140.115407307943,92.9218343098958,361.8623046875,-769856.462789436
3206,139.611638387044,93.1158014933268,367.336741129557,-835547.075615021
3207,140.117273966471,93.8116353352865,374.834706624349,-874397.151644123
3208,139.613540649414,94.0037358601888,380.232971191406,-927910.193201737
3209,140.121073404948,94.7033360799154,387.804361979167,-921586.869730703
3210,139.619206746419,94.8897705078125,393.127329508464,-972103.011260044
3211,140.126703898112,95.5950368245443,400.77300008138,-967829.385613176
3212,139.622940063477,95.7767715454102,406.019673665365,-954409.376519429
3213,140.13047281901,96.4886372884115,413.740681966146,-971406.441896296
3214,139.626739501953,96.6666030883789,418.913014729818,-957441.139212685
3215,140.136138916016,97.3841018676758,426.708353678385,-983434.770474291
3216,139.632369995117,97.5554682413737,431.804341634115,-970332.190743221
3217,140.139872233073,98.279535929362,439.673004150391,-958671.197678627
3218,139.634236653646,98.4499689737956,444.695668538411,-983742.30146663
3219,140.141774495443,99.1825358072917,452.640004475911,-962368.409974312
3220,139.638041178385,99.3463694254557,457.587341308594,-959382.659219799
3221,140.148376464844,100.081736246745,465.605000813802,-922180.226592554
3222,139.644607543945,100.240870157878,470.47666422526,-945942.138600309
3223,140.154942830404,100.982869466146,478.569661458333,-905827.753099158
3224,139.648376464844,101.139170328776,483.365997314453,-903500.190202825
3225,140.156845092773,101.887736002604,491.533335367839,-857654.935236749
3226,139.650278727214,102.039337158203,496.253672281901,-862856.851826286
3227,140.160614013672,102.792635599772,504.496337890625,-852517.219589067
3228,139.656845092773,102.938570658366,509.143351236979,-794950.735162012
3229,140.167175292969,103.698435465495,517.461344401042,-800790.181771186
3230,139.663441975911,103.840604146322,522.032002766927,-755652.853422653
3231,140.172841389974,104.608004252116,530.421325683594,-789211.66050564
3232,139.66721089681,104.746406555176,534.917317708333,-735632.818957351
3233,140.176610310872,105.52040608724,543.383341471354,-809607.646719387
3234,139.670979817708,105.654139200846,547.803344726562,-768208.261233328
3235,140.180379231771,106.433804829915,556.342692057292,-827305.498576248
3236,139.674743652344,106.561871846517,560.68701171875,-802459.148461989
3237,140.997706095378,70.7622706095378,22.4550069173177,-2044003.837195
3238,141.499572753906,71.338503519694,28.1610056559245,-1221421.46540951
3239,141.003341674805,71.6068700154622,35.5986684163411,-2336551.40655129
3240,141.505208333333,72.1887690226237,41.3810017903646,-1714890.31948176
3241,141.009943644206,72.4543024698893,48.742670694987,-2267122.14114354
3242,141.511810302734,73.0418701171875,54.5993347167969,-1540098.88101028
3243,141.014643351237,73.3064702351888,61.8853352864583,-2002149.6349232
3244,141.516510009766,73.9006373087565,67.8153330485026,-1375359.772744
3245,141.019343058268,74.1605046590169,75.0243326822917,-1678447.26011551
3246,141.523076375326,74.7574717203776,81.0279998779297,-1413397.95531741
3247,141.024973551432,75.0126368204753,88.1636657714844,-1443932.99437555
3248,141.528737386068,75.6181030273438,94.2443339029948,-1339501.17373985
3249,141.030634562174,75.87047068278,101.304336547852,-1141081.44471053
3250,141.532501220703,76.4806391398112,107.458338419596,-1085710.46329443
3251,141.032501220703,76.7292048136393,114.439341227214,-789405.206634794
3252,141.534367879232,77.3468704223633,120.667007446289,-1020945.26733563
3253,141.036270141602,77.5926030476888,127.574671427409,-837636.716584808
3254,141.5400390625,78.2140706380208,133.878667195638,-936990.54763185
3255,141.04194132487,78.4560699462891,140.710998535156,-830505.760917715
3256,141.545674641927,79.0841369628906,147.089335123698,-1069238.74371395
3257,141.047576904297,79.3223698933919,153.84733581543,-1010175.94407524
3258,141.551345825195,79.9542032877604,160.301005045573,-1066761.09239027
3259,141.051381429036,80.1877034505208,166.982671101888,-1077825.66778509
3260,141.555114746094,80.8270365397135,173.510676066081,-1158485.77114552
3261,141.055114746094,81.0586700439453,180.116973876953,-1130059.49839857
3262,141.558848063151,81.7046025594075,186.718470255534,-1112902.53845661
3263,141.059814453125,81.9324696858724,193.24663289388,-1152770.62581275
3264,141.56357828776,82.5821711222331,199.922566731771,-1117245.9498558
3265,141.066441853841,82.806271870931,206.377237955729,-1198207.67960261
3266,141.570205688477,83.4625727335612,213.129440307617,-1218898.92985302
3267,141.071172078451,83.6829045613607,219.506871541341,-1290652.89463259
3268,141.574905395508,84.3448715209961,226.332504272461,-1312160.986255
3269,141.074905395508,84.5604705810547,232.636469523112,-1351519.29254096
3270,141.580540974935,85.228037516276,239.53840637207,-1372068.12675538
3271,141.080576578776,85.4398701985677,245.766138712565,-1364401.71790793
3272,141.586212158203,86.1140696207682,252.741500854492,-1271418.81080642
3273,141.086212158203,86.3221715291341,258.893870035807,-1213496.79470384
3274,141.591842651367,87.0020039876302,265.943613688151,-1110884.27554994
3275,141.089975992839,87.2054036458333,272.019755045573,-1038643.57748169
3276,141.595606486003,87.8909022013346,279.144836425781,-996410.019489983
3277,141.093739827474,88.0905354817708,285.147521972656,-942518.430856982
3278,141.599370320638,88.7826029459635,292.346984863281,-997095.973880354
3279,141.097503662109,88.9784367879232,298.273396809896,-976653.966018828
3280,141.603139241536,89.6761703491211,305.546305338542,-976612.516792382
3281,141.103174845378,89.8682378133138,311.39643351237,-964813.389396213
3282,141.608810424805,90.5725708007812,318.743733723958,-976163.470372505
3283,141.106943766276,90.760871887207,324.520426432292,-929190.771553319
3284,141.613510131836,91.47083791097,331.944000244141,-903644.610299085
3285,141.11257425944,91.6544392903646,337.644439697266,-785511.420014969
3286,141.621007283529,92.3700714111328,345.141448974609,-831594.738177206
3287,141.119140625,92.5499369303385,350.765614827474,-738340.354458579
3288,141.626673380534,93.2721354166667,358.336975097656,-773449.329523921
3289,141.124806722005,93.4463017781575,363.885803222656,-769856.462789436
3290,141.632303873698,94.1741358439128,371.533437093099,-828652.855180293
3291,141.128540039062,94.3455022176107,377.007904052734,-874397.151644123
3292,141.636072794596,95.0790354410807,384.728830973307,-887696.502346469
3293,141.132339477539,95.2447687784831,390.127024332682,-921586.869730703
3294,141.639872233073,95.984868367513,397.922658284505,-961225.665423195
3295,141.136103312174,96.1487019856771,403.245666503906,-967829.385613176
3296,141.64360555013,96.8944346110026,411.11567179362,-986929.908501311
3297,141.141738891602,97.0526351928711,416.364013671875,-961754.424851632
3298,141.649276733398,97.8049697875977,424.309346516927,-988836.043438021
3299,141.14741007487,97.9584706624349,429.481353759766,-973324.174109855
3300,141.654912312826,98.716438293457,437.501007080078,-972397.81228688
3301,141.151143391927,98.8661371866862,442.596669514974,-977058.368385758
3302,141.659612019857,99.6297709147135,450.690663655599,-958047.30238028
3303,141.155878702799,99.7757364908854,455.711334228516,-958637.820513723
3304,141.666244506836,100.545036315918,463.881673177083,-936466.379785481
3305,141.162475585938,100.687202453613,468.828002929688,-939339.732022804
3306,141.672805786133,101.462135314941,477.070678710938,-903779.593590364
3307,141.169041951497,101.598668416341,481.940673828125,-898327.820708847
3308,141.678476969401,102.380200703939,490.259674072266,-879080.172648608
3309,141.172846476237,102.512967427572,495.055999755859,-869169.461665051
3310,141.682245890299,103.302968343099,503.449330647786,-868630.092162217
3311,141.176579793294,103.431035359701,508.16933186849,-820135.550884485
3312,141.687876383464,104.226669311523,516.637329101562,-824789.952859457
3313,141.182240804036,104.348134358724,521.28232828776,-800790.181771186
3314,141.691670735677,105.150367736816,529.824666341146,-841986.458248406
3315,141.186004638672,105.268068949382,534.393005371094,-789211.66050564
3316,141.695404052734,106.075970967611,543.007690429688,-828716.010943698
3317,141.191640218099,106.189905802409,547.502034505208,-809607.646719387
3318,141.701075236003,107.003471374512,556.193033854167,-856407.709225231
3319,141.195444742839,107.113637288411,560.613688151042,-827305.498576248
3320,142.499537150065,71.6765365600586,26.5056711832682,-2150863.19297472
3321,143.003270467122,72.292371114095,32.4376678466797,-1318701.86298503
3322,142.505172729492,72.5362370808919,39.8753356933594,-2181486.41384885
3323,143.007039388021,73.1577021280925,45.8810017903646,-1454111.66910668
3324,142.508941650391,73.3978017171224,53.2433319091797,-2212649.98790398
3325,143.010808308919,74.025868733724,59.322998046875,-1148854.34782864
3326,142.515543619792,74.2641042073568,66.6089986165365,-2023690.98553357
3327,143.01741027832,74.8978042602539,72.7623341878255,-1303964.99215142
3328,142.522109985352,75.1313044230143,79.9723358154297,-1592229.47357032
3329,143.023040771484,75.7687708536784,86.2040049235026,-1515329.60252224
3330,142.527770996094,76.0004043579102,93.340337117513,-1339501.17373985
3331,143.029668172201,76.6444702148438,99.6463368733724,-1433079.22147719
3332,142.532501220703,76.8723373413086,106.704335530599,-1085710.46329443
3333,143.034367879232,77.5220362345378,113.082000732422,-1248027.01894066
3334,142.53623453776,77.7480036417643,120.063669840495,-1020945.26733563
3335,143.040003458659,78.4042689005534,126.517333984375,-1073607.25798075
3336,142.541905721029,78.6246032714844,133.424667358398,-936990.54763185
3337,143.045674641927,79.2846705118815,139.954666137695,-1164028.62618999
3338,142.547541300456,79.5022048950195,146.787002563477,-1069238.74371395
3339,143.051310221354,80.1698048909505,153.391337076823,-1102430.143305
3340,142.553212483724,80.3835703531901,160.147338867188,-1066761.09239027
3341,143.056981404622,81.057736714681,166.825337727865,-1187650.31866725
3342,142.558848063151,81.267702738444,173.507008870443,-1158485.77114552
3343,143.062611897786,81.9475377400716,180.259272257487,-1134197.46233263
3344,142.562611897786,82.1528040568034,186.864435831706,-1112902.53845661
3345,143.066375732422,82.8364054361979,193.690129597982,-1117859.80009028
3346,142.566375732422,83.0379053751628,200.220097859701,-1117245.9498558
3347,143.07297261556,83.7281061808268,207.122034708659,-1134853.80339733
3348,142.573939005534,83.9286727905273,213.576705932617,-1218898.92985302
3349,143.080505371094,84.6273396809896,220.553939819336,-1267647.41522364
3350,142.580505371094,84.8232065836589,226.932306925456,-1312160.986255
3351,143.086140950521,85.5246734619141,233.983907063802,-1318609.27375343
3352,142.586176554362,85.7139053344727,240.286041259766,-1372068.12675538
3353,143.091812133789,86.4219716389974,247.412038167318,-1300192.36905617
3354,142.591812133789,86.6103032430013,253.639765421549,-1271418.81080642
3355,143.097442626953,87.3240381876628,260.841094970703,-1179385.73756242
3356,142.597473144531,87.5076370239258,266.99257405599,-1110884.27554994
3357,143.103103637695,88.2270050048828,274.266428629557,-1090361.12554615
3358,142.603103637695,88.4068705240885,280.342549641927,-996410.019489983
3359,143.108739217122,89.1328379313151,287.692677815755,-1027188.74711535
3360,142.606872558594,89.3089370727539,293.694427490234,-997095.973880354
3361,143.112508138021,90.04150390625,301.117970784505,-1002963.02394721
3362,142.610641479492,90.2129033406575,307.043436686198,-976612.516792382
3363,143.119110107422,90.9501698811849,314.543273925781,-985083.246617409
3364,142.617243448893,91.1177698771159,320.393442789714,-976163.470372505
3365,143.12570699056,91.8616027832031,327.967641194661,-980429.496097785
3366,142.623840332031,92.0263697306315,333.741505940755,-903644.610299085
3367,143.132303873698,92.775868733724,341.389139811198,-924639.271341823
3368,142.630406697591,92.9359690348307,347.088643391927,-831594.738177206
3369,143.137939453125,93.6911366780599,354.810679117839,-836379.888345127
3370,142.636072794596,93.8474375406901,360.434844970703,-773449.329523921
3371,143.14360555013,94.6091715494792,368.230305989583,-811172.863175224
3372,142.64170328776,94.7617034912109,373.780069986979,-828652.855180293
3373,143.149205525716,95.5291035970052,381.651845296224,-867474.241304287
3374,142.647338867188,95.6750691731771,387.126139322917,-887696.502346469
3375,143.154876708984,96.4462356567383,395.072336832682,-938047.810160056
3376,142.651143391927,96.5903015136719,400.470662434896,-961225.665423195
3377,143.158676147461,97.3699340820312,408.492329915365,-971959.38064232
3378,142.654907226562,97.5102335611979,413.814331054688,-971406.441896296
3379,143.165242513021,98.2964680989583,421.910003662109,-988826.06318983
3380,142.661478678385,98.4330037434896,427.156677246094,-983434.770474291
3381,143.171844482422,99.2249043782552,435.326009114583,-976211.36074439
3382,142.667144775391,99.3548380533854,440.498331705729,-958671.197678627
3383,143.177474975586,100.152369181315,448.741994222005,-955133.100622481
3384,142.673711140951,100.277603149414,453.838663736979,-962368.409974312
3385,143.184076944987,101.08080291748,462.155670166016,-935335.767410133
3386,142.68034362793,101.202270507812,467.178009033203,-922180.226592554
3387,143.189743041992,102.012036641439,475.57133992513,-906492.089992898
3388,142.685974121094,102.129735310872,480.51767985026,-905827.753099158
3389,143.195373535156,102.946100870768,488.984680175781,-886589.205573137
3390,142.691640218099,103.060033162435,493.856679280599,-857654.935236749
3391,143.201039632161,103.882034301758,502.399668375651,-887927.023891538
3392,142.697275797526,103.992202758789,507.195994059245,-852517.219589067
3393,143.206675211589,104.82270304362,515.811665852865,-871787.176319014
3394,142.702941894531,104.929102579753,520.532999674479,-824789.952859457
3395,143.213272094727,105.762402852376,529.223999023438,-872731.762248726
3396,142.707636515299,105.86220296224,533.870666503906,-841986.458248406
3397,143.217971801758,106.701169331868,542.636006673177,-871050.80460015
3398,142.711405436198,106.797236124674,547.20469156901,-828716.010943698
3399,143.223607381185,107.642804463704,556.04335530599,-869672.638964424
3400,142.717041015625,107.735104878743,560.537353515625,-856407.709225231
3401,144.003270467122,72.6935043334961,31.0076700846354,-2144731.11538996
3402,144.505137125651,73.3479385375977,37.1636708577474,-2132523.01922715
3403,144.00700378418,73.5682703653971,44.5993347167969,-2116395.46218575
3404,144.508906046549,74.2283045450846,50.8300018310547,-1341701.20043118
3405,144.010808308919,74.4458033243815,58.1913350423177,-2140275.43803665
3406,144.514577229818,75.1115036010742,64.4973347981771,-1017712.18613193
3407,144.016443888346,75.3252690633138,71.7823333740234,-1932722.67739547
3408,144.520207722982,75.9966354370117,78.1626688639323,-1812408.23110288
3409,144.022104899089,76.2066370646159,85.3743387858073,-1515329.60252224
3410,144.525868733724,76.8845698038737,91.8310038248698,-1571420.99916236
3411,144.028701782227,77.0907694498698,98.9666697184245,-1433079.22147719
3412,144.533401489258,77.7743682861328,105.494669596354,-1375667.3728179
3413,144.03623453776,77.9777679443359,112.552001953125,-1248027.01894066
3414,144.539967854818,78.66796875,119.156336466471,-1277101.33375236
3415,144.041870117188,78.8685022989909,126.139999389648,-1073607.25798075
3416,144.545639038086,79.5624694824219,132.819666544596,-1211668.48068948
3417,144.047541300456,79.7583033243815,139.72699991862,-1164028.62618999
3418,144.551274617513,80.4598032633464,146.481333414714,-1168160.07578227
3419,144.053176879883,80.6537704467773,153.313334147135,-1102430.143305
3420,144.556940714518,81.3618698120117,160.141001383464,-1191866.64256755
3421,144.058842976888,81.5520706176758,166.897003173828,-1187650.31866725
3422,144.562571207682,82.2639032999675,173.801005045573,-1165340.40113929
3423,144.064473470052,82.4494043986003,180.481602986654,-1134197.46233263
3424,144.568237304688,83.1669031778971,187.458704630534,-1138579.70595957
3425,144.070139567057,83.348637898763,194.062067667643,-1117859.80009028
3426,144.576705932617,84.0727030436198,201.115570068359,-1137713.8088897
3427,144.07953898112,84.2506713867188,207.645568847656,-1134853.80339733
3428,144.58610534668,84.9804026285807,214.773473103841,-1210170.69539888
3429,144.08610534668,85.156504313151,221.227172851562,-1267647.41522364
3430,144.591740926107,85.8919041951497,228.429438273112,-1273282.9650202
3431,144.091776529948,86.0642064412435,234.807805379232,-1318609.27375343
3432,144.597412109375,86.8033396402995,242.083536783854,-1257633.74069397
3433,144.097412109375,86.9718729654948,248.385635375977,-1300192.36905617
3434,144.603042602539,87.7195053100586,255.736704508464,-1211002.1398918
3435,144.103073120117,87.8833389282227,261.964436848958,-1179385.73756242
3436,144.608739217122,88.636604309082,269.389892578125,-1178774.78747595
3437,144.108739217122,88.7966715494792,275.540405273438,-1090361.12554615
3438,144.614374796549,89.5565363566081,283.040222167969,-1084029.02029068
3439,144.114374796549,89.7128372192383,289.116373697917,-1027188.74711535
3440,144.620010375977,90.4783706665039,296.691518147786,-1038700.42306372
3441,144.120010375977,90.6309382120768,302.691365559896,-1002963.02394721
3442,144.626576741536,91.4021377563477,310.340891520182,-994506.840436558
3443,144.12754313151,91.5499699910482,316.267333984375,-985083.246617409
3444,144.634140014648,92.3277028401693,323.991271972656,-1002336.41331699
3445,144.134170532227,92.4717356363932,329.84141031901,-980429.496097785
3446,144.64170328776,93.2560704549154,337.638743082682,-978683.765761769
3447,144.14170328776,93.3954366048177,343.412607828776,-924639.271341823
3448,144.649205525716,94.185437520345,351.286244710286,-915765.724643698
3449,144.147338867188,94.3210372924805,356.98481241862,-836379.888345127
3450,144.654876708984,95.116704305013,364.932851155599,-834608.87794368
3451,144.153010050456,95.2485376993815,370.554178873698,-811172.863175224
3452,144.660512288411,96.0489044189453,378.577473958333,-853185.130014027
3453,144.158610026042,96.1769383748372,384.125376383464,-867474.241304287
3454,144.666142781576,96.9829381306966,392.223012288411,-911956.404296291
3455,144.164276123047,97.1062698364258,397.695678710938,-938047.810160056
3456,144.672744750977,97.919802347819,405.867004394531,-971959.38064232
3457,144.170878092448,98.0394007364909,411.265329996745,-986929.908501311
3458,144.679341634115,98.8595352172852,419.509999593099,-988665.234590039
3459,144.177474975586,98.9763031005859,424.832672119141,-988836.043438021
3460,144.685907999674,99.8020706176758,433.152679443359,-980892.901446612
3461,144.184041341146,99.9141362508138,438.399342854818,-972397.81228688
3462,144.69157409668,100.745569864909,446.792673746745,-969258.822396533
3463,144.189707438151,100.85386912028,451.963002522786,-958047.30238028
3464,144.699106852214,101.690935770671,460.43266805013,-936332.8022084
3465,144.197240193685,101.792635599772,465.528666178385,-936466.379785481
3466,144.706639607747,102.636304219564,474.07167561849,-926541.85736852
3467,144.202875773112,102.734237670898,479.092010498047,-903779.593590364
3468,144.712275187174,103.584503173828,487.709676106771,-902598.586102372
3469,144.208541870117,103.678667704264,492.656005859375,-879080.172648608
3470,144.718907674154,104.536468505859,501.349009195964,-916370.931024
3471,144.215138753255,104.625902811686,506.220672607422,-868630.092162217
3472,144.725474039714,105.489336649577,514.987660725911,-894003.34577577
3473,144.220774332682,105.575968424479,519.78232828776,-871787.176319014
3474,144.731140136719,106.446001688639,528.622009277344,-898722.291385525
3475,144.22737121582,106.526036580404,533.342346191406,-872731.762248726
3476,144.737701416016,107.399836222331,542.257344563802,-890344.12347577
3477,144.23393758138,107.475168863932,546.904337565104,-871050.80460015
3478,144.745239257812,108.356501261393,555.893676757812,-892216.099085397
3479,144.241475423177,108.428070068359,560.464009602865,-869672.638964424
3480,145.503239949544,73.8121388753255,35.9566701253255,-2092272.24246974
3481,146.005106608073,74.5061060587565,42.336669921875,-2256558.65993156
3482,145.508906046549,74.7019399007161,49.7743377685547,-2060290.97951054
3483,146.010772705078,75.4015401204427,56.2300059000651,-1386849.44377228
3484,145.514541625977,75.5936050415039,63.5916697184245,-1974538.34017893
3485,146.016408284505,76.2988713582357,70.1233367919922,-1778478.29180719
3486,145.520207722982,76.4881362915039,77.4093373616536,-1812408.23110288
3487,146.02207438151,77.2000045776367,84.0153401692708,-1777288.98776563
3488,145.525838216146,77.3864364624023,91.225336710612,-1571420.99916236
3489,146.029571533203,78.1029713948568,97.9050038655599,-1553580.55521565
3490,145.534301757812,78.2847035725911,105.038670857747,-1375667.3728179
3491,146.039001464844,79.0059712727865,111.79167175293,-1415364.15246069
3492,145.541834513346,79.1858367919922,118.852005004883,-1277101.33375236
3493,146.045567830404,79.9155705769857,125.682337443034,-1298942.78631658
3494,145.547470092773,80.0916697184245,132.66633605957,-1211668.48068948
3495,146.051239013672,80.8251698811849,139.570002237956,-1241268.88337211
3496,145.553141276042,80.9974695841471,146.477666219076,-1168160.07578227
3497,146.056874593099,81.7375361124675,153.457667032878,-1210945.8989206
3498,145.558771769206,81.907969156901,160.289001464844,-1191866.64256755
3499,146.06440226237,82.6537017822266,167.34233601888,-1199594.07968224
3500,145.566299438477,82.8194351196289,174.098337809245,-1165340.40113929
3501,146.071935017904,83.5708363850911,181.226170857747,-1158194.79820374
3502,145.571970621745,83.7328033447266,187.905939737956,-1138579.70595957
3503,146.077606201172,84.4908040364583,195.10720316569,-1186604.96686083
3504,145.580439249674,84.6489690144857,201.713470458984,-1137713.8088897
3505,146.087005615234,85.412602742513,208.991068522135,-1195830.81768954
3506,145.589838663737,85.5660680135091,215.521072387695,-1210170.69539888
3507,146.093607584635,86.3353678385417,222.873072306315,-1232052.11727763
3508,145.595509847005,86.485102335612,229.32773844401,-1273282.9650202
3509,146.10117594401,87.2609710693359,236.753168741862,-1201665.03046415
3510,145.603042602539,87.4069061279297,243.130599975586,-1257633.74069397
3511,146.108673095703,88.1893717447917,250.629506429036,-1213880.29703873
3512,145.608673095703,88.3334376017253,256.933512369792,-1211002.1398918
3513,146.114339192708,89.1215693155925,264.509613037109,-1220860.39267069
3514,145.614374796549,89.2609024047852,270.738260904948,-1178774.78747595
3515,146.120010375977,90.0546696980794,278.387786865234,-1163870.47989872
3516,145.620010375977,90.1902364095052,284.539235432943,-1084029.02029068
3517,146.125640869141,90.9877700805664,292.264119466146,-1067363.24211225
3518,145.625640869141,91.1196034749349,298.340250651042,-1038700.42306372
3519,146.134104410807,91.9256388346354,306.137634277344,-1031725.5444037
3520,145.635040283203,92.0556055704753,312.138427734375,-994506.840436558
3521,146.14350382487,92.8653717041016,320.012064615885,-1013510.60183182
3522,145.641637166341,92.989636739095,325.938466389974,-1002336.41331699
3523,146.149169921875,93.8059692382812,333.885538736979,-1012824.40721622
3524,145.649205525716,93.9283701578776,339.735677083333,-978683.765761769
3525,146.156707763672,94.7513376871745,347.759043375651,-966861.243870175
3526,145.656707763672,94.8690388997396,353.53574625651,-915765.724643698
3527,146.164210001628,95.6967035929362,361.633504231771,-902264.112754565
3528,145.664245605469,95.8087692260742,367.332041422526,-834608.87794368
3529,146.171778361003,96.6421025594075,375.503336588542,-861619.119099294
3530,145.669911702474,96.7504043579102,381.12744140625,-853185.130014027
3531,146.177408854167,97.592170715332,389.375010172526,-905537.400568579
3532,145.675542195638,97.6966705322266,394.922678629557,-911956.404296291
3533,146.184005737305,98.5441029866536,403.241678873698,-950445.472177428
3534,145.683074951172,98.6439030965169,408.713338216146,-971959.38064232
3535,146.191543579102,99.4979349772135,417.108673095703,-955899.810788407
3536,145.689676920573,99.5939687093099,422.507008870443,-988826.06318983
3537,146.199106852214,100.453669230143,430.976674397786,-980509.344378615
3538,145.697204589844,100.545003255208,436.299672444661,-976211.36074439
3539,146.206604003906,101.410336812337,444.843668619792,-960479.507310895
3540,145.702840169271,101.4988377889,450.090006510417,-955133.100622481
3541,146.212275187174,102.370770772298,458.706339518229,-947030.561188578
3542,145.710408528646,102.454569498698,463.878672281901,-935335.767410133
3543,146.219807942708,103.332135518392,472.571665445964,-918873.801409364
3544,145.717905680339,103.412170410156,477.668670654297,-906492.089992898
3545,146.228240966797,104.296338399251,486.435668945312,-926406.308805028
3546,145.726374308268,104.370737711589,491.456339518229,-886589.205573137
3547,146.236740112305,105.260536193848,500.299001057943,-916370.931024
3548,145.733006795247,105.332102457682,505.245340983073,-887927.023891538
3549,146.243336995443,106.229436238607,514.16200764974,-916717.021687538
3550,145.739573160807,106.297236124674,519.03266398112,-894003.34577577
3551,146.250839233398,107.19926961263,528.024007161458,-925190.647900553
3552,145.747105916341,107.261403401693,532.818684895833,-898722.291385525
3553,146.258407592773,108.169102986654,541.883707682292,-913878.339126261
3554,145.752772013346,108.227500915527,546.602030436198,-890344.12347577
3555,146.264043172201,109.140866597493,555.743021647135,-901496.118074539
3556,145.760274251302,109.194534301758,560.387674967448,-892216.099085397
3557,147.003209431966,75.0352732340495,41.3556722005208,-2227745.98901775
3558,147.505076090495,75.7687733968099,47.9636739095052,-2106372.98261758
3559,147.00883992513,75.9392064412435,55.4003397623698,-1835679.97152226
3560,147.510706583659,76.6774063110352,62.0820058186849,-1703052.5041751
3561,147.014506022135,76.8450063069661,69.4433390299479,-1778478.29180719
3562,147.518274943034,77.5907389322917,76.1993408203125,-1712270.97970132
3563,147.022043863932,77.756472269694,83.485341389974,-1777288.98776563
3564,147.52577718099,78.5069376627604,90.3150075276693,-1685079.90170267
3565,147.029541015625,78.6670049031575,97.5246734619141,-1553580.55521565
3566,147.53330485026,79.4231033325195,104.430338541667,-1623386.43207938
3567,147.03803507487,79.5803375244141,111.563669840495,-1415364.15246069
3568,147.541803995768,80.3421045939128,118.543670654297,-1389052.94787685
3569,147.046503702799,80.4974721272786,125.602005004883,-1298942.78631658
3570,147.550272623698,81.2658055623372,132.658340454102,-1323939.51779656
3571,147.053105672201,81.4174041748047,139.642339070638,-1241268.88337211
3572,147.556874593099,82.1895039876302,146.772003173828,-1294975.52916127
3573,147.058741251628,82.3373362223307,153.679667154948,-1210945.8989206
3574,147.562505086263,83.1169687906901,160.883000691732,-1235312.11792896
3575,147.066268920898,83.2629013061523,167.714335123698,-1199594.07968224
3576,147.571935017904,84.0482025146484,174.992004394531,-1223320.81235094
3577,147.075703938802,84.1904042561849,181.747838338216,-1158194.79820374
3578,147.579472859701,84.9823048909505,189.099909464518,-1204648.09353409
3579,147.081339518229,85.1207377115885,195.779505411784,-1186604.96686083
3580,147.585108439128,85.91636912028,203.207773844401,-1211111.03515751
3581,147.08794148763,86.0500691731771,209.813069661458,-1195830.81768954
3582,147.594543457031,86.8541692097982,217.314804077148,-1218966.8996257
3583,147.097376505534,86.9860026041667,223.844802856445,-1232052.11727763
3584,147.603012084961,87.7939020792643,231.420903523763,-1149583.60518433
3585,147.104909261068,87.9191360473633,237.874603271484,-1201665.03046415
3586,147.610539754232,88.732671101888,245.524134318034,-1192463.15643413
3587,147.112436930339,88.8569717407227,251.901606241862,-1213880.29703873
3588,147.618072509766,89.6790033976237,259.627405802409,-1225750.35359126
3589,147.119974772135,89.7995351155599,265.931406656901,-1220860.39267069
3590,147.625610351562,90.6243693033854,273.733459472656,-1199943.06726616
3591,147.125610351562,90.7401707967122,279.961191813151,-1163870.47989872
3592,147.631240844727,91.5716044108073,287.833892822266,-1129605.70766207
3593,147.131271362305,91.6836369832357,293.985371907552,-1067363.24211225
3594,147.639734903971,92.5216700236003,301.935272216797,-1053042.36367216
3595,147.142567952474,92.6318384806315,308.011403401693,-1031725.5444037
3596,147.651036580404,93.4783376057943,316.035664876302,-1037219.27699166
3597,147.151036580404,93.5819040934245,322.035532633464,-1013510.60183182
3598,147.656672159831,94.4312032063802,330.135131835938,-1009629.17643888
3599,147.156672159831,94.5310033162435,336.058736165365,-1012824.40721622
3600,147.664210001628,95.3888041178385,344.232737223307,-1001944.35289058
3601,147.164210001628,95.4867375691732,350.08290608724,-966861.243870175
3602,147.671712239583,96.3502044677734,358.330373128255,-943069.854388618
3603,147.171712239583,96.4424692789714,364.104268391927,-902264.112754565
3604,147.681111653646,97.3106358846029,372.426106770833,-905228.479172002
3605,147.181142171224,97.398203531901,378.126637776693,-861619.119099294
3606,147.689605712891,98.2739028930664,386.52207438151,-892725.683100318
3607,147.187739054362,98.3595682779948,392.146341959635,-905537.400568579
3608,147.696207682292,99.24183400472,400.615010579427,-933010.29713026
3609,147.194341023763,99.3218688964844,406.162679036458,-950445.472177428
3610,147.704706827799,100.207903544108,414.70566813151,-939584.238762288
3611,147.202840169271,100.284169514974,420.180002848307,-988665.234590039
3612,147.712239583333,101.177736918132,428.799336751302,-955031.162861308
3613,147.210372924805,101.251202901204,434.197672526042,-980892.901446612
3614,147.719772338867,102.150436401367,442.891662597656,-964141.410479209
3615,147.217905680339,102.218236287435,448.214660644531,-969258.822396533
3616,147.727305094401,103.122169494629,456.983662923177,-935418.379246253
3617,147.225438435872,103.18620300293,462.22900390625,-936332.8022084
3618,147.735773722331,104.097668965658,471.07167561849,-930793.819788923
3619,147.232009887695,104.15980275472,476.242004394531,-926541.85736852
3620,147.742340087891,105.077870686849,485.160003662109,-925408.857897532
3621,147.240473429362,105.134371439616,490.256663004557,-902598.586102372
3622,147.752705891927,106.05807240804,499.249664306641,-921538.203782553
3623,147.250839233398,106.109837849935,504.271331787109,-916370.931024
3624,147.760238647461,107.041069030762,513.338002522786,-938840.903908054
3625,147.256469726562,107.089101155599,518.282338460286,-916717.021687538
3626,147.767740885417,108.026934305827,527.42333984375,-931081.450360424
3627,147.265874226888,108.06930287679,532.294352213542,-925190.647900553
3628,147.77717590332,109.010902404785,541.510009765625,-934869.036321341
3629,147.273442586263,109.048568725586,546.3046875,-913878.339126261
3630,147.783808390299,109.998634338379,555.593343098958,-917766.817024384
3631,147.280044555664,110.032534281413,560.313354492188,-901496.118074539
3632,148.502212524414,76.3610382080078,47.2076721191406,-2106372.98261758
3633,149.003143310547,77.1331380208333,54.0390065511068,-2144953.1036639
3634,148.507873535156,77.2790730794271,61.4766743977865,-1703052.5041751
3635,149.011637369792,78.0568389892578,68.3823394775391,-1656528.80729263
3636,148.518239339193,78.2009048461914,75.7436726888021,-1712270.97970132
3637,149.02197265625,78.986203511556,82.7236735026042,-1592062.16866156
3638,148.525741577148,79.1265029907227,90.0090077718099,-1685079.90170267
3639,149.029505411784,79.91650390625,97.0653381347656,-1756502.89734163
3640,148.53330485026,80.0530370076497,104.277002970378,-1623386.43207938
3641,149.037068684896,80.8486709594727,111.406667073568,-1560011.61953007
3642,148.540837605794,80.9805043538411,118.540003458659,-1389052.94787685
3643,149.044570922852,81.7818044026693,125.744338989258,-1379341.326587
3644,148.549306233724,81.9117380777995,132.804341634115,-1323939.51779656
3645,149.054005940755,82.7196375528971,140.084004720052,-1349919.42955629
3646,148.558741251628,82.8458048502604,147.067667643229,-1294975.52916127
3647,149.062474568685,83.6593704223633,154.421666463216,-1273497.48919558
3648,148.564371744792,83.7827021280925,161.329335530599,-1235312.11792896
3649,149.070002237956,84.6019032796224,168.75666809082,-1265689.28351568
3650,148.573801676432,84.7214711507161,175.588002522786,-1223320.81235094
3651,149.079437255859,85.5472717285156,183.091471354167,-1215726.78668719
3652,148.581339518229,85.6659037272135,189.847544352214,-1204648.09353409
3653,149.086975097656,86.4982706705729,197.425445556641,-1272776.00537941
3654,148.588877360026,86.6103032430013,204.106079101562,-1211111.03515751
3655,149.094512939453,87.4455032348633,211.759373982747,-1250850.29669512
3656,148.597345987956,87.555669148763,218.362803141276,-1218966.8996257
3657,149.103912353516,88.3993377685547,226.089569091797,-1141958.09576865
3658,148.606745402018,88.5057373046875,232.617670694987,-1149583.60518433
3659,149.112375895182,89.3531697591146,240.419738769531,-1156709.64742521
3660,148.614273071289,89.4548695882161,246.872502644857,-1192463.15643413
3661,149.119903564453,90.3089040120443,254.748031616211,-1212942.84778693
3662,148.621805826823,90.4087371826172,261.125462849935,-1225750.35359126
3663,149.129308064779,91.2684020996094,269.076314290365,-1208581.22797957
3664,148.631210327148,91.3635025024414,275.380310058594,-1199943.06726616
3665,149.136840820312,92.2288360595703,283.405558268229,-1186062.1577815
3666,148.636871337891,92.3211364746094,289.631408691406,-1129605.70766207
3667,149.145334879557,93.1949361165365,297.731048583984,-1107512.71320077
3668,148.64816792806,93.283437093099,303.883433024089,-1053042.36367216
3669,149.15663655599,94.1628723144531,312.057434082031,-1068470.27862493
3670,148.656672159831,94.2476043701172,318.133534749349,-1037219.27699166
3671,149.164210001628,95.1308034261068,326.381001790365,-1025769.88894245
3672,148.664210001628,95.2108357747396,332.382731119792,-1009629.17643888
3673,149.171712239583,96.0997034708659,340.705535888672,-1014790.71102527
3674,148.671712239583,96.1778717041016,346.63193766276,-1001944.35289058
3675,149.181111653646,97.0742721557617,355.029103597005,-991607.822126654
3676,148.681111653646,97.148671468099,360.877370198568,-943069.854388618
3677,149.18864440918,98.0507380167643,369.348002115885,-959245.444217638
3678,148.68864440918,98.1204376220703,375.122843424479,-905228.479172002
3679,149.199010213216,99.0281372070312,383.669708251953,-918980.343849248
3680,148.699940999349,99.0940348307292,389.368408203125,-892725.683100318
3681,149.208409627279,100.009267171224,397.989664713542,-912507.021375762
3682,148.70654296875,100.071400960286,403.611999511719,-933010.29713026
3683,149.215942382812,100.991335550944,412.306671142578,-916366.466683554
3684,148.715972900391,101.047803243001,417.852671305339,-955899.810788407
3685,149.225372314453,101.973403930664,426.624674479167,-941814.820140272
3686,148.723505655924,102.027071634928,432.097005208333,-980509.344378615
3687,149.232905069987,102.960205078125,440.942342122396,-949578.879346458
3688,148.731038411458,103.010103861491,446.338663736979,-960479.507310895
3689,149.241404215495,103.949836730957,455.258666992188,-938637.142966865
3690,148.739537556966,103.994102478027,460.58066813151,-947030.561188578
3691,149.251770019531,104.939470926921,469.572672526042,-928186.067135337
3692,148.749872843424,104.97900390625,474.818339029948,-918873.801409364
3693,149.260208129883,105.930971781413,483.885009765625,-938713.788110047
3694,148.756439208984,105.967704772949,489.056345621745,-926406.308805028
3695,149.267740885417,106.926272074382,498.199005126953,-939176.035572536
3696,148.765874226888,106.960138956706,503.295664469401,-921538.203782553
3697,149.27717590332,107.92337290446,512.512003580729,-935126.685615389
3698,148.773406982422,107.952537536621,517.532674153646,-938840.903908054
3699,149.285639444987,108.922403971354,526.823689778646,-942531.854787839
3700,148.78374226888,108.948768615723,531.77001953125,-931081.450360424
3701,149.295974731445,109.925203959147,541.135009765625,-936503.350480015
3702,148.791275024414,109.944969177246,546.003987630208,-934869.036321341
3703,149.303507486979,110.926137288411,555.443318684896,-925332.520973088
3704,148.799774169922,110.942136128743,560.237996419271,-917766.817024384
3705,150.000310262044,77.789436340332,53.5070037841797,-2144953.1036639
3706,150.502176920573,78.6010716756185,60.5633392333984,-2077730.60485233
3707,150.008773803711,78.7225392659505,68.0010070800781,-1656528.80729263
3708,150.513473510742,79.5398381551107,75.1326700846354,-1312143.94756042
3709,150.02007039388,79.6594365437825,82.4940032958984,-1592062.16866156
3710,150.523839314779,80.4833374023438,89.6993357340495,-1728958.48763563
3711,150.029505411784,80.6001052856445,96.9853363037109,-1756502.89734163
3712,150.533274332682,81.4277725219727,104.266667683919,-1736021.49315039
3713,150.037038167318,81.539805094401,111.476333618164,-1560011.61953007
3714,150.540771484375,82.3731384277344,118.829335530599,-1483182.7593997
3715,150.04453531901,82.4833043416341,125.964004516602,-1379341.326587
3716,150.548304239909,83.3232040405273,133.394007364909,-1403223.26812028
3717,150.053039550781,83.4296035766602,140.454004923503,-1349919.42955629
3718,150.559641520182,84.2751388549805,147.959335327148,-1299048.00515935
3719,150.064341227214,84.3787384033203,154.943333943685,-1273497.48919558
3720,150.568074544271,85.2299372355143,162.52333577474,-1305580.55428241
3721,150.071838378906,85.3297704060872,169.429000854492,-1265689.28351568
3722,150.57746887207,86.1875712076823,177.082265218099,-1321689.41498651
3723,150.081268310547,86.2855046590169,183.913401285807,-1215726.78668719
3724,150.585037231445,87.1498692830404,191.641204833984,-1303032.45155551
3725,150.088841756185,87.2440032958984,198.397176106771,-1272776.00537941
3726,150.594477335612,88.1140365600586,206.199274698893,-1256593.67518114
3727,150.09824625651,88.203503926595,212.880839029948,-1250850.29669512
3728,150.60481262207,89.0792032877604,220.756368001302,-1132199.93962205
3729,150.107645670573,89.1648712158203,227.361668904622,-1141958.09576865
3730,150.614242553711,90.0471394856771,235.313471476237,-1158520.77412271
3731,150.116139729818,90.1290384928385,241.843439737956,-1156709.64742521
3732,150.623672485352,91.016970316569,249.869603474935,-1172034.56746186
3733,150.12553914388,91.0951360066732,256.321431477865,-1212942.84778693
3734,150.631174723307,91.9887364705404,264.422943115234,-1200315.10766974
3735,150.133041381836,92.0621693929036,270.80039469401,-1208581.22797957
3736,150.64057413737,92.963269551595,278.975351969401,-1189547.75644569
3737,150.142471313477,93.0348358154297,285.276519775391,-1186062.1577815
3738,150.648137410482,93.9406712849935,293.525838216146,-1162649.56075677
3739,150.150970458984,94.0084711710612,299.754516601562,-1107512.71320077
3740,150.659439086914,94.9208730061849,308.078236897786,-1087150.50437475
3741,150.162272135417,94.9867731730143,314.228769938151,-1068470.27862493
3742,150.669809977214,95.9048385620117,322.625935872396,-1042314.40361916
3743,150.171712239583,95.9641367594401,328.702067057292,-1025769.88894245
3744,150.679214477539,96.8878351847331,337.175496419271,-1009901.37589752
3745,150.179214477539,96.943369547526,343.177235921224,-1014790.71102527
3746,150.686711629232,97.87366994222,351.724110921224,-1009360.40124677
3747,150.188608805339,97.92640431722,357.649576822917,-991607.822126654
3748,150.696141560872,98.8623708089193,366.270843505859,-987585.515213763
3749,150.196177164714,98.9123051961263,372.121002197266,-959245.444217638
3750,150.704645792643,99.8558044433594,380.816772460938,-945031.239221786
3751,150.207478841146,99.9019368489583,386.590637207031,-918980.343849248
3752,150.717809041341,100.849169413249,395.362670898438,-908010.37118613
3753,150.217809041341,100.890602111816,401.062998453776,-912507.021375762
3754,150.725341796875,101.846303304036,409.908325195312,-916366.466683554
3755,150.225341796875,101.884902954102,415.529663085938,-939584.238762288
3756,150.734741210938,102.845303853353,424.448333740234,-904947.222746128
3757,150.234741210938,102.877337137858,429.997344970703,-955031.162861308
3758,150.745107014974,103.844370524089,438.993336995443,-925635.287669911
3759,150.245137532552,103.873570760091,444.466003417969,-964141.410479209
3760,150.755467732747,104.847170511882,453.53266398112,-927181.607316913
3761,150.253601074219,104.873537699382,458.929005940755,-935418.379246253
3762,150.763936360677,105.853736877441,468.072011311849,-931915.710103844
3763,150.263971964518,105.87540435791,473.393676757812,-930793.819788923
3764,150.773376464844,106.859369913737,482.610005696615,-938713.788110047
3765,150.271509806315,106.87540435791,487.855672200521,-925408.857897532
3766,150.780909220378,107.867835998535,497.147338867188,-938207.263582531
3767,150.280909220378,107.88197072347,502.3193359375,-939176.035572536
3768,150.79221089681,108.879102071126,511.686340332031,-943999.860263664
3769,150.290344238281,108.886637369792,516.782348632812,-935126.685615389
3770,150.800674438477,109.889437357585,526.222025553385,-941087.343272501
3771,150.299738566081,109.896039326986,531.242696126302,-942531.854787839
3772,150.811940511068,110.908271789551,540.757690429688,-940432.917932743
3773,150.310073852539,110.911071777344,545.703674316406,-936503.350480015
3774,150.82133992513,111.927037556966,555.292663574219,-926176.099271733
3775,150.319473266602,111.922337849935,560.163330078125,-925332.520973088
3776,151.500279744466,79.3204701741536,60.2573394775391,-2077730.60485233
3777,152.004043579102,80.1697718302409,67.5386759440104,-1998991.43949935
3778,151.51064046224,80.2676722208659,74.9763387044271,-1312143.94756042
3779,152.014404296875,81.1236038208008,82.3340047200521,-1499263.74604639
3780,151.521006266276,81.2196706136068,89.6956685384115,-1728958.48763563
3781,152.024739583333,82.0822041829427,97.1256713867188,-1605026.68579017
3782,151.531341552734,82.1735382080078,104.410669962565,-1736021.49315039
3783,152.035074869792,83.0407384236654,111.916005452474,-1515875.78396457
3784,151.540740966797,83.1283060709635,119.125005086263,-1483182.7593997
3785,152.044504801432,84.0021057128906,126.705006917318,-1433086.96982507
3786,151.548304239909,84.0868377685547,133.839340209961,-1403223.26812028
3787,152.052073160807,84.9662704467773,141.495340983073,-1309701.16944173
3788,151.558675130208,85.0481719970703,148.555338541667,-1299048.00515935
3789,152.065241495768,85.9332733154297,156.285003662109,-1319294.97698728
3790,151.569941202799,86.0114390055339,163.269002278646,-1305580.55428241
3791,152.073674519857,86.9031372070312,171.072006225586,-1318281.82015617
3792,151.577438354492,86.9794362386068,177.979604085286,-1321689.41498651
3793,152.083104451497,87.8767700195312,185.856872558594,-1303838.70969988
3794,151.586903889974,87.9492696126302,192.687337239583,-1303032.45155551
3795,152.092539469401,88.8532028198242,200.639139811198,-1215777.05018983
3796,151.596308390299,88.9238357543945,207.395105997721,-1256593.67518114
3797,152.101943969727,89.8334376017253,215.422236124674,-1193514.62844906
3798,151.606679280599,89.8993377685547,222.101933797201,-1132199.93962205
3799,152.113245646159,90.8126703898112,230.203430175781,-1158209.89164619
3800,151.617975870768,90.8748041788737,236.809666951497,-1158520.77412271
3801,152.123606363932,91.7947362263997,244.986501057943,-1158476.22137884
3802,151.627405802409,91.8550033569336,251.516469319661,-1172034.56746186
3803,152.134908040365,92.7824681599935,259.765803019206,-1160073.39559751
3804,151.636810302734,92.8380355834961,266.220448811849,-1200315.10766974
3805,152.142440795898,93.7711690266927,274.545125325521,-1180473.09507738
3806,151.644337972005,93.8229700724284,280.922576904297,-1189547.75644569
3807,152.151870727539,94.7626698811849,289.321634928385,-1171271.95532464
3808,151.653772989909,94.8088048299154,295.623728434245,-1162649.56075677
3809,152.162241617839,95.7522710164388,304.099039713542,-1129051.06147686
3810,151.665074666341,95.7965393066406,310.324869791667,-1087150.50437475
3811,152.17350769043,96.7484715779622,318.874603271484,-1049346.2464188
3812,151.675409952799,96.7908706665039,325.025136311849,-1042314.40361916
3813,152.182912190755,97.7484690348307,333.648305257161,-1016057.76028382
3814,151.684814453125,97.7861353556315,339.722534179688,-1009901.37589752
3815,152.192311604818,98.7493693033854,348.421936035156,-1009030.8297277
3816,151.694208780924,98.781369527181,354.42177327474,-1009360.40124677
3817,152.203608194987,99.7512359619141,363.194641113281,-1001270.5936265
3818,151.703643798828,99.7795028686523,369.118245442708,-987585.515213763
3819,152.212112426758,100.755002339681,377.96543375651,-964184.017560848
3820,151.713078816732,100.781369527181,383.813802083333,-945031.239221786
3821,152.223409016927,101.76343536377,392.735331217448,-907544.903038211
3822,151.725306193034,101.785102844238,398.510335286458,-908010.37118613
3823,152.234705607096,102.772834777832,407.507334391276,-892675.453913555
3824,151.734741210938,102.792602539062,413.204996744792,-916366.466683554
3825,152.244140625,103.788803100586,422.27333577474,-871611.41933174
3826,151.744140625,103.802904764811,427.895334879557,-941814.820140272
3827,152.253540039062,104.802904764811,437.041005452474,-883690.292903696
3828,151.754506429036,104.812337239583,442.589996337891,-949578.879346458
3829,152.264872233073,105.817970275879,451.809326171875,-908906.192851471
3830,151.765803019206,105.823603312174,457.279327392578,-938637.142966865
3831,152.275207519531,106.83580271403,466.572001139323,-922961.019741604
3832,151.775207519531,106.839569091797,471.968343098958,-928186.067135337
3833,152.286509195964,107.859336853027,481.337005615234,-934829.629631223
3834,151.784642537435,107.857470194499,486.657002766927,-938713.788110047
3835,152.294041951497,108.881004333496,496.099334716797,-936659.23795969
3836,151.792175292969,108.875335693359,501.344004313151,-938207.263582531
3837,152.304407755534,109.906369527181,510.861663818359,-939949.355165101
3838,151.804443359375,109.896001180013,516.032002766927,-943999.860263664
3839,152.31667582194,110.933667500814,525.623331705729,-935967.1073908
3840,151.81477355957,110.91956837972,530.717346191406,-941087.343272501
3841,152.327006022135,111.965670267741,540.382670084635,-934322.73718325
3842,151.825108846029,111.947771708171,545.40234375,-940432.917932743
3843,152.338307698568,112.999537150065,555.143005371094,-919358.988578203
3844,151.836405436198,112.976003011068,560.087341308594,-926176.099271733
3845,153.002141316732,80.9532038370768,67.4586741129557,-1998991.43949935
3846,153.505874633789,81.8430048624675,74.9640045166016,-1952931.78369827
3847,153.011540730794,81.9155044555664,82.4016723632812,-1499263.74604639
3848,153.515274047852,82.8109690348307,89.9836680094401,-1328745.99883586
3849,153.02187093099,82.881601969401,97.3460032145182,-1605026.68579017
3850,153.526570638021,83.7827021280925,105.001337687174,-1423283.55863073
3851,153.033172607422,83.8505045572917,112.286341349284,-1515875.78396457
3852,153.53694152832,84.7582041422526,120.017674763997,-1335346.42292048
3853,153.042607625326,84.8222376505534,127.227340698242,-1433086.96982507
3854,153.546371459961,85.7365366617839,135.031336466471,-1321801.65770611
3855,153.052037556966,85.7958374023438,142.165003458659,-1309701.16944173
3856,153.557673136393,86.7157719930013,150.04433186849,-1321262.54098865
3857,153.064275105794,86.7713063557943,157.104334513346,-1319294.97698728
3858,153.569905598958,87.696907043457,165.057998657227,-1307975.07320946
3859,153.07460530599,87.7505722045898,172.04167175293,-1318281.82015617
3860,153.578369140625,88.6827697753906,180.068837483724,-1271256.04175831
3861,153.083104451497,88.7326685587565,186.976440429688,-1303838.70969988
3862,153.588770548503,89.6705017089844,195.07807413737,-1168748.92743258
3863,153.09440612793,89.7185363769531,201.910308837891,-1215777.05018983
3864,153.600041707357,90.6629689534505,210.087137858073,-1192108.21230416
3865,153.103810628255,90.7072372436523,216.843098958333,-1193514.62844906
3866,153.60947672526,91.6544698079427,225.096196492513,-1152467.3772203
3867,153.114176432292,91.6940027872721,231.776830037435,-1158209.89164619
3868,153.622639973958,92.647834777832,240.104298909505,-1103725.41428386
3869,153.12733968099,92.6864344278971,246.707733154297,-1158476.22137884
3870,153.634872436523,93.6478017171224,255.108673095703,-1111415.10971383
3871,153.138641357422,93.6835683186849,261.636774698893,-1160073.39559751
3872,153.644276936849,94.6506017049154,270.112080891927,-1130170.25977892
3873,153.146174112956,94.6826349894206,276.565785725911,-1180473.09507738
3874,153.65180460612,95.6543680826823,285.116455078125,-1159880.77305679
3875,153.155604044596,95.6826019287109,291.494852701823,-1171271.95532464
3876,153.663106282552,96.6609013875325,300.118011474609,-1131554.55437903
3877,153.167841593424,96.68443552653,306.420104980469,-1129051.06147686
3878,153.676310221354,97.6684010823568,315.119506835938,-1074001.42612236
3879,153.179143269857,97.6881688435872,321.348175048828,-1049346.2464188
3880,153.686676025391,98.6806360880534,330.121978759766,-1025215.67925474
3881,153.188542683919,98.6985371907552,336.271575927734,-1016057.76028382
3882,153.697977701823,99.6966374715169,345.118804931641,-1003307.50644357
3883,153.199844360352,99.7098032633464,351.194936116536,-1009030.8297277
3884,153.709274291992,100.713536580404,360.118438720703,-994231.574438626
3885,153.211140950521,100.722969055176,366.118306477865,-1001270.5936265
3886,153.721506754557,101.731435139974,375.113444010417,-963276.295095505
3887,153.222442626953,101.735201517741,381.036966959635,-964184.017560848
3888,153.73090616862,102.751167297363,390.108337402344,-917124.037656306
3889,153.23090616862,102.753033955892,395.958333333333,-907544.903038211
3890,153.740305582682,103.774668375651,405.10400390625,-873418.627815952
3891,153.242207845052,103.772801717122,410.878000895182,-892675.453913555
3892,153.751607259115,104.801968892415,420.096333821615,-871611.41933174
3893,153.253504435221,104.798202514648,425.794006347656,-904947.222746128
3894,153.763870239258,105.832069396973,435.086344401042,-843729.403683912
3895,153.263905843099,105.82266998291,440.711344401042,-925635.287669911
3896,153.774241129557,106.86220296224,450.080342610677,-908906.192851471
3897,153.274241129557,106.848070780436,455.629333496094,-927181.607316913
3898,153.786473592122,107.893236796061,465.071665445964,-922961.019741604
3899,153.286509195964,107.875335693359,470.54433186849,-931915.710103844
3900,153.797775268555,108.929003397624,480.061004638672,-924851.122410712
3901,153.297775268555,108.909238179525,485.457336425781,-934829.629631223
3902,153.81000773112,109.968538920085,495.048329671224,-927576.300053769
3903,153.308141072591,109.942171732585,500.370330810547,-936659.23795969
3904,153.820373535156,111.006169637044,510.036000569661,-927720.498543382
3905,153.318506876628,110.976036071777,515.28266398112,-939949.355165101
3906,153.832641601562,112.047569274902,525.023315429688,-926096.130194511
3907,153.330774943034,112.015569051107,530.193644205729,-935967.1073908
3908,153.842041015625,113.093701680501,540.007975260417,-918107.313534147
3909,153.340174357096,113.057902018229,545.102986653646,-934322.73718325
3910,153.851440429688,114.141670227051,554.993326822917,-907849.634951293
3911,153.351470947266,114.101203918457,560.013671875,-919358.988578203
3912,154.502075195312,82.6904703776042,75.1080017089844,-1952931.78369827
3913,155.005844116211,83.6207707722982,82.8393351236979,-1901512.82991945
3914,154.513376871745,83.6687698364258,90.277333577474,-1328745.99883586
3915,155.01714070638,84.6047032674154,98.0850016276042,-1446217.30213444
3916,154.523737589518,84.6480026245117,105.446670532227,-1423283.55863073
3917,155.027506510417,85.589604695638,113.325673421224,-1153581.99103209
3918,154.534108479818,85.6320037841797,120.611673990885,-1335346.42292048
3919,155.039744059245,86.5802052815755,128.567006429036,-1236644.13538666
3920,154.546340942383,86.6207046508789,135.777002970378,-1321801.65770611
3921,155.051971435547,87.5717061360677,143.806004842122,-1333391.57205006
3922,154.557637532552,87.6074727376302,150.939666748047,-1321262.54098865
3923,155.063273111979,88.5650736490885,159.045003255208,-1291231.98326338
3924,154.568939208984,88.5989735921224,166.103332519531,-1307975.07320946
3925,155.074569702148,89.5622406005859,174.282938639323,-1219988.877392
3926,154.579299926758,89.5923716227214,181.264770507812,-1271256.04175831
3927,155.085871378581,90.5622049967448,189.517903645833,-1121428.78261393
3928,154.590606689453,90.5904362996419,196.423604329427,-1168748.92743258
3929,155.098108927409,91.5659383138021,204.752970377604,-1156809.44487293
3930,154.601908365885,91.5904362996419,211.584269205729,-1192108.21230416
3931,155.109410603841,92.5725377400716,219.988032023112,-1106140.11092854
3932,154.613210042318,92.5923029581706,226.743998209635,-1152467.3772203
3933,155.12070719401,93.5800374348958,235.222137451172,-1064218.3867922
3934,154.62543741862,93.5960362752279,241.90180460612,-1103725.41428386
3935,155.13200378418,94.5922368367513,250.452438354492,-1037748.39419071
3936,154.636739095052,94.6054026285807,257.055872599284,-1111415.10971383
3937,155.142374674479,95.6072692871094,265.680918375651,-1071955.2094875
3938,154.646143595378,95.6167017618815,272.209025065104,-1130170.25977892
3939,155.151774088542,96.6232681274414,280.910319010417,-1093015.81451819
3940,154.655537923177,96.628901163737,287.364044189453,-1159880.77305679
3941,155.163070678711,97.6411005655925,296.139739990234,-1104357.24514727
3942,154.666839599609,97.6448669433594,302.515309651693,-1131554.55437903
3943,155.175308227539,98.6646347045898,311.364440917969,-1078933.04043782
3944,154.680043538411,98.6646347045898,317.666544596354,-1074001.42612236
3945,155.188512166341,99.6900355021159,326.591949462891,-1035275.8140958
3946,154.692311604818,99.686269124349,332.818715413411,-1025215.67925474
3947,155.19980875651,100.71733601888,341.815673828125,-999562.006867443
3948,154.703608194987,100.709803263346,347.966166178385,-1003307.50644357
3949,155.211110432943,101.747436523438,357.039398193359,-973940.663012286
3950,154.714909871419,101.738004048665,363.115539550781,-994231.574438626
3951,155.223342895508,102.781303405762,372.262247721354,-951520.412807254
3952,154.728073120117,102.765302022298,378.260284423828,-963276.295095505
3953,155.236541748047,103.812367757161,387.481475830078,-910344.313866394
3954,154.738438924154,103.79446665446,393.406005859375,-917124.037656306
3955,155.245941162109,104.850001017253,402.702341715495,-869183.1913456
3956,154.747807820638,104.828336079915,408.55034383138,-873418.627815952
3957,155.257207234701,105.889536539714,417.919342041016,-831424.87863114
3958,154.759104410807,105.865036010742,423.691335042318,-871611.41933174
3959,155.271336873372,106.9328028361,433.135670979818,-843729.403683912
3960,154.774205525716,106.903602600098,438.8330078125,-883690.292903696
3961,155.286443074544,107.977968851725,448.352681477865,-871900.409054415
3962,154.786443074544,107.94596862793,453.975016276042,-908906.192851471
3963,155.297709147135,109.02503712972,463.568013509115,-897994.301251634
3964,154.797739664714,108.986437479655,469.11567179362,-922961.019741604
3965,155.309041341146,110.072102864583,478.785003662109,-911301.546772104
3966,154.809041341146,110.032569885254,484.257670084635,-924851.122410712
3967,155.321243286133,111.126703898112,493.998667399089,-914096.17824949
3968,154.822209676107,111.082438151042,499.392995198568,-927576.300053769
3969,155.334442138672,112.179402669271,509.210001627604,-915517.717085812
3970,154.83447265625,112.129501342773,514.531005859375,-927720.498543382
3971,155.345738728841,113.234934488932,524.421671549479,-906854.147682229
3972,154.845774332682,113.183135986328,529.667317708333,-926096.130194511
3973,155.357040405273,114.294237772624,539.633992513021,-900975.577182701
3974,154.855173746745,114.236803690592,544.804321289062,-918107.313534147
3975,155.36740620931,115.354469299316,554.843668619792,-885065.280540206
3976,154.865539550781,115.295135498047,559.937662760417,-907849.634951293
3977,156.002039591471,84.532236735026,83.2093353271484,-1901512.82991945
3978,156.50580851237,85.5020701090495,91.1650034586589,-1853934.55704534
3979,156.013376871745,85.5265375773112,98.6026713053385,-1446217.30213444
3980,156.51714070638,86.5001373291016,106.631673177083,-1140112.90737104
3981,156.024673461914,86.519905090332,113.993006388346,-1153581.99103209
3982,156.528406778971,87.4991709391276,122.098337809245,-979759.314038119
3983,156.036875406901,87.5170720418294,129.386337280273,-1236644.13538666
3984,156.541575113932,88.5029373168945,137.568003336589,-1271889.37636965
3985,156.05007425944,88.5170720418294,144.777674357096,-1333391.57205006
3986,156.555704752604,89.5085703531901,153.031005859375,-1299190.0687755
3987,156.063237508138,89.5208053588867,160.164672851562,-1291231.98326338
3988,156.568873087565,90.5189030965169,168.494333902995,-1157219.00005869
3989,156.07453918457,90.5264383951823,175.554270426432,-1219988.877392
3990,156.580169677734,91.5301717122396,183.95790608724,-1090995.19816673
3991,156.086771647135,91.5358072916667,190.939707438151,-1121428.78261393
3992,156.593343098958,92.5461400349935,199.416905721029,-1112395.07924791
3993,156.099945068359,92.5480397542318,206.324467976888,-1156809.44487293
3994,156.605575561523,93.5640385945638,214.877934773763,-1093451.81284734
3995,156.111241658529,93.5640385945638,221.710199991862,-1106140.11092854
3996,156.616877237956,94.5856704711914,230.337102254232,-1000459.32389069
3997,156.122543334961,94.5819040934245,237.093073527018,-1064218.3867922
3998,156.628173828125,95.6091690063477,245.794372558594,-995145.346225579
3999,156.132904052734,95.6035029093425,252.47407023112,-1037748.39419071
4000,156.639506022135,96.6364364624023,261.248830159505,-994741.121566506
4001,156.144241333008,96.6270370483398,267.852244059245,-1071955.2094875
4002,156.651774088542,97.6665700276693,276.701395670573,-1026482.4608492
4003,156.155537923177,97.6533686319987,283.231363932292,-1093015.81451819
4004,156.663070678711,98.6985346476237,292.15678914388,-1044577.23608596
4005,156.166839599609,98.6806335449219,298.611440022786,-1104357.24514727
4006,156.677174886068,99.7314682006836,307.610270182292,-1054124.34047844
4007,156.181874593099,99.7117029825846,313.987701416016,-1078933.04043782
4008,156.692209879557,100.769137064616,323.06093343099,-1041898.54836563
4009,156.194112141927,100.747469584147,329.363077799479,-1035275.8140958
4010,156.70351155599,101.811470031738,338.510670979818,-996590.35263696
4011,156.205408732096,101.785102844238,344.736501057943,-999562.006867443
4012,156.714808146159,102.854769388835,353.957560221354,-953288.713290638
4013,156.216710408529,102.824635823568,360.10996500651,-973940.663012286
4014,156.727076212565,103.900871276855,369.406372070312,-918406.42473086
4015,156.229909261068,103.866971333822,375.482513427734,-951520.412807254
4016,156.740275065104,104.947937011719,384.853210449219,-898100.772143649
4017,156.242177327474,104.909334818522,390.854136149089,-910344.313866394
4018,156.751607259115,105.996869405111,400.299326578776,-851050.250184675
4019,156.253473917643,105.955436706543,406.223002115885,-869183.1913456
4020,156.764739990234,107.051470438639,415.743336995443,-813129.780024574
4021,156.266606648763,107.007235209147,421.591674804688,-831424.87863114
4022,156.778839111328,108.108901977539,431.186665852865,-802560.681881096
4023,156.281672159831,108.058970133464,436.958669026693,-843729.403683912
4024,156.793909708659,109.165336608887,446.629669189453,-833544.229619078
4025,156.295811971029,109.113535563151,452.326344807943,-871900.409054415
4026,156.805211385091,110.227467854818,462.070017496745,-869076.371303471
4027,156.307108561198,110.170969645182,467.68935139974,-897994.301251634
4028,156.81650797526,111.290537516276,477.508341471354,-886432.30661232
4029,156.31841023763,111.230270385742,483.056335449219,-911301.546772104
4030,156.828776041667,112.356435139974,492.950002034505,-899838.659742921
4031,156.331609090169,112.292401631673,498.419667561849,-914096.17824949
4032,156.843841552734,113.426068623861,508.384674072266,-894342.18737136
4033,156.345708211263,113.357335408529,513.780680338542,-915517.717085812
4034,156.857004801432,114.494801839193,523.821695963542,-890494.670782411
4035,156.357004801432,114.422302246094,529.141682942708,-906854.147682229
4036,156.868306477865,115.568204243978,539.25634765625,-874018.649966203
4037,156.368306477865,115.491938273112,544.503011067708,-900975.577182701
4038,156.88053894043,116.641637166341,554.693684895833,-862125.668847066
4039,156.381505330404,116.561602274577,559.864013671875,-885065.280540206
4040,157.501073201497,86.4775365193685,91.7593383789062,-1853934.55704534
4041,158.006744384766,87.485969543457,99.9410044352214,-1785955.92686896
4042,157.515243530273,87.4841028849284,107.375671386719,-1140112.90737104
4043,158.020874023438,88.4963022867839,115.630671183268,-1097375.19300706
4044,157.526504516602,88.4916025797526,122.992004394531,-979759.314038119
4045,158.032140096029,89.5113703409831,131.324335734049,-1070804.17684197
4046,157.53874206543,89.5048039754232,138.612335205078,-1271889.37636965
4047,158.045344034831,90.5292714436849,147.018000284831,-1268252.47749428
4048,157.553807576497,90.5189030965169,154.22699991862,-1299190.0687755
4049,158.059438069661,91.5508702596029,162.705998738607,-1116815.1263458
4050,157.566970825195,91.5386352539062,169.839665730794,-1157219.00005869
4051,158.072606404622,92.5743687947591,178.394866943359,-1073752.17711743
4052,157.580139160156,92.5583699544271,185.453170776367,-1090995.19816673
4053,158.08576965332,93.6016387939453,194.079940795898,-1072612.35861618
4054,157.592371622721,93.5837732950846,201.061874389648,-1112395.07924791
4055,158.098973592122,94.6308390299479,209.765070597331,-1041728.0114097
4056,157.605575561523,94.6092046101888,216.673568725586,-1093451.81284734
4057,158.111241658529,95.6647364298503,225.451166788737,-965845.666076501
4058,157.616877237956,95.6412022908529,232.282435099284,-1000459.32389069
4059,158.122543334961,96.7023696899414,241.13346862793,-936687.400350463
4060,157.628173828125,96.6741027832031,247.889434814453,-995145.346225579
4061,158.135706583659,97.7418696085612,256.814870198568,-941593.285754589
4062,157.64230855306,97.7098693847656,263.494567871094,-994741.121566506
4063,158.15077718099,98.7833048502604,272.495290120443,-939023.438519636
4064,157.655507405599,98.7494049072266,279.098704020182,-1026482.4608492
4065,158.163004557292,99.8294041951497,288.173807779948,-980516.805052976
4066,157.666803995768,99.7917353312175,294.701924641927,-1044577.23608596
4067,158.174306233724,100.877403259277,303.853312174479,-1008154.98159581
4068,157.680908203125,100.835037231445,310.307006835938,-1054124.34047844
4069,158.191243489583,101.926338195801,319.53184000651,-1018963.89574967
4070,157.697845458984,101.88020324707,325.908335367839,-1041898.54836563
4071,158.205378214518,102.978103637695,335.205678304036,-998463.049643042
4072,157.709142049154,102.931037902832,341.505869547526,-996590.35263696
4073,158.216674804688,104.034571329753,350.878540039062,-935276.007724623
4074,157.720443725586,103.984670003255,357.104400634766,-953288.713290638
4075,158.229843139648,105.093869527181,366.551472981771,-896094.794746302
4076,157.734573364258,105.040204366048,372.701039632161,-918406.42473086
4077,158.244939168294,106.156003316243,382.224375406901,-864195.211094288
4078,157.747807820638,106.097635904948,388.300404866536,-898100.772143649
4079,158.257207234701,107.219067891439,397.89800008138,-838419.727024287
4080,157.759104410807,107.156903584798,403.89599609375,-851050.250184675
4081,158.26850382487,108.28493754069,413.56733194987,-791679.322527334
4082,157.772272745768,108.220937093099,419.490997314453,-813129.780024574
4083,158.284474690755,109.356503804525,429.235666910807,-773815.142889939
4084,157.789174397786,109.288703918457,435.082997639974,-802560.681881096
4085,158.299509684245,110.42803700765,444.901997884115,-799161.081983881
4086,157.801411946615,110.354601542155,450.676666259766,-833544.229619078
4087,158.310811360677,111.502400716146,460.569997151693,-828642.729296084
4088,157.812708536784,111.427068074544,466.266672770182,-869076.371303471
4089,158.324005126953,112.580535888672,476.233673095703,-861208.958697069
4090,157.825907389323,112.500503540039,481.85600789388,-886432.30661232
4091,158.338139851888,113.659604390462,491.89800008138,-871235.994913558
4092,157.839106241862,113.575803120931,497.444000244141,-899838.659742921
4093,158.351338704427,114.741503397624,507.560333251953,-871714.970725214
4094,157.853240966797,114.655802408854,513.031341552734,-894342.18737136
4095,158.366409301758,115.829035441081,523.222005208333,-862700.072742188
4096,157.868306477865,115.736768086751,528.616353352865,-890494.670782411
4097,158.38053894043,116.913767496745,538.882344563802,-848787.742351129
4098,157.88053894043,116.81770324707,544.202351888021,-874018.649966203
4099,158.392776489258,118.003158569336,554.543009440104,-840194.140464159
4100,157.892776489258,117.903358459473,559.787679036458,-862125.668847066
4101,159.002009073893,88.5236028035482,100.760335286458,-1785955.92686896
4102,159.508575439453,89.5688018798828,109.164998372396,-1687357.73437387
4103,159.01894124349,89.5433680216471,116.600667317708,-1097375.19300706
4104,159.522674560547,90.5951360066732,125.079671223958,-1133981.14544582
4105,159.030242919922,90.5678380330404,132.442006429036,-1070804.17684197
4106,159.533976236979,91.6271387736003,140.999338785807,-1136246.57046923
4107,159.042475382487,91.5951385498047,148.287333170573,-1268252.47749428
4108,159.548105875651,92.6581700642904,156.917999267578,-1039589.47052004
4109,159.056605021159,92.6242701212565,164.127665201823,-1116815.1263458
4110,159.562235514323,93.6958033243815,172.83066813151,-1069951.09383321
4111,159.070704142253,93.6581370035807,179.964202880859,-1073752.17711743
4112,159.57633972168,94.7334696451823,188.743738810221,-1027188.47414742
4113,159.083872477214,94.6929702758789,195.801172892253,-1072612.35861618
4114,159.589502970378,95.7767715454102,204.655008951823,-984743.243420722
4115,159.098002115885,95.7325057983398,211.636973063151,-1041728.0114097
4116,159.604604085286,96.8200709025065,220.566141764323,-911643.399505989
4117,159.111241658529,96.773935953776,227.471837361654,-965845.666076501
4118,159.618743896484,97.8699696858724,236.474436442057,-889407.147204047
4119,159.12440999349,97.8219375610352,243.304799397786,-936687.400350463
4120,159.631907145182,98.9217046101888,252.381800333659,-869183.885519736
4121,159.137573242188,98.8699035644531,259.135904947917,-941593.285754589
4122,159.645075480143,99.9762700398763,268.287282307943,-867820.423205094
4123,159.151677449544,99.9216715494792,274.966969807943,-939023.438519636
4124,159.660140991211,101.032737731934,284.191762288411,-890934.518065831
4125,159.166737874349,100.974370320638,290.795186360677,-980516.805052976
4126,159.674270629883,102.092035929362,300.094401041667,-946638.0345044
4127,159.178039550781,102.032737731934,306.62440999349,-1008154.98159581
4128,159.687438964844,103.156071980794,315.999908447266,-984616.529704474
4129,159.194040934245,103.092038472493,322.453643798828,-1018963.89574967
4130,159.704406738281,104.221003214518,331.900675455729,-968122.015990492
4131,159.209142049154,104.153203328451,338.276214599609,-998463.049643042
4132,159.716674804688,105.28973642985,347.799509684245,-926270.108659469
4133,159.220443725586,105.218170166016,354.101643880208,-935276.007724623
4134,159.729843139648,106.36220296224,363.700307210286,-868876.720493905
4135,159.235473632812,106.287803649902,369.924275716146,-896094.794746302
4136,159.745803833008,107.437505086263,379.597432454427,-836942.540430327
4137,159.25053914388,107.359369913737,385.747965494792,-864195.211094288
4138,159.760904947917,108.514701843262,395.494333902995,-808232.305982594
4139,159.264704386393,108.432767232259,401.568339029948,-838419.727024287
4140,159.774103800456,109.594701131185,411.389333089193,-775525.799549062
4141,159.276006062826,109.509035746257,417.390329996745,-791679.322527334
4142,159.788243611654,110.678502400716,427.28466796875,-752663.568203259
4143,159.292943318685,110.589970906576,433.206339518229,-773815.142889939
4144,159.80517578125,111.766003926595,443.175008138021,-756334.992103008
4145,159.307042439779,111.671869913737,449.02333577474,-799161.081983881
4146,159.818344116211,112.851702372233,459.068339029948,-791706.660940527
4147,159.32021077474,112.755668640137,464.84033203125,-828642.729296084
4148,159.831507364909,113.943936665853,474.957000732422,-826144.92730329
4149,159.333404541016,113.84413655599,480.653666178385,-861208.958697069
4150,159.845637003581,115.035270690918,490.846333821615,-841369.873178889
4151,159.348470052083,114.930770874023,496.468332926432,-871235.994913558
4152,159.860702514648,116.13037109375,506.734334309896,-840437.105020779
4153,159.362604777018,116.024904886882,512.280334472656,-871714.970725214
4154,159.873906453451,117.231104532878,522.621012369792,-830545.089862653
4155,159.37580871582,117.120936075846,528.091674804688,-862700.072742188
4156,159.889907836914,118.331825256348,538.506693522135,-823329.681493116
4157,159.392740885417,118.216924031576,543.903015136719,-848787.742351129
4158,159.904973347982,119.434394836426,554.393351236979,-811308.948923065
4159,159.405008951823,119.316693623861,559.713338216146,-840194.140464159
4160,160.503840128581,90.6705017089844,110.208333333333,-1687357.73437387
4161,161.009475708008,91.7561696370443,118.840001424154,-1714809.09583672
4162,160.517944335938,91.7062377929688,126.275670369466,-1133981.14544582
4163,161.021713256836,92.7984720865885,134.983673095703,-1129071.80389262
4164,160.530176798503,92.7466710408529,142.345006306966,-1136246.57046923
4165,161.035807291667,93.8436381022135,151.126337687174,-876477.385006682
4166,160.545237223307,93.7871373494466,158.411336263021,-1039589.47052004
4167,161.050872802734,94.8907038370768,167.267003377279,-1033385.50060959
4168,160.559371948242,94.8332697550456,174.476669311523,-1069951.09383321
4169,161.065938313802,95.9434382120768,183.405838012695,-1004702.80920091
4170,160.57443745931,95.8813044230143,190.539372762044,-1027188.47414742
4171,161.080073038737,96.9971033732096,199.54497273763,-938087.307780249
4172,160.587605794271,96.9330698649089,206.603174845378,-984743.243420722
4173,161.095138549805,98.0545043945312,215.680170694987,-888268.521839924
4174,160.603637695312,97.9857711791992,222.661173502604,-911643.399505989
4175,161.110239664714,99.1128692626953,231.813501993815,-830317.771371318
4176,160.618708292643,99.043202718099,238.721069335938,-889407.147204047
4177,161.126210530599,100.176869710286,247.94873046875,-807083.16529153
4178,160.633743286133,100.103403727214,254.779098510742,-869183.885519736
4179,161.139373779297,101.242736816406,264.080210367839,-784551.335291458
4180,160.645039876302,101.167404174805,270.834289550781,-867820.423205094
4181,161.153508504232,102.312403361003,280.208831787109,-808611.862957839
4182,160.66200764974,102.232335408529,286.88661702474,-890934.518065831
4183,161.172373453776,103.383934020996,296.337443033854,-865735.31206607
4184,160.678039550781,103.302001953125,302.941802978516,-946638.0345044
4185,161.185577392578,104.462069193522,312.467041015625,-924849.434836275
4186,160.691207885742,104.37543741862,318.995137532552,-984616.529704474
4187,161.201543172201,105.539271036784,328.59380086263,-932575.703344453
4188,160.708140055339,105.448870340983,335.045603434245,-968122.015990492
4189,161.216608683268,106.621170043945,344.717702229818,-902237.51562707
4190,160.720408121745,106.52983601888,351.096069335938,-926270.108659469
4191,161.229807535807,107.70777130127,360.845367431641,-853534.126153014
4192,160.735473632812,107.611704508464,367.147471110026,-868876.720493905
4193,161.244873046875,108.795270284017,376.968475341797,-805696.149066318
4194,160.749572753906,108.695470174154,383.194468180339,-836942.540430327
4195,161.259908040365,109.884702046712,393.091664632161,-775998.958465548
4196,160.766504923503,109.782068888346,399.240997314453,-808232.305982594
4197,161.277806599935,110.977900187174,409.211334228516,-756281.906135868
4198,160.781606038411,110.872467041016,415.285664876302,-775525.799549062
4199,161.291010538737,112.07396697998,425.33066813151,-734333.097960781
4200,160.795745849609,111.965667724609,431.328674316406,-752663.568203259
4201,161.307978312174,113.17280069987,441.447011311849,-725023.211332466
4202,160.812708536784,113.061668395996,447.371673583984,-756334.992103008
4203,161.322107950846,114.275400797526,457.564666748047,-752782.410293342
4204,160.825876871745,114.159568786621,463.413004557292,-791706.660940527
4205,161.337142944336,115.378934224447,473.681009928385,-784327.416837273
4206,160.840906778971,115.259335835775,479.453013102214,-826144.92730329
4207,161.353139241536,116.48716990153,489.795338948568,-805073.226942251
4208,160.855972290039,116.362904866536,495.491994222005,-841369.873178889
4209,161.368204752604,117.596415201823,505.908650716146,-806433.555756328
4210,160.870101928711,117.468381245931,511.528991699219,-840437.105020779
4211,161.383270263672,118.708450317383,522.019327799479,-801055.010609151
4212,160.885172526042,118.576639811198,527.565348307292,-830545.089862653
4213,161.399276733398,119.822359720866,538.132019042969,-795822.589632817
4214,160.902109781901,119.687713623047,543.602701822917,-823329.681493116
4215,161.416208902995,120.940963745117,554.243693033854,-781841.455940135
4216,160.916239420573,120.802546183268,559.638020833333,-811308.948923065
4217,162.004745483398,92.921869913737,120.110336303711,-1714809.09583672
4218,162.508478800456,94.0470708211263,128.966003417969,-1681026.05529471
4219,162.016977945964,93.9736048380534,136.403671264648,-1129071.80389262
4220,162.523544311523,95.1054026285807,145.334671020508,-969261.361199255
4221,162.03391011556,95.0272369384766,152.696004231771,-876477.385006682
4222,162.539540608724,96.1628036499023,161.700337727865,-947027.46529925
4223,162.047073364258,96.0827713012695,168.986338297526,-1033385.50060959
4224,162.552739461263,97.2268040974935,178.067108154297,-985288.666074373
4225,162.063105265299,97.144905090332,185.276941935221,-1004702.80920091
4226,162.571568806966,98.2927042643229,194.429275512695,-941762.283889776
4227,162.080037434896,98.207036336263,201.563771565755,-938087.307780249
4228,162.585673014323,99.3604685465495,210.791437784831,-909762.896990321
4229,162.093241373698,99.2719701131185,217.849634806315,-888268.521839924
4230,162.600774129232,100.431070963542,227.150736490885,-825242.305157418
4231,162.10927327474,100.340703328451,234.133600870768,-830317.771371318
4232,162.617741902669,101.508270263672,243.510971069336,-740102.453565496
4233,162.126210530599,101.414103190104,250.418533325195,-807083.16529153
4234,162.633743286133,102.586369832357,259.870300292969,-726964.777189502
4235,162.139373779297,102.488469441732,266.70160929362,-784551.335291458
4236,162.646906534831,103.668301900228,276.226816813151,-741222.856773553
4237,162.15537516276,103.5675684611,282.979960123698,-808611.862957839
4238,162.665740966797,104.753967285156,292.581420898438,-794397.811788992
4239,162.174240112305,104.650400797526,299.261118570964,-865735.31206607
4240,162.681772867839,105.842468261719,308.938873291016,-838499.84999623
4241,162.187444051107,105.736068725586,315.540435791016,-924849.434836275
4242,162.694946289062,106.933769226074,325.288798014323,-875479.77998143
4243,162.203414916992,106.823603312174,331.81406656901,-932575.703344453
4244,162.713745117188,108.026969909668,341.638661702474,-872065.132043578
4245,162.220342000326,107.91493733724,348.090494791667,-902237.51562707
4246,162.729741414388,109.126770019531,357.989491780599,-837378.428481496
4247,162.235407511393,109.010938008626,364.365997314453,-853534.126153014
4248,162.744806925456,110.226537068685,374.339294433594,-793361.876314168
4249,162.248606363932,110.106936136882,380.639668782552,-805696.149066318
4250,162.758941650391,111.32913462321,390.686665852865,-749541.498701302
4251,162.265543619792,111.206700642904,396.912668863932,-775998.958465548
4252,162.777776082357,112.435501098633,407.03466796875,-734659.141460861
4253,162.283442179362,112.30933380127,413.184000651042,-756281.906135868
4254,162.792877197266,113.544733683268,423.378672281901,-715537.579332865
4255,162.296646118164,113.414800008138,429.451009114583,-734333.097960781
4256,162.806981404622,114.655832926432,439.720347086589,-704104.30126687
4257,162.31357828776,114.522132873535,445.718343098958,-725023.211332466
4258,162.825810750326,115.769734700521,456.062672932943,-717319.47513009
4259,162.329610188802,115.634134928385,461.984334309896,-752782.410293342
4260,162.840876261393,116.887369791667,472.403004964193,-742844.182320013
4261,162.344640096029,116.748001098633,478.251342773438,-784327.416837273
4262,162.858739217122,118.007858276367,488.746348063151,-766195.659227939
4263,162.363474527995,117.866625467936,494.518341064453,-805073.226942251
4264,162.87570699056,119.134030659993,505.084991455078,-770851.874855438
4265,162.377604166667,118.988085428874,510.778645833333,-806433.555756328
4266,162.888905843099,120.259251912435,521.419657389323,-773579.756513256
4267,162.392674763997,120.107650756836,527.039998372396,-801055.010609151
4268,162.906778971354,121.387280782064,537.75634765625,-769166.455499871
4269,162.411478678385,121.233800252279,543.30234781901,-795822.589632817
4270,162.92561340332,122.519083658854,554.093017578125,-753059.98299695
4271,162.427510579427,122.360893249512,559.563680013021,-781841.455940135
4272,163.504679361979,95.2786687215169,130.459335327148,-1681026.05529471
4273,164.008443196615,96.4443689982096,139.540003458659,-1632094.58921141
4274,163.518809000651,96.3445688883464,146.977671305339,-969261.361199255
4275,164.025410970052,97.514035542806,156.134668986003,-987212.832534319
4276,163.535776774089,97.4104359944661,163.496002197266,-947027.46529925
4277,164.041407267253,98.5855356852214,172.725336710612,-893178.50554704
4278,163.550837198893,98.4819361368815,180.010442097982,-985288.666074373
4279,164.058369954427,99.6655349731445,189.313440958659,-928691.549766659
4280,163.568735758464,99.5582021077474,196.522440592448,-941762.283889776
4281,164.077168782552,100.745567321777,205.901702880859,-935894.692248182
4282,163.585637410482,100.633501688639,213.036204020182,-909762.896990321
4283,164.091272989909,101.829335530599,222.489837646484,-795524.983149598
4284,163.598841349284,101.715403238932,229.546173095703,-825242.305157418
4285,164.106374104818,102.916903177897,239.075139363607,-733040.976587594
4286,163.616775512695,102.800137837728,246.057072957357,-740102.453565496
4287,164.125244140625,104.008204142253,255.65950012207,-678630.743385463
4288,163.633743286133,103.888603210449,262.565165201823,-726964.777189502
4289,164.141240437826,105.100435892741,272.241984049479,-692823.672405833
4290,163.648773193359,104.978034973145,279.072326660156,-741222.856773553
4291,164.158172607422,106.197402954102,288.822560628255,-732348.530406666
4292,163.66667175293,106.074068705241,295.57851155599,-794397.811788992
4293,164.175135294596,107.298136393229,305.405008951823,-756543.119969064
4294,163.681737263997,107.170102437337,312.085673014323,-838499.84999623
4295,164.189239501953,108.401702880859,321.983764648438,-805229.450597015
4296,163.69677734375,108.271769205729,328.585327148438,-875479.77998143
4297,164.206176757812,109.509002685547,338.557769775391,-826182.243684085
4298,163.71467590332,109.374369303385,345.08583577474,-872065.132043578
4299,164.225041707357,110.617268880208,355.134541829427,-819138.363456125
4300,163.733510335286,110.481702168783,361.586364746094,-837378.428481496
4301,164.242909749349,111.731201171875,371.709503173828,-782439.766241472
4302,163.748540242513,111.591868082682,378.085927327474,-793361.876314168
4303,164.257970174154,112.847002665202,388.282633463542,-741146.022581961
4304,163.764572143555,112.703870137533,394.582997639974,-749541.498701302
4305,164.27680460612,113.965604146322,404.85400390625,-719154.111500086
4306,163.783406575521,113.819669087728,411.079671223958,-734659.141460861
4307,164.294708251953,115.088935852051,421.424011230469,-698326.74477596
4308,163.798512776693,114.940167744954,427.57367960612,-715537.579332865
4309,164.307912190755,116.214134216309,437.992350260417,-698792.025029133
4310,163.812611897786,116.059733072917,444.066680908203,-704104.30126687
4311,164.324844360352,117.339368184408,454.561676025391,-690999.330525166
4312,163.831446329753,117.183069864909,460.55967203776,-717319.47513009
4313,164.342742919922,118.471163431803,471.128000895182,-703762.690740436
4314,163.848373413086,118.311063130697,477.049672444661,-742844.182320013
4315,164.360605875651,119.604817708333,487.692667643229,-727231.805839163
4316,163.867207845052,119.440981547038,493.541005452474,-766195.659227939
4317,164.379440307617,120.743227640788,504.257334391276,-733880.896142106
4318,163.883204142253,120.577509562174,510.029327392578,-770851.874855438
4319,164.394505818685,121.884447733561,520.819986979167,-747678.796481358
4320,163.898310343424,121.712135314941,526.516662597656,-773579.756513256
4321,164.412414550781,123.023780822754,537.383666992188,-741011.065497975
4322,163.917114257812,122.850527445475,543.003011067708,-769166.455499871
4323,164.431213378906,124.17064666748,553.943339029948,-726674.951014491
4324,163.935012817383,123.992683410645,559.487345377604,-753059.98299695
4325,165.004679361979,97.7381362915039,141.259338378906,-1632094.58921141
4326,165.510309855143,98.9415028889974,150.566004435221,-1573335.03453445
4327,165.02067565918,98.8172022501628,158.003667195638,-987212.832534319
4328,165.528208414714,100.025268554688,167.38466389974,-841333.085310841
4329,165.03857421875,99.8972015380859,174.745000203451,-893178.50554704
4330,165.546071370443,101.112800598145,184.199569702148,-845945.000495295
4331,165.056437174479,100.984733581543,191.482905069987,-928691.549766659
4332,165.562072753906,102.206934611003,201.013870239258,-939941.686915671
4333,165.072438557943,102.075101216634,208.223668416341,-935894.692248182
4334,165.57807413737,103.300102233887,217.828903198242,-802195.773149006
4335,165.088439941406,103.16640218099,224.960571289062,-795524.983149598
4336,165.594111124674,104.39990234375,234.637369791667,-716035.640711504
4337,165.104476928711,104.264335632324,241.695602416992,-733040.976587594
4338,165.612009684245,105.50346883138,251.448664347331,-652920.706004742
4339,165.122375488281,105.364102681478,258.430628458659,-678630.743385463
4340,165.630844116211,106.609835306803,268.257130940755,-676714.639662089
4341,165.141209920247,106.46576944987,275.162821451823,-692823.672405833
4342,165.64870707194,107.717168172201,285.065592447917,-680049.287840361
4343,165.158137003581,107.571202596029,291.894989013672,-732348.530406666
4344,165.665669759115,108.82920328776,301.871205647786,-704218.581733799
4345,165.174168904622,108.679471333822,308.625274658203,-756543.119969064
4346,165.682601928711,109.943105061849,318.676839192708,-719727.865457844
4347,165.191070556641,109.793370564779,325.354665120443,-805229.450597015
4348,165.700475056966,111.06453704834,335.479665120443,-762895.266624555
4349,165.208043416341,110.910102844238,342.081207275391,-826182.243684085
4350,165.717478434245,112.185035705566,352.280578613281,-790931.130571408
4351,165.225977579753,112.026835123698,358.805847167969,-819138.363456125
4352,165.736312866211,113.31120300293,369.078674316406,-774382.057642269
4353,165.244776407878,113.151135762533,375.530507405599,-782439.766241472
4354,165.75417582194,114.44113667806,385.877604166667,-750612.086411276
4355,165.261739095052,114.276336669922,392.253306070964,-741146.022581961
4356,165.77207438151,115.571970621745,402.674011230469,-708765.704630207
4357,165.280537923177,115.404370625814,408.974344889323,-719154.111500086
4358,165.790873209635,116.706601460775,419.471008300781,-693233.006974026
4359,165.29844156901,116.537101745605,425.695007324219,-698326.74477596
4360,165.807846069336,117.845916748047,436.265340169271,-691729.904337895
4361,165.313512166341,117.671717325846,442.413014729818,-698792.025029133
4362,165.825744628906,118.985254923503,453.057678222656,-676407.329619017
4363,165.332377115885,118.807306925456,459.132008870443,-690999.330525166
4364,165.846476236979,120.129318237305,469.851328531901,-672007.179556859
4365,165.350240071615,119.949473063151,475.849324544271,-703762.690740436
4366,165.864339192708,121.277112325033,486.64198811849,-683121.591385234
4367,165.369074503581,121.092557271322,492.563659667969,-727231.805839163
4368,165.883173624674,122.425862630208,503.432657877604,-699822.125573683
4369,165.38693745931,122.24036916097,509.277994791667,-733880.896142106
4370,165.900105794271,123.5802637736,520.220336914062,-715145.571727849
4371,165.40391031901,123.390060424805,525.99033610026,-747678.796481358
4372,165.918045043945,124.73560333252,537.007019042969,-712340.74962461
4373,165.422744750977,124.541636149089,542.703674316406,-741011.065497975
4374,165.93684387207,125.893770853678,553.793680826823,-700963.547196623
4375,165.440612792969,125.696034749349,559.414001464844,-726674.951014491
4376,166.506510416667,100.299270629883,152.509338378906,-1573335.03453445
4377,167.012140909831,101.54310353597,162.040003458659,-1556397.53926659
4378,166.523473103841,101.393402099609,169.477666219076,-841333.085310841
4379,167.029108683268,102.641036987305,179.082901000977,-873837.324523229
4380,166.541341145833,102.488502502441,186.444468180339,-845945.000495295
4381,167.047907511393,103.743637084961,196.123240152995,-891183.698375504
4382,166.55827331543,103.590136210124,203.409306844076,-939941.686915671
4383,167.063939412435,104.850003560384,213.162373860677,-843607.465804734
4384,166.573374430339,104.691802978516,220.37217203776,-802195.773149006
4385,167.080907185872,105.957303365072,230.200571695964,-743891.530067947
4386,166.591278076172,105.799102783203,237.334101359049,-716035.640711504
4387,167.099746704102,107.073102315267,247.236902872721,-686230.909182325
4388,166.610112508138,106.91303507487,254.293233235677,-652920.706004742
4389,167.117609659831,108.190767923991,264.272298177083,-675138.487755656
4390,166.627975463867,108.026934305827,271.254231770833,-676714.639662089
4391,167.138341267904,109.310335795085,281.30674235026,-668349.927542786
4392,166.64870707194,109.144635518392,288.212412516276,-680049.287840361
4393,167.158106486003,110.436503092448,298.33930460612,-650715.815929985
4394,166.665639241536,110.267036437988,305.168701171875,-704218.581733799
4395,167.175038655599,111.56453704834,315.368103027344,-649925.836048529
4396,166.683502197266,111.390337626139,322.12217203776,-719727.865457844
4397,167.193837483724,112.693501790365,332.396901448568,-687367.823677754
4398,166.702341715495,112.517435709635,339.076568603516,-762895.266624555
4399,167.211776733398,113.82906850179,349.424733479818,-743818.817246828
4400,166.719345092773,113.651102701823,356.027201334635,-790931.130571408
4401,167.229675292969,114.966501871745,366.449768066406,-767831.134378328
4402,166.738143920898,114.78480275472,372.97597249349,-774382.057642269
4403,167.250340779622,116.108703613281,383.474833170573,-748525.505478377
4404,166.757909138997,115.925104777018,389.924631754557,-750612.086411276
4405,167.269205729167,117.251803080241,400.496999104818,-713474.599540834
4406,166.775807698568,117.063468933105,406.870676676432,-708765.704630207
4407,167.288040161133,118.39865620931,417.517344156901,-698172.307883283
4408,166.794642130534,118.20938873291,423.817342122396,-693233.006974026
4409,167.305943806966,119.551162719727,434.537333170573,-689585.970230952
4410,166.811579386393,119.357190450033,440.76133219401,-691729.904337895
4411,167.323811848958,120.70462290446,451.555999755859,-669098.911664653
4412,166.832310994466,120.50688680013,457.704671223958,-676407.329619017
4413,167.346440633138,121.860903422038,468.575337727865,-647327.001927347
4414,166.853973388672,121.661282857259,474.647664388021,-672007.179556859
4415,167.365239461263,123.020952860514,485.591990152995,-644682.411584446
4416,166.871841430664,122.816627502441,491.588317871094,-683121.591385234
4417,167.384073893229,124.18194325765,502.606994628906,-664852.405646782
4418,166.890670776367,123.975733439128,508.529663085938,-699822.125573683
4419,167.401972452799,125.34952545166,519.621663411458,-683521.142175368
4420,166.907643636068,125.139549255371,525.467000325521,-715145.571727849
4421,167.421778361003,126.518987019857,536.630350748698,-681879.010667356
4422,166.928375244141,126.305244445801,542.400370279948,-712340.74962461
4423,167.442474365234,127.690335591634,553.641031901042,-672227.771205673
4424,166.946243286133,127.472829182943,559.337687174479,-700963.547196623
4425,168.00553894043,102.964937845866,164.207672119141,-1556397.53926659
4426,168.511174519857,104.246437072754,173.964569091797,-1488118.38897675
4427,168.023412068685,104.072237650553,181.402135213216,-873837.324523229
4428,168.529047648112,105.359402974447,191.23350016276,-947584.814748577
4429,168.041310628255,105.183336893717,198.593037923177,-891183.698375504
4430,168.549774169922,106.477068583171,208.497706095378,-848332.989112054
4431,168.062037150065,106.297236124674,215.780975341797,-843607.465804734
4432,168.569569905599,107.596636454264,225.761906941732,-778695.137849213
4433,168.079004923503,107.41490427653,232.971705118815,-743891.530067947
4434,168.586507161458,108.72087097168,243.027002970378,-732522.516766065
4435,168.096878051758,108.537269592285,250.158671061198,-686230.909182325
4436,168.605346679688,109.850802103678,260.285568237305,-705942.607377544
4437,168.115712483724,109.664367675781,267.342864990234,-675138.487755656
4438,168.625111897786,110.981669108073,277.546010335286,-669647.686101058
4439,168.13737487793,110.79147084554,284.527954101562,-668349.927542786
4440,168.647740681966,112.11723836263,294.804555257161,-616046.704497265
4441,168.158106486003,111.92797088623,301.710235595703,-650715.815929985
4442,168.665608723958,113.259401957194,312.061228434245,-618776.167658081
4443,168.175008138021,113.065434773763,318.88969930013,-649925.836048529
4444,168.685338338216,114.400634765625,329.314107259115,-623447.057553812
4445,168.195704142253,114.202901204427,336.067240397135,-687367.823677754
4446,168.706075032552,115.546567281087,346.566975911458,-678476.119106241
4447,168.213643391927,115.34880065918,353.244801839193,-743818.817246828
4448,168.72304280599,116.699035644531,363.818003336589,-733530.604486282
4449,168.231506347656,116.494702657064,370.420501708984,-767831.134378328
4450,168.743708292643,117.849675496419,381.069071451823,-744747.145577494
4451,168.25407409668,117.645375569661,387.597198486328,-748525.505478377
4452,168.765375773112,119.00882212321,398.319000244141,-729789.945645657
4453,168.272939046224,118.798848470052,404.769002278646,-713474.599540834
4454,168.782338460286,120.166030883789,415.565348307292,-712629.345269222
4455,168.290837605794,119.954172770182,421.940012613932,-698172.307883283
4456,168.803075154622,121.329846700033,432.810679117839,-689199.728163097
4457,168.311579386393,121.116104125977,439.108001708984,-689585.970230952
4458,168.822845458984,122.495541890462,450.054341634115,-665168.32288351
4459,168.329442342122,122.278032938639,456.278340657552,-669098.911664653
4460,168.841674804688,123.664065043132,467.299011230469,-632027.889845066
4461,168.350173950195,123.444671630859,473.447336832682,-647327.001927347
4462,168.863342285156,124.838233947754,484.542002360026,-617775.155338885
4463,168.37087504069,124.614135742188,490.614329020182,-644682.411584446
4464,168.883107503255,126.01335144043,501.780985514323,-627588.822279793
4465,168.389704386393,125.785484313965,507.777323404948,-664852.405646782
4466,168.903839111328,127.193171183268,519.019999186198,-649607.393249011
4467,168.409510294596,126.963422139486,524.941670735677,-683521.142175368
4468,168.922678629557,128.376757303874,536.257670084635,-650260.115098055
4469,168.429275512695,128.142298380534,542.101013183594,-681879.010667356
4470,168.943374633789,129.562227884928,553.491353352865,-645489.724667461
4471,168.44997660319,129.324007670085,559.261352539062,-672227.771205673
4472,169.504542032878,105.731335957845,176.360234578451,-1488118.38897675
4473,170.011113484701,107.051434834798,186.341033935547,-1427158.28926587
4474,169.523381551107,106.8537012736,193.776733398438,-947584.814748577
4475,170.030914306641,108.1795018514,203.831100463867,-900114.115343371
4476,169.545043945312,107.978935241699,211.192535400391,-848332.989112054
4477,170.053507486979,109.310368855794,221.323201497396,-688902.023932379
4478,169.565770467122,109.107902526855,228.609303792318,-778695.137849213
4479,170.073303222656,110.44780476888,238.814336140951,-777110.431799716
4480,169.584604899089,110.242505391439,246.022237141927,-732522.516766065
4481,170.092107137044,111.588071187337,256.298833211263,-725240.654037332
4482,169.602478027344,111.379969278971,263.43049621582,-705942.607377544
4483,170.110946655273,112.731168111165,273.782440185547,-685416.123981091
4484,169.62321472168,112.519302368164,280.840657552083,-669647.686101058
4485,170.132614135742,113.877103169759,291.266957600911,-610934.940081258
4486,169.644877115885,113.665237426758,298.248911539714,-616046.704497265
4487,170.153340657552,115.03150177002,308.749593098958,-598572.8807052
4488,169.663706461589,114.814933776855,315.656229654948,-618776.167658081
4489,170.173105875651,116.184033711751,326.231302897135,-588014.21106874
4490,169.685338338216,115.963701883952,333.060709635417,-623447.057553812
4491,170.194737752279,117.339370727539,343.709238688151,-630013.977785179
4492,169.705108642578,117.119969685872,350.462371826172,-678476.119106241
4493,170.214513142904,118.503158569336,361.187174479167,-675511.869282372
4494,169.72487894694,118.279991149902,367.864980061849,-733530.604486282
4495,170.234278361003,119.666971842448,378.664276123047,-728734.769473759
4496,169.744644165039,119.440989176432,385.265869140625,-744747.145577494
4497,170.256876627604,120.836446126302,396.138336181641,-740462.918413723
4498,169.767242431641,120.608578999837,402.663340250651,-729789.945645657
4499,170.276672363281,122.010620117188,413.610341389974,-728489.329682499
4500,169.784205118815,121.778045654297,420.062347412109,-712629.345269222
4501,170.29643758138,123.1857325236,431.084014892578,-697731.449008892
4502,169.80680847168,122.949391682943,437.457682291667,-689199.728163097
4503,170.319046020508,124.363672892253,448.551676432292,-662265.568328772
4504,169.826578776042,124.123565673828,454.851013183594,-665168.32288351
4505,170.338811238607,125.543492635091,466.021016438802,-623923.1134623
4506,169.847310384115,125.301500956217,472.24501546224,-632027.889845066
4507,170.35954284668,126.729909261068,483.487670898438,-605060.480782687
4508,169.867075602214,126.486035664876,489.63633219401,-617775.155338885
4509,170.380238850911,127.919146219889,500.954996744792,-598538.797161567
4510,169.888737996419,127.670560201009,507.027323404948,-627588.822279793
4511,170.400970458984,129.110265096029,518.420003255208,-614460.804015978
4512,169.909474690755,128.860743204753,524.416341145833,-649607.393249011
4513,170.422643025716,130.306096394857,535.882019042969,-620404.556223889
4514,169.93017578125,130.05185953776,541.801676432292,-650260.115098055
4515,170.444274902344,131.502863566081,553.341674804688,-618674.516578977
4516,169.950876871745,131.247690836589,559.188008626302,-645489.724667461
4517,171.004511515299,108.601333618164,188.960571289062,-1427158.28926587
4518,171.512980143229,109.961001078288,199.165506998698,-1365800.34586072
4519,171.027114868164,109.736902872721,206.600336710612,-900114.115343371
4520,171.534647623698,111.10223642985,216.880701700846,-600519.886220224
4521,171.046910603841,110.876269022624,224.242131551107,-688902.023932379
4522,171.554443359375,112.250035603841,234.59689839681,-704596.005486278
4523,171.068572998047,112.024037679036,241.883000691732,-777110.431799716
4524,171.576105753581,113.403470357259,252.311172485352,-723567.424813729
4525,171.088338216146,113.172803243001,259.519104003906,-725240.654037332
4526,171.595840454102,114.556002298991,270.021687825521,-691398.064209178
4527,171.10807800293,114.322469075521,277.153361002604,-685416.123981091
4528,171.616546630859,115.71223449707,287.732198079427,-650792.375544147
4529,171.128814697266,115.47873433431,294.787577311198,-610934.940081258
4530,171.638214111328,116.876068115234,305.440795898438,-599114.102735774
4531,171.150477091471,116.640701293945,312.420857747396,-598572.8807052
4532,171.660807291667,118.043678283691,323.14756266276,-576552.871631771
4533,171.17307027181,117.803578694661,330.05137125651,-588014.21106874
4534,171.682469685872,119.213137308757,340.85151163737,-596744.272513099
4535,171.191904703776,118.969261169434,347.679972330729,-630013.977785179
4536,171.702239990234,120.38542175293,358.554463704427,-610338.716951746
4537,171.214477539062,120.138720194499,365.308532714844,-675511.869282372
4538,171.726710001628,121.56241607666,376.258473714193,-687292.690010585
4539,171.236145019531,121.313835144043,382.936411539714,-728734.769473759
4540,171.745574951172,122.741299947103,393.958669026693,-737879.48791255
4541,171.255940755208,122.489893595378,400.559000651042,-740462.918413723
4542,171.768173217773,123.925829569499,411.655670166016,-738319.065911487
4543,171.27853902181,123.674423217773,418.182006835938,-728489.329682499
4544,171.789840698242,125.116010030111,429.354339599609,-703311.091279049
4545,171.300206502279,124.859893798828,435.804341634115,-697731.449008892
4546,171.812444051107,126.30712890625,447.050669352214,-658323.310818845
4547,171.320912679036,126.047248840332,453.424336751302,-662265.568328772
4548,171.832214355469,127.50107828776,464.743998209635,-619637.910974103
4549,171.342580159505,127.237429300944,471.041341145833,-623923.1134623
4550,171.856709798177,128.698786417643,482.435343424479,-595058.765867711
4551,171.365173339844,128.433258056641,488.657674153646,-605060.480782687
4552,171.876439412435,129.901209513346,500.126342773438,-573050.118437422
4553,171.383972167969,129.630971272786,506.27500406901,-598538.797161567
4554,171.898071289062,131.103622436523,517.817016601562,-577107.592277242
4555,171.40657043457,130.831502278646,523.889689127604,-614460.804015978
4556,171.920674641927,132.310750325521,535.50634765625,-588659.256855774
4557,171.428243001302,132.034866333008,541.50233968099,-620404.556223889
4558,171.944244384766,133.519765218099,553.19199625651,-597478.859031805
4559,171.452743530273,133.241999308268,559.111673990885,-618674.516578977
4560,172.506378173828,111.573969523112,202.011037190755,-1365800.34586072
4561,173.013910929362,112.973169962565,212.441101074219,-1245553.32065341
4562,172.528045654297,112.72553507487,219.875935872396,-600519.886220224
4563,173.035578409831,114.131334940592,230.380401611328,-657956.011113545
4564,172.549713134766,113.88180287679,237.739934285482,-704596.005486278
4565,173.057210286458,115.293235778809,248.320673624674,-674900.993692596
4566,172.569473266602,115.040901184082,255.605809529622,-723567.424813729
4567,173.077936808268,116.458000183105,266.260925292969,-690562.191576001
4568,172.592071533203,116.203768412272,273.468872070312,-691398.064209178
4569,173.101470947266,117.627456665039,284.195566813151,-637120.841008751
4570,172.613708496094,117.369455973307,291.327219645182,-650792.375544147
4571,173.12407430013,118.798812866211,302.130167643229,-614073.988271919
4572,172.636311848958,118.538925170898,309.188364664714,-599114.102735774
4573,173.145711263021,119.976763407389,320.064758300781,-569010.364555926
4574,172.657943725586,119.716883341471,327.04389444987,-576552.871631771
4575,173.168309529622,121.160357157389,337.993764241536,-554507.897576876
4576,172.680572509766,120.896710713704,344.897572835286,-596744.272513099
4577,173.189971923828,122.344886779785,355.922709147135,-561116.709264025
4578,172.702204386393,122.077473958333,362.751139322917,-610338.716951746
4579,173.214441935221,123.53035736084,373.849802652995,-626993.316595104
4580,172.726710001628,123.262001037598,380.603068033854,-687292.690010585
4581,173.23610941569,124.723360697428,391.777008056641,-709825.801147007
4582,172.745539347331,124.451240539551,398.454671223958,-737879.48791255
4583,173.255874633789,125.919194539388,409.700998942057,-733806.171888156
4584,172.768142700195,125.645189921061,416.301666259766,-738319.065911487
4585,173.28037516276,127.12161509196,427.624338785807,-697869.013370089
4586,172.791707356771,126.843841552734,434.150675455729,-703311.091279049
4587,173.303939819336,128.323089599609,445.546671549479,-656538.370659386
4588,172.814310709635,128.042493184408,451.996663411458,-658323.310818845
4589,173.326543172201,129.529273986816,463.466990152995,-618887.815980468
4590,172.835978190104,129.247739156087,469.840657552083,-619637.910974103
4591,173.349141438802,130.741114298503,481.38466389974,-584962.207229747
4592,172.859507242839,130.455810546875,487.682006835938,-595058.765867711
4593,173.373606363932,131.954833984375,499.30034383138,-550164.991572676
4594,172.882074991862,131.665761311849,505.522349039714,-573050.118437422
4595,173.395243326823,133.171381632487,517.215342203776,-540990.286372422
4596,172.90370686849,132.879480997721,523.361348470052,-577107.592277242
4597,173.417841593424,134.39262898763,535.127665201823,-556451.202987218
4598,172.926310221354,134.096018473307,541.199991861979,-588659.256855774
4599,173.439514160156,135.615758260091,553.042317708333,-572938.831111822
4600,172.949879964193,135.315388997396,559.038330078125,-597478.859031805
4601,174.005406697591,114.651102701823,215.509765625,-1370584.55658665
4602,174.512903849284,116.090802510579,226.165837605794,-1218492.11119375
4603,174.028940836589,115.818669637044,233.601638793945,-657956.011113545
4604,174.537409464518,117.262135823568,244.332107543945,-659588.534354383
4605,174.051544189453,116.986234029134,251.691609700521,-674900.993692596
4606,174.559076944987,118.435356140137,262.49550374349,-640857.987804992
4607,174.073206583659,118.159456888835,269.77968343099,-690562.191576001
4608,174.583572387695,119.617060343424,280.658905029297,-610870.273727865
4609,174.097702026367,119.339291890462,287.866841634115,-637120.841008751
4610,174.60710144043,120.800666809082,298.819488525391,-629031.119208364
4611,174.121236165365,120.518188476562,305.951161702474,-614073.988271919
4612,174.631571451823,121.988021850586,316.980102539062,-563298.583038821
4613,174.143809000651,121.706484476725,324.035502115885,-569010.364555926
4614,174.653208414714,123.181966145833,335.136006673177,-517287.97208343
4615,174.16547648112,122.895718892415,342.11513264974,-554507.897576876
4616,174.677708943685,124.37685139974,353.290008544922,-518650.275056483
4617,174.18994140625,124.089665730794,360.193776448568,-561116.709264025
4618,174.699340820312,125.577390034993,371.443145751953,-568565.507399677
4619,174.211608886719,125.285494486491,378.270741780599,-626993.316595104
4620,174.721979777018,126.780754089355,389.59434000651,-645441.129205473
4621,174.234212239583,126.486976623535,396.347340901693,-709825.801147007
4622,174.743611653646,127.988828023275,407.745340983073,-706838.60207819
4623,174.255844116211,127.693166097005,414.42133585612,-733806.171888156
4624,174.768076578776,129.200660705566,425.893666585286,-684363.337893916
4625,174.280339558919,128.903114318848,432.496002197266,-697869.013370089
4626,174.791636149089,130.416259765625,444.042673746745,-652091.346932958
4627,174.303904215495,130.114008585612,450.567006429036,-656538.370659386
4628,174.816106160482,131.632807413737,462.187337239583,-614376.861354826
4629,174.328374226888,131.328669230143,468.637329101562,-618887.815980468
4630,174.841542561849,132.856887817383,480.33100382487,-572332.289806759
4631,174.352874755859,132.550867716471,486.704671223958,-584962.207229747
4632,174.866973876953,134.082850138346,498.473012288411,-526737.24793109
4633,174.37733968099,133.772120157878,504.771341959635,-550164.991572676
4634,174.891438802083,135.311630249023,516.614013671875,-509908.033938787
4635,174.400873819987,134.999964396159,522.836008707682,-540990.286372422
4636,174.914972941081,136.54606628418,534.75400797526,-520094.209730329
4637,174.423477172852,136.230631510417,540.899658203125,-556451.202987218
4638,174.937576293945,137.783325195312,552.891662597656,-542153.753906811
4639,174.44514465332,137.46506245931,558.961995442708,-572938.831111822
4640,175.505335489909,117.831817626953,229.461441040039,-1395013.02558448
4641,176.012868245443,119.309178670247,240.343510945638,-1296408.18522819
4642,175.528905232747,119.011629740397,247.778376261393,-659588.534354383
4643,176.037373860677,120.494646708171,258.73291015625,-523174.845724343
4644,175.553410847982,120.194274902344,266.090535481771,-640857.987804992
4645,176.060907999674,121.683886210124,277.119445800781,-590921.76490568
4646,175.576939900716,121.382570902507,284.403635660807,-610870.273727865
4647,176.087270100911,122.87877146403,295.50883992513,-623598.961011746
4648,175.603302001953,122.574635823568,302.716756184896,-629031.119208364
4649,176.112701416016,124.075543721517,313.892598470052,-543398.454859724
4650,175.626836140951,123.771408081055,321.024271647135,-563298.583038821
4651,176.137171427409,125.280789693197,332.276377360026,-488222.197274944
4652,175.651306152344,124.972885131836,339.332712809245,-517287.97208343
4653,176.160705566406,126.486035664876,350.659169514974,-481007.298180322
4654,175.674840291341,126.176249186198,357.637339274089,-518650.275056483
4655,176.185175577799,127.697875976562,369.037241617839,-524362.25078516
4656,175.697443644206,127.386202494303,375.939280192057,-568565.507399677
4657,176.206843058268,128.91441599528,387.413543701172,-575037.119764008
4658,175.719111124674,128.600863138835,394.241007486979,-645441.129205473
4659,176.23134358724,130.134730021159,405.78867594401,-633118.597723827
4660,175.743611653646,129.816472371419,412.540008544922,-706838.60207819
4661,176.254908243815,131.355982462565,424.163004557292,-658264.919190644
4662,175.76714070638,131.035832722982,430.840667724609,-684363.337893916
4663,176.281239827474,132.582875569661,442.539001464844,-640764.163944665
4664,175.793472290039,132.260848999023,449.138671875,-652091.346932958
4665,176.306640625,133.814488728841,460.908671061198,-604846.260933131
4666,175.817006429036,133.488698323568,467.43300374349,-614376.861354826
4667,176.331110636393,135.047983805339,479.279337565104,-556992.356209562
4668,175.843378702799,134.720311482747,485.727345784505,-572332.289806759
4669,176.35654703776,136.288065592448,497.647013346354,-514002.207369676
4670,175.868810017904,135.956624348958,504.019012451172,-526737.24793109
4671,176.381042480469,137.530039469401,516.013336181641,-489841.147446803
4672,175.893305460612,137.195775349935,522.31000773112,-509908.033938787
4673,176.406473795573,138.774836222331,534.378336588542,-484230.745221289
4674,175.918706258138,138.43679300944,540.600341796875,-520094.209730329
4675,176.432810465495,140.022455851237,552.742004394531,-508270.619591712
4676,175.943176269531,139.684422810872,558.887674967448,-542153.753906811
4677,177.004369099935,121.114217122396,243.862243652344,-1332879.10052039
4678,177.513768513997,122.630190531413,254.966512044271,-1219816.4911565
4679,177.030736287435,122.308169047038,262.402313232422,-523174.845724343
4680,177.541071573893,123.829788208008,273.580942789714,-590219.703458415
4681,177.055206298828,123.505877176921,280.940450032552,-590921.76490568
4682,177.564605712891,125.034085591634,292.195343017578,-557659.559681167
4683,177.080637613932,124.708295186361,299.47954305013,-623598.961011746
4684,177.591003417969,126.244041442871,310.807902018229,-528241.655835605
4685,177.10703531901,125.91542561849,318.013041178385,-543398.454859724
4686,177.616434733073,127.456822713216,329.414845784505,-461400.160443509
4687,177.132436116536,127.126322428385,336.546508789062,-488222.197274944
4688,177.642771402995,128.676190694173,348.022705078125,-451804.965280954
4689,177.15690612793,128.343808492025,355.079030354818,-481007.298180322
4690,177.666305541992,129.897440592448,366.629628499349,-484699.772346854
4691,177.180440266927,129.561294555664,373.609670003255,-524362.25078516
4692,177.690775553385,131.123397827148,385.233713785807,-509004.921428473
4693,177.20491027832,130.788192749023,392.135548909505,-575037.119764008
4694,177.71620686849,132.355951944987,403.834014892578,-539486.2088461
4695,177.230372111003,132.016042073568,410.659678141276,-633118.597723827
4696,177.742604573568,133.589452107747,422.433349609375,-615528.569948903
4697,177.254872639974,133.247650146484,429.185343424479,-658264.919190644
4698,177.766138712565,134.828587849935,441.033345540365,-620582.51281981
4699,177.2802734375,134.483963012695,447.709340413411,-640764.163944665
4700,177.794372558594,136.071497599284,459.631011962891,-592915.248173801
4701,177.308507283529,135.724049886068,466.230672200521,-604846.260933131
4702,177.819803873698,137.318181355794,478.224670410156,-555087.918256591
4703,177.332041422526,136.967905680339,484.749003092448,-556992.356209562
4704,177.846176147461,138.567682902018,496.8193359375,-511388.865415523
4705,177.358413696289,138.215515136719,503.269337972005,-514002.207369676
4706,177.872543334961,139.820933024089,515.412994384766,-480234.374752934
4707,177.382909138997,139.46689860026,521.784993489583,-489841.147446803
4708,177.897038777669,141.077967325846,534.001322428385,-465290.161686671
4709,177.408340454102,140.720169067383,540.297993977865,-484230.745221289
4710,177.924341837565,142.336873372396,552.59033203125,-473865.13871224
4711,177.436579386393,141.977203369141,558.812337239583,-508270.619591712
4712,178.50526936849,124.499262491862,258.712178548177,-1241209.13148261
4713,179.015635172526,126.054784138997,270.043365478516,-1222831.34611415
4714,178.534469604492,125.707331339518,277.476328531901,-590219.703458415
4715,179.042007446289,127.268498738607,288.879994710286,-352198.678708642
4716,178.558008829753,126.91916402181,296.239501953125,-557659.559681167
4717,179.067443847656,128.488810221354,307.717569986979,-463012.966467265
4718,178.584406534831,128.139478047689,315.001770019531,-528241.655835605
4719,179.094772338867,129.714769999186,326.553304036458,-440196.776471619
4720,178.610768636068,129.360730489095,333.761240641276,-461400.160443509
4721,179.122034708659,130.94167582194,345.387135823568,-453923.317502972
4722,178.638036092122,130.587636311849,352.516937255859,-451804.965280954
4723,179.148371378581,132.175170898438,364.21723429362,-462373.469090965
4724,178.662506103516,131.817357381185,371.273600260417,-484699.772346854
4725,179.171905517578,133.41054280599,383.050099690755,-458709.180082521
4726,178.686040242513,133.052729288737,390.03017171224,-509004.921428473
4727,179.198272705078,134.654388427734,401.878346761068,-481773.445007216
4728,178.71430460612,134.292816162109,408.780354817708,-539486.2088461
4729,179.225601196289,135.900126139323,420.70302327474,-534585.825694342
4730,178.739735921224,135.53667195638,427.530354817708,-615528.569948903
4731,179.251973470052,137.150578816732,439.528015136719,-589502.106992723
4732,178.766108194987,136.784296671549,446.279012044271,-620582.51281981
4733,179.277409871419,138.403839111328,458.351338704427,-573029.854939062
4734,178.791539510091,138.035664876302,465.02734375,-592915.248173801
4735,179.305674235026,139.661794026693,477.174011230469,-553461.903206202
4736,178.819803873698,139.291758219401,483.771677652995,-555087.918256591
4737,179.333908081055,140.923533121745,495.991668701172,-521805.189417364
4738,178.84804280599,140.549733479818,502.514994303385,-511388.865415523
4739,179.362147013346,142.187169392904,514.809661865234,-483727.96097339
4740,178.87440999349,141.810536702474,521.257659912109,-480234.374752934
4741,179.388509114583,143.455505371094,533.625651041667,-460934.218579962
4742,178.900772094727,143.076970418294,539.997314453125,-465290.161686671
4743,179.413940429688,144.728535970052,552.439656575521,-451293.479436945
4744,178.926208496094,144.346237182617,558.736002604167,-473865.13871224
4745,180.007136027018,127.987884521484,274.014068603516,-1171648.0284713
4746,180.517471313477,129.582005818685,285.567464192708,-1261074.00200922
4747,180.033508300781,129.210072835286,293.000427246094,-352198.678708642
4748,180.542912801107,130.809844970703,304.630106608073,-507962.783025757
4749,180.060846964518,130.437917073568,311.98774210612,-463012.966467265
4750,180.571177164714,132.046162923177,323.692738850911,-390263.984630745
4751,180.088139851888,131.672348022461,330.974100748698,-440196.776471619
4752,180.598470052083,133.285303751628,342.752563476562,-459845.654355386
4753,180.116368611654,132.908671061198,349.957661946615,-453923.317502972
4754,180.625768025716,134.52821858724,361.81049601237,-470059.353253995
4755,180.14176940918,134.14875793457,368.940266927083,-462373.469090965
4756,180.652140299479,135.774892171224,380.866465250651,-442297.370807399
4757,180.168141682943,135.394490559896,387.919932047526,-458709.180082521
4758,180.679443359375,137.028157552083,399.920664469401,-452577.124602918
4759,180.195439656576,136.645868937174,406.899007161458,-481773.445007216
4760,180.707672119141,138.286137898763,418.973012288411,-470372.880829427
4761,180.221801757812,137.901967366536,425.875020345052,-534585.825694342
4762,180.733103434245,139.547887166341,438.025349934896,-521525.376570936
4763,180.249140421549,139.159952799479,444.851013183594,-589502.106992723
4764,180.763244628906,140.811503092448,457.074666341146,-553428.777296683
4765,180.277379353841,140.421671549479,463.823994954427,-573029.854939062
4766,180.788645426432,142.080774943034,476.120330810547,-551429.848856124
4767,180.302810668945,141.689071655273,482.794342041016,-553461.903206202
4768,180.816909790039,143.35383605957,495.16401163737,-532810.993300491
4769,180.333877563477,142.958333333333,501.763671875,-521805.189417364
4770,180.84797668457,144.629669189453,514.2080078125,-503162.643395739
4771,180.362111409505,144.232304890951,520.730672200521,-483727.96097339
4772,180.875274658203,145.911173502604,533.249348958333,-465979.373577074
4773,180.389409383138,145.511006673177,539.696329752604,-460934.218579962
4774,180.90353902181,147.196472167969,552.289998372396,-438237.967405799
4775,180.415807088216,146.792536417643,558.661661783854,-451293.479436945
4776,181.508972167969,131.57725016276,289.763214111328,-1192328.93710964
4777,182.017440795898,133.210922241211,301.543538411458,-1280804.97229421
4778,181.535344441732,132.815450032552,308.977467854818,-507962.783025757
4779,182.044743855794,134.456659952799,320.832173665365,-492891.701056346
4780,181.562642415365,134.05930074056,328.189809163411,-390263.984630745
4781,182.07297261556,135.707097371419,340.117980957031,-455528.253668335
4782,181.591837565104,135.306915283203,347.399373372396,-459845.654355386
4783,182.103139241536,136.960362752279,359.401000976562,-464387.367847118
4784,181.619171142578,136.558298746745,366.607025146484,-470059.353253995
4785,182.128570556641,138.218348185221,378.682861328125,-455731.629884857
4786,181.645538330078,137.81440226237,385.812530517578,-442297.370807399
4787,182.157775878906,139.481969197591,397.963002522786,-435310.77131358
4788,181.67567952474,139.076126098633,405.017669677734,-452577.124602918
4789,182.186945597331,140.749359130859,417.244344075521,-434928.721278927
4790,181.702941894531,140.341659545898,424.221343994141,-470372.880829427
4791,182.215174357096,142.020538330078,436.521341959635,-440553.898440244
4792,181.731206258138,141.610936482747,443.42333984375,-521525.376570936
4793,182.244374593099,143.296401977539,455.79600016276,-517745.616289263
4794,181.760375976562,142.884902954102,462.621663411458,-553428.777296683
4795,182.274475097656,144.57600402832,475.067657470703,-545918.376297308
4796,181.788609822591,144.161707560221,481.81699625651,-551429.848856124
4797,182.302739461263,145.861307779948,494.336334228516,-541902.455534135
4798,181.816874186198,145.445139567057,501.009338378906,-532810.993300491
4799,182.33100382487,147.148473103841,513.605336507161,-518952.743564625
4800,181.845138549805,146.728505452474,520.204345703125,-503162.643395739
4801,182.35927327474,148.440307617188,532.874674479167,-475744.855537611
4802,181.875274658203,148.02033996582,539.397013346354,-465979.373577074
4803,182.388442993164,149.737838745117,552.140340169271,-440221.166474652
4804,181.902572631836,149.314137776693,558.586344401042,-438237.967405799
4805,183.008972167969,135.272079467773,305.964345296224,-1258901.61848396
4806,183.519307454427,136.946243286133,317.968770345052,-1261201.4178357
4807,183.037175496419,136.526295979818,325.402669270833,-1300498.22199811
4808,183.548477172852,138.206100463867,337.480539957682,-478699.550587718
4809,183.066375732422,137.784261067708,344.838216145833,-455528.253668335
4810,183.576741536458,139.469731648763,356.992380777995,-467882.688806289
4811,183.094640096029,139.046015421549,364.273773193359,-464387.367847118
4812,183.604039510091,140.737121582031,376.500264485677,-458287.796808126
4813,183.121938069661,140.311518351237,383.703328450521,-455731.629884857
4814,183.632268269857,142.010167439779,396.005330403646,-448063.380582073
4815,183.151138305664,141.584564208984,403.135335286458,-435310.77131358
4816,183.663375854492,143.289800008138,415.512003580729,-394639.35649261
4817,183.181279500326,142.860438028971,422.566345214844,-434928.721278927
4818,183.692545572917,144.57133992513,435.01601155599,-413425.01085499
4819,183.210444132487,144.139139811198,441.994008382161,-440553.898440244
4820,183.722676595052,145.856602986654,454.515329996745,-469153.208637092
4821,183.240575154622,145.423467000326,461.415323893229,-517745.616289263
4822,183.754674275716,147.149398803711,474.010986328125,-527114.429993914
4823,183.272572835286,146.713434855143,480.837656656901,-545918.376297308
4824,183.786707560221,148.444071451823,493.508656819661,-540450.278085883
4825,183.302739461263,148.006240844727,500.257995605469,-541902.455534135
4826,183.816838582357,149.745371500651,513.003326416016,-519880.648445269
4827,183.330968221029,149.303771972656,519.677663167318,-518952.743564625
4828,183.84413655599,151.046671549479,532.498677571615,-492643.93953264
4829,183.358306884766,150.603174845378,539.0966796875,-475744.855537611
4830,183.874308268229,152.354537963867,551.990681966146,-460567.587093006
4831,183.388442993164,151.909169514974,558.512003580729,-440221.166474652
4832,184.510808308919,139.071416219076,322.614603678385,-1249013.05661912
4833,185.020207722982,140.782302856445,334.845001220703,-1266214.12756255
4834,184.540008544922,140.336934407552,342.277038574219,-1283002.75840976
4835,185.049407958984,142.056299845378,354.580912272135,-496114.153513391
4836,184.568242390951,141.610936482747,361.93857828776,-467882.688806289
4837,185.078572591146,143.3359375,374.316975911458,-464656.026109974
4838,184.596471150716,142.885838826497,381.59726969401,-458287.796808126
4839,185.107772827148,144.617436726888,394.047007242839,-439649.651157511
4840,184.625671386719,144.167368570964,401.25200398763,-448063.380582073
4841,185.137903849284,145.906499226888,413.778340657552,-398167.703496499
4842,184.65673828125,145.454533894857,420.908335367839,-394639.35649261
4843,185.170873006185,147.198369344076,433.508677164714,-387767.180875433
4844,184.688776652018,146.744537353516,440.56201171875,-413425.01085499
4845,185.201939900716,148.495905558268,453.235677083333,-421591.412371383
4846,184.71794128418,148.040171305339,460.210998535156,-469153.208637092
4847,185.232070922852,149.798105875651,472.958323160807,-484141.905505872
4848,184.750905354818,149.340469360352,479.858317057292,-527114.429993914
4849,185.265004475911,151.105972290039,492.680989583333,-524214.856589962
4850,184.782908121745,150.645538330078,499.504659016927,-540450.278085883
4851,185.296076456706,152.414805094401,512.401000976562,-518363.295714076
4852,184.813975016276,151.95246887207,519.150329589844,-519880.648445269
4853,185.32807413737,153.73019917806,532.121012369792,-504580.135890604
4854,184.844106038411,153.266001383464,538.79502360026,-492643.93953264
4855,185.357309977214,155.049402872721,551.839029947917,-482957.741274053
4856,184.873341878255,154.581436157227,558.436686197917,-460567.587093006
4857,186.009841918945,142.971501668294,339.715901692708,-1284493.78406396
4858,186.519241333008,144.722869873047,352.170440673828,-1215562.16431777
4859,186.039006551107,144.253036499023,359.60341389974,-1278877.06429587
4860,186.549341837565,146.012873331706,372.131479899089,-503164.233918249
4861,186.070073445638,145.541137695312,379.487375895182,-464656.026109974
4862,186.582305908203,147.30473836263,392.089670817057,-460408.517487477
4863,186.102106730143,146.831136067708,399.369008382161,-439649.651157511
4864,186.613408406576,148.602305094401,412.046681722005,-420737.372950803
4865,186.131306966146,148.127736409505,419.251017252604,-398167.703496499
4866,186.64350382487,149.904505411784,432.003011067708,-395140.135595834
4867,186.164235432943,149.427103678385,439.130676269531,-387767.180875433
4868,186.678370157878,151.210505167643,451.956013997396,-405848.777090025
4869,186.198170979818,150.733139038086,459.007680257161,-421591.412371383
4870,186.709437052409,152.52500406901,471.905670166016,-432776.004297113
4871,186.227335611979,152.045705159505,478.880991617839,-484141.905505872
4872,186.741434733073,153.843200683594,491.853332519531,-481710.022116946
4873,186.260269165039,153.361104329427,498.753336588542,-524214.856589962
4874,186.774373372396,155.164271036784,511.799336751302,-507923.122936713
4875,186.292277018229,154.678405761719,518.623331705729,-518363.295714076
4876,186.805475870768,156.48720296224,531.744669596354,-513987.899908303
4877,186.323374430339,156.001332600911,538.493021647135,-504580.135890604
4878,186.83750406901,157.818634033203,551.688354492188,-496463.173063083
4879,186.355407714844,157.330902099609,558.3603515625,-482957.741274053
4880,187.509775797526,146.976104736328,357.266377766927,-1258778.28598223
4881,188.019175211589,148.76513671875,369.945983886719,-1246417.1433566
4882,187.538976033529,148.271738688151,377.378112792969,-1277911.73618212
4883,188.051208496094,150.069269816081,390.132008870443,-507405.697109463
4884,187.573806762695,149.574005126953,397.487670898438,-460408.517487477
4885,188.085108439128,151.37717183431,410.315999348958,-283439.241348115
4886,187.604909261068,150.87907409668,417.595672607422,-420737.372950803
4887,188.1162109375,152.68977355957,430.497334798177,-417157.401426561
4888,187.636906941732,152.18977355957,437.700337727865,-395140.135595834
4889,188.149139404297,154.007970174154,450.674336751302,-423826.053048114
4890,187.66987101237,153.506103515625,457.80234781901,-405848.777090025
4891,188.184005737305,155.330001831055,470.850016276042,-366721.974847534
4892,187.703770955404,154.826268513997,477.901672363281,-432776.004297113
4893,188.216939290365,156.655766805013,491.023661295573,-414650.807509434
4894,187.736704508464,156.151997884115,498,-481710.022116946
4895,188.250839233398,157.989034016927,511.197672526042,-495677.160001253
4896,187.769673665365,157.483403523763,518.097005208333,-507923.122936713
4897,188.283808390299,159.327041625977,531.368998209635,-517300.204566444
4898,187.80170694987,158.816706339518,538.192667643229,-513987.899908303
4899,188.314870198568,160.666005452474,551.53867594401,-500477.37365336
4900,187.832768758138,160.153803507487,558.286010742188,-496463.173063083
4901,189.008809407552,151.082433064779,375.267883300781,-1150303.91831971
4902,189.520111083984,152.911966959635,388.172342936198,-1224168.47044492
4903,189.042709350586,152.392201741536,395.604339599609,-563621.106874071
4904,189.554941813151,154.230204264323,408.582336425781,-513213.388119296
4905,189.074742635091,153.710439046224,415.938334147135,-462937.30397689
4906,189.586044311523,155.554072062174,428.990000406901,-72639.1031707929
4907,189.107711791992,155.031504313151,436.269327799479,-417157.401426561
4908,189.621810913086,156.880803426107,449.394002278646,-403109.17018171
4909,189.142542521159,156.357269287109,456.596008300781,-423826.053048114
4910,189.654774983724,158.213170369466,469.796346028646,-350713.945491054
4911,189.175506591797,157.68776957194,476.922342936198,-366721.974847534
4912,189.689605712891,159.548370361328,490.196004231771,-368983.485729357
4913,189.211273193359,159.020100911458,497.245666503906,-414650.807509434
4914,189.72444152832,160.889170328776,510.595662434896,-446556.910189608
4915,189.24424235026,160.361872355143,517.571329752604,-495677.160001253
4916,189.758341471354,162.239440917969,530.993001302083,-503722.874201693
4917,189.279073079427,161.710240681966,537.891337076823,-517300.204566444
4918,189.795038859049,163.591573079427,551.387003580729,-511614.836740376
4919,189.31293741862,163.057673136393,558.210673014323,-500477.37365336
4920,190.509709676107,155.293299357096,393.718343098958,-1060925.63607434
4921,191.021942138672,157.16140238444,406.846008300781,-1223777.53999948
4922,190.544576009115,156.618072509766,414.278004964193,-431970.229492182
4923,191.05680847168,158.493738810221,427.481333414714,-485360.830155903
4924,190.578475952148,157.949503580729,434.837331136068,-425553.740209339
4925,191.091644287109,159.83083597819,448.114664713542,-163983.105063736
4926,190.613311767578,159.284703572591,455.392008463542,-403109.17018171
4927,191.127410888672,161.171671549479,468.741678873698,-357496.710021999
4928,190.648142496745,160.623672485352,475.944010416667,-350713.945491054
4929,191.162241617839,162.519104003906,489.368672688802,-372806.301611021
4930,190.682973225911,161.969202677409,496.494669596354,-368983.485729357
4931,191.197072347005,163.872166951497,509.99267578125,-391352.756949975
4932,190.716873168945,163.320404052734,517.044006347656,-446556.910189608
4933,191.230041503906,165.229970296224,530.617350260417,-474220.17689008
4934,190.751708984375,164.676305135091,537.590677897135,-503722.874201693
4935,191.265808105469,166.591501871745,551.236348470052,-506920.387752425
4936,190.78840637207,166.035970052083,558.134338378906,-511614.836740376
4937,192.009674072266,159.606735229492,412.618011474609,-948169.156255764
4938,192.521906534831,161.516270955404,425.971669514974,-1211450.08879332
4939,192.046407063802,160.946604410807,433.402994791667,-549932.368848083
4940,192.558639526367,162.861836751302,446.831319173177,-402039.852972016
4941,192.082209269206,162.290303548177,454.186991373698,-412800.740915249
4942,192.593475341797,164.21396891276,467.686665852865,-137410.562576039
4943,192.117009480794,163.641469319661,474.964009602865,-357496.710021999
4944,192.629236857096,165.57080078125,488.538350423177,-380177.258577133
4945,192.153737386068,164.996434529622,495.740681966146,-372806.301611021
4946,192.667836507161,166.932367960612,509.390340169271,-382658.891202285
4947,192.190439860026,166.358001708984,516.516337076823,-391352.756949975
4948,192.704569498698,168.299570719401,530.239990234375,-435004.643050018
4949,192.224370320638,167.723302205404,537.289672851562,-474220.17689008
4950,192.739435831706,169.670501708984,551.086669921875,-468941.76459632
4951,192.259206136068,169.092366536458,558.060017903646,-506920.387752425
4952,193.509638468424,164.024703979492,431.970672607422,-1060957.00000799
4953,194.023737589518,165.971939086914,445.550669352214,-1210823.01753139
4954,193.54823811849,165.37873840332,452.979990641276,-410991.852659365
4955,194.061406453451,167.331639607747,466.634002685547,-346404.936631365
4956,193.583073933919,166.738403320312,473.985005696615,-394462.506033053
4957,194.096237182617,168.699737548828,487.710673014323,-360009.990885014
4958,193.618865966797,168.104634602865,494.986673990885,-380177.258577133
4959,194.132995605469,170.069768269857,508.786682128906,-408297.010780243
4960,193.657465616862,169.471867879232,515.988016764323,-382658.891202285
4961,194.173467000326,171.44450378418,529.861328125,-395766.978413581
4962,193.697967529297,170.846572875977,536.9873046875,-435004.643050018
4963,194.212097167969,172.827707926432,550.934977213542,-398674.506587994
4964,193.733764648438,172.227905273438,557.984659830729,-468941.76459632
4965,195.011505126953,168.543436686198,451.774668375651,-1093055.26405401
4966,195.525604248047,170.531138102214,465.577667236328,-1189063.48058541
4967,195.051005045573,169.912541707357,473.007680257161,-432014.078752474
4968,195.562306722005,171.905873616536,486.883015950521,-372166.935087104
4969,195.085871378581,171.286305745443,494.235005696615,-417714.536764393
4970,195.600001017253,173.286239624023,508.184997558594,-369416.415857985
4971,195.124496459961,172.664805094401,515.460673014323,-408297.010780243
4972,195.638595581055,174.669469197591,529.485677083333,-356406.434190175
4973,195.163096110026,174.047068277995,536.684997558594,-395766.978413581
4974,195.67909749349,176.062067667643,550.784322102865,-374968.435025265
4975,195.203598022461,175.440638224284,557.908325195312,-398674.506587994
4976,196.511469523112,173.168538411458,472.025675455729,-1093972.1765044
4977,197.02463277181,175.193939208984,486.053680419922,-1197003.07500812
4978,196.550069173177,174.549870808919,493.48100789388,-491594.334705877
4979,197.063237508138,176.580902099609,507.582346598307,-399589.835354946
4980,196.589604695638,175.936838785807,514.934346516927,-424962.853646922
4981,197.103703816732,177.976338704427,529.110005696615,-382865.984762746
4982,196.62819925944,177.330403645833,536.385660807292,-356406.434190175
4983,197.142298380534,179.377436319987,550.63466389974,-378497.672436031
4984,196.668696085612,178.731501261393,557.834004720052,-374968.435025265
4985,198.012364705404,177.89350382487,492.727671305339,-1078409.81205701
4986,198.525533040365,179.956537882487,506.978668212891,-1186650.38705198
4987,198.050969441732,179.288004557292,514.406016031901,-433957.103138732
4988,198.565073649089,181.361404418945,528.73134358724,-452389.721458456
4989,198.091440836589,180.693801879883,536.083333333333,-382865.984762746
4990,198.60557047526,182.773803710938,550.482991536458,-386807.202602943
4991,198.131932576497,182.103373209635,557.758666992188,-378497.672436031
4992,199.513270060221,182.721074422201,513.878662109375,-974185.24720401
4993,200.026438395182,184.825541178385,528.353658040365,-1173772.45863791
4994,199.552805582682,184.134404500326,535.778991699219,-452389.721458456
4995,200.068806966146,186.246404012044,550.330322265625,-333107.697481956
4996,199.595204671224,185.553405761719,557.682332356771,-386807.202602943
4997,201.014170328776,187.655039469401,535.479654947917,-891800.908937324
4998,201.52826944987,189.798105875651,550.1806640625,-1159691.6281172
4999,201.05653889974,189.080607096354,557.605997721354,-333107.697481956
5000,202.514134724935,192.68977355957,557.532674153646,-1013362.57584888
5001,54.440372467041,187.446004231771,550.102661132812,-1152121.89513634
5002,53.8801409403483,189.38193766276,557.527994791667,-1159691.6281172
5003,54.2793718973796,188.154103597005,550.094319661458,-1095087.26824985
5004,53.7417386372884,190.092834472656,557.524332682292,-1162480.9378376
5005,54.1795743306478,188.870635986328,550.090657552083,-1146394.2282427
5006,53.6626421610514,190.810338338216,557.524332682292,-1160218.24347929
5007,54.1381416320801,189.59287516276,550.090657552083,-1159691.6281172
5008,53.6428718566895,191.534439086914,557.524332682292,-1013362.57584888
5009,54.1598040262858,190.316935221354,550.090657552083,-1162480.9378376
5010,53.6843045552572,192.256632486979,557.524332682292,-1013362.57584888
5011,54.2417081197103,191.035400390625,550.094319661458,-1160218.24347929
5012,53.7822100321452,192.97226969401,557.527994791667,-1013362.57584888
5013,54.3801053365072,191.744405110677,550.102661132812,-1013362.57584888
5014,53.9404029846191,193.677505493164,557.532674153646,-1013362.57584888
5015,55.9356371561686,182.413172403971,528.124003092448,-1178011.16966401
5016,55.3763058980306,184.313303629557,535.394999186198,-1160709.28690396
5017,55.7699063618978,183.119369506836,528.110656738281,-1060506.64364544
5018,55.2332038879395,185.024236043294,535.384643554688,-1171683.3795645
5019,55.6654040018717,183.837804158529,528.103312174479,-1160709.28690396
5020,55.1494077046712,185.745473225911,535.379313151042,-1165669.6393724
5021,55.6220792134603,184.561874389648,528.101643880208,-1173772.45863791
5022,55.1277453104655,186.469573974609,535.379313151042,-891800.908937324
5023,55.643741607666,185.285970052083,528.103312174479,-1171683.3795645
5024,55.171070098877,187.191767374674,535.380981445312,-891800.908937324
5025,55.729434967041,186.004399617513,528.106994628906,-1165669.6393724
5026,55.275572458903,187.908335367839,535.386657714844,-891800.908937324
5027,55.8753751118978,186.71440633138,528.119323730469,-891800.908937324
5028,55.4394060770671,188.613606770833,535.401652018229,-891800.908937324
5029,57.4299354553223,177.486775716146,506.597330729167,-1127108.16969237
5030,56.866870880127,179.350173950195,513.716674804688,-1179748.89320163
5031,57.2529029846191,178.191040039062,506.583017985026,-1089834.73694774
5032,56.715269724528,180.060104370117,513.70600382487,-1176910.40055718
5033,57.142770131429,178.908538818359,506.576324462891,-1179748.89320163
5034,56.6296068827311,180.781372070312,513.699645996094,-1168525.3077744
5035,57.0994758605957,179.634506225586,506.571980794271,-1186650.38705198
5036,56.6079444885254,181.507339477539,513.697977701823,-974185.24720401
5037,57.1211077372233,180.360473632812,506.57465616862,-1176910.40055718
5038,56.6512387593587,182.231404622396,513.702321370443,-974185.24720401
5039,57.2105344136556,181.079839070638,506.58100382487,-1168525.3077744
5040,56.761402130127,182.947036743164,513.7080078125,-974185.24720401
5041,57.3668352762858,181.787938435872,506.590677897135,-974185.24720401
5042,56.9346707661947,183.651372273763,513.722330729167,-974185.24720401
5043,58.9261360168457,172.662938435872,485.519673665365,-1201935.51570296
5044,58.358336130778,174.492472330729,492.489339192708,-491594.334705877
5045,58.7368710835775,173.364435831706,485.503682454427,-1155242.80084525
5046,58.1945025126139,175.19960530599,492.478017171224,-1161230.91395642
5047,58.6163724263509,174.081904093424,485.496012369792,-1189299.69951075
5048,58.1022733052572,175.92177327474,492.471333821615,-1076390.05910814
5049,58.5702756245931,174.809773763021,485.491333007812,-1197003.07500812
5050,58.0806414286296,176.649673461914,492.468658447266,-1078409.81205701
5051,58.5947405497233,175.537638346354,485.493336995443,-1161230.91395642
5052,58.1267382303874,177.375605265299,492.473337809245,-1078409.81205701
5053,58.6907386779785,176.259806315104,485.501678466797,-1076390.05910814
5054,58.2444038391113,178.093109130859,492.481679280599,-1078409.81205701
5055,58.858336130778,176.966974894206,485.514017740885,-1078409.81205701
5056,58.4298998514811,178.794606526693,492.496012369792,-1078409.81205701
5057,60.417667388916,167.939870198568,464.892008463542,-727357.864932582
5058,59.8461036682129,169.733601888021,471.71201578776,-432014.078752474
5059,60.2142728169759,168.640401204427,464.876007080078,-1152510.78146251
5060,59.6728401184082,170.441701253255,471.698008219401,-432014.078752474
5061,60.0843391418457,169.357935587565,464.866668701172,-1211742.99721848
5062,59.570240020752,171.162968953451,471.690338134766,-1004032.22715044
5063,60.0316403706869,170.08576965332,464.862660725911,-1189063.48058541
5064,59.5457750956217,171.892705281576,471.688334147135,-1093972.1765044
5065,60.0598742167155,170.817403157552,464.864664713542,-1117633.67867047
5066,59.5984738667806,172.622436523438,471.692342122396,-1093972.1765044
5067,60.1643714904785,171.540532430013,464.872344970703,-1004032.22715044
5068,59.7246386210124,173.339935302734,471.701680501302,-1093972.1765044
5069,60.3461036682129,172.246734619141,464.885335286458,-1093972.1765044
5070,59.9261360168457,174.040471394857,471.71767171224,-1093972.1765044
5071,61.9119707743327,163.319468180339,444.714335123698,-1227067.79723488
5072,61.331968943278,165.079299926758,451.383666992188,-410991.852659365
5073,61.6878700256348,164.017166137695,444.69633992513,-1170289.59226402
5074,61.1417376200358,165.784535725911,451.368672688802,-410991.852659365
5075,61.54754002889,164.736536661784,444.685333251953,-1217776.36206867
5076,61.0315742492676,166.508636474609,451.361328125,-1197144.49099781
5077,61.4891751607259,165.466303507487,444.681660970052,-1223345.94536154
5078,61.0033404032389,167.238403320312,451.35932413737,-1093055.26405401
5079,61.5193061828613,166.197937011719,444.683329264323,-1210823.01753139
5080,61.061705271403,167.970001220703,451.362996419271,-1093055.26405401
5081,61.6360715230306,166.923904418945,444.692667643229,-1197144.49099781
5082,61.200138092041,168.68940226237,451.374338785807,-1093055.26405401
5083,61.8319384256999,167.629170735677,444.708679199219,-1093055.26405401
5084,61.4176368713379,169.387100219727,451.390340169271,-1093055.26405401
5085,63.4034411112467,158.7998046875,424.985015869141,-1235341.16487832
5086,62.8177731831869,160.523869832357,431.504679361979,-549932.368848083
5087,63.1595700581869,159.496571858724,424.966339111328,-1186286.71131486
5088,62.6096687316895,161.230036417643,431.48866780599,-549932.368848083
5089,63.0051358540853,160.217803955078,424.954996744792,-1233974.71129393
5090,62.4891395568848,161.956934611003,431.479329427083,-1196857.30478412
5091,62.9430071512858,160.953201293945,424.951324462891,-1235824.02157656
5092,62.4590085347494,162.690470377604,431.477661132812,-1060957.00000799
5093,62.9750048319499,161.686737060547,424.953328450521,-1211450.08879332
5094,62.5211372375488,163.422103881836,431.481333414714,-1060957.00000799
5095,63.1011695861816,162.412704467773,424.960673014323,-1196857.30478412
5096,62.6737047831217,164.142440795898,431.492340087891,-1060957.00000799
5097,63.3177731831869,163.117039998372,424.978342692057,-1060957.00000799
5098,62.9119402567546,164.838272094727,431.513010660807,-1060957.00000799
5099,64.8949724833171,154.387466430664,405.706675211589,-1243966.31010955
5100,64.3008066813151,156.072937011719,412.074676513672,-431970.229492182
5101,64.6284726460775,155.077672322591,405.68500773112,-1128527.50108026
5102,64.0729039510091,156.77724202474,412.057006835938,-431970.229492182
5103,64.4589703877767,155.799840291341,405.673004150391,-1250594.98730751
5104,63.9411036173503,157.50693766276,412.048665364583,-1223777.53999948
5105,64.3912061055501,156.539001464844,405.668334960938,-1249013.44846456
5106,63.9091059366862,158.246134440104,412.046661376953,-948169.156255764
5107,64.4269727071126,157.279134114583,405.67100016276,-1223777.53999948
5108,63.9768702189128,158.982467651367,412.051330566406,-948169.156255764
5109,64.5644365946452,158.006968180339,405.681335449219,-1217479.17920209
5110,64.1426035563151,159.701838175456,412.062672932943,-948169.156255764
5111,64.8008054097493,158.708470662435,405.69834391276,-948169.156255764
5112,64.403439839681,160.393936157227,412.082346598307,-948169.156255764
5113,66.3883056640625,150.078735351562,386.880615234375,-1259896.04289437
5114,65.7847722371419,151.728398640951,393.096944173177,-563621.106874071
5115,66.096440633138,150.765131632487,386.856943766276,-1189899.44542076
5116,65.5343068440755,152.428934733073,393.077006022135,-563621.106874071
5117,65.9099756876628,151.487335205078,386.840901692708,-1269462.14130359
5118,65.3902079264323,153.158671061198,393.064900716146,-1224168.47044492
5119,65.8355763753255,152.228368123372,386.834462483724,-1250400.76226419
5120,65.3544413248698,153.901601155599,393.062235514323,-1060925.63607434
5121,65.8742090861003,152.974136352539,386.838236490885,-1224168.47044492
5122,65.428840637207,154.644536336263,393.068674723307,-1060925.63607434
5123,66.026741027832,153.706705729167,386.851277669271,-1211805.71682339
5124,65.61243947347,155.365804036458,393.083607991536,-1060925.63607434
5125,66.2856725056966,154.405370076497,386.87294514974,-1060925.63607434
5126,65.895871480306,156.053166707357,393.10634358724,-1060925.63607434
5127,67.8788401285807,145.870737711589,368.50434366862,-1262358.33384661
5128,67.2677408854167,147.483703613281,374.571075439453,-573913.401031159
5129,67.5643742879232,146.552434285482,368.477040608724,-1247728.35347404
5130,66.9966074625651,148.184199015299,374.546579996745,-1266571.72157984
5131,67.361941019694,147.276499430339,368.460072835286,-1282309.92973447
5132,66.8374430338542,148.915832519531,374.534332275391,-1246417.1433566
5133,67.2809092203776,148.022267659505,368.454427083333,-1266571.72157984
5134,66.7988103230794,149.663467407227,374.530558268229,-1253326.49404394
5135,67.3233083089193,148.773666381836,368.456298828125,-1246417.1433566
5136,66.8798421223958,150.411102294922,374.536204020182,-1150303.91831971
5137,67.4862416585286,149.509969075521,368.470438639323,-1253326.49404394
5138,67.0785090128581,151.135172526042,374.55507405599,-1150303.91831971
5139,67.7677408854167,150.204869588216,368.494944254557,-1150303.91831971
5140,67.3892059326172,151.81596883138,374.580485026042,-1150303.91831971
5141,69.3684717814128,141.764404296875,350.576304117839,-1298835.27892764
5142,68.7470067342122,143.341603597005,356.492370605469,-1299398.98052294
5143,69.0276082356771,142.439539591471,350.549001057943,-1273878.3299479
5144,68.4560750325521,144.037404378255,356.466939290365,-1276016.0949375
5145,68.812006632487,143.165471394857,350.528279622396,-1299398.98052294
5146,68.285639444987,144.772801717122,356.451873779297,-1215562.16431777
5147,68.7234725952148,143.918802897135,350.521708170573,-1276016.0949375
5148,68.2432403564453,145.528935750326,356.450002034505,-1263371.20622884
5149,68.7696075439453,144.677703857422,350.526407877604,-1215562.16431777
5150,68.3317743937175,146.281234741211,356.456573486328,-1258778.28598223
5151,68.9457066853841,145.414967854818,350.540506998698,-1263371.20622884
5152,68.5436401367188,147.006266276042,356.474466959635,-1258778.28598223
5153,69.2470067342122,146.108901977539,350.56689453125,-1258778.28598223
5154,68.8788401285807,147.682301839193,356.502736409505,-1258778.28598223
5155,70.8599395751953,137.761657714844,333.098368326823,-1280470.68784598
5156,70.2281392415365,139.301183064779,338.862833658854,-1315237.71313011
5157,70.4917729695638,138.433039347331,333.066365559896,-1293824.78573663
5158,69.912707010905,139.994196573893,338.836466471354,-1306376.84341408
5159,70.2582753499349,139.160868326823,333.046600341797,-1315237.71313011
5160,69.7291081746419,140.734278361003,338.820475260417,-1266214.12756255
5161,70.1622416178385,139.918874104818,333.03813680013,-1306376.84341408
5162,69.6829732259115,141.496068318685,338.815775553385,-1267958.19741013
5163,70.2121404012044,140.682535807292,333.041900634766,-1266214.12756255
5164,69.7790069580078,142.254038492839,338.824239095052,-1284493.78406396
5165,70.4042078653971,141.422602335612,333.058837890625,-1267958.19741013
5166,70.0087407430013,142.980000813802,338.844940185547,-1284493.78406396
5167,70.7281061808268,142.113733927409,333.088002522786,-1284493.78406396
5168,70.3684387207031,143.651336669922,338.875996907552,-1284493.78406396
5169,72.3505071004232,133.860631306966,316.070505777995,-1332770.87094721
5170,71.7102076212565,135.364364624023,321.683369954427,-1333324.42889406
5171,71.9578755696615,134.527282714844,316.035675048828,-1302178.49071879
5172,71.3712412516276,136.056432088216,321.654205322266,-1313952.55886328
5173,71.7055079142253,135.256072998047,316.014038085938,-1333324.42889406
5174,71.1716079711914,136.799352010091,321.63633219401,-1261201.4178357
5175,71.6019083658854,136.021596272786,316.004638671875,-1313952.55886328
5176,71.1217091878255,137.567708333333,321.632568359375,-1187530.6001897
5177,71.6556091308594,136.791829427083,316.010274251302,-1261201.4178357
5178,71.2253087361654,138.329462687174,321.641967773438,-1249013.05661912
5179,71.8618418375651,137.535685221354,316.027201334635,-1187530.6001897
5180,71.4738744099935,139.057322184245,321.661732991536,-1249013.05661912
5181,72.2102076212565,138.223999023438,316.057342529297,-1249013.05661912
5182,71.8599065144857,139.723012288411,321.697509765625,-1249013.05661912
5183,73.8420054117839,130.065989176432,299.493682861328,406489.660010518
5184,73.1923065185547,131.529235839844,304.954010009766,-1349200.52131798
5185,73.4220733642578,130.723225911458,299.454142252604,-1320161.36696135
5186,72.8279418945312,132.217539469401,304.922943115234,-1324480.56733164
5187,73.1518402099609,131.455780029297,299.43061319987,-1349200.52131798
5188,72.6160405476888,132.96516418457,304.903177897135,-1277534.47756237
5189,73.0425720214844,132.226954142253,299.418375651042,-1324480.56733164
5190,72.5623397827148,133.740107218424,304.897542317708,-1280804.97229421
5191,73.098139444987,133.004720052083,299.424977620443,-1277534.47756237
5192,72.6716079711914,134.510330200195,304.909779866536,-1258901.61848396
5193,73.3194402058919,133.753280639648,299.446614583333,-1280804.97229421
5194,72.9399744669596,135.241002400716,304.932342529297,-1258901.61848396
5195,73.6923065185547,134.436879475911,299.47954305013,-1258901.61848396
5196,73.3505071004232,135.898239135742,304.970011393229,-1258901.61848396
5197,75.3316065470378,126.373039245605,283.367889404297,67263.1448111527
5198,74.6734390258789,127.800504048665,288.677551269531,-1371648.80846726
5199,74.8871739705404,127.024625142415,283.323638916016,-1334810.06817746
5200,74.2855072021484,128.484100341797,288.639902750651,-1304795.24759541
5201,74.5971755981445,127.759068806966,283.29633585612,-1371648.80846726
5202,74.0576400756836,129.236434936523,288.618245442708,-1267559.96114543
5203,74.4813410441081,128.536829630534,283.28407796224,-1304795.24759541
5204,74.002072652181,130.01796468099,288.611643473307,-1261074.00200922
5205,74.5416081746419,129.322128295898,283.289733886719,-1267559.96114543
5206,74.1179072062175,130.79573059082,288.623901367188,-1192328.93710964
5207,74.775141398112,130.076349894206,283.314239501953,-1261074.00200922
5208,74.403205871582,131.528289794922,288.652150472005,-1192328.93710964
5209,75.1734059651693,130.75617980957,283.351888020833,-1192328.93710964
5210,74.8419723510742,132.177047729492,288.693552652995,-1192328.93710964
5211,76.8202743530273,122.78178914388,267.691243489583,111928.899156254
5212,76.1526743570964,124.171585083008,272.849314371745,-1386962.2226085
5213,76.3504079182943,123.425842285156,267.645111083984,111928.899156254
5214,75.7430750528971,124.851417541504,272.809773763021,-1296444.0405372
5215,76.0453414916992,124.162167867025,267.613098144531,-1386962.2226085
5216,75.5011088053385,125.610343933105,272.783396402995,-1242233.12029967
5217,75.9210739135742,124.950289408366,267.598968505859,-1296444.0405372
5218,75.4408416748047,126.399408976237,272.777740478516,-1222831.34611415
5219,75.9850743611654,125.741233825684,267.607442220052,-1242233.12029967
5220,75.5651092529297,127.182818094889,272.791870117188,-1171648.0284713
5221,76.2327092488607,126.499219258626,267.63286336263,-1222831.34611415
5222,75.8664423624675,127.919148763021,272.821065266927,-1171648.0284713
5223,76.651741027832,127.177169799805,267.67524210612,-1171648.0284713
5224,76.3306401570638,128.562260945638,272.868153889974,-1171648.0284713
5225,78.3117752075195,119.293167114258,252.463704427083,145901.21322035
5226,77.6338424682617,120.645306905111,257.47206624349,-1412718.84133862
5227,77.8165105183919,119.929690043132,252.412862141927,145901.21322035
5228,77.2006759643555,121.320429484049,257.42783610026,-1373854.59633283
5229,77.4925765991211,120.666015625,252.379938761393,-1412718.84133862
5230,76.944574991862,122.082178751628,257.400538126628,-1233509.14843798
5231,77.3598429361979,121.464487711589,252.363932291667,-1294893.2172905
5232,76.8805745442708,122.884422302246,257.392064412435,-1219816.4911565
5233,77.42857615153,122.265795389811,252.371465047201,-1233509.14843798
5234,77.013308207194,123.673487345378,257.408070882161,-1241209.13148261
5235,77.6931432088216,123.025665283203,252.401570638021,-1219816.4911565
5236,77.332509358724,124.409812927246,257.441935221354,-1241209.13148261
5237,78.1338094075521,123.699844360352,252.444864908854,-1241209.13148261
5238,77.8193079630534,125.047271728516,257.489969889323,-1241209.13148261
5239,79.8032404581706,115.908137003581,237.686274210612,351229.035803795
5240,79.1177749633789,117.219769795736,242.542068481445,-1425551.67803979
5241,79.2835083007812,116.534301757812,237.631632486979,351229.035803795
5242,78.6601765950521,117.892082214355,242.494064331055,-1368950.89188429
5243,78.9417088826497,117.276280721029,237.593999226888,-1425551.67803979
5244,78.3899434407552,118.659474690755,242.464899698893,-1306926.32860323
5245,78.8033091227214,118.082260131836,237.57893371582,-1306926.32860323
5246,78.3212102254232,119.471110026042,242.457366943359,-1296408.18522819
5247,78.8729756673177,118.893915812174,237.586466471354,-1287423.87618978
5248,78.4596099853516,120.268666585286,242.472432454427,-1332879.10052039
5249,79.1516749064128,119.656626383464,237.617533365885,-1296408.18522819
5250,78.8004760742188,121.005933125814,242.510065714518,-1332879.10052039
5251,79.6177749633789,120.326098124186,237.668370564779,-1332879.10052039
5252,79.3117421468099,121.635861714681,242.562805175781,-1332879.10052039
5253,81.2928746541341,112.628570556641,223.358006795247,306434.982889145
5254,80.5989074707031,113.90160369873,228.064107259115,-1454015.60411089
5255,80.7505086263021,113.2453028361,223.299601236979,306434.982889145
5256,80.1205749511719,114.566368103027,228.01133219401,-1408750.20894944
5257,80.3908081054688,113.987269083659,223.259099324544,-1454015.60411089
5258,79.8352737426758,115.339401245117,227.979334513346,-1322640.11718454
5259,80.2458063761393,114.801734924316,223.243103027344,-1322640.11718454
5260,79.7656071980794,116.161399841309,227.971801757812,-1218492.11119375
5261,80.3211415608724,115.624699910482,223.25156656901,-1231169.05551736
5262,79.9106089274089,116.968365987142,227.987798055013,-1395013.02558448
5263,80.6102091471354,116.393999735514,223.283599853516,-1218492.11119375
5264,80.2646408081055,117.707509358724,228.027369181315,-1395013.02558448
5265,81.0989074707031,117.057810465495,223.337270100911,-1395013.02558448
5266,80.8032404581706,118.327092488607,228.085739135742,-1395013.02558448
5267,82.7853088378906,109.448768615723,209.479766845703,-219984.245879841
5268,82.0810089111328,110.685101826986,214.032404581706,-1477364.17746294
5269,82.2165756225586,110.060801188151,209.417638142904,-123201.603857184
5270,81.5800425211589,111.347969055176,213.97873433431,-1425532.25026086
5271,81.8418095906575,110.803736368815,209.376200358073,-123201.603857184
5272,81.2825088500977,112.121971130371,213.944834391276,-1292025.31391592
5273,81.68834177653,111.623870849609,209.358337402344,-123201.603857184
5274,81.2071736653646,112.951502482096,213.936370849609,-1237272.5682684
5275,81.7664744059245,112.457168579102,209.367736816406,-1237272.5682684
5276,81.3606414794922,113.770701090495,213.954233805339,-1370584.55658665
5277,82.072509765625,113.233034769694,209.401601155599,-1245553.32065341
5278,81.7326100667318,114.512667338053,213.994735717773,-1370584.55658665
5279,82.5809758504232,113.891202290853,209.458134969076,-1370584.55658665
5280,82.2928415934245,115.122835795085,214.056900024414,-1370584.55658665
5281,84.2767740885417,106.373504638672,196.054504394531,-293531.755851942
5282,83.56494140625,107.571202596029,200.454569498698,-1501479.79760323
5283,83.686408996582,106.976135253906,195.98573811849,-312596.291263791
5284,83.0423431396484,108.229400634766,200.396169026693,-1410982.09219554
5285,83.2937418619792,107.722801208496,195.941467285156,-312596.291263791
5286,82.729741414388,109.009969075521,200.36040242513,-1283270.84748935
5287,83.1337076822917,108.552370707194,195.921702067057,-312596.291263791
5288,82.6516087849935,109.848037719727,200.351003011068,-1176547.11092842
5289,83.2156092325846,109.392270406087,195.932067871094,-312596.291263791
5290,82.811642964681,110.673769632975,200.370768229167,-1365800.34586072
5291,83.5338414510091,110.17470296224,195.969736735026,-312596.291263791
5292,83.2005411783854,111.420435587565,200.414072672526,-1365800.34586072
5293,84.06494140625,110.82913462321,196.030008951823,-1365800.34586072
5294,83.785275777181,112.020268758138,200.480936686198,-1365800.34586072
5295,85.7729746500651,103.398068745931,183.078440348307,-431254.67443736
5296,85.0507736206055,104.558102925618,187.326843261719,-1508847.64120845
5297,85.1581064860026,103.994069417318,183.00407409668,-431254.67443736
5298,84.5055745442708,105.214403788249,187.262903849284,-1405219.20742706
5299,84.7475763956706,104.744570414225,182.954167683919,-431254.67443736
5300,84.1798095703125,105.999702453613,187.222300211589,-1287918.13111739
5301,84.5800094604492,105.581637064616,182.931467692057,-431254.67443736
5302,84.0979080200195,106.847137451172,187.211934407552,-1138273.24452649
5303,84.6656748453776,106.431905110677,182.943801879883,-431254.67443736
5304,84.2654749552409,107.68137105306,187.234634399414,-1111089.06281082
5305,84.9999084472656,107.217170715332,182.986170450846,-431254.67443736
5306,84.6722412109375,108.429003397624,187.282572428385,-1427158.28926587
5307,85.5526402791341,107.868769327799,183.052073160807,-431254.67443736
5308,85.2786407470703,109.02316792806,187.355173746745,-1427158.28926587
5309,87.2654418945312,100.529034932454,170.547668457031,-531001.049730931
5310,86.5385080973307,101.648567199707,174.646336873372,-1494076.71591593
5311,86.6298421223958,101.112800598145,170.469334920247,-531001.049730931
5312,85.9716415405273,102.298268636068,174.578669230143,-1377808.49771885
5313,86.2014083862305,101.867037455241,170.417668660482,-531001.049730931
5314,85.6298751831055,103.093004862467,174.534337361654,-1267874.37521997
5315,86.0263086954753,102.715436299642,170.393005371094,-531001.049730931
5316,85.5442097981771,103.948936462402,174.522003173828,-1176511.09677374
5317,86.1157430013021,103.575103759766,170.405334472656,-531001.049730931
5318,85.7193094889323,104.792572021484,174.546666463216,-1195032.13080365
5319,86.4631754557292,104.366004943848,170.449666341146,-531001.049730931
5320,86.1439743041992,105.541137695312,174.598337809245,-1488118.38897675
5321,87.0375747680664,105.011037190755,170.519337972005,-531001.049730931
5322,86.7739079793294,106.126836140951,174.676671346029,-1488118.38897675
5323,88.7559763590495,97.7616704305013,158.469670613607,-516181.968113016
5324,88.0206095377604,98.8435694376628,162.414001464844,-1554823.67553403
5325,88.1006418863932,98.3379033406575,158.385665893555,-516181.968113016
5326,87.4368082682292,99.4876022338867,162.342330932617,-1402998.9138614
5327,87.6590067545573,99.0911687215169,158.332000732422,-516181.968113016
5328,87.0818074544271,100.285135904948,162.298004150391,-1245296.69934097
5329,87.4763387044271,99.9499359130859,158.307342529297,-516181.968113016
5330,86.9923731486003,101.154268900553,162.285675048828,-1114455.05969124
5331,87.5695724487305,100.820002237956,158.319671630859,-516181.968113016
5332,87.1750411987305,102.007336934408,162.310333251953,-1129550.88367756
5333,87.9283091227214,101.617505391439,158.365997314453,-516181.968113016
5334,87.6128768920898,102.75870513916,162.363998413086,-1556397.53926659
5335,88.5205764770508,102.256838480632,158.439336140951,-516181.968113016
5336,88.2644755045573,103.334037780762,162.446004231771,-1556397.53926659
5337,90.2502746582031,95.0988388061523,146.843673706055,-560191.667562227
5338,89.5064086914062,96.1402384440104,150.636337280273,-1508155.947236
5339,89.5723419189453,95.6666056315104,146.753336588542,-560191.667562227
5340,88.9019419352214,96.7823715209961,150.558334350586,-1375118.48364
5341,89.1156743367513,96.4226710001628,146.693003336589,-560191.667562227
5342,88.5365727742513,97.5817693074544,150.510004679362,-1218619.76358871
5343,88.9263737996419,97.2880020141602,146.666341145833,-560191.667562227
5344,88.4433390299479,98.4622014363607,150.497675577799,-1105725.74687457
5345,89.0224405924479,98.1684366861979,146.680674235026,-560191.667562227
5346,88.6326395670573,99.3219045003255,150.524337768555,-1087376.6102879
5347,89.3962732950846,98.9697392781575,146.731669108073,-560191.667562227
5348,89.0864741007487,100.078005472819,150.582667032878,-1573335.03453445
5349,90.0064086914062,99.6062723795573,146.811670939128,-560191.667562227
5350,89.7559432983398,100.643905639648,150.670338948568,-1573335.03453445
5351,91.7436752319336,92.5395380655925,135.667002360026,-673299.415752735
5352,90.994140625,93.5433044433594,139.30800374349,-1525647.21607924
5353,91.0478057861328,93.0979359944661,135.569000244141,-673299.415752735
5354,90.369873046875,94.1798375447591,139.221669514974,-1324752.371895
5355,90.5732727050781,93.8578033447266,135.502334594727,-673299.415752735
5356,89.9894739786784,94.9848709106445,139.168670654297,-1163402.60242932
5357,90.3774058024089,94.728769938151,135.473668416341,-673299.415752735
5358,89.8934071858724,95.872802734375,139.154337565104,-1109191.40323937
5359,90.4772059122721,95.6214040120443,135.488001505534,-673299.415752735
5360,90.0892740885417,96.7428385416667,139.18300374349,-1111061.32318605
5361,90.8632736206055,96.4245732625325,135.544667561849,-673299.415752735
5362,90.5600738525391,97.4980061848958,139.249669392904,-1632094.58921141
5363,91.494140625,97.0582707722982,135.633000691732,-673299.415752735
5364,91.2502746582031,98.0582707722982,139.344004313151,-1632094.58921141
5365,93.2379760742188,90.0801035563151,124.938669840495,-1129142.48732063
5366,92.4818751017253,91.0461705525716,128.427001953125,-1533450.17531373
5367,92.5242411295573,90.6309356689453,124.833669026693,-1096678.02674012
5368,91.8397064208984,91.6789347330729,128.334665934245,-1351162.89399243
5369,92.0355733235677,91.392702738444,124.76133219401,-734989.46779125
5370,91.4470723470052,92.4896697998047,128.276331583659,-1155919.59498879
5371,91.8331400553385,92.2749710083008,124.730997721354,-734989.46779125
5372,91.3472722371419,93.3870035807292,128.261998494466,-998316.659143384
5373,91.9357732137044,93.1751378377279,124.746999104818,-734989.46779125
5374,91.5497055053711,94.265505472819,128.292332967122,-999943.980443293
5375,92.3340403238932,93.98583984375,124.805669148763,-734989.46779125
5376,92.0355402628581,95.0234731038411,128.363001505534,-1681026.05529471
5377,92.9818420410156,94.6110712687175,124.902669270833,-734989.46779125
5378,92.743642171224,95.5724360148112,128.467666625977,-1681026.05529471
5379,94.7313435872396,87.7270355224609,114.662002563477,-1126874.47032207
5380,93.9695765177409,88.6526362101237,117.997004191081,-1551698.95090417
5381,94.0016098022461,88.2675374348958,114.547673543294,-866845.150210536
5382,93.312375386556,89.2797698974609,117.896006266276,-1370509.73961199
5383,93.4978739420573,89.0321044921875,114.471338907878,-909989.174894021
5384,92.9056065877279,90.097038269043,117.83566792806,-1117121.70026649
5385,93.2869389851888,89.9228388468425,114.439336140951,-847295.325373555
5386,92.802973429362,91.0038045247396,117.819666544596,-806102.144072337
5387,93.3952407836914,90.8324381510417,114.455337524414,-683429.705873604
5388,93.0139083862305,91.8917388916016,117.851669311523,-1011601.22485237
5389,93.8057759602865,91.6478729248047,114.519337972005,-683429.705873604
5390,93.5119756062825,92.651606241862,117.92800394694,-1714809.09583672
5391,94.4695765177409,92.2702713012695,114.621337890625,-683429.705873604
5392,94.2379430135091,93.1921030680339,118.038670857747,-1714809.09583672
5393,96.2247060139974,85.4757029215495,104.832667032878,-992328.859888835
5394,95.4573084513346,86.3636042277018,108.016001383464,-1606453.16980984
5395,95.4770736694336,86.0076726277669,104.713668823242,-676307.104845258
5396,94.7831420898438,86.9860051472982,107.910339355469,-1271173.56536833
5397,94.9611078898112,86.7741724650065,104.631006876628,-476390.18963632
5398,94.3650741577148,87.8080393473307,107.843673706055,-1013790.09278455
5399,94.7426401774089,87.6733729044596,104.596338907878,-624324.984120245
5400,94.2567723592122,88.7232386271159,107.827672322591,-718744.465743226
5401,94.8528060913086,88.591438293457,104.615005493164,-943054.245336903
5402,94.4752400716146,89.6196721394857,107.862340291341,-277553.343202439
5403,95.277473449707,89.4134724934896,104.681671142578,-573638.868308339
5404,94.9893417358398,90.3823725382487,107.942337036133,-1687357.73437387
5405,95.9563395182292,90.0302047729492,104.791000366211,-573638.868308339
5406,95.7303746541341,90.9143702189128,108.061335245768,-1687357.73437387
5407,97.7171376546224,83.3269704182943,95.4563395182292,-992908.534757025
5408,96.9440714518229,84.1763051350911,98.4853363037109,-1493386.38462072
5409,96.9544397989909,83.8505071004232,95.3263397216797,-480452.623735436
5410,96.2548395792643,84.7939732869466,98.371337890625,-1176944.21273133
5411,96.4262059529622,84.6179046630859,95.2376708984375,-234567.762425403
5412,95.826405843099,85.6197713216146,98.3006693522135,-814476.412634149
5413,96.203971862793,85.5256042480469,95.1990000406901,-531208.433618803
5414,95.7162399291992,86.5453389485677,98.2820027669271,-623044.169524983
5415,96.3160400390625,86.4530385335286,95.219004313151,-989756.270942276
5416,95.9384740193685,87.4492721557617,98.3206736246745,-525148.505922652
5417,96.7482401529948,87.2798055013021,95.2943420410156,-1536207.25014809
5418,96.4648056030273,88.2157719930013,98.4080047607422,-1785955.92686896
5419,97.4440714518229,87.8956044514974,95.4110056559245,-1536207.25014809
5420,97.2237370808919,88.7411371866862,98.5333353678385,-1785955.92686896
5421,99.2133712768555,81.2818018595378,86.5270029703776,-693729.811943544
5422,98.4337056477865,82.0934702555339,89.4046732584635,-1489433.71243084
5423,98.4337056477865,81.7978363037109,86.3896738688151,-318617.479789839
5424,97.7275060017904,82.7055384318034,89.2823435465495,-1489433.71243084
5425,97.8932393391927,82.5671030680339,86.2926737467448,-244583.78947907
5426,97.2915395100911,83.536003112793,89.2030029296875,-587006.731266286
5427,97.6672388712565,83.4823354085286,86.25,-422023.994957681
5428,97.1794713338216,84.4700698852539,89.1829986572266,-308555.623330921
5429,97.7811711629232,84.4201380411784,86.2726694742839,-632238.007540807
5430,97.4054718017578,85.3833719889323,89.2256724039714,-341471.500208647
5431,98.2237396240234,85.2496719360352,86.3530069986979,-1431711.35099057
5432,97.9440739949544,86.1498718261719,89.3200073242188,-1853934.55704534
5433,98.9337056477865,85.8598709106445,86.47900390625,-1431711.35099057
5434,98.7171376546224,86.6696370442708,89.4563395182292,-1853934.55704534
5435,100.708605448405,79.3383356730143,78.0466664632161,-540996.825828533
5436,99.9252065022786,80.1123352050781,80.7699991861979,-1476016.91268737
5437,99.9176737467448,79.8477350870768,77.8973337809245,-51390.3134417757
5438,99.2058385213216,80.7215677897135,80.6393381754557,-1476016.91268737
5439,99.3630727132161,80.619867960612,77.7966715494792,169610.114165409
5440,98.7566731770833,81.5577011108398,80.5573374430339,-894627.276754351
5441,99.1304753621419,81.5454355875651,77.7523345947266,-31534.3329113585
5442,98.6427408854167,82.5011698404948,80.53466796875,-480586.580950481
5443,99.2491404215495,82.4889373779297,77.7740020751953,-608454.163617855
5444,98.8753382364909,83.420171101888,80.5790049235026,-258102.212772001
5445,99.7011057535807,83.324104309082,77.8596700032552,-1690097.91135356
5446,99.4252065022786,84.1903711954753,80.680669148763,-1901512.82991945
5447,100.425173441569,83.9286371866862,77.9950002034505,-1690097.91135356
5448,100.213338216146,84.6979370117188,80.8263346354167,-1901512.82991945
5449,102.2029393514,77.499402364095,70.0176696777344,-966024.567515966
5450,101.414807637533,78.2338358561198,72.5863342285156,-1635071.84986858
5451,101.396909077962,78.0003356933594,69.8550008138021,-188813.622392171
5452,100.683174133301,78.8402353922526,72.4426676432292,-1202402.7703963
5453,100.83290608724,78.7743352254232,69.7440032958984,381158.64532948
5454,100.224639892578,79.6801350911458,72.3560028076172,-760027.137220849
5455,100.593739827474,79.7065022786458,69.6986694335938,639615.809232085
5456,100.105974833171,80.6339696248372,72.3343353271484,-225347.964364314
5457,100.714241027832,80.6622034708659,69.7223358154297,466714.189608686
5458,100.345141092936,81.5614369710286,72.3796691894531,114472.635803165
5459,101.177541097005,81.4993031819661,69.8136698404948,-146975.654084193
5460,100.907307942708,82.3307367960612,72.4886678059896,23134.2181933206
5461,101.914807637533,82.1010030110677,69.9613342285156,-1468097.18046192
5462,101.708572387695,82.8326365152995,72.6466674804688,-1952931.78369827
5463,103.700070699056,75.7621688842773,62.4380035400391,-777983.421067116
5464,102.904439290365,76.4598693847656,64.8530019124349,-1789113.75831946
5465,102.879941304525,76.2565027872721,62.263666788737,78489.9136362373
5466,102.16054280599,77.0625356038411,64.6970011393229,-1286381.90099132
5467,102.306475321452,77.0352350870768,62.1426696777344,849043.140735678
5468,101.692573547363,77.9071350097656,64.6020050048828,-621957.00920474
5469,102.062639872233,77.973035176595,62.0936737060547,1095983.56264586
5470,101.572072347005,78.8666025797526,64.5783386230469,134013.338059456
5471,102.185974121094,78.936269124349,62.1190032958984,775562.077547261
5472,101.815907796224,79.8044026692708,64.6273345947266,543946.505751657
5473,102.655807495117,79.7799352010091,62.2176666259766,-265169.76058935
5474,102.386540730794,80.5756022135417,64.7466684977214,519285.553871018
5475,103.406305948893,80.3750686645508,62.3776702880859,-1538558.06373232
5476,103.204806009928,81.0690358479818,64.9173380533854,-1998991.43949935
5477,105.200037638346,74.1294682820638,55.3063354492188,-554867.996373803
5478,104.399670918783,74.788569132487,57.5670013427734,-1766922.90215513
5479,104.365770975749,74.6171696980794,55.1196645100911,526122.135075592
5480,103.641672770182,75.3874028523763,57.4013315836589,-1146554.77438418
5481,103.78197479248,75.3959019978841,54.9883321126302,1343035.05316202
5482,103.166175842285,76.2377014160156,57.2963358561198,-230216.805244515
5483,103.532475789388,76.3431345621745,54.9330037434896,1581373.10735132
5484,103.042841593424,77.2065684000651,57.271006266276,629140.348908381
5485,103.65864054362,77.3139038085938,54.9630025227865,1041032.51408159
5486,103.292340596517,78.15003712972,57.3263346354167,904615.612720788
5487,104.139773050944,78.1622721354167,55.0699971516927,-361453.200032099
5488,103.873306274414,78.9240366617839,57.4529978434245,822017.908957456
5489,104.899670918783,78.7545700073242,55.2419993082682,-1646160.3416565
5490,104.701937357585,79.4099349975586,57.6376698811849,-2077730.60485233
5491,106.69623819987,72.6003036499023,48.6246693929036,-306890.410822421
5492,105.894004821777,73.2217686971029,50.7300008138021,-1721250.56870098
5493,105.853505452474,73.0795694986979,48.4203338623047,779606.421700354
5494,105.125638326009,73.8158696492513,50.5493316650391,-875027.31865293
5495,105.259338378906,73.8582356770833,48.2803344726562,1486684.95307896
5496,104.639773050944,74.6680348714193,50.4376678466797,87269.3693170562
5497,105.005106608073,74.8140029907227,48.2203369140625,1382277.04571651
5498,104.513608296712,75.6473032633464,50.4076690673828,1046948.28870599
5499,105.133173624674,75.7951049804688,48.2503356933594,319659.924260867
5500,104.767840067546,76.5982716878255,50.4676666259766,1522056.19800836
5501,105.621871948242,76.6463063557943,48.3686676025391,-1099132.23547171
5502,105.360104878743,77.3741734822591,50.607666015625,1291871.23572812
5503,106.393971761068,77.2348378499349,48.5540008544922,-2064115.08115858
5504,106.200004577637,77.8534698486328,50.8053334554036,-2144953.1036639
5505,108.192438761393,71.1747055053711,42.392339070638,-739174.999095275
5506,107.387372334798,71.7585042317708,44.3413391113281,-1580364.76500671
5507,107.341239929199,71.6464691162109,42.1710052490234,-195523.959780296
5508,106.609606424967,72.3460693359375,44.1446685791016,-574902.083601413
5509,106.739540100098,72.4261042277018,42.0146687825521,181729.468575346
5510,106.117139180501,73.2019704182943,44.0213368733724,437640.161929092
5511,106.481539408366,73.3874715169271,41.9496714274089,-363189.905171364
5512,105.9890721639,74.1897048950195,43.9913380940755,1434923.39450249
5513,106.611473083496,74.3780059814453,41.9846700032552,-718460.850561543
5514,106.247072855632,75.1501057942708,44.0563354492188,1839958.41646512
5515,107.106773376465,75.2339045206706,42.1126708984375,-1949199.66474994
5516,106.846906026204,75.9269383748372,44.2076721191406,1182341.43879457
5517,107.886439005534,75.8186721801758,42.3170064290365,-2256558.65993156
5518,107.695271809896,76.3987045288086,44.4243367513021,-2106372.98261758
5519,109.689572652181,69.8489379882812,36.6093393961589,-1094063.93776212
5520,108.881706237793,70.3969370524089,38.4020080566406,-527121.749643015
5521,108.829907735189,70.3169021606445,36.3680063883464,-527121.749643015
5522,108.09450785319,70.9826354980469,38.1880035400391,-159805.776247872
5523,108.220675150553,71.0984700520833,36.1976674397786,-159805.776247872
5524,107.597340901693,71.8423385620117,38.0506693522135,-341297.42469991
5525,107.960807800293,72.0664393107096,36.1233367919922,-471734.006127023
5526,107.467407226562,72.8357060750325,38.0156707763672,1099691.40734462
5527,108.090741475423,73.0616709391276,36.1626688639323,-207103.908754812
5528,107.727274576823,73.8017374674479,38.0900014241536,845193.45285544
5529,108.592608133952,73.9222691853841,36.3050028483073,-1608015.59325684
5530,108.336507161458,74.5823364257812,38.2560068766276,787515.904020583
5531,109.381673177083,74.5042037963867,36.5263417561849,-1608015.59325684
5532,109.191472371419,75.0475056966146,38.4923400878906,-2227745.98901775
5533,111.187639872233,68.6276702880859,31.2760060628255,-1057983.62339205
5534,110.377873738607,69.1370697021484,32.909673055013,2458.28786973716
5535,110.324208577474,69.087168375651,31.0103403727214,2458.28786973716
5536,109.584108988444,69.7190017700195,32.6760050455729,889495.826789455
5537,109.70650990804,69.8706029256185,30.8246714274089,889495.826789455
5538,109.078475952148,70.58433787028,32.5263366699219,364342.768957253
5539,109.442876180013,70.847038269043,30.7430063883464,364342.768957253
5540,108.948542277018,71.5852711995443,32.4870045979818,364342.768957253
5541,109.57657623291,71.8489049275716,30.7853393554688,-2081032.40461898
5542,109.212176005046,72.556037902832,32.5686696370443,-2081032.40461898
5543,110.082209269206,72.7123387654622,30.9423370361328,-2081032.40461898
5544,109.826108296712,73.338503519694,32.7513376871745,-1495793.80889304
5545,110.877873738607,73.292371114095,31.1856740315755,-1495793.80889304
5546,110.689539591471,73.7980041503906,33.0096740722656,-1318701.86298503
5547,112.687639872233,67.5100021362305,26.3910013834635,-1514165.92007542
5548,111.875974019368,67.9817352294922,27.8663380940755,-834013.330128662
5549,111.820406595866,67.962900797526,26.0950063069661,-834013.330128662
5550,111.078407287598,68.5589345296224,27.6053415934245,-598220.08279909
5551,111.199872334798,68.7472686767578,25.8880106608073,-598220.08279909
5552,110.568074544271,69.4271036783854,27.4416758219401,-598220.08279909
5553,110.93153889974,69.7312367757161,25.7996775309245,-1512177.26117152
5554,110.434374491374,70.4374364217122,27.3993428548177,-1512177.26117152
5555,111.066172281901,70.741569519043,25.8456776936849,-1512177.26117152
5556,110.702707926432,71.414805094401,27.4876759847005,-1924088.75146633
5557,111.578407287598,71.6059392293294,26.0196736653646,-1924088.75146633
5558,111.322308858236,72.1963399251302,27.6910044352214,-1730015.02931262
5559,112.375974019368,72.1822052001953,26.2910003662109,-1730015.02931262
5560,112.187639872233,72.6520716349284,27.9766693115234,-2564601.18747394
5561,114.186640421549,66.4940032958984,21.9533386230469,-339055.260815969
5562,113.375007629395,66.928103129069,23.2686665852865,-580380.899980118
5563,113.318509419759,66.9403381347656,21.6253356933594,-580380.899980118
5564,112.575574239095,67.5034027099609,22.9763387044271,-580380.899980118
5565,112.697041829427,67.7275034586589,21.3916727701823,-601764.860661695
5566,112.063339233398,68.3753356933594,22.7930094401042,-601764.860661695
5567,111.928705851237,69.3913370768229,22.7470092773438,-2285597.72835742
5568,112.428708394368,68.7152709960938,21.2940063476562,-601764.860661695
5569,112.562408447266,69.7331364949544,21.3456726074219,-2285597.72835742
5570,112.197039286296,70.3771692911784,22.8446756998698,-2623260.47733346
5571,113.074607849121,70.6050364176432,21.5396728515625,-2623260.47733346
5572,112.819440205892,71.1605707804362,23.0726725260417,-2657451.08672304
5573,113.874974568685,71.1765696207682,21.843007405599,-2657451.08672304
5574,113.687606811523,71.6078033447266,23.3900044759115,-2694007.01828876
5575,115.691307067871,65.5825703938802,17.9626770019531,-563859.370289531
5576,114.878707885742,65.9789708455404,19.1163431803385,-1297302.23509441
5577,114.826942443848,66.0232391357422,17.5976765950521,-563859.370289531
5578,114.07837677002,66.5505065917969,18.7913411458333,-1297302.23509441
5579,114.204544067383,66.8122711181641,17.3336791992188,-758952.487461486
5580,113.566144307454,67.4262034098307,18.5830078125,979657.905331634
5581,113.432444254557,68.4478708902995,18.5313415527344,-2400237.11266219
5582,113.936177571615,67.806635538737,17.2216796875,-743568.967157742
5583,114.070844014486,68.8292058308919,17.2820129394531,-2400237.11266219
5584,113.700810750326,69.4384053548177,18.6433410644531,-2794053.32573282
5585,114.583076477051,69.7048721313477,17.5013427734375,-2794053.32573282
5586,114.322242736816,70.2274703979492,18.898671468099,-2794053.32573282
5587,115.378707885742,70.275505065918,17.8413391113281,-2901212.46885461
5588,115.18660736084,70.669069925944,19.252675374349,-2826173.33058575
5589,117.194073994954,64.7718709309896,14.4200032552083,-1976520.79885847
5590,116.387140909831,65.1325047810872,15.4080098470052,-978302.00929275
5591,116.34287516276,65.2068710327148,14.0040079752604,-1976520.79885847
5592,115.595275878906,65.7012049357096,15.0400085449219,-978302.00929275
5593,115.727109273275,65.9968388875325,13.7046712239583,-1070607.26169166
5594,115.084943135579,66.5806376139323,14.804677327474,75075.118249677
5595,114.950276692708,67.6107686360677,14.7443440755208,-2477501.53401991
5596,115.460642496745,66.9987030029297,13.576670328776,302273.34654891
5597,115.592442830404,68.0307032267253,13.6443379720052,-2462917.09340464
5598,115.216743469238,68.607905069987,14.8723449707031,-2824045.90869723
5599,116.099009195964,68.9073053995768,13.8966776529948,-2462917.09340464
5600,115.835375467936,69.3950729370117,15.1643473307292,-2824045.90869723
5601,116.886174519857,69.4732386271159,14.2836710611979,-3021682.04941426
5602,116.690340677897,69.8310724894206,15.5633341471354,-2789468.63538121
5603,118.702527364095,64.0675354003906,11.3223266601562,-2792661.68637671
5604,117.899327596029,64.3886362711589,12.142333984375,-2056289.93364465
5605,117.872027079264,64.4950358072917,10.846669514974,-2792661.68637671
5606,117.12250773112,64.95263671875,11.7203369140625,-2056289.93364465
5607,117.27033996582,65.2850036621094,10.5020039876302,-2288396.26699514
5608,116.622540791829,65.8348719278971,11.4503377278646,574785.909723119
5609,116.490740458171,66.8725382486979,11.3826700846354,-3048324.61428522
5610,117.01047261556,66.2925059000651,10.3563435872396,-439752.448102504
5611,117.138539632161,67.332036336263,10.434336344401,-439752.448102504
5612,116.750607808431,67.8781356811523,11.528330485026,-3048324.61428522
5613,117.631927490234,68.2133356730143,10.7223307291667,-2906777.8750114
5614,117.356028238932,68.6653035481771,11.8626708984375,-3176676.30662502
5615,118.399327596029,68.7726694742839,11.167002360026,-3322938.29040562
5616,118.19310760498,69.0928370157878,12.3203328450521,-3276903.23657823
5617,120.21662902832,63.4639333089193,8.66733805338542,-3591360.48766959
5618,119.422861735026,63.7502009073893,9.31500244140625,-3071027.57748644
5619,119.42098236084,63.887700398763,8.11900838216146,-3591360.48766959
5620,118.673347473145,64.3114344278971,8.83066813151042,-3071027.57748644
5621,118.843777974447,64.6786346435547,7.72133382161458,-3168432.25436467
5622,118.190289815267,65.1946029663086,8.51900227864583,-396116.033323154
5623,118.062222798665,66.2379048665365,8.44100952148438,-3375426.39010966
5624,118.594240824382,65.6898701985677,7.552001953125,-1435505.74743793
5625,118.715710957845,66.7360382080078,7.64334106445312,-1435505.74743793
5626,118.31175994873,67.2501373291016,8.61034138997396,-3375426.39010966
5627,119.187461853027,67.6220703125,7.97667439778646,-3546102.48772855
5628,118.895561218262,68.0391693115234,8.99466959635417,-3472036.03568419
5629,119.922849019368,68.1794713338216,8.48933919270833,-3546102.48772855
5630,119.702514648438,68.4610036214193,9.52133178710938,-3472036.03568419
5631,121.742017110189,62.9630355834961,6.45833333333333,-4037839.63976773
5632,120.962374369303,63.2116012573242,6.92634073893229,-3830863.66021911
5633,121.006629943848,63.381103515625,5.81700642903646,-4037839.63976773
5634,120.259005228678,63.7709350585938,6.36200968424479,-3830863.66021911
5635,120.470863342285,64.1748682657878,5.35267130533854,-4030800.77483944
5636,119.803270975749,64.6588338216146,6.00033569335938,-2794284.58670479
5637,119.681800842285,65.707768758138,5.90899658203125,-2794284.58670479
5638,120.237342834473,65.1927007039388,5.15499877929688,-3325771.23471848
5639,120.349393208822,66.2435353597005,5.26133219401042,-3325771.23471848
5640,119.915321350098,66.7237701416016,6.10666910807292,-3509166.35332018
5641,120.78441619873,67.1324361165365,5.65300496419271,-4081555.05030321
5642,120.460507710775,67.5166371663411,6.55600992838542,-3904132.13093222
5643,121.462364196777,67.6880035400391,6.25200398763021,-4081555.05030321
5644,121.216606140137,67.9337387084961,7.16733805338542,-3904132.13093222
5645,123.286237080892,62.5675684611003,4.69099934895833,-4737379.36191911
5646,122.530133565267,62.7794367472331,4.97533162434896,-4464790.07130676
5647,122.647832234701,62.979970296224,3.94066365559896,-4737379.36191911
5648,121.903971354167,63.3330713907878,4.3143310546875,-4464790.07130676
5649,122.18174235026,63.7728042602539,3.39633178710938,-4750290.26408729
5650,121.496259053548,64.2247695922852,3.88966878255208,-3291961.00996402
5651,121.384208679199,65.2812347412109,3.78333536783854,-3291961.00996402
5652,121.975532531738,64.7972691853841,3.16566975911458,-3291961.00996402
5653,122.069691975911,65.856569925944,3.28999837239583,-4607591.98249004
5654,121.590418497721,66.3038024902344,4.01399739583333,-4174317.05497748
5655,122.446329752604,66.7454045613607,3.74666341145833,-4174317.05497748
5656,122.074399312337,67.0938034057617,4.54033406575521,-4174317.05497748
5657,123.032005310059,67.2981363932292,4.45000203450521,-4360266.16044571
5658,122.743878682454,67.5081354777018,5.2586669921875,-4095022.46739052
5659,124.853996276855,62.2719014485677,3.37533569335938,-5620072.7512167
5660,124.140263875326,62.4479675292969,3.46600341796875,-5309528.8426049
5661,124.375663757324,62.6796010335286,2.50466918945312,-5309528.8426049
5662,123.639335632324,62.9997355143229,2.69499715169271,-5309528.8426049
5663,124.022567749023,63.4733683268229,1.87267049153646,-5309528.8426049
5664,123.308835347493,63.8933359781901,2.20033772786458,-5537521.81613092
5665,123.21467590332,64.9564030965169,2.07600911458333,-5537521.81613092
5666,123.862495422363,64.5044352213542,1.60401407877604,-5537521.81613092
5667,123.92840830485,65.5684356689453,1.74834187825521,-5047904.05472342
5668,123.37474822998,65.9846369425456,2.34466552734375,-5047904.05472342
5669,124.205235799154,66.4639027913411,2.27866617838542,-5047904.05472342
5670,123.756090799967,66.7774378458659,2.9566650390625,-5047904.05472342
5671,124.640251159668,67.0119043986003,3.09200032552083,-5047904.05472342
5672,124.288096110026,67.1842041015625,3.79166666666667,-5103971.7562752
5673,126.447179158529,62.0826365152995,2.51933797200521,-6074680.59077724
5674,125.799359639486,62.2182362874349,2.41966756184896,-5620072.7512167
5675,126.203305562337,62.4818700154622,1.55166625976562,-6074680.59077724
5676,125.493342081706,62.7671686808268,1.54600016276042,-5620072.7512167
5677,126.02064259847,63.2794036865234,0.846333821614583,-6074680.59077724
5678,125.286196390788,63.6654688517253,0.982676188151042,-6197509.51753946
5679,125.220283508301,64.7341690063477,0.838348388671875,-6197509.51753946
5680,125.930252075195,64.3151702880859,0.544677734375,-8545797.43881327
5681,125.954729715983,65.385737101237,0.702006022135417,-8545797.43881327
5682,125.310674031576,65.7680358886719,1.14000447591146,-6221312.82267281
5683,126.086550394694,66.2821706136068,1.28999837239583,-4483272.25651391
5684,125.534772237142,66.5618362426758,1.83233642578125,-6221312.82267281
5685,126.299346923828,66.8273696899414,2.19367472330729,-4483272.25651391
5686,125.85397084554,66.9639027913411,2.77533976236979,-5324813.40869895
5687,127.999880472819,61.9988352457682,2.14067586263021,-8573730.85068845
5688,127.446217854818,62.0986353556315,1.85934448242188,-8573730.85068845
5689,127.945269266764,62.3962020874023,1.13533528645833,-8573730.85068845
5690,127.350176493327,62.6438369750977,0.927327473958333,-6074680.59077724
5691,127.903839111328,63.1909027099609,0.399993896484375,-10629997.9121792
5692,127.284268697103,63.5411707560221,0.324666341145833,-10629997.9121792
5693,127.259791056315,64.6145706176758,0.167338053385417,-10629997.9121792
5694,127.87936147054,64.2266362508138,0.0836690266927083,-10629997.9121792
5695,127.87936147054,65.3000361124675,0.242665608723958,-12284950.6102878
5696,127.284268697103,65.6522038777669,0.483662923177083,-12284950.6102878
5697,127.903839111328,66.2002029418945,0.8489990234375,-12284950.6102878
5698,127.350176493327,66.4478708902995,1.21733601888021,-12284950.6102878
5699,127.945269266764,66.7454376220703,1.78500366210938,-9583612.58590719
5700,127.446217854818,66.8452707926432,2.21900431315104,-9583612.58590719
5701,129.553512573242,62.0148366292318,2.21900431315104,-8573730.85068845
5702,129.053527832031,62.0807698567708,1.78500366210938,-8573730.85068845
5703,129.649551391602,62.4122034708659,1.21733601888021,-8573730.85068845
5704,129.094955444336,62.6278355916341,0.8489990234375,-8573730.85068845
5705,129.715464274089,63.2097371419271,0.483662923177083,-8573730.85068845
5706,129.119440714518,63.5251693725586,0.242665608723958,-10629997.9121792
5707,129.119440714518,64.5957361857096,0.0836690266927083,-10629997.9121792
5708,129.739949544271,64.2445373535156,0.167338053385417,-10629997.9121792
5709,129.715464274089,65.3179372151693,0.324666341145833,-10629997.9121792
5710,129.094955444336,65.6343027750651,0.399993896484375,-12284950.6102878
5711,129.649551391602,66.2162373860677,0.927327473958333,-12284950.6102878
5712,129.053527832031,66.4299697875977,1.13533528645833,-12284950.6102878
5713,129.553512573242,66.7614364624023,1.85934448242188,-12284950.6102878
5714,128.998916625977,66.82923634847,2.14067586263021,-12284950.6102878
5715,131.144805908203,62.1363016764323,2.77533976236979,-5620072.7512167
5716,130.699432373047,62.1683019002279,2.19367472330729,-6074680.59077724
5717,131.463068644206,62.5355351765951,1.83233642578125,-5620072.7512167
5718,130.913172403971,62.713503519694,1.28999837239583,-6074680.59077724
5719,131.686223347982,63.3312021891276,1.14000447591146,-5620072.7512167
5720,131.043111165365,63.6118036905924,0.702006022135417,-8545797.43881327
5721,131.067596435547,64.6823705037435,0.544677734375,-8545797.43881327
5722,131.77473449707,64.3650690714518,0.838348388671875,-6197509.51753946
5723,131.710708618164,65.4337692260742,0.982676188151042,-6197509.51753946
5724,130.979085286458,65.718137105306,0.846333821614583,-4483272.25651391
5725,131.50449625651,66.3320693969727,1.54600016276042,-6221312.82267281
5726,130.795471191406,66.5138041178385,1.55166625976562,-4483272.25651391
5727,131.199417114258,66.8801040649414,2.41966756184896,-6221312.82267281
5728,130.553482055664,66.9140040079753,2.51933797200521,-6541077.2496444
5729,132.710683186849,62.3623021443685,3.79166666666667,-5309528.8426049
5730,132.356643676758,62.3623021443685,3.09200032552083,-5309528.8426049
5731,133.238927205404,62.7681020100911,2.9566650390625,-5309528.8426049
5732,132.790725708008,62.9093348185221,2.27866617838542,-5309528.8426049
5733,133.620274861654,63.5609359741211,2.34466552734375,-5537521.81613092
5734,133.065668741862,63.8048350016276,1.74834187825521,-5537521.81613092
5735,133.129694620768,64.8688354492188,1.60401407877604,-5537521.81613092
5736,133.777516682943,64.5892028808594,2.07600911458333,-5537521.81613092
5737,133.68430074056,65.6522369384766,2.20033772786458,-5047904.05472342
5738,132.972452799479,65.8998692830404,1.87267049153646,-5047904.05472342
5739,133.356628417969,66.5458043416341,2.69499715169271,-5047904.05472342
5740,132.620295206706,66.6936365763346,2.50466918945312,-5103971.7562752
5741,132.856633504232,67.0975697835286,3.46600341796875,-5103971.7562752
5742,132.144780476888,67.1023025512695,3.37533569335938,-5103971.7562752
5743,134.252080281576,62.6890360514323,5.2586669921875,-4464790.07130676
5744,133.963953653971,62.6598358154297,4.45000203450521,-4737379.36191911
5745,134.921564737956,63.1033376057943,4.54033406575521,-4464790.07130676
5746,134.550577799479,63.2116038004557,3.74666341145833,-4737379.36191911
5747,135.406489054362,63.8933029174805,4.01399739583333,-3291961.00996402
5748,134.924387613932,64.1014022827148,3.28999837239583,-4750290.26408729
5749,135.609868367513,64.9168345133464,3.78333536783854,-3291961.00996402
5750,135.017603556315,65.1607360839844,3.16566975911458,-4750290.26408729
5751,135.499704996745,65.9723688761393,3.88966878255208,-4174317.05497748
5752,134.814224243164,66.1842371622721,3.39633178710938,-4607591.98249004
5753,135.091995239258,66.8640696207682,4.3143310546875,-4095022.46739052
5754,134.346247355143,66.9780044555664,3.94066365559896,-4607591.98249004
5755,134.463943481445,67.4177373250325,4.97533162434896,-4095022.46739052
5756,133.710662841797,67.3894704182943,4.69099934895833,-4360266.16044571
5757,135.778411865234,63.1193339029948,7.16733805338542,-3830863.66021911
5758,135.531712849935,63.0572026570638,6.25200398763021,-4037839.63976773
5759,136.533574422201,63.539301554362,6.55600992838542,-3830863.66021911
5760,136.211552937826,63.6146367390951,5.65300496419271,-4037839.63976773
5761,137.081588745117,64.3302357991536,6.10666910807292,-2794284.58670479
5762,136.64751180013,64.5006357828776,5.26133219401042,-4030800.77483944
5763,137.313217163086,65.3443018595378,5.90899658203125,-3509166.35332018
5764,136.757675170898,65.5524012247721,5.15499877929688,-4030800.77483944
5765,137.191752115885,66.3961029052734,6.00033569335938,-3509166.35332018
5766,136.52604675293,66.5721689860026,5.35267130533854,-3325771.23471848
5767,136.737904866536,67.2840372721354,6.36200968424479,-3904132.13093222
5768,135.989334106445,67.3640696207682,5.81700642903646,-4081555.05030321
5769,136.031702677409,67.842404683431,6.92634073893229,-3904132.13093222
5770,135.252059936523,67.7821375528971,6.45833333333333,-4081555.05030321
5771,137.293441772461,63.6560338338216,9.52133178710938,-3071027.57748644
5772,137.07405090332,63.5600001017253,8.48933919270833,-3591360.48766959
5773,138.103205362956,64.0779012044271,8.99466959635417,-3071027.57748644
5774,137.809427897135,64.1193339029948,7.97667439778646,-3591360.48766959
5775,138.686996459961,64.8688354492188,8.61034138997396,-396116.033323154
5776,138.281178792318,65.0044021606445,7.64334106445312,-3168432.25436467
5777,138.936528523763,65.8782043457031,8.44100952148438,-3375426.39010966
5778,138.402643839518,66.0477040608724,7.552001953125,-3168432.25436467
5779,138.808461507161,66.9215037027995,8.51900227864583,-3375426.39010966
5780,138.153111775716,67.0618031819661,7.72133382161458,-1435505.74743793
5781,138.325424194336,67.8075358072917,8.83066813151042,-3472036.03568419
5782,137.575922648112,67.8537038167318,8.11900838216146,-3546102.48772855
5783,137.573094685872,68.3668696085612,9.31500244140625,-3586603.52266361
5784,136.77744547526,68.2755381266276,8.66733805338542,-3546102.48772855
5785,138.799997965495,64.2925694783529,12.3203328450521,-2056289.93364465
5786,138.59662882487,64.1673355102539,11.167002360026,-2792661.68637671
5787,139.640869140625,64.7210032145182,11.8626708984375,-2056289.93364465
5788,139.366836547852,64.7276026407878,10.7223307291667,-2792661.68637671
5789,140.246271769206,65.5091044108073,11.528330485026,574785.909723119
5790,139.860209147135,65.6089045206706,10.434336344401,-2288396.26699514
5791,140.506139119466,66.5147043863932,11.3826700846354,-3048324.61428522
5792,139.988276163737,66.6484375,10.3563435872396,-439752.448102504
5793,140.374338785807,67.552370707194,11.4503377278646,-3048324.61428522
5794,139.728408813477,67.6559371948242,10.5020039876302,-439752.448102504
5795,139.874374389648,68.4336700439453,11.7203369140625,-3176676.30662502
5796,139.126739501953,68.4449691772461,10.846669514974,-2906777.8750114
5797,139.096603393555,68.9967702229818,12.142333984375,-3276903.23657823
5798,138.292460123698,68.8725026448568,11.3223266601562,-3322938.29040562
5799,140.305603027344,65.032704671224,15.5633341471354,-978302.00929275
5800,140.109771728516,64.8745040893555,14.2836710611979,-1976520.79885847
5801,141.161539713542,65.4686381022135,15.1643473307292,-978302.00929275
5802,140.896006266276,65.4403711954753,13.8966776529948,-1976520.79885847
5803,141.777338663737,66.2567367553711,14.8723449707031,75075.118249677
5804,141.40163675944,66.3188705444336,13.6443379720052,-1070607.26169166
5805,142.042872111003,67.2548370361328,14.7443440755208,-2477501.53401991
5806,141.533437093099,67.3508707682292,13.576670328776,302273.34654891
5807,141.909138997396,68.2840042114258,14.804677327474,-2824045.90869723
5808,141.267903645833,68.3517710367839,13.7046712239583,302273.34654891
5809,141.40163675944,69.16343943278,15.0400085449219,-2824045.90869723
5810,140.654037475586,69.1417719523112,14.0040079752604,-2462917.09340464
5811,140.609771728516,69.7312393188477,15.4080098470052,-2789468.63538121
5812,139.79997253418,69.5749384562175,14.4200032552083,-3021682.04941426
5813,141.807469685872,65.8763376871745,19.252675374349,-1297302.23509441
5814,141.617268880208,65.6871058146159,17.8413391113281,-563859.370289531
5815,142.672805786133,66.3170064290365,18.898671468099,-1297302.23509441
5816,142.412907918294,66.2567392985026,17.5013427734375,-563859.370289531
5817,143.293279012044,67.1041717529297,18.6433410644531,979657.905331634
5818,142.923243204753,67.1324361165365,17.2820129394531,-758952.487461486
5819,143.561645507812,68.095703125,18.5313415527344,-2400237.11266219
5820,143.056976318359,68.1559702555339,17.2216796875,-743568.967157742
5821,143.427012125651,69.1173375447591,18.5830078125,-2794053.32573282
5822,142.788609822591,69.1493377685547,17.3336791992188,-2794053.32573282
5823,142.914774576823,69.9930038452148,18.7913411458333,-2826173.33058575
5824,142.169036865234,69.939338684082,17.5976765950521,-2445565.64067366
5825,142.117268880208,70.5673700968425,19.1163431803385,-2826173.33058575
5826,141.305603027344,70.3809382120768,17.9626770019531,-2901212.46885461
5827,143.31120300293,66.8235677083333,23.3900044759115,-580380.899980118
5828,143.121002197266,66.6023025512695,21.843007405599,-580380.899980118
5829,144.178405761719,67.2699025472005,23.0726725260417,-580380.899980118
5830,143.92041015625,67.173838297526,21.5396728515625,-601764.860661695
5831,144.797978719076,68.055170694987,22.8446756998698,-601764.860661695
5832,144.430745442708,68.0457712809245,21.3456726074219,-601764.860661695
5833,145.064442952474,69.042002360026,22.7470092773438,-2285597.72835742
5834,144.56537882487,69.0636698404948,21.2940063476562,-2285597.72835742
5835,144.932612101237,70.0570373535156,22.7930094401042,-2623260.47733346
5836,144.298914591471,70.0504379272461,21.3916727701823,-2623260.47733346
5837,144.422276814779,70.9261042277018,22.9763387044271,-2657451.08672304
5838,143.67653910319,70.836669921875,21.6253356933594,-2657451.08672304
5839,143.622868855794,71.5023701985677,23.2686665852865,-2694007.01828876
5840,142.809336344401,71.286735534668,21.9533386230469,-2657451.08672304
5841,144.811172485352,67.8734359741211,27.9766693115234,-834013.330128662
5842,144.622838338216,67.6211013793945,26.2910003662109,-834013.330128662
5843,145.676472981771,68.325434366862,27.6910044352214,-598220.08279909
5844,145.422241210938,68.1955006917318,26.0196736653646,-598220.08279909
5845,146.296040852865,69.1088358561198,27.4876759847005,-598220.08279909
5846,145.929773966471,69.0645701090495,25.8456776936849,-598220.08279909
5847,146.559702555339,70.0890375773112,27.3993428548177,-1512177.26117152
5848,146.061604817708,70.0758692423503,25.7996775309245,-1512177.26117152
5849,146.427871704102,71.0975036621094,27.4416758219401,-1924088.75146633
5850,145.797943115234,71.057004292806,25.8880106608073,-1924088.75146633
5851,145.920344034831,71.9647064208984,27.6053415934245,-1730015.02931262
5852,145.178375244141,71.8404057820638,26.0950063069661,-1730015.02931262
5853,145.122838338216,72.5419057210286,27.8663380940755,-2564601.18747394
5854,144.313069661458,72.2933044433594,26.3910013834635,-2564601.18747394
5855,146.311141967773,69.0259704589844,33.0096740722656,2458.28786973716
5856,146.120941162109,68.7434692382812,31.1856740315755,2458.28786973716
5857,147.170806884766,69.4864018758138,32.7513376871745,889495.826789455
5858,146.914672851562,69.3207015991211,30.9423370361328,889495.826789455
5859,147.786605834961,70.2670364379883,32.5686696370443,364342.768957253
5860,147.422205607096,70.1851043701172,30.7853393554688,889495.826789455
5861,148.050272623698,71.2406387329102,32.4870045979818,364342.768957253
5862,147.554036458333,71.1888376871745,30.7430063883464,364342.768957253
5863,147.918436686198,72.240603129069,32.5263366699219,-2081032.40461898
5864,147.290369669596,72.1624374389648,30.8246714274089,-2081032.40461898
5865,147.414672851562,73.1040369669596,32.6760050455729,-1495793.80889304
5866,146.674575805664,72.9468053181966,31.0103403727214,-1495793.80889304
5867,146.620910644531,73.6869049072266,32.909673055013,-1318701.86298503
5868,145.811141967773,73.4063059488932,31.2760060628255,-1318701.86298503
5869,147.809209187826,70.2811381022135,38.4923400878906,-527121.749643015
5870,147.619008382161,69.9675699869792,36.5263417561849,-527121.749643015
5871,148.664174397786,70.7491022745768,38.2560068766276,-159805.776247872
5872,148.406173706055,70.5504353841146,36.3050028483073,-159805.776247872
5873,149.271504720052,71.527837117513,38.0900014241536,-341297.42469991
5874,148.908070882161,71.4101384480794,36.1626688639323,-471734.006127023
5875,149.53330485026,72.493906656901,38.0156707763672,-341297.42469991
5876,149.039906819661,72.4063390096029,36.1233367919922,-471734.006127023
5877,149.403340657552,73.4882049560547,38.0506693522135,1099691.40734462
5878,148.778106689453,73.3742701212565,36.1976674397786,-207103.908754812
5879,148.904271443685,74.3478698730469,38.1880035400391,845193.45285544
5880,148.168904622396,74.1558024088542,36.3680063883464,-1608015.59325684
5881,148.119008382161,74.9335708618164,38.4020080566406,787515.904020583
5882,147.311111450195,74.6219050089518,36.6093393961589,-2132523.01922715
5883,149.303512573242,71.6398722330729,44.4243367513021,-1580364.76500671
5884,149.112375895182,71.294303894043,42.3170064290365,-195523.959780296
5885,150.15190633138,72.1125361124675,44.2076721191406,-574902.083601413
5886,149.893905639648,71.8809026082357,42.1126708984375,181729.468575346
5887,150.753575642904,72.8903020222982,44.0563354492188,437640.161929092
5888,150.389175415039,72.7359034220378,41.9846700032552,-363189.905171364
5889,151.011576334635,73.8498051961263,43.9913380940755,437640.161929092
5890,150.519139607747,73.7255071004232,41.9496714274089,-718460.850561543
5891,150.883539835612,74.8375066121419,44.0213368733724,1434923.39450249
5892,150.261138916016,74.6877721150716,42.0146687825521,-718460.850561543
5893,150.389175415039,75.6934051513672,44.1446685791016,1839958.41646512
5894,149.657541910807,75.4674377441406,42.1710052490234,-1949199.66474994
5895,149.611409505208,76.2810033162435,44.3413391113281,1182341.43879457
5896,148.808242797852,75.939203898112,42.392339070638,-2256558.65993156
5897,150.80067952474,73.102170308431,50.8053334554036,-1721250.56870098
5898,150.60481262207,72.7255376180013,48.5540008544922,779606.421700354
5899,151.638676961263,73.5814361572266,50.607666015625,-875027.31865293
5900,151.376907348633,73.3140029907227,48.3686676025391,1486684.95307896
5901,152.230936686198,74.3582356770833,50.4676666259766,87269.3693170562
5902,151.865605672201,74.1661682128906,48.2503356933594,1382277.04571651
5903,152.483271280924,75.3092676798503,50.4076690673828,1046948.28870599
5904,151.993642171224,75.1473032633464,48.2203369140625,319659.924260867
5905,152.358973185221,76.2885055541992,50.4376678466797,1046948.28870599
5906,151.741307576497,76.1030069986979,48.2803344726562,-1099132.23547171
5907,151.875040690104,77.1406402587891,50.5493316650391,1522056.19800836
5908,151.145309448242,76.8807729085286,48.4203338623047,-2064115.08115858
5909,151.10481262207,77.7329381306966,50.7300008138021,1291871.23572812
5910,150.302546183268,77.359135945638,48.6246693929036,-2064115.08115858
5911,152.295944213867,74.663335164388,57.6376698811849,-1766922.90215513
5912,152.098210652669,74.2575022379557,55.2419993082682,526122.135075592
5913,153.123606363932,75.1529693603516,57.4529978434245,-1146554.77438418
5914,152.859939575195,74.8535359700521,55.0699971516927,1343035.05316202
5915,153.707372029622,75.9297688802083,57.3263346354167,-230216.805244515
5916,153.340138753255,75.7019017537435,54.9630025227865,1581373.10735132
5917,153.955973307292,76.8732681274414,57.271006266276,629140.348908381
5918,153.464436848958,76.6727015177409,54.9330037434896,1041032.51408159
5919,153.831670125326,77.8421351114909,57.2963358561198,904615.612720788
5920,153.215835571289,77.6199035644531,54.9883321126302,-361453.200032099
5921,153.355204264323,78.6895701090495,57.4013315836589,904615.612720788
5922,152.632074991862,78.3958053588867,55.1196645100911,-1646160.3416565
5923,152.598210652669,79.2856369018555,57.5670013427734,822017.908957456
5924,151.80067952474,78.8826370239258,55.3063354492188,-1646160.3416565
5925,153.792109171549,76.3318354288737,64.9173380533854,-1789113.75831946
5926,153.58967590332,75.8921025594075,62.3776702880859,78489.9136362373
5927,154.607538859049,76.8261693318685,64.7466684977214,-1286381.90099132
5928,154.339202880859,76.4928690592448,62.2176666259766,849043.140735678
5929,155.179102579753,77.6011352539062,64.6273345947266,-621957.00920474
5930,154.810938517253,77.3374684651693,62.1190032958984,1095983.56264586
5931,155.422973632812,78.5370356241862,64.5783386230469,134013.338059456
5932,154.935241699219,78.3007024129232,62.0936737060547,775562.077547261
5933,155.303405761719,79.4984029134115,64.6020050048828,543946.505751657
5934,154.691370646159,79.2404022216797,62.1426696777344,-265169.76058935
5935,154.835403442383,80.3420689900716,64.6970011393229,519285.553871018
5936,154.115071614583,80.0134684244792,62.263666788737,-1538558.06373232
5937,154.089640299479,80.9409688313802,64.8530019124349,-1998991.43949935
5938,153.295908610026,80.5069020589193,62.4380035400391,-1538558.06373232
5939,155.28830464681,78.1039021809896,72.6466674804688,-1635071.84986858
5940,155.082071940104,77.6340357462565,69.9613342285156,-188813.622392171
5941,156.091471354167,78.60386912028,72.4886678059896,-1202402.7703963
5942,155.819371541341,78.2357355753581,69.8136698404948,381158.64532948
5943,156.652704874674,79.3779017130534,72.3796691894531,-760027.137220849
5944,156.280771891276,79.0766016642253,69.7223358154297,639615.809232085
5945,156.889973958333,80.3063023885091,72.3343353271484,-225347.964364314
5946,156.40033976237,80.030403137207,69.6986694335938,466714.189608686
5947,156.772272745768,81.2573038736979,72.3560028076172,114472.635803165
5948,156.163070678711,80.9616368611654,69.7440032958984,-146975.654084193
5949,156.315602620443,82.0972035725911,72.4426676432292,23134.2181933206
5950,155.599970499674,81.7356363932292,69.8550008138021,-1468097.18046192
5951,155.582071940104,82.700803120931,72.5863342285156,-1952931.78369827
5952,154.792073567708,82.2347361246745,70.0176696777344,-1468097.18046192
5953,156.783569335938,79.9777018229167,80.8263346354167,-1792982.20217512
5954,156.573603312174,79.4777018229167,77.9950002034505,-540996.825828533
5955,157.572636922201,80.4861679077148,80.680669148763,-1476016.91268737
5956,157.296737670898,80.0822016398112,77.8596700032552,-51390.3134417757
5957,158.122538248698,81.2554346720378,80.5790049235026,-894627.276754351
5958,157.750605265299,80.9192682902018,77.7740020751953,169610.114165409
5959,158.357004801432,82.1772689819336,80.53466796875,-480586.580950481
5960,157.868306477865,81.865603129069,77.7523345947266,-31534.3329113585
5961,158.240239461263,83.1207377115885,80.5573374430339,-258102.212772001
5962,157.63383992513,82.7883377075195,77.7966715494792,-608454.163617855
5963,157.792037963867,83.9540379842122,80.6393381754557,-258822.068997833
5964,157.083002726237,83.5585708618164,77.8973337809245,-1690097.91135356
5965,157.073567708333,84.564203898112,80.7699991861979,-1901512.82991945
5966,156.288269042969,84.0680033365885,78.0466664632161,-1690097.91135356
5967,158.276936848958,81.9541041056315,89.4563395182292,-1779426.26275256
5968,158.063201904297,81.4240036010742,86.47900390625,-693729.811943544
5969,159.05283610026,82.471071879069,89.3200073242188,-1489433.71243084
5970,158.772237141927,82.0332361857096,86.3530069986979,-318617.479789839
5971,159.590474446615,83.2366027832031,89.2256724039714,-1050129.4797383
5972,159.216674804688,82.8627675374349,86.2726694742839,-244583.78947907
5973,159.821177164714,84.14990234375,89.1829986572266,-587006.731266286
5974,159.333440144857,83.8005701700846,86.25,-422023.994957681
5975,159.707239786784,85.0839716593425,89.2030029296875,-308555.623330921
5976,159.102737426758,84.7158050537109,86.2926737467448,-632238.007540807
5977,159.266571044922,85.9154052734375,89.2823435465495,-341471.500208647
5978,158.562271118164,85.4860382080078,86.3896738688151,-1431711.35099057
5979,158.562271118164,86.5302708943685,89.4046732584635,-1853934.55704534
5980,157.782602945964,86.0039037068685,86.5270029703776,-1431711.35099057
5981,159.771275838216,84.0341033935547,98.5333353678385,-1678973.92340092
5982,159.551874796549,83.472905476888,95.4110056559245,-992908.534757025
5983,160.532073974609,84.5585734049479,98.4080047607422,-1493386.38462072
5984,160.246770222982,84.0868403116862,95.2943420410156,-480452.623735436
5985,161.05653889974,85.3241068522135,98.3206736246745,-1176944.21273133
5986,160.680842081706,84.9117050170898,95.219004313151,-234567.762425403
5987,161.280644734701,86.2271041870117,98.2820027669271,-814476.412634149
5988,160.794779459635,85.8391367594401,95.1990000406901,-531208.433618803
5989,161.170476277669,87.1536051432292,98.3006693522135,-623044.169524983
5990,160.570673624674,86.7477722167969,95.2376708984375,-1536207.25014809
5991,160.742039998372,87.9794057210286,98.371337890625,-525148.505922652
5992,160.042439778646,87.5152053833008,95.3263397216797,-1536207.25014809
5993,160.051874796549,88.5971043904622,98.4853363037109,-1785955.92686896
5994,159.276006062826,88.0415369669596,95.4563395182292,-696684.325843547
5995,161.26747639974,86.2176691691081,108.061335245768,-1738990.02637828
5996,161.041478474935,85.6254043579102,104.791000366211,-676307.104845258
5997,162.011311848958,86.7496719360352,107.942337036133,-1606453.16980984
5998,161.721308390299,86.2440388997396,104.681671142578,-476390.18963632
5999,162.521672566732,87.5142389933268,107.862340291341,-1271173.56536833
6000,162.142206827799,87.0660400390625,104.615005493164,-624324.984120245
6001,162.738240559896,88.4097061157227,107.827672322591,-1013790.09278455
6002,162.252375284831,87.9831720987956,104.596338907878,-943054.245336903
6003,162.631841023763,89.3249384562175,107.843673706055,-718744.465743226
6004,162.035807291667,88.8833389282227,104.631006876628,-1657517.96769967
6005,162.215642293294,90.14697265625,107.910339355469,-277553.343202439
6006,161.521677652995,89.6488723754883,104.713668823242,-573638.868308339
6007,161.543345133464,90.7684377034505,108.016001383464,-1687357.73437387
6008,160.773142496745,90.1808700561523,104.832667032878,-573638.868308339
6009,162.762710571289,88.502934773763,118.038670857747,-1633662.73592527
6010,162.531077067057,87.8814697265625,114.621337890625,-866845.150210536
6011,163.486775716146,89.0434036254883,117.92800394694,-1551698.95090417
6012,163.193008422852,88.5038706461589,114.519337972005,-909989.174894021
6013,163.984903971354,89.805170694987,117.851669311523,-1370509.73961199
6014,163.603571573893,89.3211720784505,114.455337524414,-847295.325373555
6015,164.195836385091,90.6940053304036,117.819666544596,-1117121.70026649
6016,163.709971110026,90.2307383219401,114.439336140951,-683429.705873604
6017,164.091303507487,91.5998382568359,117.83566792806,-806102.144072337
6018,163.499038696289,91.1205724080404,114.471338907878,-683429.705873604
6019,163.686406453451,92.4162063598633,117.896006266276,-1011601.22485237
6020,162.999043782552,91.8842061360677,114.547673543294,-683429.705873604
6021,163.031046549479,93.0414377848307,117.997004191081,-1714809.09583672
6022,162.26931254069,92.4237696329753,114.662002563477,-683429.705873604
6023,164.257013956706,90.89173634847,128.467666625977,-1633990.45446382
6024,164.018778483073,90.2401682535807,124.902669270833,-1096678.02674012
6025,164.962275187174,91.4426015218099,128.363001505534,-1533450.17531373
6026,164.661905924479,90.867301940918,124.805669148763,-1119907.28806033
6027,165.446273803711,92.2006022135417,128.292332967122,-1351162.89399243
6028,165.06303914388,91.6780039469401,124.746999104818,-734989.46779125
6029,165.653442382812,93.0791041056315,128.261998494466,-1155919.59498879
6030,165.167572021484,92.5791041056315,124.730997721354,-734989.46779125
6031,165.550806681315,93.9773712158203,128.276331583659,-998316.659143384
6032,164.960403442383,93.4613723754883,124.76133219401,-734989.46779125
6033,165.156239827474,94.7871398925781,128.334665934245,-999943.980443293
6034,164.47450764974,94.2212397257487,124.833669026693,-734989.46779125
6035,164.518778483073,95.4189376831055,128.427001953125,-1681026.05529471
6036,163.762680053711,94.7711359659831,124.938669840495,-734989.46779125
6037,165.750411987305,93.3832397460938,139.344004313151,-1626162.30546624
6038,165.506510416667,92.7015050252279,135.633000691732,-673299.415752735
6039,166.437739054362,93.9434712727865,139.249669392904,-1525647.21607924
6040,166.131739298503,93.3361358642578,135.544667561849,-673299.415752735
6041,166.904805501302,94.6995697021484,139.18300374349,-1324752.371895
6042,166.519709269206,94.1393356323242,135.488001505534,-673299.415752735
6043,167.105377197266,95.5686696370443,139.154337565104,-1163402.60242932
6044,166.622344970703,95.0310363769531,135.473668416341,-673299.415752735
6045,167.007441202799,96.4566040039062,139.168670654297,-1109191.40323937
6046,166.42177327474,95.9029388427734,135.502334594727,-673299.415752735
6047,166.625137329102,97.2626063028971,139.221669514974,-1111061.32318605
6048,165.950007120768,96.6628061930339,135.569000244141,-673299.415752735
6049,166.006510416667,97.8982060750325,139.30800374349,-1632094.58921141
6050,165.257013956706,97.2202377319336,135.667002360026,-673299.415752735
6051,167.24284362793,95.978271484375,150.670338948568,-1588978.11745669
6052,166.992375691732,95.2664388020833,146.811670939128,-560191.667562227
6053,167.912307739258,96.5441716512044,150.582667032878,-1508155.947236
6054,167.601572672526,95.9029388427734,146.731669108073,-560191.667562227
6055,168.365208943685,97.3002370198568,150.524337768555,-1375118.48364
6056,167.97444152832,96.7042032877604,146.680674235026,-560191.667562227
6057,168.556345621745,98.1599349975586,150.497675577799,-1218619.76358871
6058,168.072377522786,97.5846354166667,146.666341145833,-560191.667562227
6059,168.463144938151,99.0403696695964,150.510004679362,-1105725.74687457
6060,167.881240844727,98.4499715169271,146.693003336589,-560191.667562227
6061,168.094039916992,99.8397725423177,150.558334350586,-1573335.03453445
6062,167.423604329427,99.2060724894206,146.753336588542,-560191.667562227
6063,167.492340087891,100.481938680013,150.636337280273,-1573335.03453445
6064,166.750376383464,99.7738723754883,146.843673706055,-560191.667562227
6065,168.735270182292,98.6759694417318,162.446004231771,-1555935.98329632
6066,168.478205362956,97.9339701334635,158.439336140951,-516181.968113016
6067,169.383107503255,99.2512690226237,162.363998413086,-1554823.67553403
6068,169.067677815755,98.5733032226562,158.365997314453,-516181.968113016
6069,169.820943196615,100.00360361735,162.310333251953,-1402998.9138614
6070,169.429209391276,99.3717702229818,158.319671630859,-516181.968113016
6071,170.004506429036,100.857635498047,162.285675048828,-1245296.69934097
6072,169.52241007487,100.24183400472,158.307342529297,-516181.968113016
6073,169.914143880208,101.725802103678,162.298004150391,-1129550.88367756
6074,169.338846842448,101.099637349447,158.332000732422,-516181.968113016
6075,169.561075846354,102.522371927897,162.342330932617,-1556397.53926659
6076,168.898173014323,101.852905273438,158.385665893555,-516181.968113016
6077,168.97726949056,103.166437784831,162.414001464844,-1556397.53926659
6078,168.241872151693,102.429171244303,158.469670613607,-516181.968113016
6079,170.22580464681,101.476267496745,174.676671346029,-1537223.69319605
6080,169.962168375651,100.705101013184,170.519337972005,-371874.122039174
6081,170.856669108073,102.062868754069,174.598337809245,-1494076.71591593
6082,170.534673055013,101.351036071777,170.449666341146,-531001.049730931
6083,171.278544108073,102.812403361003,174.546666463216,-1377808.49771885
6084,170.880243937174,102.142936706543,170.405334472656,-531001.049730931
6085,171.454610188802,103.657038370768,174.522003173828,-1267874.37521997
6086,170.970606486003,103.003570556641,170.393005371094,-531001.049730931
6087,171.368906656901,104.512936909993,174.534337361654,-1195032.13080365
6088,170.794540405273,103.850969950358,170.417668660482,-531001.049730931
6089,171.026173909505,105.305737813314,174.578669230143,-1488118.38897675
6090,170.368006388346,104.603304545085,170.469334920247,-531001.049730931
6091,170.462137858073,105.954503377279,174.646336873372,-1488118.38897675
6092,169.734303792318,105.187103271484,170.547668457031,-531001.049730931
6093,171.718241373698,104.382036844889,187.355173746745,-1493626.00315617
6094,171.446105957031,103.579767862956,183.052073160807,-269067.891831279
6095,172.323674519857,104.976168314616,187.282572428385,-1508847.64120845
6096,171.997873942057,104.23043568929,182.986170450846,-269067.891831279
6097,172.732340494792,105.723803202311,187.234634399414,-1405219.20742706
6098,172.335006713867,105.017603556315,182.943801879883,-431254.67443736
6099,172.902806599935,106.559003194173,187.211934407552,-1138273.24452649
6100,172.420710245768,105.867904663086,182.931467692057,-431254.67443736
6101,172.818044026693,107.405504862467,187.222300211589,-1111089.06281082
6102,172.250244140625,106.704004923503,182.954167683919,-431254.67443736
6103,172.490341186523,108.191703796387,187.262903849284,-1427158.28926587
6104,171.840637207031,107.455403645833,183.00407409668,-431254.67443736
6105,171.946105957031,108.847101847331,187.326843261719,-1427158.28926587
6106,171.225774129232,108.048634847005,183.078440348307,-431254.67443736
6107,173.20974222819,107.389503479004,200.480936686198,-1466224.52308451
6108,172.93007405599,106.558069864909,196.030008951823,-293531.755851942
6109,173.79350789388,107.993034362793,200.414072672526,-1501479.79760323
6110,173.459243774414,107.213401794434,195.969736735026,-293531.755851942
6111,174.182378133138,108.736935933431,200.370768229167,-1283270.84748935
6112,173.781275431315,107.993069966634,195.932067871094,-293531.755851942
6113,174.347173055013,109.561770121257,200.351003011068,-1176547.11092842
6114,173.866038004557,108.833902994792,195.921702067057,-312596.291263791
6115,174.26714070638,110.40166982015,200.36040242513,-1030932.02073635
6116,173.701243082682,109.664370218913,195.941467285156,-312596.291263791
6117,173.950744628906,111.182202657064,200.396169026693,-1365800.34586072
6118,173.307642618815,110.411036173503,195.98573811849,-312596.291263791
6119,173.43007405599,111.840403238932,200.454569498698,-1365800.34586072
6120,172.718241373698,111.012769063314,196.054504394531,-1365800.34586072
6121,174.701237996419,110.500536600749,214.056900024414,-1450664.62880933
6122,174.413106282552,109.638969421387,209.458134969076,-219984.245879841
6123,175.262405395508,111.110702514648,213.994735717773,-1477364.17746294
6124,174.922475179036,110.29620107015,209.401601155599,-219984.245879841
6125,175.634343465169,111.851702372233,213.954233805339,-1292025.31391592
6126,175.228510538737,111.072069803874,209.367736816406,-219984.245879841
6127,175.788777669271,112.669970194499,213.936370849609,-1237272.5682684
6128,175.30854288737,111.903536478678,209.358337402344,-123201.603857184
6129,175.714375813802,113.498601277669,213.944834391276,-1245553.32065341
6130,175.154108683268,112.724601745605,209.376200358073,-1237272.5682684
6131,175.414006551107,114.27633412679,213.97873433431,-1370584.55658665
6132,174.776540120443,113.471234639486,209.417638142904,-1245553.32065341
6133,174.913070678711,114.93920135498,214.032404581706,-1370584.55658665
6134,174.209706624349,114.079536437988,209.479766845703,-1370584.55658665
6135,176.193669637044,113.711402893066,228.085739135742,-1416714.47535677
6136,175.897069295247,112.819702148438,223.337270100911,306434.982889145
6137,176.730402628581,114.330968221029,228.027369181315,-1408750.20894944
6138,176.383870442708,113.483535766602,223.283599853516,306434.982889145
6139,177.086303710938,115.071067810059,227.987798055013,-1322640.11718454
6140,176.67670694987,114.253735860189,223.25156656901,306434.982889145
6141,177.233205159505,115.88173421224,227.971801757812,-1231169.05551736
6142,176.751108805339,115.077601114909,223.243103027344,-1322640.11718454
6143,177.160705566406,116.700932820638,227.979334513346,-1218492.11119375
6144,176.604207356771,115.888366699219,223.259099324544,-1231169.05551736
6145,176.876337687174,117.469309488932,228.01133219401,-1395013.02558448
6146,176.246404012044,116.631276448568,223.299601236979,-1218492.11119375
6147,176.397069295247,118.138758341471,228.064107259115,-1395013.02558448
6148,175.701202392578,117.251782735189,223.358006795247,-1395013.02558448
6149,177.684204101562,117.028638203939,242.562805175781,-1425551.67803979
6150,177.381037394206,116.104937235514,237.668370564779,351229.035803795
6151,178.198338826497,117.653849283854,242.510065714518,-1368950.89188429
6152,177.844304402669,116.771581013997,237.617533365885,351229.035803795
6153,178.533538818359,118.393007914225,242.472432454427,-1306926.32860323
6154,178.1220703125,117.539927164714,237.586466471354,351229.035803795
6155,178.673838297526,119.195243835449,242.457366943359,-1287423.87618978
6156,178.194569905599,118.354382832845,237.57893371582,-1306926.32860323
6157,178.606038411458,120.004999796549,242.464899698893,-1296408.18522819
6158,178.054270426432,119.155682881673,237.593999226888,-1287423.87618978
6159,178.335805257161,120.76865641276,242.494064331055,-1332879.10052039
6160,177.714370727539,119.894849141439,237.631632486979,-1296408.18522819
6161,177.880071004232,121.441889444987,242.542068481445,-1332879.10052039
6162,177.19270324707,120.523831685384,237.686274210612,-1332879.10052039
6163,179.172871907552,120.448506673177,257.489969889323,-1412718.84133862
6164,178.861206054688,119.495610555013,252.444864908854,145901.21322035
6165,179.66347249349,121.083150227865,257.441935221354,-1373854.59633283
6166,179.303771972656,120.16508992513,252.401570638021,145901.21322035
6167,179.981704711914,121.818532307943,257.408070882161,-1294893.2172905
6168,179.565505981445,120.928718566895,252.371465047201,-1373854.59633283
6169,180.113505045573,122.612299601237,257.392064412435,-1233509.14843798
6170,179.633305867513,121.731905619303,252.363932291667,-1294893.2172905
6171,180.049504597982,123.411720275879,257.400538126628,-1219816.4911565
6172,179.501505533854,122.525675455729,252.379938761393,-1233509.14843798
6173,179.79340616862,124.171590169271,257.42783610026,-1241209.13148261
6174,179.179473876953,123.263888041178,252.412862141927,-1219816.4911565
6175,179.361206054688,124.849538167318,257.47206624349,-1241209.13148261
6176,178.683237711589,123.901346842448,252.463704427083,-1241209.13148261
6177,180.667205810547,123.969141642253,272.868153889974,-1386962.2226085
6178,180.343307495117,122.987998962402,267.67524210612,111928.899156254
6179,181.129542032878,124.616017659505,272.821065266927,-1370752.21681746
6180,180.761372884115,123.664065043132,267.63286336263,111928.899156254
6181,181.42990620931,125.347640991211,272.791870117188,-1296444.0405372
6182,181.009938557943,124.420168558757,267.607442220052,-1370752.21681746
6183,181.554173787435,126.131991068522,272.777740478516,-1242233.12029967
6184,181.073939005534,125.213935852051,267.598968505859,-1296444.0405372
6185,181.493906656901,126.922938028971,272.783396402995,-1222831.34611415
6186,180.949671427409,126.001116434733,267.613098144531,-1242233.12029967
6187,181.253840128581,127.680926005046,272.809773763021,-1171648.0284713
6188,180.645573933919,126.737444559733,267.645111083984,-1222831.34611415
6189,180.845174153646,128.360758463542,272.849314371745,-1171648.0284713
6190,180.174738566081,127.380554199219,267.691243489583,-1171648.0284713
6191,182.158671061198,127.594294230143,288.693552652995,-1371648.80846726
6192,181.827239990234,126.580192565918,283.351888020833,67263.1448111527
6193,182.595606486003,128.245877583822,288.652150472005,-1348458.76581432
6194,182.221806844076,127.262845357259,283.314239501953,-1334810.06817746
6195,182.877141316732,128.978434244792,288.623901367188,-1304795.24759541
6196,182.453409830729,128.015182495117,283.289733886719,-1348458.76581432
6197,182.99294535319,129.754318237305,288.611643473307,-1267559.96114543
6198,182.513676961263,128.798599243164,283.28407796224,-1304795.24759541
6199,182.937408447266,130.535847981771,288.618245442708,-1261074.00200922
6200,182.397872924805,129.578241984049,283.29633585612,-1267559.96114543
6201,182.711405436198,131.290064493815,288.639902750651,-1192328.93710964
6202,182.111607869466,130.314570109049,283.323638916016,-1261074.00200922
6203,182.327239990234,131.973663330078,288.677551269531,-1192328.93710964
6204,181.669072469076,130.963333129883,283.367889404297,-1192328.93710964
6205,183.648305257161,131.322082519531,304.970011393229,-1347877.93229242
6206,183.30647277832,130.277852376302,299.47954305013,-1357501.52324217
6207,184.058807373047,131.979319254557,304.932342529297,-1349200.52131798
6208,183.679372151693,130.961446126302,299.446614583333,-1320161.36696135
6209,184.325337727865,132.709050496419,304.909779866536,-1324480.56733164
6210,183.896906534831,131.709070841471,299.424977620443,-1349200.52131798
6211,184.432673136393,133.478337605794,304.897542317708,-1277534.47756237
6212,183.952443440755,132.486836751302,299.418375651042,-1324480.56733164
6213,184.380874633789,134.254216512044,304.903177897135,-1280804.97229421
6214,183.845108032227,133.258946736654,299.43061319987,-1277534.47756237
6215,184.169006347656,135.002782185872,304.922943115234,-1258901.61848396
6216,183.574839274089,133.991505940755,299.454142252604,-1280804.97229421
6217,183.80647277832,135.69108581543,304.954010009766,-1258901.61848396
6218,183.158671061198,134.648737589518,299.493682861328,-1258901.61848396
6219,185.139806111654,135.152501424154,321.697509765625,-1319625.08595635
6220,184.787638346354,134.07719930013,316.057342529297,-1332770.87094721
6221,185.523005167643,135.818211873372,321.661732991536,-1333324.42889406
6222,185.136006673177,134.764561971029,316.027201334635,-1302178.49071879
6223,185.771606445312,136.546061197917,321.641967773438,-1313952.55886328
6224,185.340372721354,135.508422851562,316.010274251302,-1333324.42889406
6225,185.871439615885,137.307825724284,321.632568359375,-1261201.4178357
6226,185.392171223958,136.277720133464,316.004638671875,-1313952.55886328
6227,185.823404947917,138.075236002604,321.63633219401,-1249013.05661912
6228,185.292338053385,137.043233235677,316.014038085938,-1261201.4178357
6229,185.627538045247,138.819096883138,321.654205322266,-1249013.05661912
6230,185.039972941081,137.773915608724,316.035675048828,-1187530.6001897
6231,185.287607828776,139.511154174805,321.683369954427,-1249013.05661912
6232,184.648274739583,138.439600626628,316.070505777995,-1249013.05661912
6233,186.630345662435,139.084615071615,338.875996907552,-1300539.54545661
6234,186.269709269206,137.979192097982,333.088002522786,-1280470.68784598
6235,186.989110310872,139.756917317708,338.844940185547,-1315237.71313011
6236,186.594573974609,138.671239217122,333.058837890625,-1293824.78573663
6237,187.218841552734,140.481928507487,338.824239095052,-1306376.84341408
6238,186.782872517904,139.410400390625,333.041900634766,-1315237.71313011
6239,187.311106363932,141.239944458008,338.815775553385,-1266214.12756255
6240,186.830907185872,140.175008138021,333.03813680013,-1306376.84341408
6241,187.266876220703,142.002634684245,338.820475260417,-1284493.78406396
6242,186.738642374674,140.932968139648,333.046600341797,-1266214.12756255
6243,187.085144042969,142.741770426432,338.836466471354,-1284493.78406396
6244,186.505106608073,141.659901936849,333.066365559896,-1267958.19741013
6245,186.769709269206,143.435735066732,338.862833658854,-1284493.78406396
6246,186.139775594076,142.332168579102,333.098368326823,-1284493.78406396
6247,188.121805826823,143.124069213867,356.502736409505,-1284084.55132007
6248,187.751775105794,141.983805338542,350.56689453125,-1298835.27892764
6249,188.455139160156,143.799204508464,356.474466959635,-1299398.98052294
6250,188.053110758464,142.677739461263,350.540506998698,-1273878.3299479
6251,188.668909708659,144.52326965332,356.456573486328,-1276016.0949375
6252,188.229176839193,143.41313680013,350.526407877604,-1299398.98052294
6253,188.755508422852,145.272801717122,356.450002034505,-1263371.20622884
6254,188.273406982422,144.171137491862,350.521708170573,-1276016.0949375
6255,188.713139851888,146.030802408854,356.451873779297,-1258778.28598223
6256,188.186808268229,144.927235921224,350.528279622396,-1215562.16431777
6257,188.544606526693,146.768966674805,356.466939290365,-1258778.28598223
6258,187.971176147461,145.653167724609,350.549001057943,-1263371.20622884
6259,188.251739501953,147.4638671875,356.492370605469,-1258778.28598223
6260,187.630310058594,146.328303019206,350.576304117839,-1258778.28598223
6261,189.610473632812,147.264302571615,374.580485026042,-1278563.27219148
6262,189.232869466146,146.094833374023,368.494944254557,-1262358.33384661
6263,189.920237223307,147.945999145508,374.55507405599,-1282309.92973447
6264,189.512537638346,146.790634155273,368.470438639323,-1247728.35347404
6265,190.11610921224,148.668167114258,374.536204020182,-1246417.1433566
6266,189.674509684245,147.522267659505,368.456298828125,-1282309.92973447
6267,190.196146647135,149.4111328125,374.530558268229,-1253326.49404394
6268,189.716878255208,148.271799723307,368.454427083333,-1266571.72157984
6269,190.158477783203,150.16157023112,374.534332275391,-1150303.91831971
6270,189.636840820312,149.022237141927,368.460072835286,-1246417.1433566
6271,190.00217183431,150.89697265625,374.546579996745,-1150303.91831971
6272,189.436269124349,149.747268676758,368.477040608724,-1253326.49404394
6273,189.731938680013,151.596567789714,374.571075439453,-1150303.91831971
6274,189.120839436849,150.428965250651,368.50434366862,-1150303.91831971
6275,191.101974487305,151.504302978516,393.10634358724,-563621.106874071
6276,190.714040120443,150.30283610026,386.87294514974,-1259896.04289437
6277,191.388203938802,152.190734863281,393.083607991536,-1269462.14130359
6278,190.972005208333,151.00336710612,386.851277669271,-1189899.44542076
6279,191.56803894043,152.912902832031,393.068674723307,-1224168.47044492
6280,191.119842529297,151.733067830404,386.838236490885,-1269462.14130359
6281,191.639607747396,153.652069091797,393.062235514323,-1211805.71682339
6282,191.157511393229,152.476033528646,386.834462483724,-1250400.76226419
6283,191.605707804362,154.395965576172,393.064900716146,-1060925.63607434
6284,191.085942586263,153.220835367839,386.840901692708,-1224168.47044492
6285,191.464472452799,155.128504435221,393.077006022135,-1060925.63607434
6286,190.902338663737,153.943974812826,386.856943766276,-1211805.71682339
6287,191.214004516602,155.829071044922,393.096944173177,-1060925.63607434
6288,190.609507242839,154.631368001302,386.880615234375,-1060925.63607434
6289,192.593439737956,155.848836263021,412.082346598307,-431970.229492182
6290,192.19797261556,154.61533610026,405.69834391276,-1243966.31010955
6291,192.858037312826,156.539006551107,412.062672932943,-1250594.98730751
6292,192.43620300293,155.315872192383,405.681335449219,-1128527.50108026
6293,193.023768107096,157.261205037435,412.051330566406,-1223777.53999948
6294,192.571802775065,156.045603434245,405.67100016276,-1250594.98730751
6295,193.089701334635,157.998469034831,412.046661376953,-1217479.17920209
6296,192.605702718099,156.78476969401,405.668334960938,-1249013.44846456
6297,193.05766805013,158.735768636068,412.048665364583,-948169.156255764
6298,192.53976949056,157.52300008138,405.673004150391,-1223777.53999948
6299,192.927703857422,159.464569091797,412.057006835938,-948169.156255764
6300,192.37217203776,158.245203653971,405.68500773112,-1217479.17920209
6301,192.69797261556,160.167938232422,412.074676513672,-948169.156255764
6302,192.101938883464,158.936335245768,405.706675211589,-948169.156255764
6303,194.084971110026,160.29600016276,431.513010660807,-549932.368848083
6304,193.681004842122,159.030502319336,424.978342692057,-1235341.16487832
6305,194.326934814453,160.991836547852,431.492340087891,-1235824.02157656
6306,193.899434407552,159.733840942383,424.960673014323,-1186286.71131486
6307,194.479466756185,161.711171468099,431.481333414714,-1211450.08879332
6308,194.025634765625,160.461669921875,424.953328450521,-1233974.71129393
6309,194.541636149089,162.444702148438,431.477661132812,-1196857.30478412
6310,194.05766805013,161.197102864583,424.951324462891,-1235824.02157656
6311,194.51150004069,163.178237915039,431.479329427083,-1060957.00000799
6312,193.995498657227,161.930603027344,424.954996744792,-1211450.08879332
6313,194.390965779622,163.904205322266,431.48866780599,-1060957.00000799
6314,193.841069539388,162.650939941406,424.966339111328,-1196857.30478412
6315,194.181004842122,164.610407511393,431.504679361979,-1060957.00000799
6316,193.593439737956,163.346771240234,424.985015869141,-1060957.00000799
6317,195.577438354492,164.848602294922,451.390340169271,-410991.852659365
6318,195.165003458659,163.549199422201,444.708679199219,-1227067.79723488
6319,195.798700968424,165.547266642253,451.374338785807,-1223345.94536154
6320,195.364598592122,164.255401611328,444.692667643229,-1170289.59226402
6321,195.937098185221,166.264770507812,451.362996419271,-1210823.01753139
6322,195.479466756185,164.978535970052,444.683329264323,-1217776.36206867
6323,195.99360148112,166.994501749674,451.35932413737,-1197144.49099781
6324,195.509602864583,165.710169474284,444.681660970052,-1223345.94536154
6325,195.96723429362,167.726135253906,451.361328125,-1093055.26405401
6326,195.453099568685,166.441802978516,444.685333251953,-1210823.01753139
6327,195.857065836589,168.451166788737,451.368672688802,-1093055.26405401
6328,195.31093343099,167.161204020182,444.69633992513,-1197144.49099781
6329,195.665003458659,169.157368977865,451.383666992188,-1093055.26405401
6330,195.084971110026,167.859837849935,444.714335123698,-1093055.26405401
6331,197.070770263672,169.503870646159,471.71767171224,-432014.078752474
6332,196.650838216146,168.172434488932,464.885335286458,-727357.864932582
6333,197.274139404297,170.203465779622,471.701680501302,-1189063.48058541
6334,196.834437052409,168.877700805664,464.872344970703,-1152510.78146251
6335,197.402201334635,170.920969645182,471.692342122396,-1117633.67867047
6336,196.93896484375,169.599904378255,464.864664713542,-1211742.99721848
6337,197.453063964844,171.648839314779,471.688334147135,-1004032.22715044
6338,196.96533203125,170.329671223958,464.862660725911,-1189063.48058541
6339,197.428568522135,172.378570556641,471.690338134766,-1093972.1765044
6340,196.914469401042,171.059366861979,464.866668701172,-1117633.67867047
6341,197.32780456543,173.102635701497,471.698008219401,-1093972.1765044
6342,196.784535725911,171.778767903646,464.876007080078,-1004032.22715044
6343,197.150802612305,173.809804280599,471.71201578776,-1093972.1765044
6344,196.577402750651,172.478368123372,464.892008463542,-1093972.1765044
6345,198.566965738932,174.259908040365,492.496012369792,-1189299.69951075
6346,198.138534545898,172.894571940104,485.514017740885,-1201935.51570296
6347,198.751536051432,174.962305704753,492.481679280599,-1197003.07500812
6348,198.307072957357,173.602635701497,485.501678466797,-1155242.80084525
6349,198.869206746419,175.679804484049,492.473337809245,-1161230.91395642
6350,198.404037475586,174.323903401693,485.493336995443,-1189299.69951075
6351,198.916269938151,176.405771891276,492.468658447266,-1076390.05910814
6352,198.428532918294,175.051773071289,485.491333007812,-1197003.07500812
6353,198.893702189128,177.133641560872,492.471333821615,-1078409.81205701
6354,198.381469726562,175.779607137044,485.496012369792,-1161230.91395642
6355,198.80143737793,177.854873657227,492.478017171224,-1078409.81205701
6356,198.261871337891,176.497105916341,485.503682454427,-1076390.05910814
6357,198.640401204427,178.562973022461,492.489339192708,-1078409.81205701
6358,198.072601318359,177.19953918457,485.519673665365,-1078409.81205701
6359,200.063171386719,179.118540445964,513.722330729167,-1179748.89320163
6360,199.630035400391,177.721206665039,506.590677897135,-1127108.16969237
6361,200.235504150391,179.821904500326,513.7080078125,-1186650.38705198
6362,199.785435994466,178.428339640299,506.58100382487,-1089834.73694774
6363,200.344736735026,180.539372762044,513.702321370443,-1176910.40055718
6364,199.872970581055,179.150507609049,506.57465616862,-1179748.89320163
6365,200.387069702148,181.265340169271,513.697977701823,-1168525.3077744
6366,199.895538330078,179.876505533854,506.571980794271,-1186650.38705198
6367,200.367304484049,181.989435831706,513.699645996094,-974185.24720401
6368,199.853205362956,180.600570678711,506.576324462891,-1176910.40055718
6369,200.280705769857,182.709737141927,513.70600382487,-974185.24720401
6370,199.741170247396,181.318074544271,506.583017985026,-1168525.3077744
6371,200.129104614258,183.418807983398,513.716674804688,-974185.24720401
6372,199.567901611328,182.021474202474,506.597330729167,-974185.24720401
6373,201.560302734375,184.078872680664,535.401652018229,-1160709.28690396
6374,201.122472127279,182.647638956706,528.119323730469,-1178011.16966401
6375,201.72226969401,184.786936442057,535.386657714844,-1173772.45863791
6376,201.268437703451,183.358535766602,528.106994628906,-1060506.64364544
6377,201.826802571615,185.503504435221,535.380981445312,-1171683.3795645
6378,201.353169759115,184.07790629069,528.103312174479,-1160709.28690396
6379,201.867268880208,186.227574666341,535.379313151042,-1165669.6393724
6380,201.372934977214,184.803873697917,528.101643880208,-1173772.45863791
6381,201.846567789714,186.951670328776,535.379313151042,-891800.908937324
6382,201.33246866862,185.526067097982,528.103312174479,-1171683.3795645
6383,201.766535441081,187.670099894206,535.384643554688,-891800.908937324
6384,201.228871663411,186.242635091146,528.110656738281,-1165669.6393724
6385,201.622436523438,188.380071004232,535.394999186198,-891800.908937324
6386,201.062204996745,186.947906494141,528.124003092448,-891800.908937324
6387,203.058364868164,189.147471110026,557.532674153646,-1146394.2282427
6388,202.618631998698,187.680470784505,550.102661132812,-1152121.89513634
6389,203.216567993164,189.853668212891,557.527994791667,-1159691.6281172
6390,202.758036295573,188.391367594401,550.094319661458,-1095087.26824985
6391,203.315470377604,190.570236206055,557.524332682292,-1162480.9378376
6392,202.838068644206,189.110773722331,550.090657552083,-1146394.2282427
6393,203.355936686198,191.292439778646,557.524332682292,-1160218.24347929
6394,202.858769734701,189.834838867188,550.090657552083,-1159691.6281172
6395,203.336171468099,192.016535441081,557.524332682292,-1013362.57584888
6396,202.818303426107,190.557067871094,550.090657552083,-1162480.9378376
6397,203.256134033203,192.734034220378,557.524332682292,-1013362.57584888
6398,202.718465169271,191.272669474284,550.094319661458,-1160218.24347929
6399,203.118631998698,193.444005330404,557.527994791667,-1013362.57584888
6400,202.560267130534,191.978871663411,550.102661132812,-1013362.57584888
6401,55.9987373352051,182.178741455078,550.1806640625,-152903.285096409
6402,55.4996681213379,183.84440612793,557.532674153646,-152903.285096409
6403,55.9987373352051,182.178741455078,535.479654947917,-326343.29865809
6404,57.49773534139,177.255142211914,550.330322265625,-170329.991038042
6405,56.9977709452311,178.88410949707,557.605997721354,-170329.991038042
6406,57.49773534139,177.255142211914,535.778991699219,-356406.434190175
6407,56.9977709452311,178.88410949707,528.353658040365,-327886.60621703
6408,57.49773534139,177.255142211914,513.878662109375,-399589.835354946
6409,58.9976997375488,172.430374145508,550.480997721354,-111847.44978456
6410,58.4976997375488,174.028274536133,557.682332356771,-111847.44978456
6411,58.9976997375488,172.430374145508,536.079325358073,-262806.086585261
6412,58.4976997375488,174.028274536133,528.729329427083,-262806.086585261
6413,58.9976997375488,172.430374145508,514.401997884115,-408297.010780243
6414,58.4976997375488,174.028274536133,506.97666422526,-369416.415857985
6415,58.9976997375488,172.430374145508,492.725667317708,-372166.935087104
6416,60.4976997375488,167.710138956706,550.630676269531,-84902.4744705423
6417,59.9976997375488,169.271306355794,557.756673177083,-84902.4744705423
6418,60.4976997375488,167.710138956706,536.379679361979,-199620.56372251
6419,59.9976997375488,169.271306355794,529.10400390625,-199620.56372251
6420,60.4976997375488,167.710138956706,514.928344726562,-196610.828436144
6421,59.9976997375488,169.271306355794,507.576334635417,-196610.828436144
6422,60.4976997375488,167.710138956706,493.475006103516,-380177.258577133
6423,59.9976997375488,169.271306355794,486.049672444661,-360009.990885014
6424,60.4976997375488,167.710138956706,472.023671468099,-394462.506033053
6425,61.9976387023926,163.088770548503,550.780334472656,186039.175412071
6426,61.4976692199707,164.61887105306,557.832010904948,186039.175412071
6427,61.9976387023926,163.088770548503,536.678995768229,221942.704895137
6428,61.4976692199707,164.61887105306,529.479675292969,221942.704895137
6429,61.9976387023926,163.088770548503,515.452677408854,191009.655434835
6430,61.4976692199707,164.61887105306,508.177022298177,191009.655434835
6431,61.9976387023926,163.088770548503,494.225351969401,165851.282883064
6432,61.4976692199707,164.61887105306,486.875345865885,165851.282883064
6433,61.9976387023926,163.088770548503,472.998006184896,-357496.710021999
6434,61.4976692199707,164.61887105306,465.571665445964,-137410.562576039
6435,61.9976387023926,163.088770548503,451.770670572917,-412800.740915249
6436,63.4976081848145,158.571935017904,550.929992675781,228262.903360486
6437,62.9976081848145,160.065302530924,557.906331380208,228262.903360486
6438,63.4976081848145,158.571935017904,536.978332519531,229771.177718887
6439,62.9976081848145,160.065302530924,529.853332519531,229771.177718887
6440,63.4976081848145,158.571935017904,515.978006998698,299881.752691608
6441,62.9976081848145,160.065302530924,508.776672363281,299881.752691608
6442,63.4976081848145,158.571935017904,494.974670410156,313384.757158044
6443,62.9976081848145,160.065302530924,487.699005126953,313384.757158044
6444,63.4976081848145,158.571935017904,473.973337809245,-350713.945491054
6445,62.9976081848145,160.065302530924,466.622344970703,264410.25339065
6446,63.4976081848145,158.571935017904,452.970011393229,-403109.17018171
6447,62.9976081848145,160.065302530924,445.544677734375,-163983.105063736
6448,63.4976081848145,158.571935017904,431.968678792318,-425553.740209339
6449,64.9976056416829,154.163365681966,551.079996744792,215647.331959353
6450,64.4976069132487,155.620966593424,557.981669108073,215647.331959353
6451,64.9976056416829,154.163365681966,537.2783203125,263689.883676978
6452,64.4976069132487,155.620966593424,530.228332519531,263689.883676978
6453,64.9976056416829,154.163365681966,516.503672281901,310240.690070551
6454,64.4976069132487,155.620966593424,509.378346761068,310240.690070551
6455,64.9976056416829,154.163365681966,495.727345784505,334153.30628147
6456,64.4976069132487,155.620966593424,488.52500406901,334153.30628147
6457,64.9976056416829,154.163365681966,474.949005126953,301557.535934652
6458,64.4976069132487,155.620966593424,467.673004150391,301557.535934652
6459,64.9976056416829,154.163365681966,454.171681722005,-423826.053048114
6460,64.4976069132487,155.620966593424,446.819681803385,134745.458028129
6461,64.9976056416829,154.163365681966,433.393676757812,-417157.401426561
6462,64.4976069132487,155.620966593424,425.968007405599,-72639.1031707929
6463,64.9976056416829,154.163365681966,412.616343180339,-462937.30397689
6464,66.4994049072266,149.854639689128,551.230672200521,168634.335373665
6465,65.9985046386719,151.280202229818,558.056335449219,168634.335373665
6466,66.4994049072266,149.854639689128,537.579345703125,237708.237451
6467,65.9985046386719,151.280202229818,530.603332519531,237708.237451
6468,66.4994049072266,149.854639689128,517.02734375,274248.435049166
6469,65.9985046386719,151.280202229818,509.977671305339,274248.435049166
6470,66.4994049072266,149.854639689128,496.476013183594,276049.20531989
6471,65.9985046386719,151.280202229818,489.351013183594,276049.20531989
6472,66.4994049072266,149.854639689128,475.923004150391,255883.700512061
6473,65.9985046386719,151.280202229818,468.723337809245,255883.700512061
6474,66.4994049072266,149.854639689128,455.371327718099,252979.158229588
6475,65.9985046386719,151.280202229818,448.095672607422,252979.158229588
6476,66.4994049072266,149.854639689128,434.818339029948,177118.33729905
6477,65.9985046386719,151.280202229818,427.468343098958,177118.33729905
6478,66.4994049072266,149.854639689128,414.269002278646,-420737.372950803
6479,65.9985046386719,151.280202229818,406.84267171224,-513213.388119296
6480,66.4994049072266,149.854639689128,393.716674804688,-460408.517487477
6481,68.0003051757812,145.651336669922,551.382019042969,-112033.48756246
6482,67.5003051757812,147.04020690918,558.132344563802,-112033.48756246
6483,68.0003051757812,145.651336669922,537.880676269531,73447.4337458279
6484,67.5003051757812,147.04020690918,530.979675292969,73447.4337458279
6485,68.0003051757812,145.651336669922,517.553670247396,134058.995122954
6486,67.5003051757812,147.04020690918,510.577351888021,134058.995122954
6487,68.0003051757812,145.651336669922,497.225677490234,193889.1461051
6488,67.5003051757812,147.04020690918,490.174011230469,193889.1461051
6489,68.0003051757812,145.651336669922,476.89833577474,227094.808045571
6490,67.5003051757812,147.04020690918,469.772328694661,227094.808045571
6491,68.0003051757812,145.651336669922,456.572998046875,232007.390730448
6492,67.5003051757812,147.04020690918,449.371663411458,232007.390730448
6493,68.0003051757812,145.651336669922,436.245666503906,244919.436492488
6494,67.5003051757812,147.04020690918,428.967997233073,244919.436492488
6495,68.0003051757812,145.651336669922,415.918334960938,107762.580623323
6496,67.5003051757812,147.04020690918,408.5693359375,107762.580623323
6497,68.0003051757812,145.651336669922,395.593332926432,-439649.651157511
6498,67.5003051757812,147.04020690918,388.167002360026,-507405.697109463
6499,68.0003051757812,145.651336669922,375.26421101888,-503164.233918249
6500,69.5003051757812,141.546869913737,551.532023111979,-230144.643637528
6501,69.0003051757812,142.904668172201,558.207682291667,-230144.643637528
6502,69.5003051757812,141.546869913737,538.180358886719,-230558.129745898
6503,69.0003051757812,142.904668172201,531.354675292969,-230558.129745898
6504,69.5003051757812,141.546869913737,518.077331542969,-185283.049024608
6505,69.0003051757812,142.904668172201,511.177327473958,-185283.049024608
6506,69.5003051757812,141.546869913737,497.97499593099,-58225.471881826
6507,69.0003051757812,142.904668172201,490.999664306641,-58225.471881826
6508,69.5003051757812,141.546869913737,477.871663411458,138575.672036279
6509,69.0003051757812,142.904668172201,470.822001139323,138575.672036279
6510,69.5003051757812,141.546869913737,457.771331787109,169013.569533169
6511,69.0003051757812,142.904668172201,450.64833577474,169013.569533169
6512,69.5003051757812,141.546869913737,437.671997070312,121614.243926131
6513,69.0003051757812,142.904668172201,430.470662434896,121614.243926131
6514,69.5003051757812,141.546869913737,417.568990071615,-62026.3006898822
6515,69.0003051757812,142.904668172201,410.29433186849,-62026.3006898822
6516,69.5003051757812,141.546869913737,397.469004313151,-82340.4761971169
6517,69.0003051757812,142.904668172201,390.117004394531,-82340.4761971169
6518,69.5003051757812,141.546869913737,377.365000406901,-458287.796808126
6519,69.0003051757812,142.904668172201,369.938537597656,-503164.233918249
6520,69.5003051757812,141.546869913737,357.262603759766,-496114.153513391
6521,71.000239054362,137.54508972168,551.682678222656,-307314.195506504
6522,70.5002721150716,138.867080688477,558.282348632812,-307314.195506504
6523,71.000239054362,137.54508972168,538.480672200521,-306258.973064866
6524,70.5002721150716,138.867080688477,531.728678385417,-306258.973064866
6525,71.000239054362,137.54508972168,518.602671305339,-277490.709676206
6526,70.5002721150716,138.867080688477,511.777008056641,-277490.709676206
6527,71.000239054362,137.54508972168,498.727335611979,-239687.134513701
6528,70.5002721150716,138.867080688477,491.825327555339,-239687.134513701
6529,71.000239054362,137.54508972168,478.848988850911,-178645.344360722
6530,70.5002721150716,138.867080688477,471.87065633138,-178645.344360722
6531,71.000239054362,137.54508972168,458.970998128255,-108421.367645204
6532,70.5002721150716,138.867080688477,451.92133585612,-108421.367645204
6533,71.000239054362,137.54508972168,439.096008300781,-123027.068017698
6534,70.5002721150716,138.867080688477,431.969665527344,-123027.068017698
6535,71.000239054362,137.54508972168,419.218668619792,-250814.008646876
6536,70.5002721150716,138.867080688477,412.019327799479,-250814.008646876
6537,71.000239054362,137.54508972168,399.343668619792,-204169.781769681
6538,70.5002721150716,138.867080688477,392.068003336589,-204169.781769681
6539,71.000239054362,137.54508972168,379.465504964193,42086.9497176239
6540,70.5002721150716,138.867080688477,372.114501953125,42086.9497176239
6541,71.000239054362,137.54508972168,359.58832804362,-464387.367847118
6542,70.5002721150716,138.867080688477,352.162892659505,-496114.153513391
6543,71.000239054362,137.54508972168,339.712127685547,-478699.550587718
6544,72.5002059936523,133.648768107096,551.832336425781,-340386.086542891
6545,72.0002059936523,134.93593343099,558.358337402344,-340386.086542891
6546,72.5002059936523,133.648768107096,538.781005859375,-328621.930973842
6547,72.0002059936523,134.93593343099,532.105000813802,-328621.930973842
6548,72.5002059936523,133.648768107096,519.12700398763,-309795.561012576
6549,72.0002059936523,134.93593343099,512.376668294271,-309795.561012576
6550,72.5002059936523,133.648768107096,499.476674397786,-295466.707828149
6551,72.0002059936523,134.93593343099,492.653004964193,-295466.707828149
6552,72.5002059936523,133.648768107096,479.827331542969,-259440.711243543
6553,72.0002059936523,134.93593343099,472.925323486328,-259440.711243543
6554,72.5002059936523,133.648768107096,460.173319498698,-221177.421558422
6555,72.0002059936523,134.93593343099,453.197326660156,-221177.421558422
6556,72.5002059936523,133.648768107096,440.521667480469,-207909.45422365
6557,72.0002059936523,134.93593343099,433.470011393229,-207909.45422365
6558,72.5002059936523,133.648768107096,420.868347167969,-236820.663834907
6559,72.0002059936523,134.93593343099,413.743347167969,-236820.663834907
6560,72.5002059936523,133.648768107096,401.217346191406,-235302.994564304
6561,72.0002059936523,134.93593343099,394.017008463542,-235302.994564304
6562,72.5002059936523,133.648768107096,381.566243489583,-186570.245553918
6563,72.0002059936523,134.93593343099,374.290405273438,-186570.245553918
6564,72.5002059936523,133.648768107096,361.9150390625,230318.084524363
6565,72.0002059936523,134.93593343099,354.56396484375,-459981.558759059
6566,72.5002059936523,133.648768107096,342.263865152995,315211.17139052
6567,72.0002059936523,134.93593343099,334.837463378906,-478699.550587718
6568,72.5002059936523,133.648768107096,322.61083984375,-459089.521212442
6569,74.0002059936523,129.85883585612,551.982014973958,-332047.381441279
6570,73.5002059936523,131.110219319661,558.432006835938,-332047.381441279
6571,74.0002059936523,129.85883585612,539.080342610677,-311403.297865798
6572,73.5002059936523,131.110219319661,532.47900390625,-311403.297865798
6573,74.0002059936523,129.85883585612,519.653340657552,-291006.625937291
6574,73.5002059936523,131.110219319661,512.977345784505,-291006.625937291
6575,74.0002059936523,129.85883585612,500.227010091146,-269546.107518126
6576,73.5002059936523,131.110219319661,493.476674397786,-269546.107518126
6577,74.0002059936523,129.85883585612,480.801005045573,-258887.33282118
6578,73.5002059936523,131.110219319661,473.975331624349,-258887.33282118
6579,74.0002059936523,129.85883585612,461.374003092448,-260584.000845214
6580,73.5002059936523,131.110219319661,454.473999023438,-260584.000845214
6581,74.0002059936523,129.85883585612,441.947998046875,-222671.854558298
6582,73.5002059936523,131.110219319661,434.971659342448,-222671.854558298
6583,74.0002059936523,129.85883585612,422.519999186198,-127237.269936463
6584,73.5002059936523,131.110219319661,415.468343098958,-127237.269936463
6585,74.0002059936523,129.85883585612,403.093007405599,13743.5640126779
6586,73.5002059936523,131.110219319661,395.967010498047,13743.5640126779
6587,74.0002059936523,129.85883585612,383.66704305013,181036.10860135
6588,73.5002059936523,131.110219319661,376.466613769531,-186570.245553918
6589,74.0002059936523,129.85883585612,364.24267578125,368593.500140584
6590,73.5002059936523,131.110219319661,356.966939290365,148563.268716647
6591,74.0002059936523,129.85883585612,344.814666748047,385919.486057342
6592,73.5002059936523,131.110219319661,337.462666829427,-448802.75698553
6593,74.0002059936523,129.85883585612,325.385732014974,427301.369008353
6594,73.5002059936523,131.110219319661,317.960306803385,-459089.521212442
6595,74.0002059936523,129.85883585612,305.959645589193,-439864.126761013
6596,75.5001398722331,126.166829427083,552.132690429688,-293570.853810688
6597,75.0001729329427,127.387140909831,558.508015950521,-293570.853810688
6598,75.5001398722331,126.166829427083,539.380696614583,-270472.925797053
6599,75.0001729329427,127.387140909831,532.854349772135,-270472.925797053
6600,75.5001398722331,126.166829427083,520.176676432292,-244218.386570731
6601,75.0001729329427,127.387140909831,513.577006022135,-244218.386570731
6602,75.5001398722331,126.166829427083,500.976684570312,-232118.240236309
6603,75.0001729329427,127.387140909831,494.30268351237,-232118.240236309
6604,75.5001398722331,126.166829427083,481.776682535807,-236972.38853926
6605,75.0001729329427,127.387140909831,475.02533976237,-236972.38853926
6606,75.5001398722331,126.166829427083,462.572672526042,-219333.810913328
6607,75.0001729329427,127.387140909831,455.747009277344,-219333.810913328
6608,75.5001398722331,126.166829427083,443.370676676432,-200811.617506482
6609,75.0001729329427,127.387140909831,436.471669514974,-200811.617506482
6610,75.5001398722331,126.166829427083,424.171661376953,-107238.411258732
6611,75.0001729329427,127.387140909831,417.196329752604,-107238.411258732
6612,75.5001398722331,126.166829427083,404.969665527344,250200.519374911
6613,75.0001729329427,127.387140909831,397.917999267578,250200.519374911
6614,75.5001398722331,126.166829427083,385.76752726237,319053.405056726
6615,75.0001729329427,127.387140909831,378.642567952474,181036.10860135
6616,75.5001398722331,126.166829427083,366.565602620443,404387.296009065
6617,75.0001729329427,127.387140909831,359.366139729818,230318.084524363
6618,75.5001398722331,126.166829427083,347.363566080729,424940.069661245
6619,75.0001729329427,127.387140909831,340.087829589844,315211.17139052
6620,75.5001398722331,126.166829427083,328.161560058594,415126.043762364
6621,75.0001729329427,127.387140909831,320.811462402344,309793.86878285
6622,75.5001398722331,126.166829427083,308.961466471354,460359.884514419
6623,75.0001729329427,127.387140909831,301.535074869792,-439864.126761013
6624,75.5001398722331,126.166829427083,289.759450276693,-441396.797849834
6625,76.9982401529948,122.579345703125,552.282674153646,-274949.715946898
6626,76.4991734822591,123.76293182373,558.582682291667,-274949.715946898
6627,76.9982401529948,122.579345703125,539.680338541667,-258001.559223599
6628,76.4991734822591,123.76293182373,533.228352864583,-258001.559223599
6629,76.9982401529948,122.579345703125,520.702006022135,-237862.188611692
6630,76.4991734822591,123.76293182373,514.176676432292,-237862.188611692
6631,76.9982401529948,122.579345703125,501.72699991862,-230520.295645711
6632,76.4991734822591,123.76293182373,495.126678466797,-230520.295645711
6633,76.9982401529948,122.579345703125,482.752349853516,-218933.382833047
6634,76.4991734822591,123.76293182373,476.076354980469,-218933.382833047
6635,76.9982401529948,122.579345703125,463.774353027344,-206877.80627795
6636,76.4991734822591,123.76293182373,457.022013346354,-206877.80627795
6637,76.9982401529948,122.579345703125,444.795349121094,-189068.639287821
6638,76.4991734822591,123.76293182373,437.96967569987,-189068.639287821
6639,76.9982401529948,122.579345703125,425.820343017578,-87074.8828452337
6640,76.4991734822591,123.76293182373,418.92133585612,-87074.8828452337
6641,76.9982401529948,122.579345703125,406.845336914062,157217.43911653
6642,76.4991734822591,123.76293182373,399.868998209635,250200.519374911
6643,76.9982401529948,122.579345703125,387.866394042969,328547.029613731
6644,76.4991734822591,123.76293182373,380.816589355469,319053.405056726
6645,76.9982401529948,122.579345703125,368.890391031901,313403.285457908
6646,76.4991734822591,123.76293182373,361.764363606771,368593.500140584
6647,76.9982401529948,122.579345703125,349.914367675781,397951.027402351
6648,76.4991734822591,123.76293182373,342.713033040365,385919.486057342
6649,76.9982401529948,122.579345703125,330.93739827474,440737.345534203
6650,76.4991734822591,123.76293182373,323.661661783854,427301.369008353
6651,76.9982401529948,122.579345703125,311.961364746094,398177.000782132
6652,76.4991734822591,123.76293182373,304.611267089844,343058.929874564
6653,76.9982401529948,122.579345703125,292.984415690104,205854.187495367
6654,76.4991734822591,123.76293182373,285.558990478516,-441396.797849834
6655,76.9982401529948,122.579345703125,274.009358723958,-451902.833994854
6656,78.4972407023112,119.096366882324,552.432332356771,-281946.576168436
6657,77.9972737630208,120.246063232422,558.657999674479,-281946.576168436
6658,78.4972407023112,119.096366882324,539.980672200521,-276067.803829532
6659,77.9972737630208,120.246063232422,533.60400390625,-276067.803829532
6660,78.4972407023112,119.096366882324,521.228342692057,-277620.589373116
6661,77.9972737630208,120.246063232422,514.778330485026,-277620.589373116
6662,78.4972407023112,119.096366882324,502.478332519531,-263543.593066243
6663,77.9972737630208,120.246063232422,495.952331542969,-263543.593066243
6664,78.4972407023112,119.096366882324,483.725667317708,-266577.369542393
6665,77.9972737630208,120.246063232422,477.126007080078,-266577.369542393
6666,78.4972407023112,119.096366882324,464.973673502604,-253991.016294943
6667,77.9972737630208,120.246063232422,458.298014322917,-253991.016294943
6668,78.4972407023112,119.096366882324,446.222005208333,-195794.607399846
6669,77.9972737630208,120.246063232422,439.4716796875,-195794.607399846
6670,78.4972407023112,119.096366882324,427.472005208333,-159209.325333156
6671,77.9972737630208,120.246063232422,420.646341959635,-87074.8828452337
6672,78.4972407023112,119.096366882324,408.721008300781,-23644.6622045605
6673,77.9972737630208,120.246063232422,401.819010416667,157217.43911653
6674,78.4972407023112,119.096366882324,389.966247558594,194725.455233829
6675,77.9972737630208,120.246063232422,382.989969889323,328547.029613731
6676,78.4972407023112,119.096366882324,371.215240478516,151565.613121459
6677,77.9972737630208,120.246063232422,364.165466308594,404387.296009065
6678,78.4972407023112,119.096366882324,352.465138753255,287404.485769034
6679,77.9972737630208,120.246063232422,345.340067545573,424940.069661245
6680,78.4972407023112,119.096366882324,333.714172363281,397755.129014693
6681,77.9972737630208,120.246063232422,326.512837727865,415126.043762364
6682,78.4972407023112,119.096366882324,314.960367838542,422969.889105737
6683,77.9972737630208,120.246063232422,307.684631347656,460359.884514419
6684,78.4972407023112,119.096366882324,296.210337320964,367982.597014547
6685,77.9972737630208,120.246063232422,288.860219319661,204895.748976263
6686,78.4972407023112,119.096366882324,277.460316975911,117073.55394197
6687,77.9972737630208,120.246063232422,270.034881591797,-451902.833994854
6688,78.4972407023112,119.096366882324,258.708404541016,-473303.797685287
6689,79.9972076416016,115.717005411784,552.582010904948,-322289.183516915
6690,79.4972076416016,116.831837972005,558.732340494792,-322289.183516915
6691,79.9972076416016,115.717005411784,540.280008951823,-318516.48911562
6692,79.4972076416016,116.831837972005,533.978678385417,-318516.48911562
6693,79.9972076416016,115.717005411784,521.752014160156,-311221.519678847
6694,79.4972076416016,116.831837972005,515.378346761068,-311221.519678847
6695,79.9972076416016,115.717005411784,503.228006998698,-316836.56971775
6696,79.4972076416016,116.831837972005,496.778004964193,-316836.56971775
6697,79.9972076416016,115.717005411784,484.701334635417,-314149.611971543
6698,79.4972076416016,116.831837972005,478.174997965495,-314149.611971543
6699,79.9972076416016,115.717005411784,466.175333658854,-278586.730896103
6700,79.4972076416016,116.831837972005,459.573669433594,-278586.730896103
6701,79.9972076416016,115.717005411784,447.647664388021,-242386.979892066
6702,79.4972076416016,116.831837972005,440.971659342448,-242386.979892066
6703,79.9972076416016,115.717005411784,429.121663411458,-206391.718424955
6704,79.4972076416016,116.831837972005,422.372334798177,-159209.325333156
6705,79.9972076416016,115.717005411784,410.595672607422,-157764.216201538
6706,79.4972076416016,116.831837972005,403.770009358724,-23644.6622045605
6707,79.9972076416016,115.717005411784,392.069549560547,-92340.6809554621
6708,79.4972076416016,116.831837972005,385.167785644531,194725.455233829
6709,79.9972076416016,115.717005411784,373.540944417318,-146774.324593235
6710,79.4972076416016,116.831837972005,366.564676920573,313403.285457908
6711,79.9972076416016,115.717005411784,355.015004475911,116094.66083031
6712,79.4972076416016,116.831837972005,347.965240478516,397951.027402351
6713,79.9972076416016,115.717005411784,336.489034016927,235690.16211272
6714,79.4972076416016,116.831837972005,329.363037109375,440737.345534203
6715,79.9972076416016,115.717005411784,317.963134765625,332525.814815989
6716,79.4972076416016,116.831837972005,310.761800130208,398177.000782132
6717,79.9972076416016,115.717005411784,299.435323079427,381231.660009434
6718,79.4972076416016,116.831837972005,292.159596761068,205854.187495367
6719,79.9972076416016,115.717005411784,280.909362792969,204361.188681827
6720,79.4972076416016,116.831837972005,273.560201009115,-58109.8288850753
6721,79.9972076416016,115.717005411784,262.383427937826,-140108.844336227
6722,79.4972076416016,116.831837972005,254.957066853841,-473303.797685287
6723,79.9972076416016,115.717005411784,243.856572469076,-506095.798179095
6724,81.4972076416016,112.438369750977,552.731669108073,-358624.368265226
6725,80.9972076416016,113.52027130127,558.807678222656,-358624.368265226
6726,81.4972076416016,112.438369750977,540.579671223958,-352616.318990145
6727,80.9972076416016,113.52027130127,534.353678385417,-352616.318990145
6728,81.4972076416016,112.438369750977,522.277669270833,-356253.694993974
6729,80.9972076416016,113.52027130127,515.977335611979,-356253.694993974
6730,81.4972076416016,112.438369750977,503.97666422526,-362031.402485922
6731,80.9972076416016,113.52027130127,497.601003011068,-362031.402485922
6732,81.4972076416016,112.438369750977,485.674672444661,-343115.811682451
6733,80.9972076416016,113.52027130127,479.225006103516,-343115.811682451
6734,81.4972076416016,112.438369750977,467.375,-311870.114183638
6735,80.9972076416016,113.52027130127,460.85166422526,-311870.114183638
6736,81.4972076416016,112.438369750977,449.076009114583,-288251.249389638
6737,80.9972076416016,113.52027130127,442.473673502604,-242386.979892066
6738,81.4972076416016,112.438369750977,430.771341959635,-267004.777741692
6739,80.9972076416016,113.52027130127,424.095336914062,-206391.718424955
6740,81.4972076416016,112.438369750977,412.46934000651,-248474.494805769
6741,80.9972076416016,113.52027130127,405.719004313151,-157764.216201538
6742,81.4972076416016,112.438369750977,394.168334960938,-218188.530488618
6743,80.9972076416016,113.52027130127,387.344543457031,-92340.6809554621
6744,81.4972076416016,112.438369750977,375.868479410807,-253514.868524894
6745,80.9972076416016,113.52027130127,368.966644287109,151565.613121459
6746,81.4972076416016,112.438369750977,357.563903808594,-203699.801183835
6747,80.9972076416016,113.52027130127,350.588531494141,287404.485769034
6748,81.4972076416016,112.438369750977,339.263936360677,-137108.31462866
6749,80.9972076416016,113.52027130127,332.214202880859,397755.129014693
6750,81.4972076416016,112.438369750977,320.963073730469,111746.529783475
6751,80.9972076416016,113.52027130127,313.838002522786,422969.889105737
6752,81.4972076416016,112.438369750977,302.662180582682,250535.087567157
6753,80.9972076416016,113.52027130127,295.46083577474,367982.597014547
6754,81.4972076416016,112.438369750977,284.360341389974,210898.582338781
6755,80.9972076416016,113.52027130127,277.084594726562,117073.55394197
6756,81.4972076416016,112.438369750977,266.060368855794,310526.03256855
6757,80.9972076416016,113.52027130127,258.708363850911,205055.218741803
6758,81.4972076416016,112.438369750977,247.757598876953,167787.852955864
6759,80.9972076416016,113.52027130127,240.332168579102,-506095.798179095
6760,81.4972076416016,112.438369750977,229.455769856771,-543317.052349432
6761,82.9971415201823,109.264203389486,552.88232421875,-389879.42879053
6762,82.4971745808919,110.310335795085,558.881998697917,-389879.42879053
6763,82.9971415201823,109.264203389486,540.881652832031,-394309.496521806
6764,82.4971745808919,110.310335795085,534.729329427083,-394309.496521806
6765,82.9971415201823,109.264203389486,522.802998860677,-399992.402034658
6766,82.4971745808919,110.310335795085,516.577331542969,-399992.402034658
6767,82.9971415201823,109.264203389486,504.727335611979,-389698.204847684
6768,82.4971745808919,110.310335795085,498.427001953125,-389698.204847684
6769,82.9971415201823,109.264203389486,486.651346842448,-365099.838015304
6770,82.4971745808919,110.310335795085,480.274678548177,-365099.838015304
6771,82.9971415201823,109.264203389486,468.574686686198,-349002.266964863
6772,82.4971745808919,110.310335795085,462.124674479167,-349002.266964863
6773,82.9971415201823,109.264203389486,450.500671386719,-338215.895133175
6774,82.4971745808919,110.310335795085,443.975341796875,-288251.249389638
6775,82.9971415201823,109.264203389486,432.423014322917,-326811.293631775
6776,82.4971745808919,110.310335795085,425.821350097656,-267004.777741692
6777,82.9971415201823,109.264203389486,414.345011393229,-311304.198465249
6778,82.4971745808919,110.310335795085,407.669006347656,-248474.494805769
6779,82.9971415201823,109.264203389486,396.268330891927,-287833.332588355
6780,82.4971745808919,110.310335795085,389.517995198568,-218188.530488618
6781,82.9971415201823,109.264203389486,378.193369547526,-308300.42526006
6782,82.4971745808919,110.310335795085,371.367645263672,-146774.324593235
6783,82.9971415201823,109.264203389486,360.117513020833,-298637.230608171
6784,82.4971745808919,110.310335795085,353.215606689453,116094.66083031
6785,82.9971415201823,109.264203389486,342.038838704427,-280052.603515227
6786,82.4971745808919,110.310335795085,335.062540690104,235690.16211272
6787,82.9971415201823,109.264203389486,323.962046305339,-216821.326142797
6788,82.4971745808919,110.310335795085,316.912312825521,332525.814815989
6789,82.9971415201823,109.264203389486,305.886210123698,-154320.758655068
6790,82.4971745808919,110.310335795085,298.761149088542,381231.660009434
6791,82.9971415201823,109.264203389486,287.811299641927,-174312.454875316
6792,82.4971745808919,110.310335795085,280.611836751302,204361.188681827
6793,82.9971415201823,109.264203389486,269.736399332682,234356.161635081
6794,82.4971745808919,110.310335795085,262.460678100586,-140108.844336227
6795,82.9971415201823,109.264203389486,251.659606933594,362153.146414004
6796,82.4971745808919,110.310335795085,244.308532714844,227813.75093364
6797,82.9971415201823,109.264203389486,233.58186340332,373123.778917999
6798,82.4971745808919,110.310335795085,226.154530843099,-543317.052349432
6799,82.9971415201823,109.264203389486,215.504130045573,-573505.110377612
6800,84.4971084594727,106.191805521647,553.032002766927,-429310.943784356
6801,83.9971084594727,107.204938252767,558.958333333333,-429310.943784356
6802,84.4971084594727,106.191805521647,541.182006835938,-436158.872601103
6803,83.9971084594727,107.204938252767,535.107666015625,-436158.872601103
6804,84.4971084594727,106.191805521647,523.33100382487,-429488.366929229
6805,83.9971084594727,107.204938252767,517.17866007487,-429488.366929229
6806,84.4971084594727,106.191805521647,505.47666422526,-407254.582345742
6807,83.9971084594727,107.204938252767,499.251007080078,-407254.582345742
6808,84.4971084594727,106.191805521647,487.625010172526,-393486.921853087
6809,83.9971084594727,107.204938252767,481.32568359375,-393486.921853087
6810,84.4971084594727,106.191805521647,469.77500406901,-392608.176112813
6811,83.9971084594727,107.204938252767,463.400675455729,-392608.176112813
6812,84.4971084594727,106.191805521647,451.923665364583,-385508.422328004
6813,83.9971084594727,107.204938252767,445.473673502604,-338215.895133175
6814,84.4971084594727,106.191805521647,434.073669433594,-371688.315777191
6815,83.9971084594727,107.204938252767,427.54833984375,-326811.293631775
6816,84.4971084594727,106.191805521647,416.222005208333,-353830.484142452
6817,83.9971084594727,107.204938252767,409.620340983073,-311304.198465249
6818,84.4971084594727,106.191805521647,398.370005289714,-330587.601052571
6819,83.9971084594727,107.204938252767,391.694000244141,-287833.332588355
6820,84.4971084594727,106.191805521647,380.517262776693,-368161.104272593
6821,83.9971084594727,107.204938252767,373.766967773438,-253514.868524894
6822,84.4971084594727,106.191805521647,362.66640218099,-362675.756001129
6823,83.9971084594727,107.204938252767,355.84267171224,-203699.801183835
6824,84.4971084594727,106.191805521647,344.816569010417,-350796.869915373
6825,83.9971084594727,107.204938252767,337.914642333984,-137108.31462866
6826,84.4971084594727,106.191805521647,326.961975097656,-322802.017496779
6827,83.9971084594727,107.204938252767,319.985677083333,111746.529783475
6828,84.4971084594727,106.191805521647,309.111175537109,-283721.611873949
6829,83.9971084594727,107.204938252767,302.061442057292,250535.087567157
6830,84.4971084594727,106.191805521647,291.261322021484,-308442.673036422
6831,83.9971084594727,107.204938252767,284.136240641276,210898.582338781
6832,84.4971084594727,106.191805521647,273.409545898438,-307413.411791589
6833,83.9971084594727,107.204938252767,266.209167480469,310526.03256855
6834,84.4971084594727,106.191805521647,255.558746337891,159184.977906377
6835,83.9971084594727,107.204938252767,248.284907023112,167787.852955864
6836,84.4971084594727,106.191805521647,237.708867390951,451724.108363895
6837,83.9971084594727,107.204938252767,230.356897989909,243719.598505728
6838,84.4971084594727,106.191805521647,219.854298909505,365701.85213756
6839,83.9971084594727,107.204938252767,212.428863525391,-573505.110377612
6840,84.4971084594727,106.191805521647,202.004435221354,-597394.702959443
6841,86.00084177653,103.222002665202,553.181660970052,-471474.418622265
6842,85.4989751180013,104.200337727865,559.031677246094,-471474.418622265
6843,86.00084177653,103.222002665202,541.481323242188,-468336.639982468
6844,85.4989751180013,104.200337727865,535.48134358724,-468336.639982468
6845,86.00084177653,103.222002665202,523.855346679688,-452570.965503964
6846,85.4989751180013,104.200337727865,517.77934773763,-452570.965503964
6847,86.00084177653,103.222002665202,506.227010091146,-438838.516277321
6848,85.4989751180013,104.200337727865,500.076670328776,-438838.516277321
6849,86.00084177653,103.222002665202,488.600341796875,-439820.308438165
6850,85.4989751180013,104.200337727865,482.374338785807,-439820.308438165
6851,86.00084177653,103.222002665202,470.974344889323,-439668.654590856
6852,85.4989751180013,104.200337727865,464.674336751302,-392608.176112813
6853,86.00084177653,103.222002665202,453.350006103516,-429161.512831484
6854,85.4989751180013,104.200337727865,446.973663330078,-385508.422328004
6855,86.00084177653,103.222002665202,435.723337809245,-413737.975464436
6856,85.4989751180013,104.200337727865,429.27333577474,-371688.315777191
6857,86.00084177653,103.222002665202,418.097340901693,-397326.413184128
6858,85.4989751180013,104.200337727865,411.57133992513,-353830.484142452
6859,86.00084177653,103.222002665202,400.469004313151,-379540.914294789
6860,85.4989751180013,104.200337727865,393.869333902995,-330587.601052571
6861,86.00084177653,103.222002665202,382.843068440755,-447296.513792916
6862,85.4989751180013,104.200337727865,376.167002360026,-308300.42526006
6863,86.00084177653,103.222002665202,365.216237386068,-441061.186630717
6864,85.4989751180013,104.200337727865,358.465932210286,-298637.230608171
6865,86.00084177653,103.222002665202,347.591440836589,-426913.823165946
6866,85.4989751180013,104.200337727865,340.765808105469,-280052.603515227
6867,86.00084177653,103.222002665202,329.965677897135,-408159.162721279
6868,85.4989751180013,104.200337727865,323.063771565755,-216821.326142797
6869,86.00084177653,103.222002665202,312.33896891276,-413810.659088636
6870,85.4989751180013,104.200337727865,305.362670898438,-154320.758655068
6871,86.00084177653,103.222002665202,294.712259928385,-458033.412645591
6872,85.4989751180013,104.200337727865,287.66064453125,-174312.454875316
6873,86.00084177653,103.222002665202,277.084604899089,-439798.248137722
6874,85.4989751180013,104.200337727865,269.958587646484,234356.161635081
6875,86.00084177653,103.222002665202,259.45790608724,-323398.481495557
6876,85.4989751180013,104.200337727865,252.258443196615,362153.146414004
6877,86.00084177653,103.222002665202,241.834004720052,-120241.163381314
6878,85.4989751180013,104.200337727865,234.558268229167,373123.778917999
6879,86.00084177653,103.222002665202,224.20730082194,353202.255179012
6880,85.4989751180013,104.200337727865,216.85530090332,370960.615822061
6881,86.00084177653,103.222002665202,206.580602010091,297679.623435158
6882,85.4989751180013,104.200337727865,199.15517171224,-597394.702959443
6883,86.00084177653,103.222002665202,188.956837972005,-621826.723781318
6884,87.50084177653,100.356735229492,553.332316080729,-514981.459524633
6885,87.0017751057943,101.300201416016,559.107991536458,-514981.459524633
6886,87.50084177653,100.356735229492,541.781982421875,-502511.570307421
6887,87.0017751057943,101.300201416016,535.85732014974,-502511.570307421
6888,87.50084177653,100.356735229492,524.381001790365,-489532.212332861
6889,87.0017751057943,101.300201416016,518.37900797526,-489532.212332861
6890,87.50084177653,100.356735229492,506.976338704427,-491653.385339266
6891,87.0017751057943,101.300201416016,500.90033976237,-491653.385339266
6892,87.50084177653,100.356735229492,489.575998942057,-499184.291931407
6893,87.0017751057943,101.300201416016,483.426340738932,-499184.291931407
6894,87.50084177653,100.356735229492,472.176005045573,-495933.883993927
6895,87.0017751057943,101.300201416016,465.950012207031,-439668.654590856
6896,87.50084177653,100.356735229492,454.77333577474,-482673.481153713
6897,87.0017751057943,101.300201416016,448.473337809245,-429161.512831484
6898,87.50084177653,100.356735229492,437.37299601237,-468885.394597206
6899,87.0017751057943,101.300201416016,430.999338785807,-413737.975464436
6900,87.50084177653,100.356735229492,419.973002115885,-456638.183583201
6901,87.0017751057943,101.300201416016,413.521006266276,-397326.413184128
6902,87.50084177653,100.356735229492,402.568339029948,-449645.434115137
6903,87.0017751057943,101.300201416016,396.042338053385,-379540.914294789
6904,87.50084177653,100.356735229492,385.167836507161,-515378.020955374
6905,87.0017751057943,101.300201416016,378.568237304688,-368161.104272593
6906,87.50084177653,100.356735229492,367.76703898112,-508521.670263274
6907,87.0017751057943,101.300201416016,361.091105143229,-362675.756001129
6908,87.50084177653,100.356735229492,350.366302490234,-496826.775441551
6909,87.0017751057943,101.300201416016,343.616943359375,-350796.869915373
6910,87.50084177653,100.356735229492,332.966542561849,-481943.155806391
6911,87.0017751057943,101.300201416016,326.140909830729,-322802.017496779
6912,87.50084177653,100.356735229492,315.563934326172,-510275.013982351
6913,87.0017751057943,101.300201416016,308.663899739583,-283721.611873949
6914,87.50084177653,100.356735229492,298.163197835286,-516722.423471684
6915,87.0017751057943,101.300201416016,291.187856038411,-308442.673036422
6916,87.50084177653,100.356735229492,280.760620117188,-500774.378934029
6917,87.0017751057943,101.300201416016,273.708984375,-307413.411791589
6918,87.50084177653,100.356735229492,263.357996622721,-454062.44281001
6919,87.0017751057943,101.300201416016,256.232935587565,159184.977906377
6920,87.50084177653,100.356735229492,245.958236694336,-391693.76359259
6921,87.0017751057943,101.300201416016,238.758768717448,451724.108363895
6922,87.50084177653,100.356735229492,228.557500203451,-358533.620361008
6923,87.0017751057943,101.300201416016,221.281768798828,365701.85213756
6924,87.50084177653,100.356735229492,211.156768798828,-385111.477426224
6925,87.0017751057943,101.300201416016,203.807601928711,-300567.751949184
6926,87.50084177653,100.356735229492,193.75700378418,-978593.690372885
6927,87.0017751057943,101.300201416016,186.331670125326,-621826.723781318
6928,87.50084177653,100.356735229492,176.354604085286,-649631.239041066
6929,88.9998423258464,97.5940704345703,553.481994628906,-554294.523356539
6930,88.499875386556,98.5036697387695,559.182332356771,-554294.523356539
6931,88.9998423258464,97.5940704345703,542.081319173177,-540171.370063925
6932,88.499875386556,98.5036697387695,536.231323242188,-540171.370063925
6933,88.9998423258464,97.5940704345703,524.906656901042,-537449.113903265
6934,88.499875386556,98.5036697387695,518.980997721354,-537449.113903265
6935,88.9998423258464,97.5940704345703,507.728658040365,-548117.01744052
6936,88.499875386556,98.5036697387695,501.725992838542,-548117.01744052
6937,88.9998423258464,97.5940704345703,490.549326578776,-553695.268184343
6938,88.499875386556,98.5036697387695,484.475331624349,-553695.268184343
6939,88.9998423258464,97.5940704345703,473.375010172526,-547775.277591661
6940,88.499875386556,98.5036697387695,467.225341796875,-495933.883993927
6941,88.9998423258464,97.5940704345703,456.199015299479,-536624.186227495
6942,88.499875386556,98.5036697387695,449.973002115885,-482673.481153713
6943,88.9998423258464,97.5940704345703,439.022338867188,-527282.513719856
6944,88.499875386556,98.5036697387695,432.722330729167,-468885.394597206
6945,88.9998423258464,97.5940704345703,421.848002115885,-519820.112344112
6946,88.499875386556,98.5036697387695,415.472330729167,-456638.183583201
6947,88.9998423258464,97.5940704345703,404.67100016276,-517008.757519079
6948,88.499875386556,98.5036697387695,398.219004313151,-449645.434115137
6949,88.9998423258464,97.5940704345703,387.494303385417,-577318.393312788
6950,88.499875386556,98.5036697387695,380.96913655599,-447296.513792916
6951,88.9998423258464,97.5940704345703,370.318766276042,-568838.575855015
6952,88.499875386556,98.5036697387695,363.716267903646,-441061.186630717
6953,88.9998423258464,97.5940704345703,353.139302571615,-557605.61198932
6954,88.499875386556,98.5036697387695,346.465270996094,-426913.823165946
6955,88.9998423258464,97.5940704345703,335.964569091797,-554496.294097062
6956,88.499875386556,98.5036697387695,329.215199788411,-408159.162721279
6957,88.9998423258464,97.5940704345703,318.788899739583,-567711.00243173
6958,88.499875386556,98.5036697387695,311.963267008464,-413810.659088636
6959,88.9998423258464,97.5940704345703,301.612284342448,-550662.778607864
6960,88.499875386556,98.5036697387695,294.712249755859,-458033.412645591
6961,88.9998423258464,97.5940704345703,284.43755086263,-512932.912329548
6962,88.499875386556,98.5036697387695,277.461263020833,-439798.248137722
6963,88.9998423258464,97.5940704345703,267.259999593099,-477268.435046381
6964,88.499875386556,98.5036697387695,260.208368937174,-323398.481495557
6965,88.9998423258464,97.5940704345703,250.08430480957,-442594.751803405
6966,88.499875386556,98.5036697387695,242.959233601888,-120241.163381314
6967,88.9998423258464,97.5940704345703,232.910502115885,-859233.467766396
6968,88.499875386556,98.5036697387695,225.708236694336,353202.255179012
6969,88.9998423258464,97.5940704345703,215.732935587565,-975869.741058678
6970,88.499875386556,98.5036697387695,208.45719909668,297679.623435158
6971,88.9998423258464,97.5940704345703,198.556299845378,-462162.160379734
6972,88.499875386556,98.5036697387695,191.205271402995,-308757.358535317
6973,88.9998423258464,97.5940704345703,181.378606160482,-820818.866609041
6974,88.499875386556,98.5036697387695,173.953272501628,-649631.239041066
6975,88.9998423258464,97.5940704345703,164.202006022135,-680438.355822608
6976,90.4998092651367,94.9368718465169,553.631673177083,-591573.062806928
6977,89.9998092651367,95.810671488444,559.257670084635,-591573.062806928
6978,90.4998092651367,94.9368718465169,542.381673177083,-585451.958295888
6979,89.9998092651367,95.810671488444,536.606994628906,-585451.958295888
6980,90.4998092651367,94.9368718465169,525.431335449219,-590929.172157832
6981,89.9998092651367,95.810671488444,519.580993652344,-590929.172157832
6982,90.4998092651367,94.9368718465169,508.478668212891,-599375.392161277
6983,89.9998092651367,95.810671488444,502.551991780599,-599375.392161277
6984,90.4998092651367,94.9368718465169,491.524993896484,-599749.261451499
6985,89.9998092651367,95.810671488444,485.524993896484,-553695.268184343
6986,90.4998092651367,94.9368718465169,474.574330647786,-592891.8346026
6987,89.9998092651367,95.810671488444,468.498341878255,-547775.277591661
6988,90.4998092651367,94.9368718465169,457.623677571615,-586796.618958414
6989,89.9998092651367,95.810671488444,451.47401936849,-536624.186227495
6990,90.4998092651367,94.9368718465169,440.673685709635,-582296.254247028
6991,89.9998092651367,95.810671488444,434.448018391927,-527282.513719856
6992,90.4998092651367,94.9368718465169,423.723347981771,-580475.349223448
6993,89.9998092651367,95.810671488444,417.42333984375,-519820.112344112
6994,90.4998092651367,94.9368718465169,406.773010253906,-580305.614566583
6995,89.9998092651367,95.810671488444,400.396341959635,-517008.757519079
6996,90.4998092651367,94.9368718465169,389.82021077474,-577318.393312788
6997,89.9998092651367,95.810671488444,383.37016805013,-515378.020955374
6998,90.4998092651367,94.9368718465169,372.870534261068,-636169.040940107
6999,89.9998092651367,95.810671488444,366.344299316406,-508521.670263274
7000,90.4998092651367,94.9368718465169,355.917032877604,-629431.936250063
7001,89.9998092651367,95.810671488444,349.314534505208,-496826.775441551
7002,90.4998092651367,94.9368718465169,338.965464274089,-630247.972813047
7003,89.9998092651367,95.810671488444,332.289530436198,-481943.155806391
7004,90.4998092651367,94.9368718465169,322.014831542969,-626679.216162174
7005,89.9998092651367,95.810671488444,315.26357014974,-510275.013982351
7006,90.4998092651367,94.9368718465169,305.063273111979,-602982.356826443
7007,89.9998092651367,95.810671488444,298.237620035807,-516722.423471684
7008,90.4998092651367,94.9368718465169,288.112609863281,-580892.774778551
7009,89.9998092651367,95.810671488444,281.212575276693,-500774.378934029
7010,90.4998092651367,94.9368718465169,271.161956787109,-577544.230952031
7011,89.9998092651367,95.810671488444,264.185668945312,-454062.44281001
7012,90.4998092651367,94.9368718465169,254.211303710938,-717401.017385064
7013,89.9998092651367,95.810671488444,247.16157023112,-391693.76359259
7014,90.4998092651367,94.9368718465169,237.261601765951,-861089.291466091
7015,89.9998092651367,95.810671488444,230.135604858398,-358533.620361008
7016,90.4998092651367,94.9368718465169,220.308141072591,-875665.235139845
7017,89.9998092651367,95.810671488444,213.107737223307,-301224.676061816
7018,90.4998092651367,94.9368718465169,203.356567382812,-787301.622771982
7019,89.9998092651367,95.810671488444,196.080866495768,-54745.349248514
7020,90.4998092651367,94.9368718465169,186.404235839844,-425069.495206003
7021,89.9998092651367,95.810671488444,179.05300394694,-237682.551300843
7022,90.4998092651367,94.9368718465169,169.454335530599,-581216.793062733
7023,89.9998092651367,95.810671488444,162.028671264648,-680438.355822608
7024,90.4998092651367,94.9368718465169,152.503672281901,-710569.406342877
7025,91.9998092651367,92.3794733683268,553.78135172526,-642045.281612685
7026,91.4998092651367,93.2212727864583,559.332010904948,-642045.281612685
7027,91.9998092651367,92.3794733683268,542.681009928385,-643579.586234539
7028,91.4998092651367,93.2212727864583,536.981669108073,-643579.586234539
7029,91.9998092651367,92.3794733683268,525.957336425781,-650023.974655253
7030,91.4998092651367,93.2212727864583,520.181681315104,-650023.974655253
7031,91.9998092651367,92.3794733683268,509.229014078776,-651779.63226819
7032,91.4998092651367,93.2212727864583,503.376342773438,-651779.63226819
7033,91.9998092651367,92.3794733683268,492.499003092448,-649175.030339582
7034,91.4998092651367,93.2212727864583,486.574330647786,-599749.261451499
7035,91.9998092651367,92.3794733683268,475.773996988932,-645763.294507204
7036,91.4998092651367,93.2212727864583,469.773996988932,-592891.8346026
7037,91.9998092651367,92.3794733683268,459.047332763672,-644802.995360477
7038,91.4998092651367,93.2212727864583,452.973002115885,-586796.618958414
7039,91.9998092651367,92.3794733683268,442.322672526042,-645822.254716869
7040,91.4998092651367,93.2212727864583,436.173014322917,-582296.254247028
7041,91.9998092651367,92.3794733683268,425.596343994141,-648401.324873682
7042,91.4998092651367,93.2212727864583,419.372344970703,-580475.349223448
7043,91.9998092651367,92.3794733683268,408.871673583984,-649377.944327725
7044,91.4998092651367,93.2212727864583,402.572347005208,-580305.614566583
7045,91.9998092651367,92.3794733683268,392.145975748698,-645222.173951107
7046,91.4998092651367,93.2212727864583,385.7705078125,-577318.393312788
7047,91.9998092651367,92.3794733683268,375.41943359375,-689807.713146499
7048,91.4998092651367,93.2212727864583,368.969502766927,-568838.575855015
7049,91.9998092651367,92.3794733683268,358.69477335612,-688165.993395806
7050,91.4998092651367,93.2212727864583,352.168538411458,-557605.61198932
7051,91.9998092651367,92.3794733683268,341.967274983724,-687098.416277017
7052,91.4998092651367,93.2212727864583,335.36669921875,-554496.294097062
7053,91.9998092651367,92.3794733683268,325.242665608724,-679308.591488147
7054,91.4998092651367,93.2212727864583,318.566731770833,-567711.00243173
7055,91.9998092651367,92.3794733683268,308.516103108724,-663932.963342791
7056,91.4998092651367,93.2212727864583,301.763905843099,-550662.778607864
7057,91.9998092651367,92.3794733683268,291.787679036458,-654663.009514779
7058,91.4998092651367,93.2212727864583,284.962036132812,-512932.912329548
7059,91.9998092651367,92.3794733683268,275.06113688151,-673806.516542134
7060,91.4998092651367,93.2212727864583,268.161092122396,-477268.435046381
7061,91.9998092651367,92.3794733683268,258.334569295247,-714012.851352895
7062,91.4998092651367,93.2212727864583,251.361068725586,-442594.751803405
7063,91.9998092651367,92.3794733683268,241.609903971354,-892456.226874354
7064,91.4998092651367,93.2212727864583,234.560170491536,-446143.008805148
7065,91.9998092651367,92.3794733683268,224.883371988932,-923944.533232388
7066,91.4998092651367,93.2212727864583,217.757339477539,-483996.000505986
7067,91.9998092651367,92.3794733683268,208.155873616536,-829082.91156742
7068,91.4998092651367,93.2212727864583,200.955505371094,-314477.788716386
7069,91.9998092651367,92.3794733683268,191.431137084961,-893163.620050293
7070,91.4998092651367,93.2212727864583,184.155568440755,353018.547815216
7071,91.9998092651367,92.3794733683268,174.704671223958,-484853.272958084
7072,91.4998092651367,93.2212727864583,167.354670206706,-226234.498272014
7073,91.9998092651367,92.3794733683268,157.980005900065,-536318.206358947
7074,91.4998092651367,93.2212727864583,150.554672241211,-710569.406342877
7075,91.9998092651367,92.3794733683268,141.253672281901,-741484.110408282
7076,93.4997431437175,89.9256693522135,553.931009928385,-687862.472239064
7077,92.9997762044271,90.7316716512044,559.407348632812,-687862.472239064
7078,93.4997431437175,89.9256693522135,542.980346679688,-693514.632307351
7079,92.9997762044271,90.7316716512044,537.35634358724,-693514.632307351
7080,93.4997431437175,89.9256693522135,526.480000813802,-695312.300275637
7081,92.9997762044271,90.7316716512044,520.780334472656,-695312.300275637
7082,93.4997431437175,89.9256693522135,509.980000813802,-692917.004614904
7083,92.9997762044271,90.7316716512044,504.204335530599,-692917.004614904
7084,93.4997431437175,89.9256693522135,493.477671305339,-689854.632979108
7085,92.9997762044271,90.7316716512044,487.625010172526,-649175.030339582
7086,93.4997431437175,89.9256693522135,476.974344889323,-689743.864759872
7087,92.9997762044271,90.7316716512044,471.048004150391,-645763.294507204
7088,93.4997431437175,89.9256693522135,460.473673502604,-692278.185946994
7089,92.9997762044271,90.7316716512044,454.473002115885,-644802.995360477
7090,93.4997431437175,89.9256693522135,443.972340901693,-697868.490295649
7091,92.9997762044271,90.7316716512044,437.896341959635,-645822.254716869
7092,93.4997431437175,89.9256693522135,427.472005208333,-703377.232363281
7093,92.9997762044271,90.7316716512044,421.321665445964,-648401.324873682
7094,93.4997431437175,89.9256693522135,410.970662434896,-704951.417883114
7095,92.9997762044271,90.7316716512044,404.744669596354,-649377.944327725
7096,93.4997431437175,89.9256693522135,394.46967569987,-699149.256431245
7097,92.9997762044271,90.7316716512044,388.17030843099,-645222.173951107
7098,93.4997431437175,89.9256693522135,377.970072428385,-689807.713146499
7099,92.9997762044271,90.7316716512044,371.594665527344,-636169.040940107
7100,93.4997431437175,89.9256693522135,361.469665527344,-737215.821956937
7101,92.9997762044271,90.7316716512044,355.019704182943,-629431.936250063
7102,93.4997431437175,89.9256693522135,344.969075520833,-732375.133125406
7103,92.9997762044271,90.7316716512044,338.442881266276,-630247.972813047
7104,93.4997431437175,89.9256693522135,328.465708414714,-724124.929479153
7105,92.9997762044271,90.7316716512044,321.866068522135,-626679.216162174
7106,93.4997431437175,89.9256693522135,311.965169270833,-722900.115169424
7107,92.9997762044271,90.7316716512044,305.291137695312,-602982.356826443
7108,93.4997431437175,89.9256693522135,295.463673909505,-735534.910105007
7109,92.9997762044271,90.7316716512044,288.712412516276,-580892.774778551
7110,93.4997431437175,89.9256693522135,278.961212158203,-678851.849684948
7111,92.9997762044271,90.7316716512044,272.135579427083,-577544.230952031
7112,93.4997431437175,89.9256693522135,262.46066792806,-742637.852080907
7113,92.9997762044271,90.7316716512044,255.559702555339,-590840.393580005
7114,93.4997431437175,89.9256693522135,245.961034138997,-814134.227775447
7115,92.9997762044271,90.7316716512044,238.984736124674,-588812.041779827
7116,93.4997431437175,89.9256693522135,229.459533691406,-916031.312631625
7117,92.9997762044271,90.7316716512044,222.407903035482,-593093.638445614
7118,93.4997431437175,89.9256693522135,212.957071940104,-920622.388097788
7119,92.9997762044271,90.7316716512044,205.831075032552,-633254.486744664
7120,93.4997431437175,89.9256693522135,196.455607096354,-899388.719454155
7121,92.9997762044271,90.7316716512044,189.256037394206,-397716.003568699
7122,93.4997431437175,89.9256693522135,179.954803466797,-1012888.33677264
7123,92.9997762044271,90.7316716512044,172.679005940755,243471.283864906
7124,93.4997431437175,89.9256693522135,163.453338623047,-513535.820367587
7125,92.9997762044271,90.7316716512044,156.104339599609,-398394.523022374
7126,93.4997431437175,89.9256693522135,146.953002929688,-308003.506584917
7127,92.9997762044271,90.7316716512044,139.527669270833,-741484.110408282
7128,93.4997431437175,89.9256693522135,130.452667236328,-762477.657343411
7129,94.9997100830078,87.5773340861003,554.081665039062,-728423.629938688
7130,94.4997100830078,88.3485005696615,559.481669108073,-728423.629938688
7131,94.9997100830078,87.5773340861003,543.28065999349,-732087.743071244
7132,94.4997100830078,88.3485005696615,537.730000813802,-732087.743071244
7133,94.9997100830078,87.5773340861003,527.005330403646,-730904.212394511
7134,94.4997100830078,88.3485005696615,521.379333496094,-730904.212394511
7135,94.9997100830078,87.5773340861003,510.728993733724,-728209.926568767
7136,94.4997100830078,88.3485005696615,505.029327392578,-692917.004614904
7137,94.9997100830078,87.5773340861003,494.455332438151,-726761.739221549
7138,94.4997100830078,88.3485005696615,488.679341634115,-689854.632979108
7139,94.9997100830078,87.5773340861003,478.178680419922,-727724.367916336
7140,94.4997100830078,88.3485005696615,472.326344807943,-689743.864759872
7141,94.9997100830078,87.5773340861003,461.901011149089,-732381.271747294
7142,94.4997100830078,88.3485005696615,455.974680582682,-692278.185946994
7143,94.9997100830078,87.5773340861003,445.625681559245,-740026.206858577
7144,94.4997100830078,88.3485005696615,439.624013264974,-697868.490295649
7145,94.9997100830078,87.5773340861003,429.349344889323,-745886.982531869
7146,94.4997100830078,88.3485005696615,423.27333577474,-703377.232363281
7147,94.9997100830078,87.5773340861003,413.072998046875,-746436.624057985
7148,94.4997100830078,88.3485005696615,406.920664469401,-704951.417883114
7149,94.9997100830078,87.5773340861003,396.793670654297,-742098.530374026
7150,94.4997100830078,88.3485005696615,390.568674723307,-699149.256431245
7151,94.9997100830078,87.5773340861003,380.517974853516,-738393.321240111
7152,94.4997100830078,88.3485005696615,374.218739827474,-689807.713146499
7153,94.9997100830078,87.5773340861003,364.242635091146,-737215.821956937
7154,94.4997100830078,88.3485005696615,357.868967692057,-688165.993395806
7155,94.9997100830078,87.5773340861003,347.968068440755,-769658.747369529
7156,94.4997100830078,88.3485005696615,341.518137613932,-687098.416277017
7157,94.9997100830078,87.5773340861003,331.690673828125,-767717.988203164
7158,94.4997100830078,88.3485005696615,325.164438883464,-679308.591488147
7159,94.9997100830078,87.5773340861003,315.413269042969,-782108.213480737
7160,94.4997100830078,88.3485005696615,308.813639322917,-663932.963342791
7161,94.9997100830078,87.5773340861003,299.138732910156,-736361.448862141
7162,94.4997100830078,88.3485005696615,292.462799072266,-654663.009514779
7163,94.9997100830078,87.5773340861003,282.862263997396,-736513.595058455
7164,94.4997100830078,88.3485005696615,276.111938476562,-673806.516542134
7165,94.9997100830078,87.5773340861003,266.586741129557,-760277.991893435
7166,94.4997100830078,88.3485005696615,259.761103312174,-691364.13806531
7167,94.9997100830078,87.5773340861003,250.310302734375,-833769.119925547
7168,94.4997100830078,88.3485005696615,243.411198933919,-689369.501721373
7169,94.9997100830078,87.5773340861003,234.035700480143,-893242.838870738
7170,94.4997100830078,88.3485005696615,227.060333251953,-666378.186113628
7171,94.9997100830078,87.5773340861003,217.759231567383,-944175.447989046
7172,94.4997100830078,88.3485005696615,210.707600911458,-734870.310911981
7173,94.9997100830078,87.5773340861003,201.482767740885,-985245.392848665
7174,94.4997100830078,88.3485005696615,194.356770833333,-708953.319671881
7175,94.9997100830078,87.5773340861003,185.207204182943,-920662.660405235
7176,94.4997100830078,88.3485005696615,178.004806518555,-646958.722897252
7177,94.9997100830078,87.5773340861003,168.929672241211,-947555.946860654
7178,94.4997100830078,88.3485005696615,161.654001871745,158758.680372744
7179,94.9997100830078,87.5773340861003,152.655334472656,-478814.946940887
7180,94.4997100830078,88.3485005696615,145.303334554036,-569320.584577896
7181,94.9997100830078,87.5773340861003,136.379002888997,-155137.162962215
7182,94.4997100830078,88.3485005696615,128.953669230143,-762477.657343411
7183,94.9997100830078,87.5773340861003,120.104670206706,-791760.036139576
7184,96.4977722167969,85.3297678629557,554.23134358724,-764817.355970099
7185,95.9987411499023,86.0679677327474,559.55800374349,-764817.355970099
7186,96.4977722167969,85.3297678629557,543.581013997396,-768183.404574244
7187,95.9987411499023,86.0679677327474,538.106669108073,-768183.404574244
7188,96.4977722167969,85.3297678629557,527.529663085938,-767385.156305433
7189,95.9987411499023,86.0679677327474,521.978983561198,-767385.156305433
7190,96.4977722167969,85.3297678629557,511.479319254557,-765676.444488127
7191,95.9987411499023,86.0679677327474,505.855326334635,-728209.926568767
7192,96.4977722167969,85.3297678629557,495.428995768229,-765176.998161442
7193,95.9987411499023,86.0679677327474,489.728668212891,-726761.739221549
7194,96.4977722167969,85.3297678629557,479.377665201823,-767307.63557612
7195,95.9987411499023,86.0679677327474,473.603668212891,-727724.367916336
7196,96.4977722167969,85.3297678629557,463.326995849609,-772351.261395852
7197,95.9987411499023,86.0679677327474,457.476674397786,-732381.271747294
7198,96.4977722167969,85.3297678629557,447.275675455729,-779927.23336805
7199,95.9987411499023,86.0679677327474,441.351013183594,-740026.206858577
7200,96.4977722167969,85.3297678629557,431.224344889323,-784844.845190242
7201,95.9987411499023,86.0679677327474,425.224344889323,-745886.982531869
7202,96.4977722167969,85.3297678629557,415.173675537109,-785852.225290584
7203,95.9987411499023,86.0679677327474,409.098337809245,-746436.624057985
7204,96.4977722167969,85.3297678629557,399.121002197266,-783036.1606841
7205,95.9987411499023,86.0679677327474,392.968668619792,-742098.530374026
7206,96.4977722167969,85.3297678629557,383.069702148438,-782822.454748771
7207,95.9987411499023,86.0679677327474,376.844004313151,-738393.321240111
7208,96.4977722167969,85.3297678629557,367.019399007161,-779444.704718879
7209,95.9987411499023,86.0679677327474,360.717264811198,-737215.821956937
7210,96.4977722167969,85.3297678629557,350.968933105469,-769658.747369529
7211,95.9987411499023,86.0679677327474,344.593404134115,-732375.133125406
7212,96.4977722167969,85.3297678629557,334.91850789388,-767717.988203164
7213,95.9987411499023,86.0679677327474,328.465708414714,-724124.929479153
7214,96.4977722167969,85.3297678629557,318.86610921224,-782108.213480737
7215,95.9987411499023,86.0679677327474,312.339904785156,-722900.115169424
7216,96.4977722167969,85.3297678629557,302.815673828125,-814517.632062774
7217,95.9987411499023,86.0679677327474,296.214131673177,-735534.910105007
7218,96.4977722167969,85.3297678629557,286.763305664062,-798456.227757734
7219,95.9987411499023,86.0679677327474,280.087371826172,-752863.899478112
7220,96.4977722167969,85.3297678629557,270.711883544922,-827835.733666124
7221,95.9987411499023,86.0679677327474,263.961578369141,-760329.936219326
7222,96.4977722167969,85.3297678629557,254.66047668457,-846988.602053783
7223,95.9987411499023,86.0679677327474,247.834838867188,-758904.336438372
7224,96.4977722167969,85.3297678629557,238.610005696615,-911654.98028768
7225,95.9987411499023,86.0679677327474,231.709971110026,-738539.263973603
7226,96.4977722167969,85.3297678629557,222.559539794922,-949341.934134874
7227,95.9987411499023,86.0679677327474,215.584167480469,-726558.516642696
7228,96.4977722167969,85.3297678629557,206.509068806966,-1015147.72611692
7229,95.9987411499023,86.0679677327474,199.459299723307,-804287.27329213
7230,96.4977722167969,85.3297678629557,190.457504272461,-1015858.18570327
7231,95.9987411499023,86.0679677327474,183.331405639648,-841129.711592876
7232,96.4977722167969,85.3297678629557,174.406010945638,-866309.508989958
7233,95.9987411499023,86.0679677327474,167.206675211589,-704386.840678411
7234,96.4977722167969,85.3297678629557,158.355672200521,-1342970.73037446
7235,95.9987411499023,86.0679677327474,151.080001831055,-441159.868122885
7236,96.4977722167969,85.3297678629557,142.305338541667,-513056.692485904
7237,95.9987411499023,86.0679677327474,134.956339518229,-830256.209931919
7238,96.4977722167969,85.3297678629557,126.255004882812,155173.504724213
7239,95.9987411499023,86.0679677327474,118.828669230143,-791760.036139576
7240,96.4977722167969,85.3297678629557,110.202667236328,-819753.405955244
7241,97.9968032836914,83.1847686767578,554.381022135417,-792664.829898374
7242,97.4968032836914,83.8881683349609,559.63134765625,-792664.829898374
7243,97.9968032836914,83.1847686767578,543.880350748698,-795172.345740046
7244,97.4968032836914,83.8881683349609,538.480346679688,-795172.345740046
7245,97.9968032836914,83.1847686767578,528.056009928385,-797260.607668141
7246,97.4968032836914,83.8881683349609,522.579671223958,-797260.607668141
7247,97.9968032836914,83.1847686767578,512.228668212891,-798873.520627252
7248,97.4968032836914,83.8881683349609,506.678995768229,-765676.444488127
7249,97.9968032836914,83.1847686767578,496.404337565104,-799864.867334564
7250,97.4968032836914,83.8881683349609,490.778330485026,-765176.998161442
7251,97.9968032836914,83.1847686767578,480.577006022135,-802054.571928383
7252,97.4968032836914,83.8881683349609,474.876668294271,-767307.63557612
7253,97.9968032836914,83.1847686767578,464.751668294271,-806535.696567651
7254,97.4968032836914,83.8881683349609,458.975992838542,-772351.261395852
7255,97.9968032836914,83.1847686767578,448.925333658854,-812263.109796047
7256,97.4968032836914,83.8881683349609,443.075337727865,-779927.23336805
7257,97.9968032836914,83.1847686767578,433.100006103516,-814664.313516985
7258,97.4968032836914,83.8881683349609,427.173675537109,-784844.845190242
7259,97.9968032836914,83.1847686767578,417.272674560547,-812718.051992013
7260,97.4968032836914,83.8881683349609,411.272674560547,-785852.225290584
7261,97.9968032836914,83.1847686767578,401.448008219401,-811889.109597835
7262,97.4968032836914,83.8881683349609,395.371673583984,-783036.1606841
7263,97.9968032836914,83.1847686767578,385.62060546875,-813588.403015629
7264,97.4968032836914,83.8881683349609,379.470967610677,-782822.454748771
7265,97.9968032836914,83.1847686767578,369.796203613281,-806584.501954045
7266,97.4968032836914,83.8881683349609,363.570332845052,-779444.704718879
7267,97.9968032836914,83.1847686767578,353.968861897786,-797609.888890962
7268,97.4968032836914,83.8881683349609,347.669596354167,-769658.747369529
7269,97.9968032836914,83.1847686767578,338.14442952474,-805880.674202599
7270,97.4968032836914,83.8881683349609,331.768870035807,-767717.988203164
7271,97.9968032836914,83.1847686767578,322.317097981771,-827484.653739188
7272,97.4968032836914,83.8881683349609,315.86713663737,-782108.213480737
7273,97.9968032836914,83.1847686767578,306.491628011068,-891209.246318507
7274,97.4968032836914,83.8881683349609,299.966369628906,-801334.821969216
7275,97.9968032836914,83.1847686767578,290.665262858073,-885617.085223558
7276,97.4968032836914,83.8881683349609,284.063741048177,-808418.521961712
7277,97.9968032836914,83.1847686767578,274.837972005208,-875505.299212439
7278,97.4968032836914,83.8881683349609,268.162048339844,-804896.729096848
7279,97.9968032836914,83.1847686767578,259.012542724609,-900604.911858572
7280,97.4968032836914,83.8881683349609,252.261276245117,-793519.956144179
7281,97.9968032836914,83.1847686767578,243.186172485352,-914342.925086086
7282,97.4968032836914,83.8881683349609,236.360539754232,-774576.138783831
7283,97.9968032836914,83.1847686767578,227.36073811849,-999779.449420615
7284,97.4968032836914,83.8881683349609,220.459772745768,-779295.458082165
7285,97.9968032836914,83.1847686767578,211.534367879232,-1040167.20324023
7286,97.4968032836914,83.8881683349609,204.559036254883,-797458.873743901
7287,97.9968032836914,83.1847686767578,195.709869384766,-1055198.54612573
7288,97.4968032836914,83.8881683349609,188.658106486003,-763661.31535621
7289,97.9968032836914,83.1847686767578,179.883336385091,-1077127.8263194
7290,97.4968032836914,83.8881683349609,172.757339477539,-876629.805249985
7291,97.9968032836914,83.1847686767578,164.059005737305,-1139644.50599159
7292,97.4968032836914,83.8881683349609,156.856674194336,-895849.91848056
7293,97.9968032836914,83.1847686767578,148.231669108073,-1094706.21545786
7294,97.4968032836914,83.8881683349609,140.95600382487,-624776.717819914
7295,97.9968032836914,83.1847686767578,132.407338460286,-545156.847071892
7296,97.4968032836914,83.8881683349609,125.055338541667,-809269.437467135
7297,97.9968032836914,83.1847686767578,116.580001831055,354729.324227954
7298,97.4968032836914,83.8881683349609,109.153666178385,-819753.405955244
7299,97.9968032836914,83.1847686767578,100.754669189453,-847434.007632104
7300,99.4968032836914,81.1424357096354,554.531677246094,-817667.268647458
7301,98.9968032836914,81.811902364095,559.707682291667,-817667.268647458
7302,99.4968032836914,81.1424357096354,544.180684407552,-821005.434614577
7303,98.9968032836914,81.811902364095,538.856018066406,-821005.434614577
7304,99.4968032836914,81.1424357096354,528.579345703125,-825960.033896652
7305,98.9968032836914,81.811902364095,523.179341634115,-825960.033896652
7306,99.4968032836914,81.1424357096354,512.979014078776,-830257.096343168
7307,98.9968032836914,81.811902364095,507.504679361979,-798873.520627252
7308,99.4968032836914,81.1424357096354,497.378011067708,-832917.326042984
7309,98.9968032836914,81.811902364095,491.827341715495,-799864.867334564
7310,99.4968032836914,81.1424357096354,481.776672363281,-835385.769208943
7311,98.9968032836914,81.811902364095,476.15234375,-802054.571928383
7312,99.4968032836914,81.1424357096354,466.17534383138,-839302.740097704
7313,98.9968032836914,81.811902364095,460.475006103516,-806535.696567651
7314,99.4968032836914,81.1424357096354,450.574005126953,-842380.834524006
7315,98.9968032836914,81.811902364095,444.800008138021,-812263.109796047
7316,99.4968032836914,81.1424357096354,434.973347981771,-840669.392766609
7317,98.9968032836914,81.811902364095,429.123341878255,-814664.313516985
7318,99.4968032836914,81.1424357096354,419.372009277344,-837575.276890577
7319,98.9968032836914,81.811902364095,413.447672526042,-812718.051992013
7320,99.4968032836914,81.1424357096354,403.770670572917,-838887.211069802
7321,98.9968032836914,81.811902364095,397.771006266276,-811889.109597835
7322,99.4968032836914,81.1424357096354,388.170440673828,-837713.032460727
7323,98.9968032836914,81.811902364095,382.096374511719,-813588.403015629
7324,99.4968032836914,81.1424357096354,372.56923421224,-830617.436410089
7325,98.9968032836914,81.811902364095,366.418701171875,-806584.501954045
7326,99.4968032836914,81.1424357096354,356.96787516276,-830724.861952161
7327,98.9968032836914,81.811902364095,350.743906656901,-797609.888890962
7328,99.4968032836914,81.1424357096354,341.367502848307,-848888.264904616
7329,98.9968032836914,81.811902364095,335.067291259766,-805880.674202599
7330,99.4968032836914,81.1424357096354,325.766194661458,-866776.512399304
7331,98.9968032836914,81.811902364095,319.391560872396,-827484.653739188
7332,99.4968032836914,81.1424357096354,310.164835611979,-982151.298574583
7333,98.9968032836914,81.811902364095,303.714864095052,-841731.88355118
7334,99.4968032836914,81.1424357096354,294.564412434896,-944281.914085895
7335,98.9968032836914,81.811902364095,288.040069580078,-840944.872142724
7336,99.4968032836914,81.1424357096354,278.964975992839,-947217.570471797
7337,98.9968032836914,81.811902364095,272.364400227865,-828799.248555323
7338,99.4968032836914,81.1424357096354,263.363672892253,-931459.539262606
7339,98.9968032836914,81.811902364095,256.687739054362,-808061.027254852
7340,99.4968032836914,81.1424357096354,247.761372884115,-986099.699342326
7341,98.9968032836914,81.811902364095,241.011072794596,-791615.827877586
7342,99.4968032836914,81.1424357096354,232.160039265951,-1049374.03507167
7343,98.9968032836914,81.811902364095,225.335337320964,-805852.402459672
7344,99.4968032836914,81.1424357096354,216.560572306315,-1067632.65975404
7345,98.9968032836914,81.811902364095,209.660568237305,-810021.606172794
7346,99.4968032836914,81.1424357096354,200.960199991862,-1053270.2921521
7347,98.9968032836914,81.811902364095,193.984832763672,-780064.79547846
7348,99.4968032836914,81.1424357096354,185.358067830404,-1173604.20849857
7349,98.9968032836914,81.811902364095,178.308334350586,-866641.142749688
7350,99.4968032836914,81.1424357096354,169.75666809082,-1251158.57623436
7351,98.9968032836914,81.811902364095,162.633336385091,-968957.668001222
7352,99.4968032836914,81.1424357096354,154.158004760742,-1049027.15832313
7353,98.9968032836914,81.811902364095,146.958669026693,-830297.541876301
7354,99.4968032836914,81.1424357096354,138.556666056315,-1028244.89630288
7355,98.9968032836914,81.811902364095,131.281000773112,359481.336065833
7356,99.4968032836914,81.1424357096354,122.955337524414,-541155.68890864
7357,98.9968032836914,81.811902364095,115.606338500977,354729.324227954
7358,99.4968032836914,81.1424357096354,107.35400390625,771855.891598433
7359,98.9968032836914,81.811902364095,99.9286702473958,-847434.007632104
7360,99.4968032836914,81.1424357096354,91.7526702880859,-874578.675192224
7361,100.996737162272,79.2037022908529,554.681335449219,-842355.306594348
7362,100.496770222982,79.8383356730143,559.782002766927,-842355.306594348
7363,100.996737162272,79.2037022908529,544.480997721354,-847576.985831475
7364,100.496770222982,79.8383356730143,539.230672200521,-847576.985831475
7365,100.996737162272,79.2037022908529,529.105672200521,-854544.327998637
7366,100.496770222982,79.8383356730143,523.779012044271,-825960.033896652
7367,100.996737162272,79.2037022908529,513.728668212891,-860460.807894444
7368,100.496770222982,79.8383356730143,508.328674316406,-830257.096343168
7369,100.996737162272,79.2037022908529,498.353678385417,-865074.425184653
7370,100.496770222982,79.8383356730143,492.877349853516,-832917.326042984
7371,100.996737162272,79.2037022908529,482.976684570312,-868990.466082248
7372,100.496770222982,79.8383356730143,477.426676432292,-835385.769208943
7373,100.996737162272,79.2037022908529,467.602010091146,-871910.561603117
7374,100.496770222982,79.8383356730143,461.975006103516,-839302.740097704
7375,100.996737162272,79.2037022908529,452.224009195964,-871052.718379296
7376,100.496770222982,79.8383356730143,446.523345947266,-842380.834524006
7377,100.996737162272,79.2037022908529,436.848347981771,-866172.527576015
7378,100.496770222982,79.8383356730143,431.072347005208,-840669.392766609
7379,100.996737162272,79.2037022908529,421.472005208333,-863916.806658834
7380,100.496770222982,79.8383356730143,415.621673583984,-837575.276890577
7381,100.996737162272,79.2037022908529,406.096669514974,-864971.640567291
7382,100.496770222982,79.8383356730143,400.170003255208,-838887.211069802
7383,100.996737162272,79.2037022908529,390.719329833984,-860243.819340344
7384,100.496770222982,79.8383356730143,384.719431559245,-837713.032460727
7385,100.996737162272,79.2037022908529,375.345072428385,-858340.307848322
7386,100.496770222982,79.8383356730143,369.26894124349,-830617.436410089
7387,100.996737162272,79.2037022908529,359.967844645182,-870575.44113039
7388,100.496770222982,79.8383356730143,353.817311604818,-830724.861952161
7389,100.996737162272,79.2037022908529,344.592478434245,-894503.492398428
7390,100.496770222982,79.8383356730143,338.366638183594,-848888.264904616
7391,100.996737162272,79.2037022908529,329.215260823568,-903788.907675155
7392,100.496770222982,79.8383356730143,322.915028889974,-866776.512399304
7393,100.996737162272,79.2037022908529,313.83989461263,-1043346.7326038
7394,100.496770222982,79.8383356730143,307.464335123698,-871525.142617498
7395,100.996737162272,79.2037022908529,298.463592529297,-1021018.73332873
7396,100.496770222982,79.8383356730143,292.013641357422,-864643.066075777
7397,100.996737162272,79.2037022908529,283.088236490885,-994614.30435828
7398,100.496770222982,79.8383356730143,276.56391398112,-849273.362329817
7399,100.996737162272,79.2037022908529,267.711975097656,-990687.896290272
7400,100.496770222982,79.8383356730143,261.112309773763,-826876.792414612
7401,100.996737162272,79.2037022908529,252.335673014323,-1018671.16377665
7402,100.496770222982,79.8383356730143,245.660669962565,-817430.536080246
7403,100.996737162272,79.2037022908529,236.95937093099,-1103922.46904128
7404,100.496770222982,79.8383356730143,230.209040323893,-827353.043263768
7405,100.996737162272,79.2037022908529,221.583068847656,-1098021.56784042
7406,100.496770222982,79.8383356730143,214.759302775065,-813042.715238805
7407,100.996737162272,79.2037022908529,206.208669026693,-1085289.09944917
7408,100.496770222982,79.8383356730143,199.3095703125,-814109.646222365
7409,100.996737162272,79.2037022908529,190.83219909668,-1213420.17413861
7410,100.496770222982,79.8383356730143,183.856063842773,-905272.993548348
7411,100.996737162272,79.2037022908529,175.454330444336,-1280301.97048677
7412,100.496770222982,79.8383356730143,168.404668172201,-986038.627885292
7413,100.996737162272,79.2037022908529,160.081670125326,-1246430.05549386
7414,100.496770222982,79.8383356730143,152.958338419596,-798509.051140694
7415,100.996737162272,79.2037022908529,144.709004720052,-985684.820993232
7416,100.496770222982,79.8383356730143,137.50666809082,-527007.53243617
7417,100.996737162272,79.2037022908529,129.32899983724,-1295521.77287252
7418,100.496770222982,79.8383356730143,122.053334554036,542918.420890976
7419,100.996737162272,79.2037022908529,113.953669230143,227797.929892755
7420,100.496770222982,79.8383356730143,106.603337605794,771855.891598433
7421,100.996737162272,79.2037022908529,98.5780029296875,1158957.32318524
7422,100.496770222982,79.8383356730143,91.1526692708333,-874578.675192224
7423,100.996737162272,79.2037022908529,83.2036692301432,-888676.792560355
7424,102.496704101562,77.3694686889648,554.831339518229,-868735.668259154
7425,101.996704101562,77.9692687988281,559.857340494792,-868735.668259154
7426,102.496704101562,77.3694686889648,544.780680338542,-875750.73409715
7427,101.996704101562,77.9692687988281,539.60634358724,-875750.73409715
7428,102.496704101562,77.3694686889648,529.632019042969,-883750.206667022
7429,101.996704101562,77.9692687988281,524.381673177083,-854544.327998637
7430,102.496704101562,77.3694686889648,514.48100789388,-891080.520268172
7431,101.996704101562,77.9692687988281,509.154663085938,-860460.807894444
7432,102.496704101562,77.3694686889648,499.330332438151,-898086.542392384
7433,101.996704101562,77.9692687988281,493.929341634115,-865074.425184653
7434,102.496704101562,77.3694686889648,484.178009033203,-903982.272891643
7435,101.996704101562,77.9692687988281,478.701680501302,-868990.466082248
7436,102.496704101562,77.3694686889648,469.026672363281,-905400.113548597
7437,101.996704101562,77.9692687988281,463.477010091146,-871910.561603117
7438,102.496704101562,77.3694686889648,453.875345865885,-900211.923427376
7439,101.996704101562,77.9692687988281,448.249348958333,-871052.718379296
7440,102.496704101562,77.3694686889648,438.72401936849,-894382.651259558
7441,101.996704101562,77.9692687988281,433.023681640625,-866172.527576015
7442,102.496704101562,77.3694686889648,423.572672526042,-893599.677918515
7443,101.996704101562,77.9692687988281,417.796997070312,-863916.806658834
7444,102.496704101562,77.3694686889648,408.422322591146,-891741.710036399
7445,101.996704101562,77.9692687988281,402.572326660156,-864971.640567291
7446,102.496704101562,77.3694686889648,393.27099609375,-888636.534285812
7447,101.996704101562,77.9692687988281,387.344665527344,-860243.819340344
7448,102.496704101562,77.3694686889648,378.119771321615,-895766.794990601
7449,101.996704101562,77.9692687988281,372.120076497396,-858340.307848322
7450,102.496704101562,77.3694686889648,362.969614664714,-917035.950854636
7451,101.996704101562,77.9692687988281,356.893513997396,-870575.44113039
7452,102.496704101562,77.3694686889648,347.818379720052,-940009.917317077
7453,101.996704101562,77.9692687988281,341.667877197266,-894503.492398428
7454,102.496704101562,77.3694686889648,332.669006347656,-942488.730978759
7455,101.996704101562,77.9692687988281,326.442230224609,-903788.907675155
7456,102.496704101562,77.3694686889648,317.516835530599,-1099753.16476853
7457,101.996704101562,77.9692687988281,311.214731852214,-898658.713206673
7458,102.496704101562,77.3694686889648,302.365600585938,-1092599.99823639
7459,101.996704101562,77.9692687988281,295.990020751953,-884857.922207069
7460,102.496704101562,77.3694686889648,287.214335123698,-1056301.29067777
7461,101.996704101562,77.9692687988281,280.762502034505,-869508.166868497
7462,102.496704101562,77.3694686889648,272.063079833984,-1045291.99013073
7463,101.996704101562,77.9692687988281,265.536875406901,-857844.550432984
7464,102.496704101562,77.3694686889648,256.911844889323,-1063097.81399704
7465,101.996704101562,77.9692687988281,250.310307820638,-860750.297484367
7466,102.496704101562,77.3694686889648,241.761535644531,-1131603.67408373
7467,101.996704101562,77.9692687988281,235.085601806641,-856830.494261562
7468,102.496704101562,77.3694686889648,226.610270182292,-1131784.93194747
7469,101.996704101562,77.9692687988281,219.858067830404,-834423.096703925
7470,102.496704101562,77.3694686889648,211.458999633789,-1132039.44257091
7471,101.996704101562,77.9692687988281,204.633366902669,-857510.800979778
7472,102.496704101562,77.3694686889648,196.308700561523,-1253285.16871989
7473,101.996704101562,77.9692687988281,189.406631469727,-934742.88533157
7474,102.496704101562,77.3694686889648,181.157165527344,-1280071.88933245
7475,101.996704101562,77.9692687988281,174.180999755859,-1003735.82223788
7476,102.496704101562,77.3694686889648,166.005340576172,-1306921.47211029
7477,101.996704101562,77.9692687988281,158.955673217773,-831288.257242349
7478,102.496704101562,77.3694686889648,150.85600789388,-1224612.77557628
7479,101.996704101562,77.9692687988281,143.732671101888,-651948.753623259
7480,102.496704101562,77.3694686889648,135.704671223958,-1267499.96478604
7481,101.996704101562,77.9692687988281,128.503336588542,-352582.720280283
7482,102.496704101562,77.3694686889648,120.551671346029,-427144.035455878
7483,101.996704101562,77.9692687988281,113.277669270833,227797.929892755
7484,102.496704101562,77.3694686889648,105.404006958008,-727835.672918683
7485,101.996704101562,77.9692687988281,98.0546722412109,1158957.32318524
7486,102.496704101562,77.3694686889648,90.253672281901,1445808.83664158
7487,101.996704101562,77.9692687988281,82.8280029296875,-888676.792560355
7488,102.496704101562,77.3694686889648,75.1023356119792,-907691.410596407
7489,104.00043741862,75.6341349283854,554.98134358724,-898601.331390672
7490,103.498570760091,76.2019017537435,559.932006835938,-898601.331390672
7491,104.00043741862,75.6341349283854,545.08066813151,-905621.633026513
7492,103.498570760091,76.2019017537435,539.980672200521,-905621.633026513
7493,104.00043741862,75.6341349283854,530.156005859375,-913513.308082893
7494,103.498570760091,76.2019017537435,524.981689453125,-883750.206667022
7495,104.00043741862,75.6341349283854,515.230682373047,-922241.240049584
7496,103.498570760091,76.2019017537435,509.980346679688,-891080.520268172
7497,104.00043741862,75.6341349283854,500.303670247396,-931505.752024133
7498,103.498570760091,76.2019017537435,494.980000813802,-898086.542392384
7499,104.00043741862,75.6341349283854,485.378336588542,-939004.934763561
7500,103.498570760091,76.2019017537435,479.977335611979,-903982.272891643
7501,104.00043741862,75.6341349283854,470.450002034505,-937731.115476179
7502,103.498570760091,76.2019017537435,464.975667317708,-905400.113548597
7503,104.00043741862,75.6341349283854,455.52500406901,-930389.618953031
7504,103.498570760091,76.2019017537435,449.974344889323,-900211.923427376
7505,104.00043741862,75.6341349283854,440.598012288411,-927132.370123746
7506,103.498570760091,76.2019017537435,434.97368367513,-894382.651259558
7507,104.00043741862,75.6341349283854,425.672678629557,-926170.179714161
7508,103.498570760091,76.2019017537435,419.972005208333,-893599.677918515
7509,104.00043741862,75.6341349283854,410.747334798177,-923205.108543406
7510,103.498570760091,76.2019017537435,404.973327636719,-891741.710036399
7511,104.00043741862,75.6341349283854,395.822001139323,-925905.984019203
7512,103.498570760091,76.2019017537435,389.969665527344,-888636.534285812
7513,104.00043741862,75.6341349283854,380.894602457682,-942296.185852136
7514,103.498570760091,76.2019017537435,374.971038818359,-895766.794990601
7515,104.00043741862,75.6341349283854,365.971405029297,-969897.071685026
7516,103.498570760091,76.2019017537435,359.96967569987,-917035.950854636
7517,104.00043741862,75.6341349283854,351.044301350911,-986094.779961541
7518,103.498570760091,76.2019017537435,344.969106038411,-940009.917317077
7519,104.00043741862,75.6341349283854,336.119974772135,-981635.255492983
7520,103.498570760091,76.2019017537435,329.970377604167,-942488.730978759
7521,104.00043741862,75.6341349283854,321.194702148438,-1132215.65567712
7522,103.498570760091,76.2019017537435,314.967936197917,-929256.317362293
7523,104.00043741862,75.6341349283854,306.266642252604,-1142646.95355653
7524,103.498570760091,76.2019017537435,299.96641031901,-911436.397578629
7525,104.00043741862,75.6341349283854,291.34135945638,-1126256.70325475
7526,103.498570760091,76.2019017537435,284.964864095052,-898684.373705477
7527,104.00043741862,75.6341349283854,276.414204915365,-1094989.61429264
7528,103.498570760091,76.2019017537435,269.96425374349,-900633.069998478
7529,104.00043741862,75.6341349283854,261.488911946615,-1125292.1433198
7530,103.498570760091,76.2019017537435,254.962707519531,-912878.513038776
7531,104.00043741862,75.6341349283854,246.561772664388,-1130941.00668883
7532,103.498570760091,76.2019017537435,239.962137858073,-905676.145939388
7533,104.00043741862,75.6341349283854,231.636505126953,-1156127.33908895
7534,103.498570760091,76.2019017537435,224.960571289062,-889499.492998632
7535,104.00043741862,75.6341349283854,216.709335327148,-1192344.68570605
7536,103.498570760091,76.2019017537435,209.959966023763,-908262.462731571
7537,104.00043741862,75.6341349283854,201.784098307292,-1270284.55253363
7538,103.498570760091,76.2019017537435,194.958465576172,-955917.834516853
7539,104.00043741862,75.6341349283854,186.857065836589,-1294800.49346559
7540,103.498570760091,76.2019017537435,179.957834879557,-956251.485723824
7541,104.00043741862,75.6341349283854,171.931671142578,-1286689.10649721
7542,103.498570760091,76.2019017537435,164.955342610677,-901600.466073854
7543,104.00043741862,75.6341349283854,157.003672281901,-1312928.2934519
7544,103.498570760091,76.2019017537435,149.954004923503,-815400.403916116
7545,104.00043741862,75.6341349283854,142.078333536784,-1397682.12235934
7546,103.498570760091,76.2019017537435,134.952336629232,-664424.926538473
7547,104.00043741862,75.6341349283854,127.153004964193,-768587.151221789
7548,103.498570760091,76.2019017537435,119.953674316406,-427144.035455878
7549,104.00043741862,75.6341349283854,112.230672200521,-818969.533681136
7550,103.498570760091,76.2019017537435,104.955006917318,-727835.672918683
7551,104.00043741862,75.6341349283854,97.3053385416667,-1015095.03455386
7552,103.498570760091,76.2019017537435,89.9533386230469,-610815.787600724
7553,104.00043741862,75.6341349283854,82.3780008951823,1588736.48814501
7554,103.498570760091,76.2019017537435,74.9526672363281,-907691.410596407
7555,104.00043741862,75.6341349283854,67.4530029296875,-921473.936299715
7556,105.502304077148,74.0042343139648,555.131001790365,-931469.409184373
7557,105.002304077148,74.5353012084961,560.007344563802,-931469.409184373
7558,105.502304077148,74.0042343139648,545.380004882812,-937242.237218725
7559,105.002304077148,74.5353012084961,540.355672200521,-937242.237218725
7560,105.502304077148,74.0042343139648,530.6806640625,-945591.372753368
7561,105.002304077148,74.5353012084961,525.580993652344,-913513.308082893
7562,105.502304077148,74.0042343139648,515.980336507161,-955287.049780592
7563,105.002304077148,74.5353012084961,510.804341634115,-922241.240049584
7564,105.502304077148,74.0042343139648,501.279012044271,-964760.139485913
7565,105.002304077148,74.5353012084961,496.028676350911,-931505.752024133
7566,105.502304077148,74.0042343139648,486.577677408854,-970071.605568854
7567,105.002304077148,74.5353012084961,481.251007080078,-939004.934763561
7568,105.502304077148,74.0042343139648,471.875681559245,-967716.131868591
7569,105.002304077148,74.5353012084961,466.475677490234,-937731.115476179
7570,105.502304077148,74.0042343139648,457.174682617188,-962795.359660845
7571,105.002304077148,74.5353012084961,451.69834391276,-930389.618953031
7572,105.502304077148,74.0042343139648,442.472676595052,-961030.492627083
7573,105.002304077148,74.5353012084961,436.923004150391,-927132.370123746
7574,105.502304077148,74.0042343139648,427.774342854818,-958550.49023225
7575,105.002304077148,74.5353012084961,422.148345947266,-926170.179714161
7576,105.502304077148,74.0042343139648,413.073018391927,-958714.426424485
7577,105.002304077148,74.5353012084961,407.372680664062,-923205.108543406
7578,105.502304077148,74.0042343139648,398.373677571615,-969077.65191636
7579,105.002304077148,74.5353012084961,392.597005208333,-925905.984019203
7580,105.502304077148,74.0042343139648,383.669565836589,-991895.300377615
7581,105.002304077148,74.5353012084961,377.819498697917,-942296.185852136
7582,105.502304077148,74.0042343139648,368.970397949219,-1015708.80539406
7583,105.002304077148,74.5353012084961,363.045867919922,-969897.071685026
7584,105.502304077148,74.0042343139648,354.268300374349,-1023424.15625683
7585,105.002304077148,74.5353012084961,348.268463134766,-986094.779961541
7586,105.502304077148,74.0042343139648,339.568094889323,-1013454.22756456
7587,105.002304077148,74.5353012084961,333.494801839193,-981635.255492983
7588,105.502304077148,74.0042343139648,324.869740804036,-997265.273326314
7589,105.002304077148,74.5353012084961,318.71923828125,-965002.546769519
7590,105.502304077148,74.0042343139648,310.167633056641,-1174295.01253796
7591,105.002304077148,74.5353012084961,303.941802978516,-949365.911283208
7592,105.502304077148,74.0042343139648,295.466471354167,-1163668.82686882
7593,105.002304077148,74.5353012084961,289.166259765625,-942508.92482846
7594,105.502304077148,74.0042343139648,280.764383951823,-1165631.87971546
7595,105.002304077148,74.5353012084961,274.388824462891,-953853.909809006
7596,105.502304077148,74.0042343139648,266.063201904297,-1133479.2056886
7597,105.002304077148,74.5353012084961,259.613240559896,-965803.34231294
7598,105.502304077148,74.0042343139648,251.36203511556,-1157499.79070842
7599,105.002304077148,74.5353012084961,244.836771647135,-964405.72853751
7600,105.502304077148,74.0042343139648,236.661834716797,-1179161.87694267
7601,105.002304077148,74.5353012084961,230.06120300293,-964407.449235203
7602,105.502304077148,74.0042343139648,221.961568196615,-1236944.36465
7603,105.002304077148,74.5353012084961,215.285634358724,-978533.604740378
7604,105.502304077148,74.0042343139648,207.260431925456,-1281189.70480681
7605,105.002304077148,74.5353012084961,200.508265177409,-994567.473257318
7606,105.502304077148,74.0042343139648,192.558369954427,-1291792.92255816
7607,105.002304077148,74.5353012084961,185.732803344727,-980654.259437374
7608,105.502304077148,74.0042343139648,177.857233683268,-1274162.69959311
7609,105.002304077148,74.5353012084961,170.955332438151,-947745.622888742
7610,105.502304077148,74.0042343139648,163.156000773112,-1301253.52225422
7611,105.002304077148,74.5353012084961,156.180669148763,-902419.160140584
7612,105.502304077148,74.0042343139648,148.457667032878,-953794.615797037
7613,105.002304077148,74.5353012084961,141.404998779297,-841356.950233845
7614,105.502304077148,74.0042343139648,133.755335489909,-947858.525761131
7615,105.002304077148,74.5353012084961,126.629338582357,-768587.151221789
7616,105.502304077148,74.0042343139648,119.056004842122,-878705.630755938
7617,105.002304077148,74.5353012084961,111.856669108073,-818969.533681136
7618,105.502304077148,74.0042343139648,104.355000813802,-970278.887210664
7619,105.002304077148,74.5353012084961,97.079335530599,-1467739.86720792
7620,105.502304077148,74.0042343139648,89.6530049641927,-905463.425527671
7621,105.002304077148,74.5353012084961,82.3036702473958,-621002.313689115
7622,105.502304077148,74.0042343139648,74.9526723225911,1578624.57331681
7623,105.002304077148,74.5353012084961,67.527338663737,-921473.936299715
7624,105.502304077148,74.0042343139648,60.2516733805339,-912865.579739946
7625,106.502271016439,72.976936340332,560.081665039062,-966333.835628367
7626,107.002237955729,72.4807052612305,555.281656901042,-966333.835628367
7627,106.502271016439,72.976936340332,540.730326334635,-971614.660427341
7628,107.002237955729,72.4807052612305,545.681315104167,-971614.660427341
7629,106.502271016439,72.976936340332,526.179667154948,-945591.372753368
7630,107.002237955729,72.4807052612305,531.204996744792,-978988.578836734
7631,106.502271016439,72.976936340332,511.628997802734,-955287.049780592
7632,107.002237955729,72.4807052612305,516.728658040365,-987877.387512059
7633,106.502271016439,72.976936340332,497.078684488932,-964760.139485913
7634,107.002237955729,72.4807052612305,502.252675374349,-995159.805592905
7635,106.502271016439,72.976936340332,482.527018229167,-970071.605568854
7636,107.002237955729,72.4807052612305,487.777689615885,-997741.557870781
7637,106.502271016439,72.976936340332,467.974680582682,-967716.131868591
7638,107.002237955729,72.4807052612305,473.299346923828,-996067.477565681
7639,106.502271016439,72.976936340332,453.425354003906,-962795.359660845
7640,107.002237955729,72.4807052612305,458.825347900391,-995619.158212527
7641,106.502271016439,72.976936340332,438.873677571615,-961030.492627083
7642,107.002237955729,72.4807052612305,444.350016276042,-994470.134768168
7643,106.502271016439,72.976936340332,424.325012207031,-958550.49023225
7644,107.002237955729,72.4807052612305,429.874674479167,-992040.063060859
7645,106.502271016439,72.976936340332,409.774678548177,-958714.426424485
7646,107.002237955729,72.4807052612305,415.400675455729,-998505.767742199
7647,106.502271016439,72.976936340332,395.222005208333,-969077.65191636
7648,107.002237955729,72.4807052612305,400.922668457031,-1017282.36088623
7649,106.502271016439,72.976936340332,380.670633951823,-991895.300377615
7650,107.002237955729,72.4807052612305,386.446400960286,-1039561.87711402
7651,106.502271016439,72.976936340332,366.119272867839,-1015708.80539406
7652,107.002237955729,72.4807052612305,371.969441731771,-1054618.11746001
7653,106.502271016439,72.976936340332,351.567799886068,-1023424.15625683
7654,107.002237955729,72.4807052612305,357.49424235026,-1054799.93466493
7655,106.502271016439,72.976936340332,337.017303466797,-1013454.22756456
7656,107.002237955729,72.4807052612305,343.017171223958,-1041380.70165232
7657,106.502271016439,72.976936340332,322.467732747396,-997265.273326314
7658,107.002237955729,72.4807052612305,328.542002360026,-1027331.85902764
7659,106.502271016439,72.976936340332,307.916269938151,-986447.07621172
7660,107.002237955729,72.4807052612305,314.06586710612,-1144712.32602967
7661,106.502271016439,72.976936340332,293.364817301432,-986775.632279019
7662,107.002237955729,72.4807052612305,299.588785807292,-1162741.80434756
7663,106.502271016439,72.976936340332,278.815266927083,-999756.934212869
7664,107.002237955729,72.4807052612305,285.115488688151,-1180678.2056044
7665,106.502271016439,72.976936340332,264.263793945312,-1006778.58973358
7666,107.002237955729,72.4807052612305,270.640299479167,-1157701.98427126
7667,106.502271016439,72.976936340332,249.712366739909,-1013678.06217914
7668,107.002237955729,72.4807052612305,256.16416422526,-1120949.05535812
7669,106.502271016439,72.976936340332,235.161870320638,-1025717.49941189
7670,107.002237955729,72.4807052612305,241.687138875326,-1161044.21391036
7671,106.502271016439,72.976936340332,220.612263997396,-1028607.18708968
7672,107.002237955729,72.4807052612305,227.211934407552,-1254668.25307569
7673,106.502271016439,72.976936340332,206.060836791992,-1017378.78067248
7674,107.002237955729,72.4807052612305,212.736735026042,-1259693.85465005
7675,106.502271016439,72.976936340332,191.509404500326,-984642.550664817
7676,107.002237955729,72.4807052612305,198.259704589844,-1276421.84703769
7677,106.502271016439,72.976936340332,176.956904093424,-987864.031921788
7678,107.002237955729,72.4807052612305,183.783508300781,-1247095.68759937
7679,106.502271016439,72.976936340332,162.406336466471,-950450.081603337
7680,107.002237955729,72.4807052612305,169.305338541667,-1283540.47599132
7681,106.502271016439,72.976936340332,147.858001708984,-953794.615797037
7682,107.002237955729,72.4807052612305,154.831339518229,-1008384.14807083
7683,106.502271016439,72.976936340332,133.30800374349,-947858.525761131
7684,107.002237955729,72.4807052612305,140.358001708984,-1027085.48562885
7685,106.502271016439,72.976936340332,118.75666809082,-878705.630755938
7686,107.002237955729,72.4807052612305,125.882670084635,-959518.869083616
7687,106.502271016439,72.976936340332,104.204335530599,-1613734.08433883
7688,107.002237955729,72.4807052612305,111.406667073568,-851081.085928518
7689,106.502271016439,72.976936340332,89.6530049641927,-1754019.61803792
7690,107.002237955729,72.4807052612305,96.9286702473958,-879111.727243154
7691,106.502271016439,72.976936340332,75.1023406982422,-644676.060186904
7692,107.002237955729,72.4807052612305,82.4533386230469,-948443.997559333
7693,106.502271016439,72.976936340332,60.552007039388,-912865.579739946
7694,107.002237955729,72.4807052612305,67.9773406982422,1422631.61292379
7695,107.002237955729,72.4807052612305,53.5013376871745,-920277.152652319
7696,108.001271565755,71.520273844401,560.157999674479,-1001651.44558303
7697,108.500338236491,71.0560735066732,555.431335449219,-1001651.44558303
7698,108.001271565755,71.520273844401,541.106994628906,-1007983.67670838
7699,108.500338236491,71.0560735066732,545.980672200521,-1007983.67670838
7700,108.001271565755,71.520273844401,526.780334472656,-978988.578836734
7701,108.500338236491,71.0560735066732,531.73134358724,-1013351.06373654
7702,108.001271565755,71.520273844401,512.452657063802,-987877.387512059
7703,108.500338236491,71.0560735066732,517.47900390625,-1018678.33283157
7704,108.001271565755,71.520273844401,498.127675374349,-995159.805592905
7705,108.500338236491,71.0560735066732,503.227996826172,-1022934.19864521
7706,108.001271565755,71.520273844401,483.803344726562,-997741.557870781
7707,108.500338236491,71.0560735066732,488.979339599609,-1024072.98708828
7708,108.001271565755,71.520273844401,469.474680582682,-996067.477565681
7709,108.500338236491,71.0560735066732,474.728006998698,-1025509.47810143
7710,108.001271565755,71.520273844401,455.150014241536,-995619.158212527
7711,108.500338236491,71.0560735066732,460.474680582682,-1028250.99373377
7712,108.001271565755,71.520273844401,440.82568359375,-994470.134768168
7713,108.500338236491,71.0560735066732,446.22568766276,-1027835.63745067
7714,108.001271565755,71.520273844401,426.500010172526,-992040.063060859
7715,108.500338236491,71.0560735066732,431.974680582682,-1028936.52275524
7716,108.001271565755,71.520273844401,412.173665364583,-998505.767742199
7717,108.500338236491,71.0560735066732,417.723337809245,-1042795.60906525
7718,108.001271565755,71.520273844401,397.847330729167,-1017282.36088623
7719,108.500338236491,71.0560735066732,403.472330729167,-1065394.74982973
7720,108.001271565755,71.520273844401,383.520935058594,-1039561.87711402
7721,108.500338236491,71.0560735066732,389.221201578776,-1084155.2060477
7722,108.001271565755,71.520273844401,369.194549560547,-1054618.11746001
7723,108.500338236491,71.0560735066732,374.970275878906,-1090574.20601793
7724,108.001271565755,71.520273844401,354.869079589844,-1054799.93466493
7725,108.500338236491,71.0560735066732,360.719217936198,-1085377.2400414
7726,108.001271565755,71.520273844401,340.544545491536,-1041380.70165232
7727,108.500338236491,71.0560735066732,346.470011393229,-1070509.380328
7728,108.001271565755,71.520273844401,326.216267903646,-1027331.85902764
7729,108.500338236491,71.0560735066732,332.218943277995,-1060024.72108165
7730,108.001271565755,71.520273844401,311.890797932943,-1023494.54852936
7731,108.500338236491,71.0560735066732,317.966929117839,-1082632.53429566
7732,108.001271565755,71.520273844401,297.56342569987,-1030790.12570158
7733,108.500338236491,71.0560735066732,303.715840657552,-1161221.74286556
7734,108.001271565755,71.520273844401,283.239817301432,-1042315.63245459
7735,108.500338236491,71.0560735066732,289.463785807292,-1186039.09462293
7736,108.001271565755,71.520273844401,268.917175292969,-1046619.92887466
7737,108.500338236491,71.0560735066732,275.216471354167,-1178236.71476765
7738,108.001271565755,71.520273844401,254.5888671875,-1056149.46352103
7739,108.500338236491,71.0560735066732,260.965372721354,-1116827.85922189
7740,108.001271565755,71.520273844401,240.263437906901,-1066333.95685116
7741,108.500338236491,71.0560735066732,246.713368733724,-1119506.4696153
7742,108.001271565755,71.520273844401,225.936070760091,-1060265.24252145
7743,108.500338236491,71.0560735066732,232.462305704753,-1237363.72896898
7744,108.001271565755,71.520273844401,211.610605875651,-1039513.56192615
7745,108.500338236491,71.0560735066732,218.210271199544,-1219794.04102184
7746,108.001271565755,71.520273844401,197.284205118815,-1003973.75575517
7747,108.500338236491,71.0560735066732,203.959208170573,-1175263.51699765
7748,108.001271565755,71.520273844401,182.957605997721,-971201.14873577
7749,108.500338236491,71.0560735066732,189.708002726237,-1216276.71339709
7750,108.001271565755,71.520273844401,168.632008870443,-990235.694332169
7751,108.500338236491,71.0560735066732,175.457672119141,-1023267.37229459
7752,108.001271565755,71.520273844401,154.30500793457,-1008384.14807083
7753,108.500338236491,71.0560735066732,161.206675211589,-1033985.59672223
7754,108.001271565755,71.520273844401,139.982335408529,-1027085.48562885
7755,108.500338236491,71.0560735066732,146.95600382487,-1030120.21464608
7756,108.001271565755,71.520273844401,125.658671061198,-1546963.05038132
7757,108.500338236491,71.0560735066732,132.708338419596,-990631.511202223
7758,108.001271565755,71.520273844401,111.33066813151,-1670595.24352071
7759,108.500338236491,71.0560735066732,118.456670125326,-916462.697236227
7760,108.001271565755,71.520273844401,97.0050048828125,-1668242.98577885
7761,108.500338236491,71.0560735066732,104.204671223958,-1083447.50552008
7762,108.001271565755,71.520273844401,82.6773376464844,-1602924.10784216
7763,108.500338236491,71.0560735066732,89.9533386230469,-1025057.00829987
7764,108.001271565755,71.520273844401,68.3530069986979,-1361838.85337394
7765,108.500338236491,71.0560735066732,75.7020060221354,-972289.224035449
7766,108.001271565755,71.520273844401,54.0266723632812,-920277.152652319
7767,108.500338236491,71.0560735066732,61.4530080159505,-1506095.28105713
7768,108.500338236491,71.0560735066732,47.2010040283203,-901023.796318163
7769,109.499371846517,70.1625061035156,560.23134358724,-1039458.58181532
7770,109.999338785807,69.7331390380859,555.581013997396,-1039458.58181532
7771,109.499371846517,70.1625061035156,541.479675292969,-1046309.96275057
7772,109.999338785807,69.7331390380859,546.280008951823,-1046309.96275057
7773,109.499371846517,70.1625061035156,527.380025227865,-1013351.06373654
7774,109.999338785807,69.7331390380859,532.254679361979,-1049999.88787439
7775,109.499371846517,70.1625061035156,513.278676350911,-1018678.33283157
7776,109.999338785807,69.7331390380859,518.228688557943,-1050097.16667878
7777,109.499371846517,70.1625061035156,499.177337646484,-1022934.19864521
7778,109.999338785807,69.7331390380859,504.201670328776,-1048500.37132354
7779,109.499371846517,70.1625061035156,485.079996744792,-1024072.98708828
7780,109.999338785807,69.7331390380859,490.177673339844,-1049096.22641297
7781,109.499371846517,70.1625061035156,470.978332519531,-1025509.47810143
7782,109.999338785807,69.7331390380859,476.154327392578,-1054685.38761019
7783,109.499371846517,70.1625061035156,456.876017252604,-1028250.99373377
7784,109.999338785807,69.7331390380859,462.126342773438,-1059896.05932358
7785,109.499371846517,70.1625061035156,442.774678548177,-1027835.63745067
7786,109.999338785807,69.7331390380859,448.100341796875,-1063887.83216851
7787,109.499371846517,70.1625061035156,428.673350016276,-1028936.52275524
7788,109.999338785807,69.7331390380859,434.07334391276,-1074201.81640861
7789,109.499371846517,70.1625061035156,414.572001139323,-1042795.60906525
7790,109.999338785807,69.7331390380859,420.047342936198,-1091960.93282923
7791,109.499371846517,70.1625061035156,400.471333821615,-1065394.74982973
7792,109.999338785807,69.7331390380859,406.021331787109,-1110229.1659313
7793,109.499371846517,70.1625061035156,386.370869954427,-1084155.2060477
7794,109.999338785807,69.7331390380859,391.996002197266,-1123125.50901491
7795,109.499371846517,70.1625061035156,372.269775390625,-1090574.20601793
7796,109.999338785807,69.7331390380859,377.970102945964,-1124880.25703588
7797,109.499371846517,70.1625061035156,358.17030843099,-1085377.2400414
7798,109.999338785807,69.7331390380859,363.945139567057,-1114860.35685559
7799,109.499371846517,70.1625061035156,344.070810953776,-1070509.380328
7800,109.999338785807,69.7331390380859,349.920969645182,-1100989.52589255
7801,109.499371846517,70.1625061035156,329.969472249349,-1060024.72108165
7802,109.999338785807,69.7331390380859,335.895874023438,-1095341.88882898
7803,109.499371846517,70.1625061035156,315.868103027344,-1063955.59310892
7804,109.999338785807,69.7331390380859,321.867970784505,-1050067.48463451
7805,109.499371846517,70.1625061035156,301.76670328776,-1077868.04128934
7806,109.999338785807,69.7331390380859,307.842834472656,-1108009.33111512
7807,109.499371846517,70.1625061035156,287.664398193359,-1086899.68575898
7808,109.999338785807,69.7331390380859,293.814900716146,-1192454.23480653
7809,109.499371846517,70.1625061035156,273.564900716146,-1093175.14945253
7810,109.999338785807,69.7331390380859,279.788859049479,-1193545.94236033
7811,109.499371846517,70.1625061035156,259.463541666667,-1098550.49255771
7812,109.999338785807,69.7331390380859,265.76377360026,-1157471.11586219
7813,109.499371846517,70.1625061035156,245.364069620768,-1099685.92129459
7814,109.999338785807,69.7331390380859,251.737737019857,-1143272.44775495
7815,109.499371846517,70.1625061035156,231.262700398763,-1088858.27098839
7816,109.999338785807,69.7331390380859,237.714533487956,-1203914.09882155
7817,109.499371846517,70.1625061035156,217.160405476888,-1078416.51090849
7818,109.999338785807,69.7331390380859,223.686599731445,-1174245.59258547
7819,109.499371846517,70.1625061035156,203.059041341146,-1054857.29240794
7820,109.999338785807,69.7331390380859,209.660573323568,-1174158.67845803
7821,109.499371846517,70.1625061035156,188.95757039388,-1013378.8902536
7822,109.999338785807,69.7331390380859,195.633605957031,-1150970.26320516
7823,109.499371846517,70.1625061035156,174.858001708984,-1023267.37229459
7824,109.999338785807,69.7331390380859,181.607503255208,-1027435.31927881
7825,109.499371846517,70.1625061035156,160.756673177083,-1033985.59672223
7826,109.999338785807,69.7331390380859,167.582336425781,-1028731.09303537
7827,109.499371846517,70.1625061035156,146.655670166016,-1030120.21464608
7828,109.999338785807,69.7331390380859,153.554672241211,-989792.859684979
7829,109.499371846517,70.1625061035156,132.558670043945,-1322830.69365897
7830,109.999338785807,69.7331390380859,139.532333374023,-922849.026618211
7831,109.499371846517,70.1625061035156,118.456670125326,-1517754.20235102
7832,109.999338785807,69.7331390380859,125.509002685547,-903695.569211171
7833,109.499371846517,70.1625061035156,104.355336507161,-1738387.41317477
7834,109.999338785807,69.7331390380859,111.481333414714,-992326.368701749
7835,109.499371846517,70.1625061035156,90.253672281901,-1025057.00829987
7836,109.999338785807,69.7331390380859,97.4560038248698,-1193670.2674604
7837,109.499371846517,70.1625061035156,76.152338663737,-972289.224035449
7838,109.999338785807,69.7331390380859,83.4280039469401,-1133557.23913949
7839,109.499371846517,70.1625061035156,62.0526733398438,-1506095.28105713
7840,109.999338785807,69.7331390380859,69.4030049641927,-786232.422989468
7841,109.499371846517,70.1625061035156,47.9513397216797,-901023.796318163
7842,109.999338785807,69.7331390380859,55.3766733805339,-1316039.76188081
7843,109.999338785807,69.7331390380859,41.3500061035156,-894225.628232108
7844,110.999305725098,68.9101715087891,560.307678222656,-1080459.43091575
7845,111.499305725098,68.5165710449219,555.733662923177,-1080459.43091575
7846,110.999305725098,68.9101715087891,541.855346679688,-1046309.96275057
7847,111.499305725098,68.5165710449219,546.582336425781,-1086768.77688879
7848,110.999305725098,68.9101715087891,527.979675292969,-1049999.88787439
7849,111.499305725098,68.5165710449219,532.780008951823,-1088433.28705027
7850,110.999305725098,68.9101715087891,514.102681477865,-1050097.16667878
7851,111.499305725098,68.5165710449219,518.979014078776,-1084863.6062244
7852,110.999305725098,68.9101715087891,500.226348876953,-1048500.37132354
7853,111.499305725098,68.5165710449219,505.17734781901,-1078327.54805564
7854,110.999305725098,68.9101715087891,486.352671305339,-1049096.22641297
7855,111.499305725098,68.5165710449219,491.377014160156,-1078529.10659076
7856,110.999305725098,68.9101715087891,472.477335611979,-1054685.38761019
7857,111.499305725098,68.5165710449219,477.578002929688,-1087723.39876158
7858,110.999305725098,68.9101715087891,458.601013183594,-1059896.05932358
7859,111.499305725098,68.5165710449219,463.776011149089,-1097265.46326062
7860,110.999305725098,68.9101715087891,444.725667317708,-1063887.83216851
7861,111.499305725098,68.5165710449219,449.976013183594,-1108330.72421451
7862,110.999305725098,68.9101715087891,430.848337809245,-1074201.81640861
7863,111.499305725098,68.5165710449219,436.174997965495,-1127381.52942102
7864,110.999305725098,68.9101715087891,416.972015380859,-1091960.93282923
7865,111.499305725098,68.5165710449219,422.373016357422,-1146662.60877569
7866,110.999305725098,68.9101715087891,403.097666422526,-1110229.1659313
7867,111.499305725098,68.5165710449219,408.573008219401,-1158560.87352672
7868,110.999305725098,68.9101715087891,389.221333821615,-1123125.50901491
7869,111.499305725098,68.5165710449219,394.77300008138,-1163433.3301305
7870,110.999305725098,68.9101715087891,375.344940185547,-1124880.25703588
7871,111.499305725098,68.5165710449219,380.971038818359,-1160350.22873252
7872,110.999305725098,68.9101715087891,361.469665527344,-1114860.35685559
7873,111.499305725098,68.5165710449219,367.169138590495,-1149180.48815638
7874,110.999305725098,68.9101715087891,347.596160888672,-1100989.52589255
7875,111.499305725098,68.5165710449219,353.370025634766,-1138765.95449994
7876,110.999305725098,68.9101715087891,333.720764160156,-1095341.88882898
7877,111.499305725098,68.5165710449219,339.570892333984,-1139384.24634375
7878,110.999305725098,68.9101715087891,319.842569986979,-1103610.37630946
7879,111.499305725098,68.5165710449219,325.768961588542,-995361.922984801
7880,110.999305725098,68.9101715087891,305.967173258464,-1117465.08866276
7881,111.499305725098,68.5165710449219,311.967041015625,-1059722.80854401
7882,110.999305725098,68.9101715087891,292.091776529948,-1126483.9279204
7883,111.499305725098,68.5165710449219,298.16791788737,-1133484.93280129
7884,110.999305725098,68.9101715087891,278.213572184245,-1135005.26144431
7885,111.499305725098,68.5165710449219,284.365987141927,-1200365.60555673
7886,110.999305725098,68.9101715087891,264.338205973307,-1137844.10036088
7887,111.499305725098,68.5165710449219,270.564046223958,-1178028.78230884
7888,110.999305725098,68.9101715087891,250.464701334635,-1124352.81812856
7889,111.499305725098,68.5165710449219,256.764938354492,-1215052.94664846
7890,110.999305725098,68.9101715087891,236.588368733724,-1097223.06297655
7891,111.499305725098,68.5165710449219,242.964869181315,-1198175.00839447
7892,110.999305725098,68.9101715087891,222.713002522786,-1087955.14732729
7893,111.499305725098,68.5165710449219,229.162938435872,-1160656.36623737
7894,110.999305725098,68.9101715087891,208.835734049479,-1075957.783533
7895,111.499305725098,68.5165710449219,215.361968994141,-1129717.76199961
7896,110.999305725098,68.9101715087891,194.959406534831,-1046472.668264
7897,111.499305725098,68.5165710449219,201.560002644857,-1138177.74002738
7898,110.999305725098,68.9101715087891,181.084167480469,-1027435.31927881
7899,111.499305725098,68.5165710449219,187.76003519694,-1069568.21961458
7900,110.999305725098,68.9101715087891,167.206670125326,-1028731.09303537
7901,111.499305725098,68.5165710449219,173.958999633789,-1049625.59719726
7902,110.999305725098,68.9101715087891,153.33066813151,-1198356.05740218
7903,111.499305725098,68.5165710449219,160.157002766927,-1001565.39311413
7904,110.999305725098,68.9101715087891,139.458002726237,-1151056.15763711
7905,111.499305725098,68.5165710449219,146.357335408529,-920007.285503801
7906,110.999305725098,68.9101715087891,125.583333333333,-1418724.93950708
7907,111.499305725098,68.5165710449219,132.558670043945,-887568.178427616
7908,110.999305725098,68.9101715087891,111.707331339518,-1511466.27158144
7909,111.499305725098,68.5165710449219,118.756998697917,-980645.860116563
7910,110.999305725098,68.9101715087891,97.8296712239583,-1193670.2674604
7911,111.499305725098,68.5165710449219,104.955001831055,-1214191.42917386
7912,110.999305725098,68.9101715087891,83.954335530599,-1133557.23913949
7913,111.499305725098,68.5165710449219,91.1536712646484,-1281148.36389873
7914,110.999305725098,68.9101715087891,70.0783386230469,-786232.422989468
7915,111.499305725098,68.5165710449219,77.35400390625,-1102312.31037253
7916,110.999305725098,68.9101715087891,56.200673421224,-1316039.76188081
7917,111.499305725098,68.5165710449219,63.552007039388,-938354.801898361
7918,110.999305725098,68.9101715087891,42.3253377278646,-894225.628232108
7919,111.499305725098,68.5165710449219,49.7506713867188,-1395785.30584432
7920,111.499305725098,68.5165710449219,35.9510040283203,-856380.696600195
7921,112.499305725098,67.762336730957,560.383992513021,-1126267.09684185
7922,112.999305725098,67.4017028808594,555.883321126302,-1126267.09684185
7923,112.499305725098,67.762336730957,542.231994628906,-1086768.77688879
7924,112.999305725098,67.4017028808594,546.882649739583,-1131292.3512515
7925,112.499305725098,67.762336730957,528.579671223958,-1088433.28705027
7926,112.999305725098,67.4017028808594,533.304667154948,-1130621.25527761
7927,112.499305725098,67.762336730957,514.928334554036,-1084863.6062244
7928,112.999305725098,67.4017028808594,519.728658040365,-1124407.49273457
7929,112.499305725098,67.762336730957,501.279012044271,-1078327.54805564
7930,112.999305725098,67.4017028808594,506.153666178385,-1117330.40434537
7931,112.499305725098,67.762336730957,487.628682454427,-1078529.10659076
7932,112.999305725098,67.4017028808594,492.579681396484,-1114921.18679915
7933,112.499305725098,67.762336730957,473.977345784505,-1087723.39876158
7934,112.999305725098,67.4017028808594,479.003682454427,-1121742.77988452
7935,112.499305725098,67.762336730957,460.325347900391,-1097265.46326062
7936,112.999305725098,67.4017028808594,465.426015218099,-1137643.06482489
7937,112.499305725098,67.762336730957,446.67567952474,-1108330.72421451
7938,112.999305725098,67.4017028808594,451.850016276042,-1161538.13688158
7939,112.499305725098,67.762336730957,433.024342854818,-1127381.52942102
7940,112.999305725098,67.4017028808594,438.274678548177,-1187111.97573563
7941,112.499305725098,67.762336730957,419.374013264974,-1146662.60877569
7942,112.999305725098,67.4017028808594,424.69867960612,-1205123.23004027
7943,112.499305725098,67.762336730957,405.724670410156,-1158560.87352672
7944,112.999305725098,67.4017028808594,411.124674479167,-1213108.54111851
7945,112.499305725098,67.762336730957,392.073333740234,-1163433.3301305
7946,112.999305725098,67.4017028808594,397.549662272135,-1211398.76283447
7947,112.499305725098,67.762336730957,378.421305338542,-1160350.22873252
7948,112.999305725098,67.4017028808594,383.971934000651,-1202047.05558547
7949,112.499305725098,67.762336730957,364.769938151042,-1149180.48815638
7950,112.999305725098,67.4017028808594,370.396006266276,-1191924.16682667
7951,112.499305725098,67.762336730957,351.118662516276,-1138765.95449994
7952,112.999305725098,67.4017028808594,356.819101969401,-1188180.46227626
7953,112.499305725098,67.762336730957,337.469258626302,-1139384.24634375
7954,112.999305725098,67.4017028808594,343.2431640625,-1194505.24508352
7955,112.499305725098,67.762336730957,323.81699625651,-1151313.55037192
7956,112.999305725098,67.4017028808594,329.667165120443,-952386.420603728
7957,112.499305725098,67.762336730957,310.167643229167,-1163717.9183031
7958,112.999305725098,67.4017028808594,316.09120686849,-1013028.34442605
7959,112.499305725098,67.762336730957,296.518259684245,-1173386.41364789
7960,112.999305725098,67.4017028808594,302.51811726888,-1042006.63946906
7961,112.499305725098,67.762336730957,282.866017659505,-1180537.87224992
7962,112.999305725098,67.4017028808594,288.942148844401,-1147106.75308218
7963,112.499305725098,67.762336730957,269.214752197266,-1175121.7787158
7964,112.999305725098,67.4017028808594,275.36430867513,-1180102.9445919
7965,112.499305725098,67.762336730957,255.565338134766,-1153648.82473734
7966,112.999305725098,67.4017028808594,261.789311726888,-1267971.83047251
7967,112.499305725098,67.762336730957,241.913101196289,-1120620.82741005
7968,112.999305725098,67.4017028808594,248.213333129883,-1230375.23680575
7969,112.499305725098,67.762336730957,228.263737996419,-1110970.57988379
7970,112.999305725098,67.4017028808594,234.637400309245,-1172101.21443671
7971,112.499305725098,67.762336730957,214.612436930339,-1105023.89496499
7972,112.999305725098,67.4017028808594,221.064270019531,-1068983.35079268
7973,112.499305725098,67.762336730957,200.960199991862,-1086281.19064833
7974,112.999305725098,67.4017028808594,207.486399332682,-1132258.69539633
7975,112.499305725098,67.762336730957,187.31086730957,-1069568.21961458
7976,112.999305725098,67.4017028808594,193.910435994466,-1120407.67602228
7977,112.499305725098,67.762336730957,173.65966796875,-1049625.59719726
7978,112.999305725098,67.4017028808594,180.33566792806,-1099336.63116925
7979,112.499305725098,67.762336730957,160.007334391276,-1077895.99990974
7980,112.999305725098,67.4017028808594,166.757670084635,-1048482.86280816
7981,112.499305725098,67.762336730957,146.357335408529,-954067.644719158
7982,112.999305725098,67.4017028808594,153.180999755859,-976764.287995142
7983,112.499305725098,67.762336730957,132.708338419596,-1211697.48337786
7984,112.999305725098,67.4017028808594,139.607671101888,-944126.503849162
7985,112.499305725098,67.762336730957,119.056335449219,-980645.860116563
7986,112.999305725098,67.4017028808594,126.032338460286,-1003951.26410319
7987,112.499305725098,67.762336730957,105.404001871745,-1214191.42917386
7988,112.999305725098,67.4017028808594,112.45566813151,-1133266.00738063
7989,112.499305725098,67.762336730957,91.753672281901,-1281148.36389873
7990,112.999305725098,67.4017028808594,98.878672281901,-1306040.71943608
7991,112.499305725098,67.762336730957,78.1033376057943,-1102312.31037253
7992,112.999305725098,67.4017028808594,85.3036702473958,-1215829.62386067
7993,112.499305725098,67.762336730957,64.4513397216797,-938354.801898361
7994,112.999305725098,67.4017028808594,71.7270050048828,-1284669.19445716
7995,112.499305725098,67.762336730957,50.8026682535807,-2310923.48241179
7996,112.999305725098,67.4017028808594,58.1520029703776,-1118416.42993002
7997,112.499305725098,67.762336730957,37.152338663737,-856380.696600195
7998,112.999305725098,67.4017028808594,44.5786692301432,-1487523.24369072
7999,112.999305725098,67.4017028808594,31.0020039876302,-855006.146810635
8000,113.999272664388,66.7152684529622,560.457336425781,-1149324.12395539
8001,114.499239603678,66.3894678751628,556.032999674479,-1149324.12395539
8002,113.999272664388,66.7152684529622,542.605672200521,-1131292.3512515
8003,114.499239603678,66.3894678751628,547.182006835938,-1150735.68222577
8004,113.999272664388,66.7152684529622,529.1806640625,-1130621.25527761
8005,114.499239603678,66.3894678751628,533.831013997396,-1148132.50476776
8006,113.999272664388,66.7152684529622,515.754323323568,-1124407.49273457
8007,114.499239603678,66.3894678751628,520.481333414714,-1143831.97069404
8008,113.999272664388,66.7152684529622,502.32899983724,-1117330.40434537
8009,114.499239603678,66.3894678751628,507.129333496094,-1140976.79225823
8010,113.999272664388,66.7152684529622,488.905670166016,-1114921.18679915
8011,114.499239603678,66.3894678751628,493.780334472656,-1139930.15634725
8012,113.999272664388,66.7152684529622,475.479349772135,-1121742.77988452
8013,114.499239603678,66.3894678751628,480.430338541667,-1145870.82818144
8014,113.999272664388,66.7152684529622,462.050354003906,-1137643.06482489
8015,114.499239603678,66.3894678751628,467.077351888021,-1164828.161752
8016,113.999272664388,66.7152684529622,448.625010172526,-1161538.13688158
8017,114.499239603678,66.3894678751628,453.724680582682,-1195668.10391337
8018,113.999272664388,66.7152684529622,435.199686686198,-1187111.97573563
8019,114.499239603678,66.3894678751628,440.375681559245,-1225205.81089217
8020,113.999272664388,66.7152684529622,421.773010253906,-1205123.23004027
8021,114.499239603678,66.3894678751628,427.023681640625,-1242171.29731664
8022,113.999272664388,66.7152684529622,408.349670410156,-1213108.54111851
8023,114.499239603678,66.3894678751628,413.67333984375,-1245166.96178768
8024,113.999272664388,66.7152684529622,394.924662272135,-1211398.76283447
8025,114.499239603678,66.3894678751628,400.324666341146,-1236417.6826342
8026,113.999272664388,66.7152684529622,381.496398925781,-1202047.05558547
8027,114.499239603678,66.3894678751628,386.972798665365,-1221860.12323371
8028,113.999272664388,66.7152684529622,368.071207682292,-1191924.16682667
8029,114.499239603678,66.3894678751628,373.620971679688,-1212954.84143536
8030,113.999272664388,66.7152684529622,354.645904541016,-1188180.46227626
8031,114.499239603678,66.3894678751628,360.271942138672,-1216459.73211237
8032,113.999272664388,66.7152684529622,341.2177734375,-1194505.24508352
8033,114.499239603678,66.3894678751628,346.920074462891,-1230167.30460592
8034,113.999272664388,66.7152684529622,327.791534423828,-1208427.55132804
8035,114.499239603678,66.3894678751628,333.568237304688,-1245157.80757272
8036,113.999272664388,66.7152684529622,314.36811319987,-1218118.60400509
8037,114.499239603678,66.3894678751628,320.218271891276,-960200.259773274
8038,113.999272664388,66.7152684529622,300.942810058594,-1229064.0258152
8039,114.499239603678,66.3894678751628,306.86924235026,-1006458.62498473
8040,113.999272664388,66.7152684529622,287.516571044922,-1234472.78565372
8041,114.499239603678,66.3894678751628,293.517374674479,-1036547.37999788
8042,113.999272664388,66.7152684529622,274.091267903646,-1221036.92224877
8043,114.499239603678,66.3894678751628,280.167399088542,-1188693.16937296
8044,113.999272664388,66.7152684529622,260.663141886393,-1187771.39789401
8045,114.499239603678,66.3894678751628,266.815541585286,-1279763.74269056
8046,113.999272664388,66.7152684529622,247.236902872721,-1159347.59164729
8047,114.499239603678,66.3894678751628,253.462738037109,-1308389.99855911
8048,113.999272664388,66.7152684529622,233.811630249023,-1153648.87270532
8049,114.499239603678,66.3894678751628,240.110900878906,-1200325.34763407
8050,113.999272664388,66.7152684529622,220.388198852539,-1147841.34203158
8051,114.499239603678,66.3894678751628,226.761896769206,-1116322.80778071
8052,113.999272664388,66.7152684529622,206.961934407552,-1132258.69539633
8053,114.499239603678,66.3894678751628,213.411900838216,-1160400.05270433
8054,113.999272664388,66.7152684529622,193.534739176432,-1120407.67602228
8055,114.499239603678,66.3894678751628,200.060038248698,-1141007.10564689
8056,113.999272664388,66.7152684529622,180.109675089518,-1061229.30193276
8057,114.499239603678,66.3894678751628,186.709177652995,-1110802.82477281
8058,113.999272664388,66.7152684529622,166.683334350586,-965011.221041693
8059,114.499239603678,66.3894678751628,173.359339396159,-1063729.31521872
8060,113.999272664388,66.7152684529622,153.255335489909,-848634.861279696
8061,114.499239603678,66.3894678751628,160.007334391276,-1013257.12375719
8062,113.999272664388,66.7152684529622,139.831670125326,-944126.503849162
8063,114.499239603678,66.3894678751628,146.655670166016,-993926.115444063
8064,113.999272664388,66.7152684529622,126.408004760742,-1003951.26410319
8065,114.499239603678,66.3894678751628,133.30800374349,-1037007.58984979
8066,113.999272664388,66.7152684529622,112.980005900065,-1133266.00738063
8067,114.499239603678,66.3894678751628,119.956339518229,-1093481.82032136
8068,113.999272664388,66.7152684529622,99.5546722412109,-1306040.71943608
8069,114.499239603678,66.3894678751628,106.604339599609,-1144701.9625153
8070,113.999272664388,66.7152684529622,86.1296691894531,-1215829.62386067
8071,114.499239603678,66.3894678751628,93.2556711832682,-1219191.11905406
8072,113.999272664388,66.7152684529622,72.7003377278646,-1284669.19445716
8073,114.499239603678,66.3894678751628,79.9026692708333,-1422636.86229282
8074,113.999272664388,66.7152684529622,59.277333577474,-1118416.42993002
8075,114.499239603678,66.3894678751628,66.5500030517578,-1381793.46559222
8076,113.999272664388,66.7152684529622,45.8536732991536,-1487523.24369072
8077,114.499239603678,66.3894678751628,53.2030029296875,-1507543.54537878
8078,113.999272664388,66.7152684529622,32.4256693522135,-1966789.40400979
8079,114.499239603678,66.3894678751628,39.8510080973307,-1659785.3418615
8080,114.499239603678,66.3894678751628,26.4993387858073,-815523.325790152
8081,115.499206542969,65.7718022664388,560.533671061198,-1180430.96753957
8082,115.999206542969,65.4799372355143,556.182678222656,-1180430.96753957
8083,115.499206542969,65.7718022664388,542.98134358724,-1150735.68222577
8084,115.999206542969,65.4799372355143,547.48134358724,-1178546.73661409
8085,115.499206542969,65.7718022664388,529.780354817708,-1148132.50476776
8086,115.999206542969,65.4799372355143,534.354349772135,-1176633.9080131
8087,115.499206542969,65.7718022664388,516.582000732422,-1143831.97069404
8088,115.999206542969,65.4799372355143,521.230672200521,-1177880.47260749
8089,115.499206542969,65.7718022664388,503.381001790365,-1140976.79225823
8090,115.999206542969,65.4799372355143,508.106658935547,-1178839.72668933
8091,115.499206542969,65.7718022664388,490.178670247396,-1139930.15634725
8092,115.999206542969,65.4799372355143,494.97900390625,-1179759.9561942
8093,115.499206542969,65.7718022664388,476.979329427083,-1145870.82818144
8094,115.999206542969,65.4799372355143,481.852996826172,-1185114.85702057
8095,115.499206542969,65.7718022664388,463.776011149089,-1164828.161752
8096,115.999206542969,65.4799372355143,468.72699991862,-1203643.68707628
8097,115.499206542969,65.7718022664388,450.574005126953,-1195668.10391337
8098,115.999206542969,65.4799372355143,455.598337809245,-1236028.49454951
8099,115.499206542969,65.7718022664388,437.376678466797,-1225205.81089217
8100,115.999206542969,65.4799372355143,442.475331624349,-1268186.78272335
8101,115.499206542969,65.7718022664388,424.174682617188,-1242171.29731664
8102,115.999206542969,65.4799372355143,429.351684570312,-1286528.3284805
8103,115.499206542969,65.7718022664388,410.973002115885,-1245166.96178768
8104,115.999206542969,65.4799372355143,416.223673502604,-1290249.79610762
8105,115.499206542969,65.7718022664388,397.773010253906,-1236417.6826342
8106,115.999206542969,65.4799372355143,403.097676595052,-1280940.37990791
8107,115.499206542969,65.7718022664388,384.571838378906,-1221860.12323371
8108,115.999206542969,65.4799372355143,389.972045898438,-1264474.44754401
8109,115.499206542969,65.7718022664388,371.371500651042,-1212954.84143536
8110,115.999206542969,65.4799372355143,376.845967610677,-1253799.12964488
8111,115.499206542969,65.7718022664388,358.172170003255,-1216459.73211237
8112,115.999206542969,65.4799372355143,363.721964518229,-1258001.43812416
8113,115.499206542969,65.7718022664388,344.970937093099,-1230167.30460592
8114,115.999206542969,65.4799372355143,350.596995035807,-1278055.90122007
8115,115.499206542969,65.7718022664388,331.768839518229,-1245157.80757272
8116,115.999206542969,65.4799372355143,337.46923828125,-1297538.06769706
8117,115.499206542969,65.7718022664388,318.569539388021,-1255547.64674242
8118,115.999206542969,65.4799372355143,324.343404134115,-938797.768228037
8119,115.499206542969,65.7718022664388,305.367401123047,-1260186.06016645
8120,115.999206542969,65.4799372355143,311.217539469401,-951523.187717118
8121,115.499206542969,65.7718022664388,292.168060302734,-1253827.08054202
8122,115.999206542969,65.4799372355143,298.091654459635,-953243.381001726
8123,115.499206542969,65.7718022664388,278.967803955078,-1231157.04235117
8124,115.999206542969,65.4799372355143,284.967661539714,-1104691.05802342
8125,115.499206542969,65.7718022664388,265.765665690104,-1197818.48983457
8126,115.999206542969,65.4799372355143,271.841796875,-1261338.24482318
8127,115.499206542969,65.7718022664388,252.562571207682,-1175734.29858607
8128,115.999206542969,65.4799372355143,258.713099161784,-1329658.183707
8129,115.499206542969,65.7718022664388,239.361368815104,-1175796.68639061
8130,115.999206542969,65.4799372355143,245.587203979492,-1248062.94774721
8131,115.499206542969,65.7718022664388,226.162099202474,-1174514.90082952
8132,115.999206542969,65.4799372355143,232.46230061849,-1234301.1583656
8133,115.499206542969,65.7718022664388,212.961837768555,-1160400.05270433
8134,115.999206542969,65.4799372355143,219.338338216146,-1222393.71529852
8135,115.499206542969,65.7718022664388,199.760609944661,-1141007.10564689
8136,115.999206542969,65.4799372355143,206.212443033854,-1199586.81837937
8137,115.499206542969,65.7718022664388,186.55854288737,-1034233.16836061
8138,115.999206542969,65.4799372355143,193.084676106771,-1163796.30569861
8139,115.499206542969,65.7718022664388,173.359339396159,-897182.561745012
8140,115.999206542969,65.4799372355143,179.959040323893,-1121744.41977932
8141,115.499206542969,65.7718022664388,160.157002766927,-776429.791573745
8142,115.999206542969,65.4799372355143,166.833002726237,-1082217.56204855
8143,115.499206542969,65.7718022664388,146.957672119141,-993926.115444063
8144,115.999206542969,65.4799372355143,153.707005818685,-1079126.51873841
8145,115.499206542969,65.7718022664388,133.758336385091,-1037007.58984979
8146,115.999206542969,65.4799372355143,140.584004720052,-1133115.08691412
8147,115.499206542969,65.7718022664388,120.556004842122,-1093481.82032136
8148,115.999206542969,65.4799372355143,127.458002726237,-1171857.9783855
8149,115.499206542969,65.7718022664388,107.355005900065,-1144701.9625153
8150,115.999206542969,65.4799372355143,114.330337524414,-1221368.03902934
8151,115.499206542969,65.7718022664388,94.1546681722005,-1219191.11905406
8152,115.999206542969,65.4799372355143,101.204335530599,-1265316.04044004
8153,115.499206542969,65.7718022664388,80.9546712239583,-1422636.86229282
8154,115.999206542969,65.4799372355143,88.0806681315104,-1401764.71053354
8155,115.499206542969,65.7718022664388,67.7513376871745,-1381793.46559222
8156,115.999206542969,65.4799372355143,74.9536743164062,-1461245.71147345
8157,115.499206542969,65.7718022664388,54.5523376464844,-1507543.54537878
8158,115.999206542969,65.4799372355143,61.8280029296875,-1619382.35025068
8159,115.499206542969,65.7718022664388,41.3500061035156,-1659785.3418615
8160,115.999206542969,65.4799372355143,48.7020060221354,-1795112.09324688
8161,115.499206542969,65.7718022664388,28.1490071614583,-2059003.26483486
8162,115.999206542969,65.4799372355143,35.5743357340495,-2051549.66746616
8163,115.999206542969,65.4799372355143,22.4493408203125,-784126.90599802
8164,116.998240152995,64.9300715128581,560.607014973958,-1181479.73856642
8165,117.497273763021,64.6720708211263,556.332356770833,-1181479.73856642
8166,116.998240152995,64.9300715128581,543.354349772135,-1178546.73661409
8167,117.497273763021,64.6720708211263,547.781026204427,-1177520.76429261
8168,116.998240152995,64.9300715128581,530.380004882812,-1176633.9080131
8169,117.497273763021,64.6720708211263,534.880004882812,-1178256.14040514
8170,116.998240152995,64.9300715128581,517.40565999349,-1177880.47260749
8171,117.497273763021,64.6720708211263,521.980997721354,-1184003.84853189
8172,116.998240152995,64.9300715128581,504.429667154948,-1178839.72668933
8173,117.497273763021,64.6720708211263,509.079996744792,-1191106.80966126
8174,116.998240152995,64.9300715128581,491.453338623047,-1179759.9561942
8175,117.497273763021,64.6720708211263,496.178344726562,-1200017.8330621
8176,116.998240152995,64.9300715128581,478.477335611979,-1185114.85702057
8177,117.497273763021,64.6720708211263,483.27734375,-1213544.34343016
8178,116.998240152995,64.9300715128581,465.499338785807,-1203643.68707628
8179,117.497273763021,64.6720708211263,470.376007080078,-1233077.42185377
8180,116.998240152995,64.9300715128581,452.523996988932,-1236028.49454951
8181,117.497273763021,64.6720708211263,457.474009195964,-1255801.00758945
8182,116.998240152995,64.9300715128581,439.550659179688,-1268186.78272335
8183,117.497273763021,64.6720708211263,444.574991861979,-1276122.37574811
8184,116.998240152995,64.9300715128581,426.574676513672,-1286528.3284805
8185,117.497273763021,64.6720708211263,431.674997965495,-1292113.48875691
8186,116.998240152995,64.9300715128581,413.598673502604,-1290249.79610762
8187,117.497273763021,64.6720708211263,418.772674560547,-1298210.75902428
8188,116.998240152995,64.9300715128581,400.622334798177,-1280940.37990791
8189,117.497273763021,64.6720708211263,405.87266031901,-1294199.13279226
8190,116.998240152995,64.9300715128581,387.647043863932,-1264474.44754401
8191,117.497273763021,64.6720708211263,392.972666422526,-1283853.95697983
8192,116.998240152995,64.9300715128581,374.6708984375,-1253799.12964488
8193,117.497273763021,64.6720708211263,380.071767171224,-1276478.76852682
8194,116.998240152995,64.9300715128581,361.696594238281,-1258001.43812416
8195,117.497273763021,64.6720708211263,367.171061197917,-1279988.24263991
8196,116.998240152995,64.9300715128581,348.721333821615,-1278055.90122007
8197,117.497273763021,64.6720708211263,354.271138509115,-1294850.45649214
8198,116.998240152995,64.9300715128581,335.743306477865,-1297538.06769706
8199,117.497273763021,64.6720708211263,341.369344075521,-1314915.89468401
8200,116.998240152995,64.9300715128581,322.768107096354,-1310285.42205581
8201,117.497273763021,64.6720708211263,328.467610677083,-937112.14693025
8202,116.998240152995,64.9300715128581,309.79194132487,-1312110.23014828
8203,117.497273763021,64.6720708211263,315.568644205729,-918252.012548444
8204,116.998240152995,64.9300715128581,296.815795898438,-1297306.53242857
8205,117.497273763021,64.6720708211263,302.665944417318,-912899.368440817
8206,116.998240152995,64.9300715128581,283.841512044271,-1266368.81286992
8207,117.497273763021,64.6720708211263,289.766052246094,-1033787.43936363
8208,116.998240152995,64.9300715128581,270.865366617839,-1235994.9385773
8209,117.497273763021,64.6720708211263,276.865224202474,-1207824.1595152
8210,116.998240152995,64.9300715128581,257.890162150065,-1226445.20478092
8211,117.497273763021,64.6720708211263,263.966298421224,-1311780.69219938
8212,116.998240152995,64.9300715128581,244.912068684896,-1231333.89925573
8213,117.497273763021,64.6720708211263,251.064498901367,-1241679.30329033
8214,116.998240152995,64.9300715128581,231.938771565755,-1234301.1583656
8215,117.497273763021,64.6720708211263,238.162704467773,-1246379.00968139
8216,116.998240152995,64.9300715128581,218.964508056641,-1222393.71529852
8217,117.497273763021,64.6720708211263,225.264739990234,-1231255.99549993
8218,116.998240152995,64.9300715128581,205.986440022786,-1089949.96653343
8219,117.497273763021,64.6720708211263,212.362004597982,-1195398.22606443
8220,116.998240152995,64.9300715128581,193.011240641276,-991818.89602744
8221,117.497273763021,64.6720708211263,199.461171468099,-1137991.70238157
8222,116.998240152995,64.9300715128581,180.035369873047,-872601.818293615
8223,117.497273763021,64.6720708211263,186.561436971029,-1080919.00807299
8224,116.998240152995,64.9300715128581,167.057001749674,-1082217.56204855
8225,117.497273763021,64.6720708211263,173.65966796875,-1062112.11926954
8226,116.998240152995,64.9300715128581,154.082672119141,-1079126.51873841
8227,117.497273763021,64.6720708211263,160.75666809082,-1098506.09890605
8228,116.998240152995,64.9300715128581,141.109339396159,-1133115.08691412
8229,117.497273763021,64.6720708211263,147.858673095703,-1150250.34271146
8230,116.998240152995,64.9300715128581,128.131337483724,-1171857.9783855
8231,117.497273763021,64.6720708211263,134.957005818685,-1150251.16354143
8232,116.998240152995,64.9300715128581,115.156000773112,-1221368.03902934
8233,117.497273763021,64.6720708211263,122.055002848307,-1098199.55744344
8234,116.998240152995,64.9300715128581,102.180002848307,-1265316.04044004
8235,117.497273763021,64.6720708211263,109.156336466471,-1146278.33957234
8236,116.998240152995,64.9300715128581,89.2056681315104,-1401764.71053354
8237,117.497273763021,64.6720708211263,96.2553354899089,-1480240.20762488
8238,116.998240152995,64.9300715128581,76.2296752929688,-1461245.71147345
8239,117.497273763021,64.6720708211263,83.3556722005208,-1341277.04114476
8240,116.998240152995,64.9300715128581,63.2533365885417,-1619382.35025068
8241,117.497273763021,64.6720708211263,70.4526723225911,-1579544.04500044
8242,116.998240152995,64.9300715128581,50.2783355712891,-1795112.09324688
8243,117.497273763021,64.6720708211263,57.5540008544922,-1795492.64090079
8244,116.998240152995,64.9300715128581,37.3003336588542,-2051549.66746616
8245,117.497273763021,64.6720708211263,44.652333577474,-2029453.22092131
8246,116.998240152995,64.9300715128581,24.3250020345052,-2100952.45551169
8247,117.497273763021,64.6720708211263,31.7506663004557,-2309891.47675099
8248,117.497273763021,64.6720708211263,18.850331624349,-765041.844986725
8249,118.496307373047,64.1927693684896,560.683349609375,-1200137.28265735
8250,118.996307373047,63.9714686075846,556.48301188151,-1200137.28265735
8251,118.496307373047,64.1927693684896,543.73134358724,-1177520.76429261
8252,118.996307373047,63.9714686075846,548.082336425781,-1193548.55710444
8253,118.496307373047,64.1927693684896,530.97900390625,-1178256.14040514
8254,118.996307373047,63.9714686075846,535.403666178385,-1197722.04045857
8255,118.496307373047,64.1927693684896,518.231669108073,-1184003.84853189
8256,118.996307373047,63.9714686075846,522.729675292969,-1208617.77001115
8257,118.496307373047,64.1927693684896,505.479339599609,-1191106.80966126
8258,118.996307373047,63.9714686075846,510.055674235026,-1223314.62366707
8259,118.496307373047,64.1927693684896,492.727345784505,-1200017.8330621
8260,118.996307373047,63.9714686075846,497.378011067708,-1242830.07439468
8261,118.496307373047,64.1927693684896,479.977010091146,-1213544.34343016
8262,118.996307373047,63.9714686075846,484.702006022135,-1264768.49189043
8263,118.496307373047,64.1927693684896,467.227345784505,-1233077.42185377
8264,118.996307373047,63.9714686075846,472.028340657552,-1281609.18700756
8265,118.496307373047,64.1927693684896,454.475016276042,-1255801.00758945
8266,118.996307373047,63.9714686075846,459.351684570312,-1291909.76019201
8267,118.496307373047,64.1927693684896,441.725667317708,-1276122.37574811
8268,118.996307373047,63.9714686075846,446.67567952474,-1298830.08722057
8269,118.496307373047,64.1927693684896,428.973663330078,-1292113.48875691
8270,118.996307373047,63.9714686075846,434,-1308534.05772654
8271,118.496307373047,64.1927693684896,416.221669514974,-1298210.75902428
8272,118.996307373047,63.9714686075846,421.322336832682,-1320300.51033079
8273,118.496307373047,64.1927693684896,403.473327636719,-1294199.13279226
8274,118.996307373047,63.9714686075846,408.64833577474,-1329384.45149342
8275,118.496307373047,64.1927693684896,390.722991943359,-1283853.95697983
8276,118.996307373047,63.9714686075846,395.973327636719,-1332616.90224222
8277,118.496307373047,64.1927693684896,377.971995035807,-1276478.76852682
8278,118.996307373047,63.9714686075846,383.297597249349,-1332522.14706662
8279,118.496307373047,64.1927693684896,365.220072428385,-1279988.24263991
8280,118.996307373047,63.9714686075846,370.620137532552,-1333066.11902266
8281,118.496307373047,64.1927693684896,352.469879150391,-1294850.45649214
8282,118.996307373047,63.9714686075846,357.944346110026,-1339535.28094066
8283,118.496307373047,64.1927693684896,339.719685872396,-1314915.89468401
8284,118.996307373047,63.9714686075846,345.270416259766,-1352448.15413128
8285,118.496307373047,64.1927693684896,326.968577067057,-1329191.93299918
8286,118.996307373047,63.9714686075846,332.594614664714,-1365427.74852568
8287,118.496307373047,64.1927693684896,314.218404134115,-1326755.52664003
8288,118.996307373047,63.9714686075846,319.918833414714,-903053.52129398
8289,118.496307373047,64.1927693684896,301.466349283854,-1302709.96391815
8290,118.996307373047,63.9714686075846,307.242106119792,-909304.961250361
8291,118.496307373047,64.1927693684896,288.714294433594,-1263855.72054489
8292,118.996307373047,63.9714686075846,294.564442952474,-1301046.18034568
8293,118.496307373047,64.1927693684896,275.966003417969,-1232210.92249218
8294,118.996307373047,63.9714686075846,281.890533447266,-1153746.20839855
8295,118.496307373047,64.1927693684896,263.216766357422,-1227123.37508841
8296,118.996307373047,63.9714686075846,269.216613769531,-1247019.49243308
8297,118.496307373047,64.1927693684896,250.464701334635,-1241679.30329033
8298,118.996307373047,63.9714686075846,256.540832519531,-1288892.00472121
8299,118.496307373047,64.1927693684896,237.712636311849,-1246379.00968139
8300,118.996307373047,63.9714686075846,243.86220296224,-1296434.40338493
8301,118.496307373047,64.1927693684896,224.962473551432,-1231255.99549993
8302,118.996307373047,63.9714686075846,231.186436971029,-1281175.88988418
8303,118.496307373047,64.1927693684896,212.21230061849,-1244519.6060511
8304,118.996307373047,63.9714686075846,218.512537638346,-1240679.05396974
8305,118.496307373047,64.1927693684896,199.461171468099,-1034256.81914152
8306,118.996307373047,63.9714686075846,205.836736043294,-1177244.99972677
8307,118.496307373047,64.1927693684896,186.712071736654,-816581.981883439
8308,118.996307373047,63.9714686075846,193.161875406901,-1116262.91171254
8309,118.496307373047,64.1927693684896,173.958999633789,-1062112.11926954
8310,118.996307373047,63.9714686075846,180.485336303711,-1093530.55290226
8311,118.496307373047,64.1927693684896,161.208669026693,-1098506.09890605
8312,118.996307373047,63.9714686075846,167.808334350586,-1134354.70886127
8313,118.496307373047,64.1927693684896,148.458674112956,-1150250.34271146
8314,118.996307373047,63.9714686075846,155.134674072266,-1189839.04509228
8315,118.496307373047,64.1927693684896,135.706339518229,-1150251.16354143
8316,118.996307373047,63.9714686075846,142.458674112956,-1204409.76526325
8317,118.496307373047,64.1927693684896,122.955337524414,-1098199.55744344
8318,118.996307373047,63.9714686075846,129.781005859375,-1157211.4328412
8319,118.496307373047,64.1927693684896,110.205337524414,-1146278.33957234
8320,118.996307373047,63.9714686075846,117.105336507161,-1197425.20218676
8321,118.496307373047,64.1927693684896,97.4570058186849,-1480240.20762488
8322,118.996307373047,63.9714686075846,104.430674235026,-1564102.47022138
8323,118.496307373047,64.1927693684896,84.7046712239583,-1341277.04114476
8324,118.996307373047,63.9714686075846,91.756337483724,-1438047.78427829
8325,118.496307373047,64.1927693684896,71.9526723225911,-1579544.04500044
8326,118.996307373047,63.9714686075846,79.0786743164062,-1368556.62240497
8327,118.496307373047,64.1927693684896,59.2036692301432,-1795492.64090079
8328,118.996307373047,63.9714686075846,66.4030049641927,-1548269.62487064
8329,118.496307373047,64.1927693684896,46.4526672363281,-2029453.22092131
8330,118.996307373047,63.9714686075846,53.7283376057943,-1847291.83674257
8331,118.496307373047,64.1927693684896,33.701665242513,-2309891.47675099
8332,118.996307373047,63.9714686075846,41.0516662597656,-1848123.4973081
8333,118.496307373047,64.1927693684896,20.9509989420573,-2105399.59937769
8334,118.996307373047,63.9714686075846,28.3766682942708,-858223.12004955
8335,118.996307373047,63.9714686075846,15.7006632486979,-721059.357192392
8336,119.996294657389,63.5599670410156,560.757670084635,-1199063.76688234
8337,120.496281941732,63.3697662353516,556.632670084635,-547428.001544865
8338,119.996294657389,63.5599670410156,544.105997721354,-625075.048931264
8339,120.496281941732,63.3697662353516,548.381673177083,-1193085.03839595
8340,119.996294657389,63.5599670410156,531.578653971354,-670385.567022076
8341,120.496281941732,63.3697662353516,535.929992675781,-1199117.07337515
8342,119.996294657389,63.5599670410156,519.0546875,-816443.097987563
8343,120.496281941732,63.3697662353516,523.47900390625,-1214352.05075221
8344,119.996294657389,63.5599670410156,506.528676350911,-884786.688859195
8345,120.496281941732,63.3697662353516,511.02968343099,-1237737.74087398
8346,119.996294657389,63.5599670410156,494.003336588542,-924019.934357415
8347,120.496281941732,63.3697662353516,498.577667236328,-1267782.97558123
8348,119.996294657389,63.5599670410156,481.477335611979,-936170.551542707
8349,120.496281941732,63.3697662353516,486.128000895182,-1294976.8801703
8350,119.996294657389,63.5599670410156,468.954010009766,-906365.796738173
8351,120.496281941732,63.3697662353516,473.678009033203,-1311814.62434194
8352,119.996294657389,63.5599670410156,456.427012125651,-889523.324151725
8353,120.496281941732,63.3697662353516,461.228342692057,-1315093.48498771
8354,119.996294657389,63.5599670410156,443.899678548177,-894982.604560468
8355,120.496281941732,63.3697662353516,448.774342854818,-1310173.81336988
8356,119.996294657389,63.5599670410156,431.375,-1308534.05772654
8357,120.496281941732,63.3697662353516,436.324666341146,-1309203.8730483
8358,119.996294657389,63.5599670410156,418.848673502604,-1320300.51033079
8359,120.496281941732,63.3697662353516,423.875,-1317546.12153304
8360,119.996294657389,63.5599670410156,406.32334391276,-1329384.45149342
8361,120.496281941732,63.3697662353516,411.423014322917,-1335531.33889416
8362,119.996294657389,63.5599670410156,393.79833984375,-1332616.90224222
8363,120.496281941732,63.3697662353516,398.973347981771,-1357086.31441131
8364,119.996294657389,63.5599670410156,381.272338867188,-1332522.14706662
8365,120.496281941732,63.3697662353516,386.522745768229,-1372123.97317863
8366,119.996294657389,63.5599670410156,368.744445800781,-1333066.11902266
8367,120.496281941732,63.3697662353516,374.071044921875,-1378503.3281581
8368,119.996294657389,63.5599670410156,356.219350179036,-1339535.28094066
8369,120.496281941732,63.3697662353516,361.619384765625,-1378497.06747206
8370,119.996294657389,63.5599670410156,343.695139567057,-1352448.15413128
8371,120.496281941732,63.3697662353516,349.169606526693,-1377924.55199909
8372,119.996294657389,63.5599670410156,331.171844482422,-1365427.74852568
8373,120.496281941732,63.3697662353516,336.721638997396,-1375782.27639816
8374,119.996294657389,63.5599670410156,318.64296468099,-1365116.82932608
8375,120.496281941732,63.3697662353516,324.269938151042,-1367939.37268509
8376,119.996294657389,63.5599670410156,306.115966796875,-1340655.08532247
8377,120.496281941732,63.3697662353516,311.816396077474,-1346638.97436226
8378,119.996294657389,63.5599670410156,293.590840657552,-1301046.18034568
8379,120.496281941732,63.3697662353516,299.366607666016,-1317429.38063382
8380,119.996294657389,63.5599670410156,281.064748128255,-1272443.53557385
8381,120.496281941732,63.3697662353516,286.914906819661,-1132857.25275731
8382,119.996294657389,63.5599670410156,268.541483561198,-1272228.57256716
8383,120.496281941732,63.3697662353516,274.465087890625,-1300209.19529323
8384,119.996294657389,63.5599670410156,256.014470418294,-1288892.00472121
8385,120.496281941732,63.3697662353516,262.015274047852,-1308659.592857
8386,119.996294657389,63.5599670410156,243.488403320312,-1296434.40338493
8387,120.496281941732,63.3697662353516,249.564539591471,-1306425.08013692
8388,119.996294657389,63.5599670410156,230.960433959961,-1456492.22046771
8389,120.496281941732,63.3697662353516,237.112833658854,-1287545.39301229
8390,119.996294657389,63.5599670410156,218.436269124349,-1406123.68929808
8391,120.496281941732,63.3697662353516,224.660202026367,-1239818.23979896
8392,119.996294657389,63.5599670410156,205.913009643555,-1250985.4917918
8393,120.496281941732,63.3697662353516,212.212305704753,-1172489.27960467
8394,119.996294657389,63.5599670410156,193.386906941732,-1116262.91171254
8395,120.496281941732,63.3697662353516,199.76247660319,-1180031.73429803
8396,119.996294657389,63.5599670410156,180.859003702799,-1093530.55290226
8397,120.496281941732,63.3697662353516,187.310770670573,-1105075.67387739
8398,119.996294657389,63.5599670410156,168.334004720052,-1134354.70886127
8399,120.496281941732,63.3697662353516,174.858337402344,-1124568.29222068
8400,119.996294657389,63.5599670410156,155.810674031576,-1189839.04509228
8401,120.496281941732,63.3697662353516,162.410339355469,-1142104.48154447
8402,119.996294657389,63.5599670410156,143.284673055013,-1204409.76526325
8403,120.496281941732,63.3697662353516,149.960673014323,-1141922.43342799
8404,119.996294657389,63.5599670410156,130.757339477539,-1157211.4328412
8405,120.496281941732,63.3697662353516,137.508672078451,-1122602.76082445
8406,119.996294657389,63.5599670410156,118.230672200521,-1197425.20218676
8407,120.496281941732,63.3697662353516,125.057006835938,-1173597.69879443
8408,119.996294657389,63.5599670410156,105.706339518229,-1564102.47022138
8409,120.496281941732,63.3697662353516,112.606338500977,-1308248.78398484
8410,119.996294657389,63.5599670410156,93.1800079345703,-1438047.78427829
8411,120.496281941732,63.3697662353516,100.156341552734,-1483549.71616443
8412,119.996294657389,63.5599670410156,80.6540069580078,-1368556.62240497
8413,120.496281941732,63.3697662353516,87.7036743164062,-1502993.17093254
8414,119.996294657389,63.5599670410156,68.1290079752604,-1548269.62487064
8415,120.496281941732,63.3697662353516,75.2540079752604,-1399369.02515103
8416,119.996294657389,63.5599670410156,55.6030069986979,-1847291.83674257
8417,120.496281941732,63.3697662353516,62.8043416341146,-1274145.45577703
8418,119.996294657389,63.5599670410156,43.0770009358724,-1848123.4973081
8419,120.496281941732,63.3697662353516,50.3526713053385,-2346625.10285549
8420,119.996294657389,63.5599670410156,30.5516713460286,-2571840.63175773
8421,120.496281941732,63.3697662353516,37.9020029703776,-3026299.88690619
8422,119.996294657389,63.5599670410156,18.0266723632812,-2129990.8600528
8423,120.496281941732,63.3697662353516,25.4520111083984,-1024246.51984468
8424,120.496281941732,63.3697662353516,13.0006713867188,-658863.923550958
8425,121.496259053548,63.0251668294271,560.8330078125,-1202539.13508545
8426,121.996248881022,62.8707682291667,556.782348632812,-454267.130426595
8427,121.496259053548,63.0251668294271,544.480672200521,-557513.422933949
8428,121.996248881022,62.8707682291667,548.681009928385,-1195731.10181065
8429,121.496259053548,63.0251668294271,532.180338541667,-604249.748047091
8430,121.996248881022,62.8707682291667,536.455342610677,-1201934.23027731
8431,121.496259053548,63.0251668294271,519.880330403646,-775046.356818655
8432,121.996248881022,62.8707682291667,524.230326334635,-1223296.01174974
8433,121.496259053548,63.0251668294271,507.578674316406,-869025.774645492
8434,121.996248881022,62.8707682291667,512.005004882812,-1259883.08213677
8435,121.496259053548,63.0251668294271,495.276326497396,-933268.338711755
8436,121.996248881022,62.8707682291667,499.776326497396,-1303386.74750821
8437,121.496259053548,63.0251668294271,482.979329427083,-931620.812434114
8438,121.996248881022,62.8707682291667,487.55332438151,-1336036.52688707
8439,121.496259053548,63.0251668294271,470.679005940755,-900869.885064066
8440,121.996248881022,62.8707682291667,475.329661051432,-1349977.0746867
8441,121.496259053548,63.0251668294271,458.37700398763,-871301.118122002
8442,121.996248881022,62.8707682291667,463.103668212891,-1346669.90450257
8443,121.496259053548,63.0251668294271,446.074005126953,-889954.266520301
8444,121.996248881022,62.8707682291667,450.875335693359,-1333506.1752973
8445,121.496259053548,63.0251668294271,433.773996988932,-946472.651362512
8446,121.996248881022,62.8707682291667,438.648671468099,-1321101.59319646
8447,121.496259053548,63.0251668294271,421.475667317708,-1317546.12153304
8448,121.996248881022,62.8707682291667,426.424997965495,-1321535.79256496
8449,121.496259053548,63.0251668294271,409.173675537109,-1335531.33889416
8450,121.996248881022,62.8707682291667,414.200002034505,-1342646.83975031
8451,121.496259053548,63.0251668294271,396.87168375651,-1357086.31441131
8452,121.996248881022,62.8707682291667,401.972340901693,-1379228.03168185
8453,121.496259053548,63.0251668294271,384.573750813802,-1372123.97317863
8454,121.996248881022,62.8707682291667,389.747680664062,-1415383.78118074
8455,121.496259053548,63.0251668294271,372.271647135417,-1378503.3281581
8456,121.996248881022,62.8707682291667,377.523946126302,-1438619.38182155
8457,121.496259053548,63.0251668294271,359.969706217448,-1378497.06747206
8458,121.996248881022,62.8707682291667,365.295369466146,-1442759.8483057
8459,121.496259053548,63.0251668294271,347.669637044271,-1377924.55199909
8460,121.996248881022,62.8707682291667,353.069702148438,-1429872.50976125
8461,121.496259053548,63.0251668294271,335.369506835938,-1375782.27639816
8462,121.996248881022,62.8707682291667,340.843037923177,-1403147.31354124
8463,121.496259053548,63.0251668294271,323.070332845052,-1367939.37268509
8464,121.996248881022,62.8707682291667,328.620107014974,-1370875.02770393
8465,121.496259053548,63.0251668294271,310.767466227214,-1346638.97436226
8466,121.996248881022,62.8707682291667,316.39442952474,-1339455.45139722
8467,121.496259053548,63.0251668294271,298.467376708984,-1317429.38063382
8468,121.996248881022,62.8707682291667,304.167805989583,-1329784.04271835
8469,121.496259053548,63.0251668294271,286.165384928385,-1298531.98829067
8470,121.996248881022,62.8707682291667,291.942087809245,-1342895.94680379
8471,121.496259053548,63.0251668294271,273.865295410156,-1300209.19529323
8472,121.996248881022,62.8707682291667,279.71543375651,-1361124.33477426
8473,121.496259053548,63.0251668294271,261.56521097819,-1308659.592857
8474,121.996248881022,62.8707682291667,267.491628011068,-1362326.56402325
8475,121.496259053548,63.0251668294271,249.265106201172,-1265192.95130468
8476,121.996248881022,62.8707682291667,255.264973958333,-1337128.30793824
8477,121.496259053548,63.0251668294271,236.963134765625,-1488995.81504035
8478,121.996248881022,62.8707682291667,243.039271036784,-1293699.55351689
8479,121.496259053548,63.0251668294271,224.662099202474,-1520824.91956495
8480,121.996248881022,62.8707682291667,230.812632242839,-1235692.11734194
8481,121.496259053548,63.0251668294271,212.362009684245,-1172489.27960467
8482,121.996248881022,62.8707682291667,218.587870279948,-1165503.44972671
8483,121.496259053548,63.0251668294271,200.061904907227,-1118768.00622667
8484,121.996248881022,62.8707682291667,206.362141927083,-1122571.99900779
8485,121.496259053548,63.0251668294271,187.759938557943,-1105075.67387739
8486,121.996248881022,62.8707682291667,194.135503133138,-1132962.23841402
8487,121.496259053548,63.0251668294271,175.460001627604,-1124568.29222068
8488,121.996248881022,62.8707682291667,181.90983581543,-1166481.7194417
8489,121.496259053548,63.0251668294271,163.160669962565,-1142104.48154447
8490,121.996248881022,62.8707682291667,169.685999552409,-1150727.21901274
8491,121.496259053548,63.0251668294271,150.86067199707,-1141922.43342799
8492,121.996248881022,62.8707682291667,157.461003621419,-1065986.64473038
8493,121.496259053548,63.0251668294271,138.558670043945,-1122602.76082445
8494,121.996248881022,62.8707682291667,145.234670003255,-1010594.49164904
8495,121.496259053548,63.0251668294271,126.256673177083,-1173597.69879443
8496,121.996248881022,62.8707682291667,133.00700378418,-1117096.5776128
8497,121.496259053548,63.0251668294271,113.958338419596,-1308248.78398484
8498,121.996248881022,62.8707682291667,120.782338460286,-1244599.928861
8499,121.496259053548,63.0251668294271,101.656341552734,-1483549.71616443
8500,121.996248881022,62.8707682291667,108.558339436849,-1318575.71892855
8501,121.496259053548,63.0251668294271,89.3536732991536,-1502993.17093254
8502,121.996248881022,62.8707682291667,96.3300069173177,-1583052.80717649
8503,121.496259053548,63.0251668294271,77.0533396402995,-1399369.02515103
8504,121.996248881022,62.8707682291667,84.1033376057943,-1665438.61032468
8505,121.496259053548,63.0251668294271,64.7553405761719,-1274145.45577703
8506,121.996248881022,62.8707682291667,71.8793385823568,-2032677.76162205
8507,121.496259053548,63.0251668294271,52.4533386230469,-1397849.88353964
8508,121.996248881022,62.8707682291667,59.6546732584635,-1814606.45238037
8509,121.496259053548,63.0251668294271,40.1513366699219,-3026299.88690619
8510,121.996248881022,62.8707682291667,47.427001953125,-2552943.78655213
8511,121.496259053548,63.0251668294271,27.8513437906901,-1024246.51984468
8512,121.996248881022,62.8707682291667,35.2003377278646,-3286170.52008605
8513,121.496259053548,63.0251668294271,15.5513407389323,-2133656.30130446
8514,121.996248881022,62.8707682291667,22.9766743977865,-1161524.82599223
8515,121.996248881022,62.8707682291667,10.75,-594505.016519865
8516,122.998110453288,62.5967686971029,560.907348632812,-1214824.87682147
8517,123.499982198079,62.4771677652995,556.933024088542,-326499.554925956
8518,122.998110453288,62.5967686971029,544.854349772135,-453594.318275973
8519,123.499982198079,62.4771677652995,548.981363932292,-1203694.37702707
8520,122.998110453288,62.5967686971029,532.780334472656,-483330.938981852
8521,123.499982198079,62.4771677652995,536.97900390625,-1207030.1374042
8522,122.998110453288,62.5967686971029,520.705993652344,-703062.508553631
8523,123.499982198079,62.4771677652995,524.980997721354,-1234319.10617432
8524,122.998110453288,62.5967686971029,508.629333496094,-819759.213029148
8525,123.499982198079,62.4771677652995,512.980326334635,-1283532.92734696
8526,122.998110453288,62.5967686971029,496.551330566406,-903789.521846593
8527,123.499982198079,62.4771677652995,500.978006998698,-1337705.08054286
8528,122.998110453288,62.5967686971029,484.477986653646,-896064.077406124
8529,123.499982198079,62.4771677652995,488.975992838542,-1378066.09096634
8530,122.998110453288,62.5967686971029,472.404998779297,-889522.022045658
8531,123.499982198079,62.4771677652995,476.979329427083,-1392314.22005723
8532,122.998110453288,62.5967686971029,460.327667236328,-860707.848421962
8533,123.499982198079,62.4771677652995,464.978342692057,-1384724.77691201
8534,122.998110453288,62.5967686971029,448.25,-875566.04926632
8535,123.499982198079,62.4771677652995,452.975667317708,-1365240.33661026
8536,122.998110453288,62.5967686971029,436.174346923828,-958062.289203797
8537,123.499982198079,62.4771677652995,440.974344889323,-1344217.26247748
8538,122.998110453288,62.5967686971029,424.099334716797,-967706.06908252
8539,123.499982198079,62.4771677652995,428.974009195964,-1334576.09940066
8540,122.998110453288,62.5967686971029,412.024993896484,-1342646.83975031
8541,123.499982198079,62.4771677652995,416.97499593099,-1351920.36278665
8542,122.998110453288,62.5967686971029,399.947001139323,-1379228.03168185
8543,123.499982198079,62.4771677652995,404.973327636719,-1396028.83867113
8544,122.998110453288,62.5967686971029,387.872009277344,-1415383.78118074
8545,123.499982198079,62.4771677652995,392.970672607422,-1452498.90362887
8546,122.998110453288,62.5967686971029,375.798004150391,-1438619.38182155
8547,123.499982198079,62.4771677652995,380.972137451172,-1499558.20820751
8548,122.998110453288,62.5967686971029,363.721964518229,-1442759.8483057
8549,123.499982198079,62.4771677652995,368.972300211589,-1520912.14353419
8550,122.998110453288,62.5967686971029,351.64409383138,-1429872.50976125
8551,123.499982198079,62.4771677652995,356.970692952474,-1505032.0868989
8552,122.998110453288,62.5967686971029,339.567138671875,-1403147.31354124
8553,123.499982198079,62.4771677652995,344.968129475911,-1455804.54808924
8554,122.998110453288,62.5967686971029,327.493967692057,-1370875.02770393
8555,123.499982198079,62.4771677652995,332.967468261719,-1389207.19193919
8556,122.998110453288,62.5967686971029,315.42079671224,-1339455.45139722
8557,123.499982198079,62.4771677652995,320.970560709635,-1337130.44640235
8558,122.998110453288,62.5967686971029,303.342010498047,-1329784.04271835
8559,123.499982198079,62.4771677652995,308.968037923177,-1334957.6439531
8560,122.998110453288,62.5967686971029,291.26601155599,-1342895.94680379
8561,123.499982198079,62.4771677652995,296.965504964193,-1386094.84567637
8562,122.998110453288,62.5967686971029,279.191904703776,-1361124.33477426
8563,123.499982198079,62.4771677652995,284.965779622396,-1446579.35253299
8564,122.998110453288,62.5967686971029,267.117818196615,-1362326.56402325
8565,123.499982198079,62.4771677652995,272.967956542969,-1466584.36580366
8566,122.998110453288,62.5967686971029,255.038970947266,-1127865.89029622
8567,123.499982198079,62.4771677652995,260.965398152669,-1428317.15437449
8568,122.998110453288,62.5967686971029,242.963007609049,-1411425.68103943
8569,123.499982198079,62.4771677652995,248.96283976237,-1350036.0810124
8570,122.998110453288,62.5967686971029,230.888900756836,-1566445.47074311
8571,123.499982198079,62.4771677652995,236.963139851888,-1249848.46930083
8572,122.998110453288,62.5967686971029,218.813873291016,-1165503.44972671
8573,123.499982198079,62.4771677652995,224.964370727539,-1603895.01928999
8574,122.998110453288,62.5967686971029,206.735972086589,-1122571.99900779
8575,123.499982198079,62.4771677652995,212.961842854818,-1159525.84760281
8576,122.998110453288,62.5967686971029,194.659973144531,-1132962.23841402
8577,123.499982198079,62.4771677652995,200.960205078125,-1196667.71139013
8578,122.998110453288,62.5967686971029,182.584971110026,-1166481.7194417
8579,123.499982198079,62.4771677652995,188.959543863932,-1253993.91288805
8580,122.998110453288,62.5967686971029,170.51166788737,-1150727.21901274
8581,123.499982198079,62.4771677652995,176.960805257161,-1257296.56926513
8582,122.998110453288,62.5967686971029,158.434666951497,-1065986.64473038
8583,123.499982198079,62.4771677652995,164.960001627604,-1146981.76019015
8584,122.998110453288,62.5967686971029,146.35866800944,-1010594.49164904
8585,123.499982198079,62.4771677652995,152.958333333333,-973127.857605199
8586,122.998110453288,62.5967686971029,134.282002766927,-1117096.5776128
8587,123.499982198079,62.4771677652995,140.957667032878,-1023846.71543037
8588,122.998110453288,62.5967686971029,122.208002726237,-1244599.928861
8589,123.499982198079,62.4771677652995,128.957336425781,-1212986.53589257
8590,122.998110453288,62.5967686971029,110.13200378418,-1318575.71892855
8591,123.499982198079,62.4771677652995,116.957667032878,-1337487.8851013
8592,122.998110453288,62.5967686971029,98.0550028483073,-1583052.80717649
8593,123.499982198079,62.4771677652995,104.955001831055,-1707594.91504649
8594,122.998110453288,62.5967686971029,85.97900390625,-1665438.61032468
8595,123.499982198079,62.4771677652995,92.954335530599,-1839542.27216843
8596,122.998110453288,62.5967686971029,73.9046681722005,-1430112.56565179
8597,123.499982198079,62.4771677652995,80.954335530599,-1912574.06494382
8598,122.998110453288,62.5967686971029,61.8276723225911,-342445.944697511
8599,123.499982198079,62.4771677652995,68.9536692301432,-1967540.82571624
8600,122.998110453288,62.5967686971029,49.7516682942708,-2552943.78655213
8601,123.499982198079,62.4771677652995,56.9510040283203,-1900469.02667603
8602,122.998110453288,62.5967686971029,37.6759999593099,-3286170.52008605
8603,123.499982198079,62.4771677652995,44.951665242513,-2644874.51367878
8604,122.998110453288,62.5967686971029,25.6016693115234,-1161524.82599223
8605,123.499982198079,62.4771677652995,32.9520009358724,-2315307.25373394
8606,122.998110453288,62.5967686971029,13.524668375651,-2125564.93198463
8607,123.499982198079,62.4771677652995,20.9510040283203,-3125463.92270989
8608,123.499982198079,62.4771677652995,8.94866943359375,-514083.624574361
8609,124.501841227214,62.2719014485677,560.983683268229,-1263947.46246931
8610,125.001828511556,62.1862360636393,557.082682291667,245664.163476162
8611,124.501841227214,62.2719014485677,545.231018066406,-257984.813358518
8612,125.001828511556,62.1862360636393,549.281677246094,-1249744.06686571
8613,124.501841227214,62.2719014485677,533.380004882812,134005.019590281
8614,125.001828511556,62.1862360636393,537.505004882812,-1252697.86979155
8615,124.501841227214,62.2719014485677,521.529988606771,-504005.834765638
8616,125.001828511556,62.1862360636393,525.730326334635,-1284448.58071893
8617,124.501841227214,62.2719014485677,509.680002848307,-701052.820697906
8618,125.001828511556,62.1862360636393,513.954661051432,-1339140.56516546
8619,124.501841227214,62.2719014485677,497.827341715495,-840917.274642384
8620,125.001828511556,62.1862360636393,502.178344726562,-1393818.93877983
8621,124.501841227214,62.2719014485677,485.97699991862,-840064.72417516
8622,125.001828511556,62.1862360636393,490.401672363281,-1433251.2445541
8623,124.501841227214,62.2719014485677,474.128000895182,-827325.271179713
8624,125.001828511556,62.1862360636393,478.627665201823,-1452097.46273942
8625,124.501841227214,62.2719014485677,462.277018229167,-831187.683187083
8626,125.001828511556,62.1862360636393,466.852345784505,-1449900.54165302
8627,124.501841227214,62.2719014485677,450.426005045573,-895025.362623563
8628,125.001828511556,62.1862360636393,455.076680501302,-1430107.25791893
8629,124.501841227214,62.2719014485677,438.575012207031,-961123.236268388
8630,125.001828511556,62.1862360636393,443.301005045573,-1405612.4197309
8631,124.501841227214,62.2719014485677,426.724344889323,-983788.443049128
8632,125.001828511556,62.1862360636393,431.525349934896,-1388902.64223138
8633,124.501841227214,62.2719014485677,414.873331705729,-1351920.36278665
8634,125.001828511556,62.1862360636393,419.748006184896,-1397317.10966538
8635,124.501841227214,62.2719014485677,403.023996988932,-1396028.83867113
8636,125.001828511556,62.1862360636393,407.973999023438,-1436659.83585857
8637,124.501841227214,62.2719014485677,391.17133585612,-1452498.90362887
8638,125.001828511556,62.1862360636393,396.198333740234,-1501773.82181586
8639,124.501841227214,62.2719014485677,379.320536295573,-1499558.20820751
8640,125.001828511556,62.1862360636393,384.421071370443,-1570605.15884565
8641,124.501841227214,62.2719014485677,367.471405029297,-1520912.14353419
8642,125.001828511556,62.1862360636393,372.6455078125,-1618751.75271295
8643,124.501841227214,62.2719014485677,355.621368408203,-1505032.0868989
8644,125.001828511556,62.1862360636393,360.871744791667,-1619749.27602082
8645,124.501841227214,62.2719014485677,343.768524169922,-1455804.54808924
8646,125.001828511556,62.1862360636393,349.09516398112,-1561693.15136955
8647,124.501841227214,62.2719014485677,331.918528238932,-1389207.19193919
8648,125.001828511556,62.1862360636393,337.318593343099,-1456292.68595439
8649,124.501841227214,62.2719014485677,320.070404052734,-1337130.44640235
8650,125.001828511556,62.1862360636393,325.54487101237,-1365150.90163085
8651,124.501841227214,62.2719014485677,308.217569986979,-1334957.6439531
8652,125.001828511556,62.1862360636393,313.770172119141,-1353669.81352015
8653,124.501841227214,62.2719014485677,296.365702311198,-1386094.84567637
8654,125.001828511556,62.1862360636393,301.991739908854,-1421917.05507272
8655,124.501841227214,62.2719014485677,284.515706380208,-1446579.35253299
8656,125.001828511556,62.1862360636393,290.216135660807,-1532190.62751697
8657,124.501841227214,62.2719014485677,272.667572021484,-875940.618313503
8658,125.001828511556,62.1862360636393,278.441446940104,-1601783.91402372
8659,124.501841227214,62.2719014485677,260.815668741862,-1002930.62568163
8660,125.001828511556,62.1862360636393,266.667704264323,-1581307.20174273
8661,124.501841227214,62.2719014485677,248.96283976237,-1264884.57022227
8662,125.001828511556,62.1862360636393,254.889241536458,-1484602.3703794
8663,124.501841227214,62.2719014485677,237.112838745117,-1249848.46930083
8664,125.001828511556,62.1862360636393,243.112706502279,-1325795.34394647
8665,124.501841227214,62.2719014485677,225.264739990234,-1174564.59291398
8666,125.001828511556,62.1862360636393,231.33896891276,-1180526.45478413
8667,124.501841227214,62.2719014485677,213.411905924479,-1159525.84760281
8668,125.001828511556,62.1862360636393,219.564305623372,-1174132.37786173
8669,124.501841227214,62.2719014485677,201.56000773112,-1196667.71139013
8670,125.001828511556,62.1862360636393,207.785837809245,-1279144.75736023
8671,124.501841227214,62.2719014485677,189.709976196289,-1253993.91288805
8672,125.001828511556,62.1862360636393,196.010208129883,-1378005.03810885
8673,124.501841227214,62.2719014485677,177.860809326172,-1257296.56926513
8674,125.001828511556,62.1862360636393,184.235407511393,-1392477.0056151
8675,124.501841227214,62.2719014485677,166.009002685547,-1146981.76019015
8676,125.001828511556,62.1862360636393,172.460673014323,-1294531.20137195
8677,124.501841227214,62.2719014485677,154.157999674479,-973127.857605199
8678,125.001828511556,62.1862360636393,160.683334350586,-1121207.72499149
8679,124.501841227214,62.2719014485677,142.307001749674,-1023846.71543037
8680,125.001828511556,62.1862360636393,148.907669067383,-1026600.83734955
8681,124.501841227214,62.2719014485677,130.458002726237,-1212986.53589257
8682,125.001828511556,62.1862360636393,137.13200378418,-1068223.88884572
8683,124.501841227214,62.2719014485677,118.607335408529,-1337487.8851013
8684,125.001828511556,62.1862360636393,125.358337402344,-1248337.83587346
8685,124.501841227214,62.2719014485677,106.754333496094,-1707594.91504649
8686,125.001828511556,62.1862360636393,113.58100382487,-1660928.86209899
8687,124.501841227214,62.2719014485677,94.9050038655599,-1839542.27216843
8688,125.001828511556,62.1862360636393,101.805002848307,-1568028.37689788
8689,124.501841227214,62.2719014485677,83.0560048421224,-1802585.92367212
8690,125.001828511556,62.1862360636393,90.0313415527344,-1797374.33453397
8691,124.501841227214,62.2719014485677,71.2030029296875,-1967540.82571624
8692,125.001828511556,62.1862360636393,78.2556711832682,-1674647.47846416
8693,124.501841227214,62.2719014485677,59.350336710612,-1900469.02667603
8694,125.001828511556,62.1862360636393,66.4763387044271,-1996813.16940344
8695,124.501841227214,62.2719014485677,47.5033315022786,-2644874.51367878
8696,125.001828511556,62.1862360636393,54.7026672363281,-2396818.64108075
8697,124.501841227214,62.2719014485677,35.6533355712891,-3608852.50475695
8698,125.001828511556,62.1862360636393,42.9290008544922,413887.201112242
8699,124.501841227214,62.2719014485677,23.8003387451172,-1314610.22729896
8700,125.001828511556,62.1862360636393,31.152338663737,-1687740.16885988
8701,124.501841227214,62.2719014485677,11.9486694335938,-2171233.90136758
8702,125.001828511556,62.1862360636393,19.3740030924479,-2129990.8600528
8703,125.001828511556,62.1862360636393,7.60033162434896,-345256.502767122
8704,126.001803080241,62.0506362915039,561.057006835938,-1380250.64899402
8705,126.501790364583,62.0007019042969,557.232340494792,615482.105570653
8706,126.001803080241,62.0506362915039,545.604675292969,482131.25647552
8707,126.501790364583,62.0007019042969,549.581013997396,-1363811.19300236
8708,126.001803080241,62.0506362915039,533.980672200521,979455.721567419
8709,126.501790364583,62.0007019042969,538.02968343099,-1370109.05632815
8710,126.001803080241,62.0506362915039,522.355326334635,817456.427156444
8711,126.501790364583,62.0007019042969,526.480672200521,-1403679.73129002
8712,126.001803080241,62.0506362915039,510.729665120443,537119.523013172
8713,126.501790364583,62.0007019042969,514.929992675781,-1454160.85903986
8714,126.001803080241,62.0506362915039,499.10400390625,-168074.908464053
8715,126.501790364583,62.0007019042969,503.380666097005,-1503168.36578437
8716,126.001803080241,62.0506362915039,487.477010091146,-418446.953563967
8717,126.501790364583,62.0007019042969,491.828338623047,-1540003.06344352
8718,126.001803080241,62.0506362915039,475.853006998698,-496543.385453957
8719,126.501790364583,62.0007019042969,480.277679443359,-1565315.90772226
8720,126.001803080241,62.0506362915039,464.227010091146,-794175.56545066
8721,126.501790364583,62.0007019042969,468.728006998698,-1576150.12781293
8722,126.001803080241,62.0506362915039,452.602345784505,-1029490.81127793
8723,126.501790364583,62.0007019042969,457.17734781901,-1564302.6323511
8724,126.001803080241,62.0506362915039,440.975341796875,-1108257.20936757
8725,126.501790364583,62.0007019042969,445.626007080078,-1538492.17435076
8726,126.001803080241,62.0506362915039,429.349344889323,-1021104.31703617
8727,126.501790364583,62.0007019042969,434.07334391276,-1520170.63709991
8728,126.001803080241,62.0506362915039,417.722676595052,-1397317.10966538
8729,126.501790364583,62.0007019042969,422.523010253906,-1522475.47706918
8730,126.001803080241,62.0506362915039,406.098337809245,-1436659.83585857
8731,126.501790364583,62.0007019042969,410.972340901693,-1555300.77230176
8732,126.001803080241,62.0506362915039,394.474334716797,-1501773.82181586
8733,126.501790364583,62.0007019042969,399.424336751302,-1622869.5937956
8734,126.001803080241,62.0506362915039,382.845733642578,-1570605.15884565
8735,126.501790364583,62.0007019042969,387.871999104818,-1706873.18496449
8736,126.001803080241,62.0506362915039,371.219940185547,-1618751.75271295
8737,126.501790364583,62.0007019042969,376.319630940755,-1779499.94972818
8738,126.001803080241,62.0506362915039,359.595906575521,-1619749.27602082
8739,126.501790364583,62.0007019042969,364.769999186198,-1805802.26248303
8740,126.001803080241,62.0506362915039,347.970906575521,-1561693.15136955
8741,126.501790364583,62.0007019042969,353.221272786458,-1760554.93686954
8742,126.001803080241,62.0506362915039,336.345001220703,-1456292.68595439
8743,126.501790364583,62.0007019042969,341.670674641927,-1627285.02709656
8744,126.001803080241,62.0506362915039,324.719106038411,-1365150.90163085
8745,126.501790364583,62.0007019042969,330.119171142578,-1475761.87240871
8746,126.001803080241,62.0506362915039,313.09413655599,-1353669.81352015
8747,126.501790364583,62.0007019042969,318.568603515625,-1424021.94413504
8748,126.001803080241,62.0506362915039,301.468200683594,-1421917.05507272
8749,126.501790364583,62.0007019042969,307.017995198568,-1512814.45760311
8750,126.001803080241,62.0506362915039,289.842315673828,-970982.898613926
8751,126.501790364583,62.0007019042969,295.468343098958,-1652035.13325828
8752,126.001803080241,62.0506362915039,278.215464274089,-843338.596186828
8753,126.501790364583,62.0007019042969,283.915903727214,-1755165.4088571
8754,126.001803080241,62.0506362915039,266.591440836589,-941463.067990149
8755,126.501790364583,62.0007019042969,272.365325927734,-1815175.47265351
8756,126.001803080241,62.0506362915039,254.965510050456,-1146503.73396991
8757,126.501790364583,62.0007019042969,260.815673828125,-1757521.69736798
8758,126.001803080241,62.0506362915039,243.338704427083,-1325795.34394647
8759,126.501790364583,62.0007019042969,249.265106201172,-1229581.55245892
8760,126.001803080241,62.0506362915039,231.714665730794,-1180526.45478413
8761,126.501790364583,62.0007019042969,237.714533487956,-1274010.87775104
8762,126.001803080241,62.0506362915039,220.088770548503,-1174132.37786173
8763,126.501790364583,62.0007019042969,226.164901733398,-1211487.80216961
8764,126.001803080241,62.0506362915039,208.461903889974,-1279144.75736023
8765,126.501790364583,62.0007019042969,214.612436930339,-1383609.17783206
8766,126.001803080241,62.0506362915039,196.836003621419,-1378005.03810885
8767,126.501790364583,62.0007019042969,203.061869303385,-1592791.90630379
8768,126.001803080241,62.0506362915039,185.211837768555,-1392477.0056151
8769,126.501790364583,62.0007019042969,191.512201944987,-1650478.91643028
8770,126.001803080241,62.0506362915039,173.585001627604,-1294531.20137195
8771,126.501790364583,62.0007019042969,179.961568196615,-1492883.51847071
8772,126.001803080241,62.0506362915039,161.959004720052,-1121207.72499149
8773,126.501790364583,62.0007019042969,168.409001668294,-1315258.26531252
8774,126.001803080241,62.0506362915039,150.333338419596,-1026600.83734955
8775,126.501790364583,62.0007019042969,156.859339396159,-1273585.82967749
8776,126.001803080241,62.0506362915039,138.708338419596,-1068223.88884572
8777,126.501790364583,62.0007019042969,145.309005737305,-1105593.73567139
8778,126.001803080241,62.0506362915039,127.084340413411,-1248337.83587346
8779,126.501790364583,62.0007019042969,133.760340372721,-877265.411814173
8780,126.001803080241,62.0506362915039,115.455673217773,-1660928.86209899
8781,126.501790364583,62.0007019042969,122.2080078125,-1080224.84154088
8782,126.001803080241,62.0506362915039,103.830337524414,-2078047.70214778
8783,126.501790364583,62.0007019042969,110.654337565104,-585768.203904503
8784,126.001803080241,62.0506362915039,92.2063395182292,-1797374.33453397
8785,126.501790364583,62.0007019042969,99.1053365071615,-1957821.62464406
8786,126.001803080241,62.0506362915039,80.5806732177734,-1674647.47846416
8787,126.501790364583,62.0007019042969,87.5560048421224,-1906990.4352452
8788,126.001803080241,62.0506362915039,68.9520060221354,-1996813.16940344
8789,126.501790364583,62.0007019042969,76.003672281901,216646.625243973
8790,126.001803080241,62.0506362915039,57.3280029296875,-2396818.64108075
8791,126.501790364583,62.0007019042969,64.4513397216797,-802426.358485739
8792,126.001803080241,62.0506362915039,45.7036692301432,-2615677.02831825
8793,126.501790364583,62.0007019042969,52.9033355712891,488626.568677313
8794,126.001803080241,62.0506362915039,34.0770060221354,-3194114.25128729
8795,126.501790364583,62.0007019042969,41.3526713053385,1691906.7936603
8796,126.001803080241,62.0506362915039,22.4513346354167,-1545325.34824559
8797,126.501790364583,62.0007019042969,29.8023376464844,3714303.56367576
8798,126.001803080241,62.0506362915039,10.8253275553385,-2242235.63810858
8799,126.501790364583,62.0007019042969,18.2509969075521,-7078432.97345053
8800,126.501790364583,62.0007019042969,6.70000203450521,452298.058733102
8801,127.500829060872,61.9329020182292,561.133341471354,-1892892.20960727
8802,127.999880472819,61.9150365193685,557.381998697917,1206332.33850712
8803,127.500829060872,61.9329020182292,545.980346679688,1123574.0443357
8804,127.999880472819,61.9150365193685,549.880330403646,-1880583.42113106
8805,127.500829060872,61.9329020182292,534.580688476562,979455.721567419
8806,127.999880472819,61.9150365193685,538.555013020833,-1899599.09909215
8807,127.500829060872,61.9329020182292,523.179667154948,817456.427156444
8808,127.999880472819,61.9150365193685,527.230672200521,-1924308.92330177
8809,127.500829060872,61.9329020182292,511.779663085938,537119.523013172
8810,127.999880472819,61.9150365193685,515.903991699219,-1928004.17409466
8811,127.500829060872,61.9329020182292,500.381663004557,-168074.908464053
8812,127.999880472819,61.9150365193685,504.580332438151,-1928871.72830899
8813,127.500829060872,61.9329020182292,488.97900390625,-418446.953563967
8814,127.999880472819,61.9150365193685,493.255666097005,-1946954.55632143
8815,127.500829060872,61.9329020182292,477.577351888021,-496543.385453957
8816,127.999880472819,61.9150365193685,481.92734781901,-1991707.60976134
8817,127.500829060872,61.9329020182292,466.178344726562,-1576150.12781293
8818,127.999880472819,61.9150365193685,470.603017171224,-2043220.44841634
8819,127.500829060872,61.9329020182292,454.778015136719,-1564302.6323511
8820,127.999880472819,61.9150365193685,459.278015136719,-2078454.88779517
8821,127.500829060872,61.9329020182292,443.374338785807,-1538492.17435076
8822,127.999880472819,61.9150365193685,447.951344807943,-2080133.02607333
8823,127.500829060872,61.9329020182292,431.9716796875,-1520170.63709991
8824,127.999880472819,61.9150365193685,436.622009277344,-2071732.33702108
8825,127.500829060872,61.9329020182292,420.574015299479,-1522475.47706918
8826,127.999880472819,61.9150365193685,425.298685709635,-2073056.65148219
8827,127.500829060872,61.9329020182292,409.173004150391,-1555300.77230176
8828,127.999880472819,61.9150365193685,413.974344889323,-2099828.64739802
8829,127.500829060872,61.9329020182292,397.773010253906,-1622869.5937956
8830,127.999880472819,61.9150365193685,402.647674560547,-2167113.85313563
8831,127.500829060872,61.9329020182292,386.371999104818,-1706873.18496449
8832,127.999880472819,61.9150365193685,391.323008219401,-2260196.09636764
8833,127.500829060872,61.9329020182292,374.970296223958,-1779499.94972818
8834,127.999880472819,61.9150365193685,379.996398925781,-2353867.15467508
8835,127.500829060872,61.9329020182292,363.570393880208,-1805802.26248303
8836,127.999880472819,61.9150365193685,368.67100016276,-2418912.80447178
8837,127.500829060872,61.9329020182292,352.171407063802,-1760554.93686954
8838,127.999880472819,61.9150365193685,357.346435546875,-2410660.86435829
8839,127.500829060872,61.9329020182292,340.771443684896,-1627285.02709656
8840,127.999880472819,61.9150365193685,346.021809895833,-2276432.56881199
8841,127.500829060872,61.9329020182292,329.368733723958,-1475761.87240871
8842,127.999880472819,61.9150365193685,334.695332845052,-2086523.82226707
8843,127.500829060872,61.9329020182292,317.966929117839,-1424021.94413504
8844,127.999880472819,61.9150365193685,323.366994222005,-1941264.21078646
8845,127.500829060872,61.9329020182292,306.568868001302,783067.12538785
8846,127.999880472819,61.9150365193685,312.043334960938,-1969316.23391644
8847,127.500829060872,61.9329020182292,295.167978922526,522344.816915791
8848,127.999880472819,61.9150365193685,300.718709309896,-2163083.42635944
8849,127.500829060872,61.9329020182292,283.766184488932,-623349.979959246
8850,127.999880472819,61.9150365193685,289.392232259115,-2303355.81669991
8851,127.500829060872,61.9329020182292,272.365325927734,-1063367.27748348
8852,127.999880472819,61.9150365193685,278.065745035807,-2398052.02986715
8853,127.500829060872,61.9329020182292,260.965403238932,-1757521.69736798
8854,127.999880472819,61.9150365193685,266.741170247396,-2471290.95057794
8855,127.500829060872,61.9329020182292,249.564539591471,-1528579.69917051
8856,127.999880472819,61.9150365193685,255.414672851562,-2225917.06697446
8857,127.500829060872,61.9329020182292,238.16460164388,-1274010.87775104
8858,127.999880472819,61.9150365193685,244.088205973307,-1810420.06374124
8859,127.500829060872,61.9329020182292,226.76469930013,-1211487.80216961
8860,127.999880472819,61.9150365193685,232.764531453451,-1560916.17033003
8861,127.500829060872,61.9329020182292,215.361968994141,-1383609.17783206
8862,127.999880472819,61.9150365193685,221.438100179036,-1631000.39135111
8863,127.500829060872,61.9329020182292,203.962036132812,-1592791.90630379
8864,127.999880472819,61.9150365193685,210.111602783203,-1998641.77904518
8865,127.500829060872,61.9329020182292,192.563034057617,-1650478.91643028
8866,127.999880472819,61.9150365193685,198.787002563477,-2342772.20373523
8867,127.500829060872,61.9329020182292,181.16123453776,-1492883.51847071
8868,127.999880472819,61.9150365193685,187.462336222331,-2217808.12572835
8869,127.500829060872,61.9329020182292,169.759333292643,-1315258.26531252
8870,127.999880472819,61.9150365193685,176.134999593099,-1909156.84901783
8871,127.500829060872,61.9329020182292,158.358337402344,-1273585.82967749
8872,127.999880472819,61.9150365193685,164.808334350586,-1943234.15952631
8873,127.500829060872,61.9329020182292,146.960673014323,-1105593.73567139
8874,127.999880472819,61.9150365193685,153.484003702799,-1877471.04051756
8875,127.500829060872,61.9329020182292,135.56000773112,-877265.411814173
8876,127.999880472819,61.9150365193685,142.159673055013,-1217969.27188802
8877,127.500829060872,61.9329020182292,124.15700785319,-1385694.2627715
8878,127.999880472819,61.9150365193685,130.8330078125,-1020027.81584165
8879,127.500829060872,61.9329020182292,112.756001790365,-2208555.18240383
8880,127.999880472819,61.9150365193685,119.506337483724,-2114393.58866484
8881,127.500829060872,61.9329020182292,101.355000813802,-1957821.62464406
8882,127.999880472819,61.9150365193685,108.181666056315,-3323508.3771309
8883,127.500829060872,61.9329020182292,89.9553375244141,-1906990.4352452
8884,127.999880472819,61.9150365193685,96.8553365071615,-2931692.8893695
8885,127.500829060872,61.9329020182292,78.5543365478516,216646.625243973
8886,127.999880472819,61.9150365193685,85.5306701660156,-1836848.45398655
8887,127.500829060872,61.9329020182292,67.1526743570964,-2005242.29081512
8888,127.999880472819,61.9150365193685,74.2040049235026,-1326521.1028756
8889,127.500829060872,61.9329020182292,55.7516733805339,-2652748.30899845
8890,127.999880472819,61.9150365193685,62.877675374349,1839272.85603419
8891,127.500829060872,61.9329020182292,44.3536682128906,-1608742.02424946
8892,127.999880472819,61.9150365193685,51.5530039469401,-1961498.47832177
8893,127.500829060872,61.9329020182292,32.9540049235026,-3736571.91587149
8894,127.999880472819,61.9150365193685,40.2296702067057,2822942.02768152
8895,127.500829060872,61.9329020182292,21.5513305664062,-1840890.11197799
8896,127.999880472819,61.9150365193685,28.9033355712891,3714303.56367576
8897,127.500829060872,61.9329020182292,10.1493428548177,-2937444.09659645
8898,127.999880472819,61.9150365193685,17.5750020345052,-7078432.97345053
8899,127.999880472819,61.9150365193685,6.25001017252604,1309199.36545273
8900,128.998916625977,61.9150365193685,561.206665039062,-1892892.20960727
8901,128.998916625977,61.9150365193685,549.880330403646,-1880583.42113106
8902,129.498901367188,61.9329020182292,557.381998697917,1206332.33850712
8903,128.998916625977,61.9150365193685,538.555013020833,-1899599.09909215
8904,129.498901367188,61.9329020182292,545.980346679688,1123574.0443357
8905,128.998916625977,61.9150365193685,527.230672200521,-1924308.92330177
8906,129.498901367188,61.9329020182292,534.580688476562,979455.721567419
8907,128.998916625977,61.9150365193685,515.903991699219,-1928004.17409466
8908,129.498901367188,61.9329020182292,523.179667154948,817456.427156444
8909,128.998916625977,61.9150365193685,504.580332438151,-1928871.72830899
8910,129.498901367188,61.9329020182292,511.779663085938,537119.523013172
8911,128.998916625977,61.9150365193685,493.255666097005,-1946954.55632143
8912,129.498901367188,61.9329020182292,500.381663004557,-1393818.93877983
8913,128.998916625977,61.9150365193685,481.92734781901,-1991707.60976134
8914,129.498901367188,61.9329020182292,488.97900390625,-1433251.2445541
8915,128.998916625977,61.9150365193685,470.603017171224,-2043220.44841634
8916,129.498901367188,61.9329020182292,477.577351888021,-1452097.46273942
8917,128.998916625977,61.9150365193685,459.278015136719,-2078454.88779517
8918,129.498901367188,61.9329020182292,466.178344726562,-1449900.54165302
8919,128.998916625977,61.9150365193685,447.951344807943,-2080133.02607333
8920,129.498901367188,61.9329020182292,454.778015136719,-1430107.25791893
8921,128.998916625977,61.9150365193685,436.622009277344,-2071732.33702108
8922,129.498901367188,61.9329020182292,443.374338785807,-1405612.4197309
8923,128.998916625977,61.9150365193685,425.298685709635,-2073056.65148219
8924,129.498901367188,61.9329020182292,431.9716796875,-1388902.64223138
8925,128.998916625977,61.9150365193685,413.974344889323,-2099828.64739802
8926,129.498901367188,61.9329020182292,420.574015299479,-1522475.47706918
8927,128.998916625977,61.9150365193685,402.647674560547,-2167113.85313563
8928,129.498901367188,61.9329020182292,409.173004150391,-1555300.77230176
8929,128.998916625977,61.9150365193685,391.323008219401,-2260196.09636764
8930,129.498901367188,61.9329020182292,397.773010253906,-1622869.5937956
8931,128.998916625977,61.9150365193685,379.996398925781,-2353867.15467508
8932,129.498901367188,61.9329020182292,386.371999104818,-1706873.18496449
8933,128.998916625977,61.9150365193685,368.67100016276,-2418912.80447178
8934,129.498901367188,61.9329020182292,374.970296223958,-1779499.94972818
8935,128.998916625977,61.9150365193685,357.346435546875,-2410660.86435829
8936,129.498901367188,61.9329020182292,363.570393880208,-1805802.26248303
8937,128.998916625977,61.9150365193685,346.021809895833,-2276432.56881199
8938,129.498901367188,61.9329020182292,352.171407063802,-1760554.93686954
8939,128.998916625977,61.9150365193685,334.695332845052,-2086523.82226707
8940,129.498901367188,61.9329020182292,340.771443684896,-1627285.02709656
8941,128.998916625977,61.9150365193685,323.366994222005,-1941264.21078646
8942,129.498901367188,61.9329020182292,329.368733723958,-1475761.87240871
8943,128.998916625977,61.9150365193685,312.043334960938,-1969316.23391644
8944,129.498901367188,61.9329020182292,317.966929117839,-1424021.94413504
8945,128.998916625977,61.9150365193685,300.718709309896,-2163083.42635944
8946,129.498901367188,61.9329020182292,306.568868001302,-1512814.45760311
8947,128.998916625977,61.9150365193685,289.392232259115,-2303355.81669991
8948,129.498901367188,61.9329020182292,295.167978922526,-1652035.13325828
8949,128.998916625977,61.9150365193685,278.065745035807,-2398052.02986715
8950,129.498901367188,61.9329020182292,283.766184488932,-1755165.4088571
8951,128.998916625977,61.9150365193685,266.741170247396,-2471290.95057794
8952,129.498901367188,61.9329020182292,272.365325927734,-1815175.47265351
8953,128.998916625977,61.9150365193685,255.414672851562,-2225917.06697446
8954,129.498901367188,61.9329020182292,260.965403238932,-1757521.69736798
8955,128.998916625977,61.9150365193685,244.088205973307,-1810420.06374124
8956,129.498901367188,61.9329020182292,249.564539591471,-1528579.69917051
8957,128.998916625977,61.9150365193685,232.764531453451,-1560916.17033003
8958,129.498901367188,61.9329020182292,238.16460164388,-1274010.87775104
8959,128.998916625977,61.9150365193685,221.438100179036,-1631000.39135111
8960,129.498901367188,61.9329020182292,226.76469930013,-1211487.80216961
8961,128.998916625977,61.9150365193685,210.111602783203,-1998641.77904518
8962,129.498901367188,61.9329020182292,215.361968994141,-1383609.17783206
8963,128.998916625977,61.9150365193685,198.787002563477,-2342772.20373523
8964,129.498901367188,61.9329020182292,203.962036132812,-1592791.90630379
8965,128.998916625977,61.9150365193685,187.462336222331,-2217808.12572835
8966,129.498901367188,61.9329020182292,192.563034057617,-1650478.91643028
8967,128.998916625977,61.9150365193685,176.134999593099,-1909156.84901783
8968,129.498901367188,61.9329020182292,181.16123453776,-1492883.51847071
8969,128.998916625977,61.9150365193685,164.808334350586,-1943234.15952631
8970,129.498901367188,61.9329020182292,169.759333292643,-1315258.26531252
8971,128.998916625977,61.9150365193685,153.484003702799,-1877471.04051756
8972,129.498901367188,61.9329020182292,158.358337402344,1399871.02662871
8973,128.998916625977,61.9150365193685,142.159673055013,-1217969.27188802
8974,129.498901367188,61.9329020182292,146.960673014323,471219.652704826
8975,128.998916625977,61.9150365193685,130.8330078125,-1020027.81584165
8976,129.498901367188,61.9329020182292,135.56000773112,-1436535.57453231
8977,128.998916625977,61.9150365193685,119.506337483724,-2114393.58866484
8978,129.498901367188,61.9329020182292,124.15700785319,-1385694.2627715
8979,128.998916625977,61.9150365193685,108.181666056315,-3323508.3771309
8980,129.498901367188,61.9329020182292,112.756001790365,-2208555.18240383
8981,128.998916625977,61.9150365193685,96.8553365071615,-2931692.8893695
8982,129.498901367188,61.9329020182292,101.355000813802,-1957821.62464406
8983,128.998916625977,61.9150365193685,85.5306701660156,-1836848.45398655
8984,129.498901367188,61.9329020182292,89.9553375244141,-1906990.4352452
8985,128.998916625977,61.9150365193685,74.2040049235026,-1326521.1028756
8986,129.498901367188,61.9329020182292,78.5543365478516,216646.625243973
8987,128.998916625977,61.9150365193685,62.877675374349,1839272.85603419
8988,129.498901367188,61.9329020182292,67.1526743570964,-2005242.29081512
8989,128.998916625977,61.9150365193685,51.5530039469401,-1961498.47832177
8990,129.498901367188,61.9329020182292,55.7516733805339,-2652748.30899845
8991,128.998916625977,61.9150365193685,40.2296702067057,2822942.02768152
8992,129.498901367188,61.9329020182292,44.3536682128906,-1608742.02424946
8993,128.998916625977,61.9150365193685,28.9033355712891,3714303.56367576
8994,129.498901367188,61.9329020182292,32.9540049235026,-3736571.91587149
8995,128.998916625977,61.9150365193685,17.5750020345052,-7078432.97345053
8996,129.498901367188,61.9329020182292,21.5513305664062,-1840890.11197799
8997,128.998916625977,61.9150365193685,6.25001017252604,1309199.36545273
8998,129.498901367188,61.9329020182292,10.1493428548177,-2937444.09659645
8999,130.498870849609,62.0007019042969,561.133341471354,-1380250.64899402
9000,130.498870849609,62.0007019042969,549.581013997396,-1363811.19300236
9001,130.99885559082,62.0506362915039,557.232340494792,615482.105570653
9002,130.498870849609,62.0007019042969,538.02968343099,-1370109.05632815
9003,130.99885559082,62.0506362915039,545.604675292969,1123574.0443357
9004,130.498870849609,62.0007019042969,526.480672200521,-1403679.73129002
9005,130.99885559082,62.0506362915039,533.980672200521,979455.721567419
9006,130.498870849609,62.0007019042969,514.929992675781,-1454160.85903986
9007,130.99885559082,62.0506362915039,522.355326334635,817456.427156444
9008,130.498870849609,62.0007019042969,503.380666097005,-1503168.36578437
9009,130.99885559082,62.0506362915039,510.729665120443,537119.523013172
9010,130.498870849609,62.0007019042969,491.828338623047,-1540003.06344352
9011,130.99885559082,62.0506362915039,499.10400390625,-168074.908464053
9012,130.498870849609,62.0007019042969,480.277679443359,-1565315.90772226
9013,130.99885559082,62.0506362915039,487.477010091146,-418446.953563967
9014,130.498870849609,62.0007019042969,468.728006998698,-1576150.12781293
9015,130.99885559082,62.0506362915039,475.853006998698,-496543.385453957
9016,130.498870849609,62.0007019042969,457.17734781901,-1564302.6323511
9017,130.99885559082,62.0506362915039,464.227010091146,-794175.56545066
9018,130.498870849609,62.0007019042969,445.626007080078,-1538492.17435076
9019,130.99885559082,62.0506362915039,452.602345784505,-1029490.81127793
9020,130.498870849609,62.0007019042969,434.07334391276,-1520170.63709991
9021,130.99885559082,62.0506362915039,440.975341796875,-1108257.20936757
9022,130.498870849609,62.0007019042969,422.523010253906,-1522475.47706918
9023,130.99885559082,62.0506362915039,429.349344889323,-1021104.31703617
9024,130.498870849609,62.0007019042969,410.972340901693,-1555300.77230176
9025,130.99885559082,62.0506362915039,417.722676595052,-887309.368747025
9026,130.498870849609,62.0007019042969,399.424336751302,-1622869.5937956
9027,130.99885559082,62.0506362915039,406.098337809245,-568802.330802206
9028,130.498870849609,62.0007019042969,387.871999104818,-1706873.18496449
9029,130.99885559082,62.0506362915039,394.474334716797,234714.909536139
9030,130.498870849609,62.0007019042969,376.319630940755,-1779499.94972818
9031,130.99885559082,62.0506362915039,382.845733642578,508475.260095501
9032,130.498870849609,62.0007019042969,364.769999186198,-1805802.26248303
9033,130.99885559082,62.0506362915039,371.219940185547,559596.595510316
9034,130.498870849609,62.0007019042969,353.221272786458,-1760554.93686954
9035,130.99885559082,62.0506362915039,359.595906575521,811281.926964293
9036,130.498870849609,62.0007019042969,341.670674641927,-1627285.02709656
9037,130.99885559082,62.0506362915039,347.970906575521,-1561693.15136955
9038,130.498870849609,62.0007019042969,330.119171142578,-1475761.87240871
9039,130.99885559082,62.0506362915039,336.345001220703,-1456292.68595439
9040,130.498870849609,62.0007019042969,318.568603515625,-1424021.94413504
9041,130.99885559082,62.0506362915039,324.719106038411,-1365150.90163085
9042,130.498870849609,62.0007019042969,307.017995198568,-1512814.45760311
9043,130.99885559082,62.0506362915039,313.09413655599,-1353669.81352015
9044,130.498870849609,62.0007019042969,295.468343098958,-1652035.13325828
9045,130.99885559082,62.0506362915039,301.468200683594,-1421917.05507272
9046,130.498870849609,62.0007019042969,283.915903727214,-1755165.4088571
9047,130.99885559082,62.0506362915039,289.842315673828,-1532190.62751697
9048,130.498870849609,62.0007019042969,272.365325927734,-1815175.47265351
9049,130.99885559082,62.0506362915039,278.215464274089,-1601783.91402372
9050,130.498870849609,62.0007019042969,260.815673828125,-1757521.69736798
9051,130.99885559082,62.0506362915039,266.591440836589,-1581307.20174273
9052,130.498870849609,62.0007019042969,249.265106201172,-1528579.69917051
9053,130.99885559082,62.0506362915039,254.965510050456,-1484602.3703794
9054,130.498870849609,62.0007019042969,237.714533487956,-1274010.87775104
9055,130.99885559082,62.0506362915039,243.338704427083,-1325795.34394647
9056,130.498870849609,62.0007019042969,226.164901733398,-1211487.80216961
9057,130.99885559082,62.0506362915039,231.714665730794,-1180526.45478413
9058,130.498870849609,62.0007019042969,214.612436930339,-1383609.17783206
9059,130.99885559082,62.0506362915039,220.088770548503,-1174132.37786173
9060,130.498870849609,62.0007019042969,203.061869303385,-1592791.90630379
9061,130.99885559082,62.0506362915039,208.461903889974,-1279144.75736023
9062,130.498870849609,62.0007019042969,191.512201944987,-1650478.91643028
9063,130.99885559082,62.0506362915039,196.836003621419,-1378005.03810885
9064,130.498870849609,62.0007019042969,179.961568196615,-1492883.51847071
9065,130.99885559082,62.0506362915039,185.211837768555,-1392477.0056151
9066,130.498870849609,62.0007019042969,168.409001668294,-1315258.26531252
9067,130.99885559082,62.0506362915039,173.585001627604,-1294531.20137195
9068,130.498870849609,62.0007019042969,156.859339396159,-1273585.82967749
9069,130.99885559082,62.0506362915039,161.959004720052,-1121207.72499149
9070,130.498870849609,62.0007019042969,145.309005737305,-1105593.73567139
9071,130.99885559082,62.0506362915039,150.333338419596,802338.173586479
9072,130.498870849609,62.0007019042969,133.760340372721,-877265.411814173
9073,130.99885559082,62.0506362915039,138.708338419596,-983030.73488245
9074,130.498870849609,62.0007019042969,122.2080078125,-1385694.2627715
9075,130.99885559082,62.0506362915039,127.084340413411,-1231487.84435915
9076,130.498870849609,62.0007019042969,110.654337565104,-2208555.18240383
9077,130.99885559082,62.0506362915039,115.455673217773,-920086.195565922
9078,130.498870849609,62.0007019042969,99.1053365071615,-2425174.6836117
9079,130.99885559082,62.0506362915039,103.830337524414,-1568028.37689788
9080,130.498870849609,62.0007019042969,87.5560048421224,-1871041.80641122
9081,130.99885559082,62.0506362915039,92.2063395182292,-1797374.33453397
9082,130.498870849609,62.0007019042969,76.003672281901,-1249868.7371688
9083,130.99885559082,62.0506362915039,80.5806732177734,-1674647.47846416
9084,130.498870849609,62.0007019042969,64.4513397216797,-802426.358485739
9085,130.99885559082,62.0506362915039,68.9520060221354,-1996813.16940344
9086,130.498870849609,62.0007019042969,52.9033355712891,488626.568677313
9087,130.99885559082,62.0506362915039,57.3280029296875,-2396818.64108075
9088,130.498870849609,62.0007019042969,41.3526713053385,1691906.7936603
9089,130.99885559082,62.0506362915039,45.7036692301432,-2615677.02831825
9090,130.498870849609,62.0007019042969,29.8023376464844,735551.118123897
9091,130.99885559082,62.0506362915039,34.0770060221354,-3194114.25128729
9092,130.498870849609,62.0007019042969,18.2509969075521,-4270512.60252256
9093,130.99885559082,62.0506362915039,22.4513346354167,-1545325.34824559
9094,130.498870849609,62.0007019042969,6.70000203450521,452298.058733102
9095,130.99885559082,62.0506362915039,10.8253275553385,-2242235.63810858
9096,131.998830159505,62.1862360636393,561.057006835938,-1263947.46246931
9097,131.998830159505,62.1862360636393,549.281677246094,-1249744.06686571
9098,132.498819986979,62.2719014485677,557.082682291667,245664.163476162
9099,131.998830159505,62.1862360636393,537.505004882812,-1252697.86979155
9100,132.498819986979,62.2719014485677,545.231018066406,482131.25647552
9101,131.998830159505,62.1862360636393,525.730326334635,-1284448.58071893
9102,132.498819986979,62.2719014485677,533.380004882812,134005.019590281
9103,131.998830159505,62.1862360636393,513.954661051432,-1339140.56516546
9104,132.498819986979,62.2719014485677,521.529988606771,-504005.834765638
9105,131.998830159505,62.1862360636393,502.178344726562,-1393818.93877983
9106,132.498819986979,62.2719014485677,509.680002848307,-701052.820697906
9107,131.998830159505,62.1862360636393,490.401672363281,-1433251.2445541
9108,132.498819986979,62.2719014485677,497.827341715495,-840917.274642384
9109,131.998830159505,62.1862360636393,478.627665201823,-1452097.46273942
9110,132.498819986979,62.2719014485677,485.97699991862,-840064.72417516
9111,131.998830159505,62.1862360636393,466.852345784505,-1449900.54165302
9112,132.498819986979,62.2719014485677,474.128000895182,-827325.271179713
9113,131.998830159505,62.1862360636393,455.076680501302,-1430107.25791893
9114,132.498819986979,62.2719014485677,462.277018229167,-831187.683187083
9115,131.998830159505,62.1862360636393,443.301005045573,-1405612.4197309
9116,132.498819986979,62.2719014485677,450.426005045573,-895025.362623563
9117,131.998830159505,62.1862360636393,431.525349934896,-1388902.64223138
9118,132.498819986979,62.2719014485677,438.575012207031,-961123.236268388
9119,131.998830159505,62.1862360636393,419.748006184896,-1397317.10966538
9120,132.498819986979,62.2719014485677,426.724344889323,-983788.443049128
9121,131.998830159505,62.1862360636393,407.973999023438,-1436659.83585857
9122,132.498819986979,62.2719014485677,414.873331705729,-938129.295146265
9123,131.998830159505,62.1862360636393,396.198333740234,-1501773.82181586
9124,132.498819986979,62.2719014485677,403.023996988932,-765597.026235466
9125,131.998830159505,62.1862360636393,384.421071370443,-1570605.15884565
9126,132.498819986979,62.2719014485677,391.17133585612,-657354.955206883
9127,131.998830159505,62.1862360636393,372.6455078125,-1618751.75271295
9128,132.498819986979,62.2719014485677,379.320536295573,-787870.418641946
9129,131.998830159505,62.1862360636393,360.871744791667,-1619749.27602082
9130,132.498819986979,62.2719014485677,367.471405029297,-727013.438536774
9131,131.998830159505,62.1862360636393,349.09516398112,-1561693.15136955
9132,132.498819986979,62.2719014485677,355.621368408203,370554.412463493
9133,131.998830159505,62.1862360636393,337.318593343099,-1456292.68595439
9134,132.498819986979,62.2719014485677,343.768524169922,-1455804.54808924
9135,131.998830159505,62.1862360636393,325.54487101237,-1365150.90163085
9136,132.498819986979,62.2719014485677,331.918528238932,-1389207.19193919
9137,131.998830159505,62.1862360636393,313.770172119141,-1353669.81352015
9138,132.498819986979,62.2719014485677,320.070404052734,-1337130.44640235
9139,131.998830159505,62.1862360636393,301.991739908854,-1421917.05507272
9140,132.498819986979,62.2719014485677,308.217569986979,-1334957.6439531
9141,131.998830159505,62.1862360636393,290.216135660807,-1532190.62751697
9142,132.498819986979,62.2719014485677,296.365702311198,-1386094.84567637
9143,131.998830159505,62.1862360636393,278.441446940104,-1601783.91402372
9144,132.498819986979,62.2719014485677,284.515706380208,-1446579.35253299
9145,131.998830159505,62.1862360636393,266.667704264323,-1581307.20174273
9146,132.498819986979,62.2719014485677,272.667572021484,-1466584.36580366
9147,131.998830159505,62.1862360636393,254.889241536458,-1484602.3703794
9148,132.498819986979,62.2719014485677,260.815668741862,-1428317.15437449
9149,131.998830159505,62.1862360636393,243.112706502279,-1325795.34394647
9150,132.498819986979,62.2719014485677,248.96283976237,-1350036.0810124
9151,131.998830159505,62.1862360636393,231.33896891276,-1180526.45478413
9152,132.498819986979,62.2719014485677,237.112838745117,-1249848.46930083
9153,131.998830159505,62.1862360636393,219.564305623372,-1174132.37786173
9154,132.498819986979,62.2719014485677,225.264739990234,-1174564.59291398
9155,131.998830159505,62.1862360636393,207.785837809245,-1279144.75736023
9156,132.498819986979,62.2719014485677,213.411905924479,-1159525.84760281
9157,131.998830159505,62.1862360636393,196.010208129883,-1378005.03810885
9158,132.498819986979,62.2719014485677,201.56000773112,-1196667.71139013
9159,131.998830159505,62.1862360636393,184.235407511393,-1392477.0056151
9160,132.498819986979,62.2719014485677,189.709976196289,-1253993.91288805
9161,131.998830159505,62.1862360636393,172.460673014323,-1294531.20137195
9162,132.498819986979,62.2719014485677,177.860809326172,-1257296.56926513
9163,131.998830159505,62.1862360636393,160.683334350586,-1121207.72499149
9164,132.498819986979,62.2719014485677,166.009002685547,-1146981.76019015
9165,131.998830159505,62.1862360636393,148.907669067383,-1026600.83734955
9166,132.498819986979,62.2719014485677,154.157999674479,-973127.857605199
9167,131.998830159505,62.1862360636393,137.13200378418,-1068223.88884572
9168,132.498819986979,62.2719014485677,142.307001749674,-421013.252582261
9169,131.998830159505,62.1862360636393,125.358337402344,-1248337.83587346
9170,132.498819986979,62.2719014485677,130.458002726237,-1105238.07896268
9171,131.998830159505,62.1862360636393,113.58100382487,-1660928.86209899
9172,132.498819986979,62.2719014485677,118.607335408529,-1306498.51753282
9173,131.998830159505,62.1862360636393,101.805002848307,-2078047.70214778
9174,132.498819986979,62.2719014485677,106.754333496094,-1371839.11600953
9175,131.998830159505,62.1862360636393,90.0313415527344,-2091392.21973011
9176,132.498819986979,62.2719014485677,94.9050038655599,-1492229.95773521
9177,131.998830159505,62.1862360636393,78.2556711832682,-1560697.41171968
9178,132.498819986979,62.2719014485677,83.0560048421224,-1912574.06494382
9179,131.998830159505,62.1862360636393,66.4763387044271,-1328171.19626352
9180,132.498819986979,62.2719014485677,71.2030029296875,-1967540.82571624
9181,131.998830159505,62.1862360636393,54.7026672363281,306166.458142688
9182,132.498819986979,62.2719014485677,59.350336710612,-1900469.02667603
9183,131.998830159505,62.1862360636393,42.9290008544922,413887.201112242
9184,132.498819986979,62.2719014485677,47.5033315022786,-2644874.51367878
9185,131.998830159505,62.1862360636393,31.152338663737,-1687740.16885988
9186,132.498819986979,62.2719014485677,35.6533355712891,-3608852.50475695
9187,131.998830159505,62.1862360636393,19.3740030924479,-4354479.49724793
9188,132.498819986979,62.2719014485677,23.8003387451172,-1314610.22729896
9189,131.998830159505,62.1862360636393,7.60033162434896,-345256.502767122
9190,132.498819986979,62.2719014485677,11.9486694335938,-2171233.90136758
9191,133.498799641927,62.4771677652995,560.983683268229,-1214824.87682147
9192,133.498799641927,62.4771677652995,548.981363932292,-1203694.37702707
9193,133.998789469401,62.5967686971029,556.933024088542,-326499.554925956
9194,133.498799641927,62.4771677652995,536.97900390625,-1207030.1374042
9195,133.998789469401,62.5967686971029,544.854349772135,-257984.813358518
9196,133.498799641927,62.4771677652995,524.980997721354,-1234319.10617432
9197,133.998789469401,62.5967686971029,532.780334472656,-483330.938981852
9198,133.498799641927,62.4771677652995,512.980326334635,-1283532.92734696
9199,133.998789469401,62.5967686971029,520.705993652344,-703062.508553631
9200,133.498799641927,62.4771677652995,500.978006998698,-1337705.08054286
9201,133.998789469401,62.5967686971029,508.629333496094,-819759.213029148
9202,133.498799641927,62.4771677652995,488.975992838542,-1378066.09096634
9203,133.998789469401,62.5967686971029,496.551330566406,-903789.521846593
9204,133.498799641927,62.4771677652995,476.979329427083,-1392314.22005723
9205,133.998789469401,62.5967686971029,484.477986653646,-896064.077406124
9206,133.498799641927,62.4771677652995,464.978342692057,-1384724.77691201
9207,133.998789469401,62.5967686971029,472.404998779297,-889522.022045658
9208,133.498799641927,62.4771677652995,452.975667317708,-1365240.33661026
9209,133.998789469401,62.5967686971029,460.327667236328,-860707.848421962
9210,133.498799641927,62.4771677652995,440.974344889323,-1344217.26247748
9211,133.998789469401,62.5967686971029,448.25,-875566.04926632
9212,133.498799641927,62.4771677652995,428.974009195964,-1334576.09940066
9213,133.998789469401,62.5967686971029,436.174346923828,-958062.289203797
9214,133.498799641927,62.4771677652995,416.97499593099,-1351920.36278665
9215,133.998789469401,62.5967686971029,424.099334716797,-967706.06908252
9216,133.498799641927,62.4771677652995,404.973327636719,-1396028.83867113
9217,133.998789469401,62.5967686971029,412.024993896484,-912074.641983903
9218,133.498799641927,62.4771677652995,392.970672607422,-1452498.90362887
9219,133.998789469401,62.5967686971029,399.947001139323,-810129.776910925
9220,133.498799641927,62.4771677652995,380.972137451172,-1499558.20820751
9221,133.998789469401,62.5967686971029,387.872009277344,-830215.398265191
9222,133.498799641927,62.4771677652995,368.972300211589,-1520912.14353419
9223,133.998789469401,62.5967686971029,375.798004150391,-859288.144560763
9224,133.498799641927,62.4771677652995,356.970692952474,-1505032.0868989
9225,133.998789469401,62.5967686971029,363.721964518229,-665753.516239807
9226,133.498799641927,62.4771677652995,344.968129475911,-1455804.54808924
9227,133.998789469401,62.5967686971029,351.64409383138,469595.09515589
9228,133.498799641927,62.4771677652995,332.967468261719,-1389207.19193919
9229,133.998789469401,62.5967686971029,339.567138671875,-1403147.31354124
9230,133.498799641927,62.4771677652995,320.970560709635,-1337130.44640235
9231,133.998789469401,62.5967686971029,327.493967692057,-1370875.02770393
9232,133.498799641927,62.4771677652995,308.968037923177,-1334957.6439531
9233,133.998789469401,62.5967686971029,315.42079671224,-1339455.45139722
9234,133.498799641927,62.4771677652995,296.965504964193,-1386094.84567637
9235,133.998789469401,62.5967686971029,303.342010498047,-1329784.04271835
9236,133.498799641927,62.4771677652995,284.965779622396,-1446579.35253299
9237,133.998789469401,62.5967686971029,291.26601155599,-1342895.94680379
9238,133.498799641927,62.4771677652995,272.967956542969,-1466584.36580366
9239,133.998789469401,62.5967686971029,279.191904703776,-1361124.33477426
9240,133.498799641927,62.4771677652995,260.965398152669,-1428317.15437449
9241,133.998789469401,62.5967686971029,267.117818196615,-1362326.56402325
9242,133.498799641927,62.4771677652995,248.96283976237,-1350036.0810124
9243,133.998789469401,62.5967686971029,255.038970947266,-1337128.30793824
9244,133.498799641927,62.4771677652995,236.963139851888,-1249848.46930083
9245,133.998789469401,62.5967686971029,242.963007609049,-1293699.55351689
9246,133.498799641927,62.4771677652995,224.964370727539,-1174564.59291398
9247,133.998789469401,62.5967686971029,230.888900756836,-1235692.11734194
9248,133.498799641927,62.4771677652995,212.961842854818,-1159525.84760281
9249,133.998789469401,62.5967686971029,218.813873291016,-1165503.44972671
9250,133.498799641927,62.4771677652995,200.960205078125,-1196667.71139013
9251,133.998789469401,62.5967686971029,206.735972086589,-1122571.99900779
9252,133.498799641927,62.4771677652995,188.959543863932,-1253993.91288805
9253,133.998789469401,62.5967686971029,194.659973144531,-1132962.23841402
9254,133.498799641927,62.4771677652995,176.960805257161,-1257296.56926513
9255,133.998789469401,62.5967686971029,182.584971110026,-1166481.7194417
9256,133.498799641927,62.4771677652995,164.960001627604,-1146981.76019015
9257,133.998789469401,62.5967686971029,170.51166788737,-1150727.21901274
9258,133.498799641927,62.4771677652995,152.958333333333,-973127.857605199
9259,133.998789469401,62.5967686971029,158.434666951497,-1065986.64473038
9260,133.498799641927,62.4771677652995,140.957667032878,-1023846.71543037
9261,133.998789469401,62.5967686971029,146.35866800944,-1010594.49164904
9262,133.498799641927,62.4771677652995,128.957336425781,-1212986.53589257
9263,133.998789469401,62.5967686971029,134.282002766927,-578250.541625828
9264,133.498799641927,62.4771677652995,116.957667032878,-1337487.8851013
9265,133.998789469401,62.5967686971029,122.208002726237,-1271118.38558253
9266,133.498799641927,62.4771677652995,104.955001831055,-1707594.91504649
9267,133.998789469401,62.5967686971029,110.13200378418,-1352755.71300144
9268,133.498799641927,62.4771677652995,92.954335530599,-1839542.27216843
9269,133.998789469401,62.5967686971029,98.0550028483073,-1225123.90611829
9270,133.498799641927,62.4771677652995,80.954335530599,-1802585.92367212
9271,133.998789469401,62.5967686971029,85.97900390625,-1721101.68331912
9272,133.498799641927,62.4771677652995,68.9536692301432,-1204911.86245051
9273,133.998789469401,62.5967686971029,73.9046681722005,-2032677.76162205
9274,133.498799641927,62.4771677652995,56.9510040283203,441254.532457627
9275,133.998789469401,62.5967686971029,61.8276723225911,-1814606.45238037
9276,133.498799641927,62.4771677652995,44.951665242513,926526.271413634
9277,133.998789469401,62.5967686971029,49.7516682942708,-2552943.78655213
9278,133.498799641927,62.4771677652995,32.9520009358724,-2315307.25373394
9279,133.998789469401,62.5967686971029,37.6759999593099,-3286170.52008605
9280,133.498799641927,62.4771677652995,20.9510040283203,-3125463.92270989
9281,133.998789469401,62.5967686971029,25.6016693115234,-1161524.82599223
9282,133.498799641927,62.4771677652995,8.94866943359375,-514083.624574361
9283,133.998789469401,62.5967686971029,13.524668375651,-2125564.93198463
9284,134.998769124349,62.8707682291667,560.907348632812,-1202539.13508545
9285,134.998769124349,62.8707682291667,548.681009928385,-1195731.10181065
9286,135.498758951823,63.0251668294271,556.782348632812,-454267.130426595
9287,134.998769124349,62.8707682291667,536.455342610677,-1201934.23027731
9288,135.498758951823,63.0251668294271,544.480672200521,-453594.318275973
9289,134.998769124349,62.8707682291667,524.230326334635,-1223296.01174974
9290,135.498758951823,63.0251668294271,532.180338541667,-604249.748047091
9291,134.998769124349,62.8707682291667,512.005004882812,-1259883.08213677
9292,135.498758951823,63.0251668294271,519.880330403646,-775046.356818655
9293,134.998769124349,62.8707682291667,499.776326497396,-1303386.74750821
9294,135.498758951823,63.0251668294271,507.578674316406,-869025.774645492
9295,134.998769124349,62.8707682291667,487.55332438151,-1336036.52688707
9296,135.498758951823,63.0251668294271,495.276326497396,-933268.338711755
9297,134.998769124349,62.8707682291667,475.329661051432,-1349977.0746867
9298,135.498758951823,63.0251668294271,482.979329427083,-931620.812434114
9299,134.998769124349,62.8707682291667,463.103668212891,-1346669.90450257
9300,135.498758951823,63.0251668294271,470.679005940755,-900869.885064066
9301,134.998769124349,62.8707682291667,450.875335693359,-1333506.1752973
9302,135.498758951823,63.0251668294271,458.37700398763,-871301.118122002
9303,134.998769124349,62.8707682291667,438.648671468099,-1321101.59319646
9304,135.498758951823,63.0251668294271,446.074005126953,-889954.266520301
9305,134.998769124349,62.8707682291667,426.424997965495,-1321535.79256496
9306,135.498758951823,63.0251668294271,433.773996988932,-946472.651362512
9307,134.998769124349,62.8707682291667,414.200002034505,-1342646.83975031
9308,135.498758951823,63.0251668294271,421.475667317708,-946118.878191145
9309,134.998769124349,62.8707682291667,401.972340901693,-1379228.03168185
9310,135.498758951823,63.0251668294271,409.173675537109,-916905.717081252
9311,134.998769124349,62.8707682291667,389.747680664062,-1415383.78118074
9312,135.498758951823,63.0251668294271,396.87168375651,-886619.97000966
9313,134.998769124349,62.8707682291667,377.523946126302,-1438619.38182155
9314,135.498758951823,63.0251668294271,384.573750813802,-882698.072284864
9315,134.998769124349,62.8707682291667,365.295369466146,-1442759.8483057
9316,135.498758951823,63.0251668294271,372.271647135417,-782820.62753703
9317,134.998769124349,62.8707682291667,353.069702148438,-1429872.50976125
9318,135.498758951823,63.0251668294271,359.969706217448,-501994.587382216
9319,134.998769124349,62.8707682291667,340.843037923177,-1403147.31354124
9320,135.498758951823,63.0251668294271,347.669637044271,529453.051409784
9321,134.998769124349,62.8707682291667,328.620107014974,-1370875.02770393
9322,135.498758951823,63.0251668294271,335.369506835938,-1375782.27639816
9323,134.998769124349,62.8707682291667,316.39442952474,-1339455.45139722
9324,135.498758951823,63.0251668294271,323.070332845052,-1367939.37268509
9325,134.998769124349,62.8707682291667,304.167805989583,-1329784.04271835
9326,135.498758951823,63.0251668294271,310.767466227214,-1346638.97436226
9327,134.998769124349,62.8707682291667,291.942087809245,-1342895.94680379
9328,135.498758951823,63.0251668294271,298.467376708984,-1317429.38063382
9329,134.998769124349,62.8707682291667,279.71543375651,-1361124.33477426
9330,135.498758951823,63.0251668294271,286.165384928385,-1298531.98829067
9331,134.998769124349,62.8707682291667,267.491628011068,-1362326.56402325
9332,135.498758951823,63.0251668294271,273.865295410156,-1300209.19529323
9333,134.998769124349,62.8707682291667,255.264973958333,-1337128.30793824
9334,135.498758951823,63.0251668294271,261.56521097819,-1308659.592857
9335,134.998769124349,62.8707682291667,243.039271036784,-1293699.55351689
9336,135.498758951823,63.0251668294271,249.265106201172,-1306425.08013692
9337,134.998769124349,62.8707682291667,230.812632242839,-1235692.11734194
9338,135.498758951823,63.0251668294271,236.963134765625,-1287545.39301229
9339,134.998769124349,62.8707682291667,218.587870279948,-1165503.44972671
9340,135.498758951823,63.0251668294271,224.662099202474,-1239818.23979896
9341,134.998769124349,62.8707682291667,206.362141927083,-1122571.99900779
9342,135.498758951823,63.0251668294271,212.362009684245,-1172489.27960467
9343,134.998769124349,62.8707682291667,194.135503133138,-1132962.23841402
9344,135.498758951823,63.0251668294271,200.061904907227,-1118768.00622667
9345,134.998769124349,62.8707682291667,181.90983581543,-1166481.7194417
9346,135.498758951823,63.0251668294271,187.759938557943,-1105075.67387739
9347,134.998769124349,62.8707682291667,169.685999552409,-1150727.21901274
9348,135.498758951823,63.0251668294271,175.460001627604,-1124568.29222068
9349,134.998769124349,62.8707682291667,157.461003621419,-1065986.64473038
9350,135.498758951823,63.0251668294271,163.160669962565,-1142104.48154447
9351,134.998769124349,62.8707682291667,145.234670003255,-1010594.49164904
9352,135.498758951823,63.0251668294271,150.86067199707,-1141922.43342799
9353,134.998769124349,62.8707682291667,133.00700378418,-1117096.5776128
9354,135.498758951823,63.0251668294271,138.558670043945,-1122602.76082445
9355,134.998769124349,62.8707682291667,120.782338460286,-1244599.928861
9356,135.498758951823,63.0251668294271,126.256673177083,-868938.937240423
9357,134.998769124349,62.8707682291667,108.558339436849,-1318575.71892855
9358,135.498758951823,63.0251668294271,113.958338419596,-1306807.89184121
9359,134.998769124349,62.8707682291667,96.3300069173177,-1583052.80717649
9360,135.498758951823,63.0251668294271,101.656341552734,-1283399.47990194
9361,134.998769124349,62.8707682291667,84.1033376057943,-1665438.61032468
9362,135.498758951823,63.0251668294271,89.3536732991536,-1539102.98278155
9363,134.998769124349,62.8707682291667,71.8793385823568,-1430112.56565179
9364,135.498758951823,63.0251668294271,77.0533396402995,-1794598.79635483
9365,134.998769124349,62.8707682291667,59.6546732584635,-342445.944697511
9366,135.498758951823,63.0251668294271,64.7553405761719,-2031744.33952153
9367,134.998769124349,62.8707682291667,47.427001953125,-1142789.99400456
9368,135.498758951823,63.0251668294271,52.4533386230469,-2346625.10285549
9369,134.998769124349,62.8707682291667,35.2003377278646,-1944538.3112532
9370,135.498758951823,63.0251668294271,40.1513366699219,-3026299.88690619
9371,134.998769124349,62.8707682291667,22.9766743977865,-3026489.75112557
9372,135.498758951823,63.0251668294271,27.8513437906901,-1024246.51984468
9373,134.998769124349,62.8707682291667,10.75,-594505.016519865
9374,135.498758951823,63.0251668294271,15.5513407389323,-2133656.30130446
9375,136.497792561849,63.3697662353516,560.8330078125,-1199063.76688234
9376,136.497792561849,63.3697662353516,548.381673177083,-1193085.03839595
9377,136.996836344401,63.5599670410156,556.632670084635,-1200137.28265735
9378,136.497792561849,63.3697662353516,535.929992675781,-1199117.07337515
9379,136.996836344401,63.5599670410156,544.105997721354,-1193548.55710444
9380,136.497792561849,63.3697662353516,523.47900390625,-1214352.05075221
9381,136.996836344401,63.5599670410156,531.578653971354,-670385.567022076
9382,136.497792561849,63.3697662353516,511.02968343099,-1237737.74087398
9383,136.996836344401,63.5599670410156,519.0546875,-816443.097987563
9384,136.497792561849,63.3697662353516,498.577667236328,-1267782.97558123
9385,136.996836344401,63.5599670410156,506.528676350911,-884786.688859195
9386,136.497792561849,63.3697662353516,486.128000895182,-1294976.8801703
9387,136.996836344401,63.5599670410156,494.003336588542,-924019.934357415
9388,136.497792561849,63.3697662353516,473.678009033203,-1311814.62434194
9389,136.996836344401,63.5599670410156,481.477335611979,-1213544.34343016
9390,136.497792561849,63.3697662353516,461.228342692057,-1315093.48498771
9391,136.996836344401,63.5599670410156,468.954010009766,-1233077.42185377
9392,136.497792561849,63.3697662353516,448.774342854818,-1310173.81336988
9393,136.996836344401,63.5599670410156,456.427012125651,-889523.324151725
9394,136.497792561849,63.3697662353516,436.324666341146,-1309203.8730483
9395,136.996836344401,63.5599670410156,443.899678548177,-894982.604560468
9396,136.497792561849,63.3697662353516,423.875,-1317546.12153304
9397,136.996836344401,63.5599670410156,431.375,-928332.909457921
9398,136.497792561849,63.3697662353516,411.423014322917,-1335531.33889416
9399,136.996836344401,63.5599670410156,418.848673502604,-921125.078587932
9400,136.497792561849,63.3697662353516,398.973347981771,-1357086.31441131
9401,136.996836344401,63.5599670410156,406.32334391276,-945788.961541008
9402,136.497792561849,63.3697662353516,386.522745768229,-1372123.97317863
9403,136.996836344401,63.5599670410156,393.79833984375,-914121.952289665
9404,136.497792561849,63.3697662353516,374.071044921875,-1378503.3281581
9405,136.996836344401,63.5599670410156,381.272338867188,-838436.810956642
9406,136.497792561849,63.3697662353516,361.619384765625,-1378497.06747206
9407,136.996836344401,63.5599670410156,368.744445800781,-656992.567516463
9408,136.497792561849,63.3697662353516,349.169606526693,-1377924.55199909
9409,136.996836344401,63.5599670410156,356.219350179036,-319337.828238662
9410,136.497792561849,63.3697662353516,336.721638997396,-1375782.27639816
9411,136.996836344401,63.5599670410156,343.695139567057,239530.171761579
9412,136.497792561849,63.3697662353516,324.269938151042,-1367939.37268509
9413,136.996836344401,63.5599670410156,331.171844482422,-1365427.74852568
9414,136.497792561849,63.3697662353516,311.816396077474,-1346638.97436226
9415,136.996836344401,63.5599670410156,318.64296468099,-1365116.82932608
9416,136.497792561849,63.3697662353516,299.366607666016,-1317429.38063382
9417,136.996836344401,63.5599670410156,306.115966796875,-1340655.08532247
9418,136.497792561849,63.3697662353516,286.914906819661,-1298531.98829067
9419,136.996836344401,63.5599670410156,293.590840657552,-1301046.18034568
9420,136.497792561849,63.3697662353516,274.465087890625,-1300209.19529323
9421,136.996836344401,63.5599670410156,281.064748128255,-1272443.53557385
9422,136.497792561849,63.3697662353516,262.015274047852,-1308659.592857
9423,136.996836344401,63.5599670410156,268.541483561198,-1272228.57256716
9424,136.497792561849,63.3697662353516,249.564539591471,-1306425.08013692
9425,136.996836344401,63.5599670410156,256.014470418294,-1288892.00472121
9426,136.497792561849,63.3697662353516,237.112833658854,-1287545.39301229
9427,136.996836344401,63.5599670410156,243.488403320312,-1296434.40338493
9428,136.497792561849,63.3697662353516,224.660202026367,-1239818.23979896
9429,136.996836344401,63.5599670410156,230.960433959961,-1281175.88988418
9430,136.497792561849,63.3697662353516,212.212305704753,-1172489.27960467
9431,136.996836344401,63.5599670410156,218.436269124349,-1240679.05396974
9432,136.497792561849,63.3697662353516,199.76247660319,-1118768.00622667
9433,136.996836344401,63.5599670410156,205.913009643555,-1177244.99972677
9434,136.497792561849,63.3697662353516,187.310770670573,-1105075.67387739
9435,136.996836344401,63.5599670410156,193.386906941732,-1116262.91171254
9436,136.497792561849,63.3697662353516,174.858337402344,-1124568.29222068
9437,136.996836344401,63.5599670410156,180.859003702799,-1093530.55290226
9438,136.497792561849,63.3697662353516,162.410339355469,-1142104.48154447
9439,136.996836344401,63.5599670410156,168.334004720052,-1134354.70886127
9440,136.497792561849,63.3697662353516,149.960673014323,-1141922.43342799
9441,136.996836344401,63.5599670410156,155.810674031576,-1189839.04509228
9442,136.497792561849,63.3697662353516,137.508672078451,-1122602.76082445
9443,136.996836344401,63.5599670410156,143.284673055013,-1204409.76526325
9444,136.497792561849,63.3697662353516,125.057006835938,-1173597.69879443
9445,136.996836344401,63.5599670410156,130.757339477539,-1157211.4328412
9446,136.497792561849,63.3697662353516,112.606338500977,-1308248.78398484
9447,136.996836344401,63.5599670410156,118.230672200521,-1197425.20218676
9448,136.497792561849,63.3697662353516,100.156341552734,-1483549.71616443
9449,136.996836344401,63.5599670410156,105.706339518229,-1352235.92727872
9450,136.497792561849,63.3697662353516,87.7036743164062,-1502993.17093254
9451,136.996836344401,63.5599670410156,93.1800079345703,-1544925.90671912
9452,136.497792561849,63.3697662353516,75.2540079752604,-1399369.02515103
9453,136.996836344401,63.5599670410156,80.6540069580078,-1569686.12714828
9454,136.497792561849,63.3697662353516,62.8043416341146,-1274145.45577703
9455,136.996836344401,63.5599670410156,68.1290079752604,-2004336.77618815
9456,136.497792561849,63.3697662353516,50.3526713053385,-1397849.88353964
9457,136.996836344401,63.5599670410156,55.6030069986979,-2522962.87311319
9458,136.497792561849,63.3697662353516,37.9020029703776,-1928216.22684395
9459,136.996836344401,63.5599670410156,43.0770009358724,-2482963.69468712
9460,136.497792561849,63.3697662353516,25.4520111083984,-2356090.86528063
9461,136.996836344401,63.5599670410156,30.5516713460286,-858223.12004955
9462,136.497792561849,63.3697662353516,13.0006713867188,-658863.923550958
9463,136.996836344401,63.5599670410156,18.0266723632812,-2129990.8600528
9464,137.995854695638,63.9714686075846,560.757670084635,-1200137.28265735
9465,137.995854695638,63.9714686075846,548.082336425781,-1193548.55710444
9466,138.495829264323,64.1927693684896,556.48301188151,-1181479.73856642
9467,137.995854695638,63.9714686075846,535.403666178385,-1197722.04045857
9468,138.495829264323,64.1927693684896,543.73134358724,-1177520.76429261
9469,137.995854695638,63.9714686075846,522.729675292969,-1208617.77001115
9470,138.495829264323,64.1927693684896,530.97900390625,-1178256.14040514
9471,137.995854695638,63.9714686075846,510.055674235026,-1223314.62366707
9472,138.495829264323,64.1927693684896,518.231669108073,-1184003.84853189
9473,137.995854695638,63.9714686075846,497.378011067708,-1242830.07439468
9474,138.495829264323,64.1927693684896,505.479339599609,-1178839.72668933
9475,137.995854695638,63.9714686075846,484.702006022135,-1264768.49189043
9476,138.495829264323,64.1927693684896,492.727345784505,-1179759.9561942
9477,137.995854695638,63.9714686075846,472.028340657552,-1281609.18700756
9478,138.495829264323,64.1927693684896,479.977010091146,-1185114.85702057
9479,137.995854695638,63.9714686075846,459.351684570312,-1291909.76019201
9480,138.495829264323,64.1927693684896,467.227345784505,-1203643.68707628
9481,137.995854695638,63.9714686075846,446.67567952474,-1298830.08722057
9482,138.495829264323,64.1927693684896,454.475016276042,-1236028.49454951
9483,137.995854695638,63.9714686075846,434,-1308534.05772654
9484,138.495829264323,64.1927693684896,441.725667317708,-1268186.78272335
9485,137.995854695638,63.9714686075846,421.322336832682,-1320300.51033079
9486,138.495829264323,64.1927693684896,428.973663330078,-918107.160546622
9487,137.995854695638,63.9714686075846,408.64833577474,-1329384.45149342
9488,138.495829264323,64.1927693684896,416.221669514974,-921485.022640159
9489,137.995854695638,63.9714686075846,395.973327636719,-1332616.90224222
9490,138.495829264323,64.1927693684896,403.473327636719,-971418.698619324
9491,137.995854695638,63.9714686075846,383.297597249349,-1332522.14706662
9492,138.495829264323,64.1927693684896,390.722991943359,-887408.795681418
9493,137.995854695638,63.9714686075846,370.620137532552,-1333066.11902266
9494,138.495829264323,64.1927693684896,377.971995035807,-758845.339390052
9495,137.995854695638,63.9714686075846,357.944346110026,-1339535.28094066
9496,138.495829264323,64.1927693684896,365.220072428385,-517394.251599047
9497,137.995854695638,63.9714686075846,345.270416259766,-1352448.15413128
9498,138.495829264323,64.1927693684896,352.469879150391,-396938.206082378
9499,137.995854695638,63.9714686075846,332.594614664714,-1365427.74852568
9500,138.495829264323,64.1927693684896,339.719685872396,-1314915.89468401
9501,137.995854695638,63.9714686075846,319.918833414714,-1365116.82932608
9502,138.495829264323,64.1927693684896,326.968577067057,-1329191.93299918
9503,137.995854695638,63.9714686075846,307.242106119792,-1340655.08532247
9504,138.495829264323,64.1927693684896,314.218404134115,-1326755.52664003
9505,137.995854695638,63.9714686075846,294.564442952474,-1301046.18034568
9506,138.495829264323,64.1927693684896,301.466349283854,-1302709.96391815
9507,137.995854695638,63.9714686075846,281.890533447266,-1272443.53557385
9508,138.495829264323,64.1927693684896,288.714294433594,-1263855.72054489
9509,137.995854695638,63.9714686075846,269.216613769531,-1272228.57256716
9510,138.495829264323,64.1927693684896,275.966003417969,-1232210.92249218
9511,137.995854695638,63.9714686075846,256.540832519531,-1288892.00472121
9512,138.495829264323,64.1927693684896,263.216766357422,-1227123.37508841
9513,137.995854695638,63.9714686075846,243.86220296224,-1296434.40338493
9514,138.495829264323,64.1927693684896,250.464701334635,-1241679.30329033
9515,137.995854695638,63.9714686075846,231.186436971029,-1281175.88988418
9516,138.495829264323,64.1927693684896,237.712636311849,-1246379.00968139
9517,137.995854695638,63.9714686075846,218.512537638346,-1240679.05396974
9518,138.495829264323,64.1927693684896,224.962473551432,-1231255.99549993
9519,137.995854695638,63.9714686075846,205.836736043294,-1177244.99972677
9520,138.495829264323,64.1927693684896,212.21230061849,-1195398.22606443
9521,137.995854695638,63.9714686075846,193.161875406901,-1116262.91171254
9522,138.495829264323,64.1927693684896,199.461171468099,-1137991.70238157
9523,137.995854695638,63.9714686075846,180.485336303711,-1093530.55290226
9524,138.495829264323,64.1927693684896,186.712071736654,-1080919.00807299
9525,137.995854695638,63.9714686075846,167.808334350586,-1134354.70886127
9526,138.495829264323,64.1927693684896,173.958999633789,-1062112.11926954
9527,137.995854695638,63.9714686075846,155.134674072266,-1189839.04509228
9528,138.495829264323,64.1927693684896,161.208669026693,-1098506.09890605
9529,137.995854695638,63.9714686075846,142.458674112956,-1204409.76526325
9530,138.495829264323,64.1927693684896,148.458674112956,-1150250.34271146
9531,137.995854695638,63.9714686075846,129.781005859375,-1157211.4328412
9532,138.495829264323,64.1927693684896,135.706339518229,-1150251.16354143
9533,137.995854695638,63.9714686075846,117.105336507161,-1197425.20218676
9534,138.495829264323,64.1927693684896,122.955337524414,-1098199.55744344
9535,137.995854695638,63.9714686075846,104.430674235026,-1564102.47022138
9536,138.495829264323,64.1927693684896,110.205337524414,-1146278.33957234
9537,137.995854695638,63.9714686075846,91.756337483724,-1438047.78427829
9538,138.495829264323,64.1927693684896,97.4570058186849,-1548826.88645656
9539,137.995854695638,63.9714686075846,79.0786743164062,-1368556.62240497
9540,138.495829264323,64.1927693684896,84.7046712239583,-1553489.13966545
9541,137.995854695638,63.9714686075846,66.4030049641927,-1548269.62487064
9542,138.495829264323,64.1927693684896,71.9526723225911,-1878602.20079089
9543,137.995854695638,63.9714686075846,53.7283376057943,-1847291.83674257
9544,138.495829264323,64.1927693684896,59.2036692301432,-2431574.18017496
9545,137.995854695638,63.9714686075846,41.0516662597656,-1848123.4973081
9546,138.495829264323,64.1927693684896,46.4526672363281,-2427860.77934874
9547,137.995854695638,63.9714686075846,28.3766682942708,-2571840.63175773
9548,138.495829264323,64.1927693684896,33.701665242513,-808374.305921804
9549,137.995854695638,63.9714686075846,15.7006632486979,-721059.357192392
9550,138.495829264323,64.1927693684896,20.9509989420573,-2105399.59937769
9551,139.495803833008,64.6720708211263,560.683349609375,-1181479.73856642
9552,139.495803833008,64.6720708211263,547.781026204427,-1177520.76429261
9553,139.995803833008,64.9300715128581,556.332356770833,-1180430.96753957
9554,139.495803833008,64.6720708211263,534.880004882812,-1178256.14040514
9555,139.995803833008,64.9300715128581,543.354349772135,-1178546.73661409
9556,139.495803833008,64.6720708211263,521.980997721354,-1184003.84853189
9557,139.995803833008,64.9300715128581,530.380004882812,-1176633.9080131
9558,139.495803833008,64.6720708211263,509.079996744792,-1191106.80966126
9559,139.995803833008,64.9300715128581,517.40565999349,-1177880.47260749
9560,139.495803833008,64.6720708211263,496.178344726562,-1200017.8330621
9561,139.995803833008,64.9300715128581,504.429667154948,-1178839.72668933
9562,139.495803833008,64.6720708211263,483.27734375,-1213544.34343016
9563,139.995803833008,64.9300715128581,491.453338623047,-1139930.15634725
9564,139.495803833008,64.6720708211263,470.376007080078,-1233077.42185377
9565,139.995803833008,64.9300715128581,478.477335611979,-1145870.82818144
9566,139.495803833008,64.6720708211263,457.474009195964,-1255801.00758945
9567,139.995803833008,64.9300715128581,465.499338785807,-1164828.161752
9568,139.495803833008,64.6720708211263,444.574991861979,-1276122.37574811
9569,139.995803833008,64.9300715128581,452.523996988932,-1195668.10391337
9570,139.495803833008,64.6720708211263,431.674997965495,-1292113.48875691
9571,139.995803833008,64.9300715128581,439.550659179688,-1225205.81089217
9572,139.495803833008,64.6720708211263,418.772674560547,-1298210.75902428
9573,139.995803833008,64.9300715128581,426.574676513672,-918854.770794868
9574,139.495803833008,64.6720708211263,405.87266031901,-1294199.13279226
9575,139.995803833008,64.9300715128581,413.598673502604,-937382.025370646
9576,139.495803833008,64.6720708211263,392.972666422526,-1283853.95697983
9577,139.995803833008,64.9300715128581,400.622334798177,-940467.046054613
9578,139.495803833008,64.6720708211263,380.071767171224,-1276478.76852682
9579,139.995803833008,64.9300715128581,387.647043863932,-842304.356399537
9580,139.495803833008,64.6720708211263,367.171061197917,-1279988.24263991
9581,139.995803833008,64.9300715128581,374.6708984375,-642781.80298933
9582,139.495803833008,64.6720708211263,354.271138509115,-1294850.45649214
9583,139.995803833008,64.9300715128581,361.696594238281,-526753.505875002
9584,139.495803833008,64.6720708211263,341.369344075521,-1314915.89468401
9585,139.995803833008,64.9300715128581,348.721333821615,-1278055.90122007
9586,139.495803833008,64.6720708211263,328.467610677083,-1329191.93299918
9587,139.995803833008,64.9300715128581,335.743306477865,-1297538.06769706
9588,139.495803833008,64.6720708211263,315.568644205729,-1326755.52664003
9589,139.995803833008,64.9300715128581,322.768107096354,-1310285.42205581
9590,139.495803833008,64.6720708211263,302.665944417318,-1302709.96391815
9591,139.995803833008,64.9300715128581,309.79194132487,-1312110.23014828
9592,139.495803833008,64.6720708211263,289.766052246094,-1263855.72054489
9593,139.995803833008,64.9300715128581,296.815795898438,-1297306.53242857
9594,139.495803833008,64.6720708211263,276.865224202474,-1232210.92249218
9595,139.995803833008,64.9300715128581,283.841512044271,-1266368.81286992
9596,139.495803833008,64.6720708211263,263.966298421224,-1227123.37508841
9597,139.995803833008,64.9300715128581,270.865366617839,-1235994.9385773
9598,139.495803833008,64.6720708211263,251.064498901367,-1241679.30329033
9599,139.995803833008,64.9300715128581,257.890162150065,-1226445.20478092
9600,139.495803833008,64.6720708211263,238.162704467773,-1246379.00968139
9601,139.995803833008,64.9300715128581,244.912068684896,-1231333.89925573
9602,139.495803833008,64.6720708211263,225.264739990234,-1231255.99549993
9603,139.995803833008,64.9300715128581,231.938771565755,-1234301.1583656
9604,139.495803833008,64.6720708211263,212.362004597982,-1195398.22606443
9605,139.995803833008,64.9300715128581,218.964508056641,-1222393.71529852
9606,139.495803833008,64.6720708211263,199.461171468099,-1137991.70238157
9607,139.995803833008,64.9300715128581,205.986440022786,-1199586.81837937
9608,139.495803833008,64.6720708211263,186.561436971029,-1080919.00807299
9609,139.995803833008,64.9300715128581,193.011240641276,-1163796.30569861
9610,139.495803833008,64.6720708211263,173.65966796875,-1062112.11926954
9611,139.995803833008,64.9300715128581,180.035369873047,-1121744.41977932
9612,139.495803833008,64.6720708211263,160.75666809082,-1098506.09890605
9613,139.995803833008,64.9300715128581,167.057001749674,-1082217.56204855
9614,139.495803833008,64.6720708211263,147.858673095703,-1150250.34271146
9615,139.995803833008,64.9300715128581,154.082672119141,-1079126.51873841
9616,139.495803833008,64.6720708211263,134.957005818685,-1150251.16354143
9617,139.995803833008,64.9300715128581,141.109339396159,-1133115.08691412
9618,139.495803833008,64.6720708211263,122.055002848307,-1098199.55744344
9619,139.995803833008,64.9300715128581,128.131337483724,-1171857.9783855
9620,139.495803833008,64.6720708211263,109.156336466471,-1146278.33957234
9621,139.995803833008,64.9300715128581,115.156000773112,-1221368.03902934
9622,139.495803833008,64.6720708211263,96.2553354899089,-1480240.20762488
9623,139.995803833008,64.9300715128581,102.180002848307,-1265316.04044004
9624,139.495803833008,64.6720708211263,83.3556722005208,-1341277.04114476
9625,139.995803833008,64.9300715128581,89.2056681315104,-1609472.88981824
9626,139.495803833008,64.6720708211263,70.4526723225911,-1579544.04500044
9627,139.995803833008,64.9300715128581,76.2296752929688,-1899934.54784328
9628,139.495803833008,64.6720708211263,57.5540008544922,-1795492.64090079
9629,139.995803833008,64.9300715128581,63.2533365885417,-2250681.79407913
9630,139.495803833008,64.6720708211263,44.652333577474,-2029453.22092131
9631,139.995803833008,64.9300715128581,50.2783355712891,-2310923.48241179
9632,139.495803833008,64.6720708211263,31.7506663004557,-2309891.47675099
9633,139.995803833008,64.9300715128581,37.3003336588542,-833317.651755732
9634,139.495803833008,64.6720708211263,18.850331624349,-765041.844986725
9635,139.995803833008,64.9300715128581,24.3250020345052,-2100952.45551169
9636,140.995803833008,65.4799372355143,560.607014973958,-1180430.96753957
9637,140.995803833008,65.4799372355143,547.48134358724,-1178546.73661409
9638,141.495803833008,65.7718022664388,556.182678222656,-1149324.12395539
9639,140.995803833008,65.4799372355143,534.354349772135,-1176633.9080131
9640,141.495803833008,65.7718022664388,542.98134358724,-1150735.68222577
9641,140.995803833008,65.4799372355143,521.230672200521,-1177880.47260749
9642,141.495803833008,65.7718022664388,529.780354817708,-1148132.50476776
9643,140.995803833008,65.4799372355143,508.106658935547,-1178839.72668933
9644,141.495803833008,65.7718022664388,516.582000732422,-1143831.97069404
9645,140.995803833008,65.4799372355143,494.97900390625,-1179759.9561942
9646,141.495803833008,65.7718022664388,503.381001790365,-1140976.79225823
9647,140.995803833008,65.4799372355143,481.852996826172,-1185114.85702057
9648,141.495803833008,65.7718022664388,490.178670247396,-1114921.18679915
9649,140.995803833008,65.4799372355143,468.72699991862,-1203643.68707628
9650,141.495803833008,65.7718022664388,476.979329427083,-1121742.77988452
9651,140.995803833008,65.4799372355143,455.598337809245,-1236028.49454951
9652,141.495803833008,65.7718022664388,463.776011149089,-1137643.06482489
9653,140.995803833008,65.4799372355143,442.475331624349,-1268186.78272335
9654,141.495803833008,65.7718022664388,450.574005126953,-1161538.13688158
9655,140.995803833008,65.4799372355143,429.351684570312,-1286528.3284805
9656,141.495803833008,65.7718022664388,437.376678466797,-1187111.97573563
9657,140.995803833008,65.4799372355143,416.223673502604,-1290249.79610762
9658,141.495803833008,65.7718022664388,424.174682617188,-1242171.29731664
9659,140.995803833008,65.4799372355143,403.097676595052,-1280940.37990791
9660,141.495803833008,65.7718022664388,410.973002115885,-1245166.96178768
9661,140.995803833008,65.4799372355143,389.972045898438,-1264474.44754401
9662,141.495803833008,65.7718022664388,397.773010253906,-1236417.6826342
9663,140.995803833008,65.4799372355143,376.845967610677,-1253799.12964488
9664,141.495803833008,65.7718022664388,384.571838378906,-1221860.12323371
9665,140.995803833008,65.4799372355143,363.721964518229,-1258001.43812416
9666,141.495803833008,65.7718022664388,371.371500651042,-1212954.84143536
9667,140.995803833008,65.4799372355143,350.596995035807,-1278055.90122007
9668,141.495803833008,65.7718022664388,358.172170003255,-1216459.73211237
9669,140.995803833008,65.4799372355143,337.46923828125,-1297538.06769706
9670,141.495803833008,65.7718022664388,344.970937093099,-1230167.30460592
9671,140.995803833008,65.4799372355143,324.343404134115,-1310285.42205581
9672,141.495803833008,65.7718022664388,331.768839518229,-1245157.80757272
9673,140.995803833008,65.4799372355143,311.217539469401,-1312110.23014828
9674,141.495803833008,65.7718022664388,318.569539388021,-1255547.64674242
9675,140.995803833008,65.4799372355143,298.091654459635,-1297306.53242857
9676,141.495803833008,65.7718022664388,305.367401123047,-1260186.06016645
9677,140.995803833008,65.4799372355143,284.967661539714,-1266368.81286992
9678,141.495803833008,65.7718022664388,292.168060302734,-1253827.08054202
9679,140.995803833008,65.4799372355143,271.841796875,-1235994.9385773
9680,141.495803833008,65.7718022664388,278.967803955078,-1231157.04235117
9681,140.995803833008,65.4799372355143,258.713099161784,-1226445.20478092
9682,141.495803833008,65.7718022664388,265.765665690104,-1197818.48983457
9683,140.995803833008,65.4799372355143,245.587203979492,-1231333.89925573
9684,141.495803833008,65.7718022664388,252.562571207682,-1175734.29858607
9685,140.995803833008,65.4799372355143,232.46230061849,-1234301.1583656
9686,141.495803833008,65.7718022664388,239.361368815104,-1175796.68639061
9687,140.995803833008,65.4799372355143,219.338338216146,-1222393.71529852
9688,141.495803833008,65.7718022664388,226.162099202474,-1174514.90082952
9689,140.995803833008,65.4799372355143,206.212443033854,-1199586.81837937
9690,141.495803833008,65.7718022664388,212.961837768555,-1160400.05270433
9691,140.995803833008,65.4799372355143,193.084676106771,-1163796.30569861
9692,141.495803833008,65.7718022664388,199.760609944661,-1141007.10564689
9693,140.995803833008,65.4799372355143,179.959040323893,-1121744.41977932
9694,141.495803833008,65.7718022664388,186.55854288737,-1110802.82477281
9695,140.995803833008,65.4799372355143,166.833002726237,-1082217.56204855
9696,141.495803833008,65.7718022664388,173.359339396159,-1063729.31521872
9697,140.995803833008,65.4799372355143,153.707005818685,-1079126.51873841
9698,141.495803833008,65.7718022664388,160.157002766927,-1013257.12375719
9699,140.995803833008,65.4799372355143,140.584004720052,-1133115.08691412
9700,141.495803833008,65.7718022664388,146.957672119141,-993926.115444063
9701,140.995803833008,65.4799372355143,127.458002726237,-1171857.9783855
9702,141.495803833008,65.7718022664388,133.758336385091,-1037007.58984979
9703,140.995803833008,65.4799372355143,114.330337524414,-1221368.03902934
9704,141.495803833008,65.7718022664388,120.556004842122,-1093481.82032136
9705,140.995803833008,65.4799372355143,101.204335530599,-1265316.04044004
9706,141.495803833008,65.7718022664388,107.355005900065,-1144701.9625153
9707,140.995803833008,65.4799372355143,88.0806681315104,-1401764.71053354
9708,141.495803833008,65.7718022664388,94.1546681722005,-1219191.11905406
9709,140.995803833008,65.4799372355143,74.9536743164062,-1461245.71147345
9710,141.495803833008,65.7718022664388,80.9546712239583,-1977432.37264798
9711,140.995803833008,65.4799372355143,61.8280029296875,-1619382.35025068
9712,141.495803833008,65.7718022664388,67.7513376871745,-2170269.68774459
9713,140.995803833008,65.4799372355143,48.7020060221354,-1795112.09324688
9714,141.495803833008,65.7718022664388,54.5523376464844,-2225319.58262943
9715,140.995803833008,65.4799372355143,35.5743357340495,-2051549.66746616
9716,141.495803833008,65.7718022664388,41.3500061035156,-807708.199601562
9717,140.995803833008,65.4799372355143,22.4493408203125,-784126.90599802
9718,141.495803833008,65.7718022664388,28.1490071614583,-2059003.26483486
9719,142.497670491536,66.3894678751628,560.533671061198,-1149324.12395539
9720,142.497670491536,66.3894678751628,547.182006835938,-1150735.68222577
9721,142.999537150065,66.7152684529622,556.032999674479,-1126267.09684185
9722,142.497670491536,66.3894678751628,533.831013997396,-1148132.50476776
9723,142.999537150065,66.7152684529622,542.605672200521,-1131292.3512515
9724,142.497670491536,66.3894678751628,520.481333414714,-1143831.97069404
9725,142.999537150065,66.7152684529622,529.1806640625,-1130621.25527761
9726,142.497670491536,66.3894678751628,507.129333496094,-1140976.79225823
9727,142.999537150065,66.7152684529622,515.754323323568,-1124407.49273457
9728,142.497670491536,66.3894678751628,493.780334472656,-1139930.15634725
9729,142.999537150065,66.7152684529622,502.32899983724,-1117330.40434537
9730,142.497670491536,66.3894678751628,480.430338541667,-1145870.82818144
9731,142.999537150065,66.7152684529622,488.905670166016,-1114921.18679915
9732,142.497670491536,66.3894678751628,467.077351888021,-1164828.161752
9733,142.999537150065,66.7152684529622,475.479349772135,-1087723.39876158
9734,142.497670491536,66.3894678751628,453.724680582682,-1195668.10391337
9735,142.999537150065,66.7152684529622,462.050354003906,-1097265.46326062
9736,142.497670491536,66.3894678751628,440.375681559245,-1225205.81089217
9737,142.999537150065,66.7152684529622,448.625010172526,-1108330.72421451
9738,142.497670491536,66.3894678751628,427.023681640625,-1242171.29731664
9739,142.999537150065,66.7152684529622,435.199686686198,-1187111.97573563
9740,142.497670491536,66.3894678751628,413.67333984375,-1245166.96178768
9741,142.999537150065,66.7152684529622,421.773010253906,-1205123.23004027
9742,142.497670491536,66.3894678751628,400.324666341146,-1236417.6826342
9743,142.999537150065,66.7152684529622,408.349670410156,-1213108.54111851
9744,142.497670491536,66.3894678751628,386.972798665365,-1221860.12323371
9745,142.999537150065,66.7152684529622,394.924662272135,-1211398.76283447
9746,142.497670491536,66.3894678751628,373.620971679688,-1212954.84143536
9747,142.999537150065,66.7152684529622,381.496398925781,-1202047.05558547
9748,142.497670491536,66.3894678751628,360.271942138672,-1216459.73211237
9749,142.999537150065,66.7152684529622,368.071207682292,-1191924.16682667
9750,142.497670491536,66.3894678751628,346.920074462891,-1230167.30460592
9751,142.999537150065,66.7152684529622,354.645904541016,-1188180.46227626
9752,142.497670491536,66.3894678751628,333.568237304688,-1245157.80757272
9753,142.999537150065,66.7152684529622,341.2177734375,-1194505.24508352
9754,142.497670491536,66.3894678751628,320.218271891276,-1255547.64674242
9755,142.999537150065,66.7152684529622,327.791534423828,-1208427.55132804
9756,142.497670491536,66.3894678751628,306.86924235026,-1260186.06016645
9757,142.999537150065,66.7152684529622,314.36811319987,-1218118.60400509
9758,142.497670491536,66.3894678751628,293.517374674479,-1253827.08054202
9759,142.999537150065,66.7152684529622,300.942810058594,-1229064.0258152
9760,142.497670491536,66.3894678751628,280.167399088542,-1231157.04235117
9761,142.999537150065,66.7152684529622,287.516571044922,-1234472.78565372
9762,142.497670491536,66.3894678751628,266.815541585286,-1197818.48983457
9763,142.999537150065,66.7152684529622,274.091267903646,-1221036.92224877
9764,142.497670491536,66.3894678751628,253.462738037109,-1175734.29858607
9765,142.999537150065,66.7152684529622,260.663141886393,-1187771.39789401
9766,142.497670491536,66.3894678751628,240.110900878906,-1175796.68639061
9767,142.999537150065,66.7152684529622,247.236902872721,-1159347.59164729
9768,142.497670491536,66.3894678751628,226.761896769206,-1174514.90082952
9769,142.999537150065,66.7152684529622,233.811630249023,-1153648.87270532
9770,142.497670491536,66.3894678751628,213.411900838216,-1160400.05270433
9771,142.999537150065,66.7152684529622,220.388198852539,-1147841.34203158
9772,142.497670491536,66.3894678751628,200.060038248698,-1141007.10564689
9773,142.999537150065,66.7152684529622,206.961934407552,-1132258.69539633
9774,142.497670491536,66.3894678751628,186.709177652995,-1110802.82477281
9775,142.999537150065,66.7152684529622,193.534739176432,-1120407.67602228
9776,142.497670491536,66.3894678751628,173.359339396159,-1063729.31521872
9777,142.999537150065,66.7152684529622,180.109675089518,-1099336.63116925
9778,142.497670491536,66.3894678751628,160.007334391276,-1013257.12375719
9779,142.999537150065,66.7152684529622,166.683334350586,-1048482.86280816
9780,142.497670491536,66.3894678751628,146.655670166016,-993926.115444063
9781,142.999537150065,66.7152684529622,153.255335489909,-976764.287995142
9782,142.497670491536,66.3894678751628,133.30800374349,-1037007.58984979
9783,142.999537150065,66.7152684529622,139.831670125326,-944126.503849162
9784,142.497670491536,66.3894678751628,119.956339518229,-1093481.82032136
9785,142.999537150065,66.7152684529622,126.408004760742,-1003951.26410319
9786,142.497670491536,66.3894678751628,106.604339599609,-1144701.9625153
9787,142.999537150065,66.7152684529622,112.980005900065,-1133266.00738063
9788,142.497670491536,66.3894678751628,93.2556711832682,-1219191.11905406
9789,142.999537150065,66.7152684529622,99.5546722412109,-1306040.71943608
9790,142.497670491536,66.3894678751628,79.9026692708333,-1422636.86229282
9791,142.999537150065,66.7152684529622,86.1296691894531,-1215829.62386067
9792,142.497670491536,66.3894678751628,66.5500030517578,-1381793.46559222
9793,142.999537150065,66.7152684529622,72.7003377278646,-1284669.19445716
9794,142.497670491536,66.3894678751628,53.2030029296875,-1507543.54537878
9795,142.999537150065,66.7152684529622,59.277333577474,-2098454.59075462
9796,142.497670491536,66.3894678751628,39.8510080973307,-1659785.3418615
9797,142.999537150065,66.7152684529622,45.8536732991536,-759431.094764815
9798,142.497670491536,66.3894678751628,26.4993387858073,-815523.325790152
9799,142.999537150065,66.7152684529622,32.4256693522135,-1952247.21228962
9800,144.001403808594,67.4017028808594,560.457336425781,-1126267.09684185
9801,144.001403808594,67.4017028808594,546.882649739583,-1131292.3512515
9802,144.501403808594,67.762336730957,555.883321126302,-1080459.43091575
9803,144.001403808594,67.4017028808594,533.304667154948,-1130621.25527761
9804,144.501403808594,67.762336730957,542.231994628906,-1086768.77688879
9805,144.001403808594,67.4017028808594,519.728658040365,-1124407.49273457
9806,144.501403808594,67.762336730957,528.579671223958,-1088433.28705027
9807,144.001403808594,67.4017028808594,506.153666178385,-1117330.40434537
9808,144.501403808594,67.762336730957,514.928334554036,-1084863.6062244
9809,144.001403808594,67.4017028808594,492.579681396484,-1114921.18679915
9810,144.501403808594,67.762336730957,501.279012044271,-1078327.54805564
9811,144.001403808594,67.4017028808594,479.003682454427,-1121742.77988452
9812,144.501403808594,67.762336730957,487.628682454427,-1078529.10659076
9813,144.001403808594,67.4017028808594,465.426015218099,-1137643.06482489
9814,144.501403808594,67.762336730957,473.977345784505,-1087723.39876158
9815,144.001403808594,67.4017028808594,451.850016276042,-1161538.13688158
9816,144.501403808594,67.762336730957,460.325347900391,-1097265.46326062
9817,144.001403808594,67.4017028808594,438.274678548177,-1187111.97573563
9818,144.501403808594,67.762336730957,446.67567952474,-1108330.72421451
9819,144.001403808594,67.4017028808594,424.69867960612,-1205123.23004027
9820,144.501403808594,67.762336730957,433.024342854818,-1127381.52942102
9821,144.001403808594,67.4017028808594,411.124674479167,-1213108.54111851
9822,144.501403808594,67.762336730957,419.374013264974,-1146662.60877569
9823,144.001403808594,67.4017028808594,397.549662272135,-1211398.76283447
9824,144.501403808594,67.762336730957,405.724670410156,-1158560.87352672
9825,144.001403808594,67.4017028808594,383.971934000651,-1202047.05558547
9826,144.501403808594,67.762336730957,392.073333740234,-1163433.3301305
9827,144.001403808594,67.4017028808594,370.396006266276,-1191924.16682667
9828,144.501403808594,67.762336730957,378.421305338542,-1160350.22873252
9829,144.001403808594,67.4017028808594,356.819101969401,-1188180.46227626
9830,144.501403808594,67.762336730957,364.769938151042,-1149180.48815638
9831,144.001403808594,67.4017028808594,343.2431640625,-1194505.24508352
9832,144.501403808594,67.762336730957,351.118662516276,-1138765.95449994
9833,144.001403808594,67.4017028808594,329.667165120443,-1208427.55132804
9834,144.501403808594,67.762336730957,337.469258626302,-1139384.24634375
9835,144.001403808594,67.4017028808594,316.09120686849,-1218118.60400509
9836,144.501403808594,67.762336730957,323.81699625651,-1151313.55037192
9837,144.001403808594,67.4017028808594,302.51811726888,-1229064.0258152
9838,144.501403808594,67.762336730957,310.167643229167,-1163717.9183031
9839,144.001403808594,67.4017028808594,288.942148844401,-1234472.78565372
9840,144.501403808594,67.762336730957,296.518259684245,-1173386.41364789
9841,144.001403808594,67.4017028808594,275.36430867513,-1221036.92224877
9842,144.501403808594,67.762336730957,282.866017659505,-1180537.87224992
9843,144.001403808594,67.4017028808594,261.789311726888,-1187771.39789401
9844,144.501403808594,67.762336730957,269.214752197266,-1175121.7787158
9845,144.001403808594,67.4017028808594,248.213333129883,-1159347.59164729
9846,144.501403808594,67.762336730957,255.565338134766,-1153648.82473734
9847,144.001403808594,67.4017028808594,234.637400309245,-1153648.87270532
9848,144.501403808594,67.762336730957,241.913101196289,-1120620.82741005
9849,144.001403808594,67.4017028808594,221.064270019531,-1147841.34203158
9850,144.501403808594,67.762336730957,228.263737996419,-1110970.57988379
9851,144.001403808594,67.4017028808594,207.486399332682,-1132258.69539633
9852,144.501403808594,67.762336730957,214.612436930339,-1105023.89496499
9853,144.001403808594,67.4017028808594,193.910435994466,-1120407.67602228
9854,144.501403808594,67.762336730957,200.960199991862,-1086281.19064833
9855,144.001403808594,67.4017028808594,180.33566792806,-1099336.63116925
9856,144.501403808594,67.762336730957,187.31086730957,-1069568.21961458
9857,144.001403808594,67.4017028808594,166.757670084635,-1048482.86280816
9858,144.501403808594,67.762336730957,173.65966796875,-1049625.59719726
9859,144.001403808594,67.4017028808594,153.180999755859,-976764.287995142
9860,144.501403808594,67.762336730957,160.007334391276,-1001565.39311413
9861,144.001403808594,67.4017028808594,139.607671101888,-944126.503849162
9862,144.501403808594,67.762336730957,146.357335408529,-920007.285503801
9863,144.001403808594,67.4017028808594,126.032338460286,-1003951.26410319
9864,144.501403808594,67.762336730957,132.708338419596,-887568.178427616
9865,144.001403808594,67.4017028808594,112.45566813151,-1133266.00738063
9866,144.501403808594,67.762336730957,119.056335449219,-980645.860116563
9867,144.001403808594,67.4017028808594,98.878672281901,-1306040.71943608
9868,144.501403808594,67.762336730957,105.404001871745,-1214191.42917386
9869,144.001403808594,67.4017028808594,85.3036702473958,-1215829.62386067
9870,144.501403808594,67.762336730957,91.753672281901,-1281148.36389873
9871,144.001403808594,67.4017028808594,71.7270050048828,-1284669.19445716
9872,144.501403808594,67.762336730957,78.1033376057943,-1102312.31037253
9873,144.001403808594,67.4017028808594,58.1520029703776,-1118416.42993002
9874,144.501403808594,67.762336730957,64.4513397216797,-938354.801898361
9875,144.001403808594,67.4017028808594,44.5786692301432,-1487523.24369072
9876,144.501403808594,67.762336730957,50.8026682535807,-759458.16761849
9877,144.001403808594,67.4017028808594,31.0020039876302,-855006.146810635
9878,144.501403808594,67.762336730957,37.152338663737,-1999534.33012137
9879,145.501373291016,68.5165710449219,560.383992513021,-1080459.43091575
9880,145.501373291016,68.5165710449219,546.582336425781,-1086768.77688879
9881,146.001342773438,68.9101715087891,555.733662923177,-1039458.58181532
9882,145.501373291016,68.5165710449219,532.780008951823,-1088433.28705027
9883,146.001342773438,68.9101715087891,541.855346679688,-1046309.96275057
9884,145.501373291016,68.5165710449219,518.979014078776,-1084863.6062244
9885,146.001342773438,68.9101715087891,527.979675292969,-1049999.88787439
9886,145.501373291016,68.5165710449219,505.17734781901,-1078327.54805564
9887,146.001342773438,68.9101715087891,514.102681477865,-1050097.16667878
9888,145.501373291016,68.5165710449219,491.377014160156,-1078529.10659076
9889,146.001342773438,68.9101715087891,500.226348876953,-1048500.37132354
9890,145.501373291016,68.5165710449219,477.578002929688,-1087723.39876158
9891,146.001342773438,68.9101715087891,486.352671305339,-1049096.22641297
9892,145.501373291016,68.5165710449219,463.776011149089,-1097265.46326062
9893,146.001342773438,68.9101715087891,472.477335611979,-1054685.38761019
9894,145.501373291016,68.5165710449219,449.976013183594,-1108330.72421451
9895,146.001342773438,68.9101715087891,458.601013183594,-1059896.05932358
9896,145.501373291016,68.5165710449219,436.174997965495,-1127381.52942102
9897,146.001342773438,68.9101715087891,444.725667317708,-1063887.83216851
9898,145.501373291016,68.5165710449219,422.373016357422,-1146662.60877569
9899,146.001342773438,68.9101715087891,430.848337809245,-1074201.81640861
9900,145.501373291016,68.5165710449219,408.573008219401,-1158560.87352672
9901,146.001342773438,68.9101715087891,416.972015380859,-1091960.93282923
9902,145.501373291016,68.5165710449219,394.77300008138,-1163433.3301305
9903,146.001342773438,68.9101715087891,403.097666422526,-1110229.1659313
9904,145.501373291016,68.5165710449219,380.971038818359,-1160350.22873252
9905,146.001342773438,68.9101715087891,389.221333821615,-1123125.50901491
9906,145.501373291016,68.5165710449219,367.169138590495,-1149180.48815638
9907,146.001342773438,68.9101715087891,375.344940185547,-1124880.25703588
9908,145.501373291016,68.5165710449219,353.370025634766,-1138765.95449994
9909,146.001342773438,68.9101715087891,361.469665527344,-1114860.35685559
9910,145.501373291016,68.5165710449219,339.570892333984,-1139384.24634375
9911,146.001342773438,68.9101715087891,347.596160888672,-1100989.52589255
9912,145.501373291016,68.5165710449219,325.768961588542,-1151313.55037192
9913,146.001342773438,68.9101715087891,333.720764160156,-1095341.88882898
9914,145.501373291016,68.5165710449219,311.967041015625,-1163717.9183031
9915,146.001342773438,68.9101715087891,319.842569986979,-1103610.37630946
9916,145.501373291016,68.5165710449219,298.16791788737,-1173386.41364789
9917,146.001342773438,68.9101715087891,305.967173258464,-1117465.08866276
9918,145.501373291016,68.5165710449219,284.365987141927,-1180537.87224992
9919,146.001342773438,68.9101715087891,292.091776529948,-1126483.9279204
9920,145.501373291016,68.5165710449219,270.564046223958,-1175121.7787158
9921,146.001342773438,68.9101715087891,278.213572184245,-1135005.26144431
9922,145.501373291016,68.5165710449219,256.764938354492,-1153648.82473734
9923,146.001342773438,68.9101715087891,264.338205973307,-1137844.10036088
9924,145.501373291016,68.5165710449219,242.964869181315,-1120620.82741005
9925,146.001342773438,68.9101715087891,250.464701334635,-1124352.81812856
9926,145.501373291016,68.5165710449219,229.162938435872,-1110970.57988379
9927,146.001342773438,68.9101715087891,236.588368733724,-1097223.06297655
9928,145.501373291016,68.5165710449219,215.361968994141,-1105023.89496499
9929,146.001342773438,68.9101715087891,222.713002522786,-1087955.14732729
9930,145.501373291016,68.5165710449219,201.560002644857,-1086281.19064833
9931,146.001342773438,68.9101715087891,208.835734049479,-1075957.783533
9932,145.501373291016,68.5165710449219,187.76003519694,-1069568.21961458
9933,146.001342773438,68.9101715087891,194.959406534831,-1046472.668264
9934,145.501373291016,68.5165710449219,173.958999633789,-1049625.59719726
9935,146.001342773438,68.9101715087891,181.084167480469,-1027435.31927881
9936,145.501373291016,68.5165710449219,160.157002766927,-1001565.39311413
9937,146.001342773438,68.9101715087891,167.206670125326,-1028731.09303537
9938,145.501373291016,68.5165710449219,146.357335408529,-920007.285503801
9939,146.001342773438,68.9101715087891,153.33066813151,-989792.859684979
9940,145.501373291016,68.5165710449219,132.558670043945,-887568.178427616
9941,146.001342773438,68.9101715087891,139.458002726237,-922849.026618211
9942,145.501373291016,68.5165710449219,118.756998697917,-980645.860116563
9943,146.001342773438,68.9101715087891,125.583333333333,-903695.569211171
9944,145.501373291016,68.5165710449219,104.955001831055,-1214191.42917386
9945,146.001342773438,68.9101715087891,111.707331339518,-992326.368701749
9946,145.501373291016,68.5165710449219,91.1536712646484,-1281148.36389873
9947,146.001342773438,68.9101715087891,97.8296712239583,-1193670.2674604
9948,145.501373291016,68.5165710449219,77.35400390625,-1102312.31037253
9949,146.001342773438,68.9101715087891,83.954335530599,-1133557.23913949
9950,145.501373291016,68.5165710449219,63.552007039388,-938354.801898361
9951,146.001342773438,68.9101715087891,70.0783386230469,-786232.422989468
9952,145.501373291016,68.5165710449219,49.7506713867188,-1395785.30584432
9953,146.001342773438,68.9101715087891,56.200673421224,-1316039.76188081
9954,145.501373291016,68.5165710449219,35.9510040283203,-856380.696600195
9955,146.001342773438,68.9101715087891,42.3253377278646,-2055788.58762498
9956,147.001312255859,69.7331390380859,560.307678222656,-1039458.58181532
9957,147.001312255859,69.7331390380859,546.280008951823,-1046309.96275057
9958,147.501312255859,70.1625061035156,555.581013997396,-1001651.44558303
9959,147.001312255859,69.7331390380859,532.254679361979,-1049999.88787439
9960,147.501312255859,70.1625061035156,541.479675292969,-1007983.67670838
9961,147.001312255859,69.7331390380859,518.228688557943,-1050097.16667878
9962,147.501312255859,70.1625061035156,527.380025227865,-1013351.06373654
9963,147.001312255859,69.7331390380859,504.201670328776,-1048500.37132354
9964,147.501312255859,70.1625061035156,513.278676350911,-1018678.33283157
9965,147.001312255859,69.7331390380859,490.177673339844,-1049096.22641297
9966,147.501312255859,70.1625061035156,499.177337646484,-1022934.19864521
9967,147.001312255859,69.7331390380859,476.154327392578,-1054685.38761019
9968,147.501312255859,70.1625061035156,485.079996744792,-1024072.98708828
9969,147.001312255859,69.7331390380859,462.126342773438,-1059896.05932358
9970,147.501312255859,70.1625061035156,470.978332519531,-1025509.47810143
9971,147.001312255859,69.7331390380859,448.100341796875,-1063887.83216851
9972,147.501312255859,70.1625061035156,456.876017252604,-1028250.99373377
9973,147.001312255859,69.7331390380859,434.07334391276,-1074201.81640861
9974,147.501312255859,70.1625061035156,442.774678548177,-1027835.63745067
9975,147.001312255859,69.7331390380859,420.047342936198,-1091960.93282923
9976,147.501312255859,70.1625061035156,428.673350016276,-1028936.52275524
9977,147.001312255859,69.7331390380859,406.021331787109,-1110229.1659313
9978,147.501312255859,70.1625061035156,414.572001139323,-1042795.60906525
9979,147.001312255859,69.7331390380859,391.996002197266,-1123125.50901491
9980,147.501312255859,70.1625061035156,400.471333821615,-1065394.74982973
9981,147.001312255859,69.7331390380859,377.970102945964,-1124880.25703588
9982,147.501312255859,70.1625061035156,386.370869954427,-1084155.2060477
9983,147.001312255859,69.7331390380859,363.945139567057,-1114860.35685559
9984,147.501312255859,70.1625061035156,372.269775390625,-1090574.20601793
9985,147.001312255859,69.7331390380859,349.920969645182,-1100989.52589255
9986,147.501312255859,70.1625061035156,358.17030843099,-1085377.2400414
9987,147.001312255859,69.7331390380859,335.895874023438,-1095341.88882898
9988,147.501312255859,70.1625061035156,344.070810953776,-1070509.380328
9989,147.001312255859,69.7331390380859,321.867970784505,-1103610.37630946
9990,147.501312255859,70.1625061035156,329.969472249349,-1060024.72108165
9991,147.001312255859,69.7331390380859,307.842834472656,-1117465.08866276
9992,147.501312255859,70.1625061035156,315.868103027344,-1063955.59310892
9993,147.001312255859,69.7331390380859,293.814900716146,-1126483.9279204
9994,147.501312255859,70.1625061035156,301.76670328776,-1077868.04128934
9995,147.001312255859,69.7331390380859,279.788859049479,-1135005.26144431
9996,147.501312255859,70.1625061035156,287.664398193359,-1086899.68575898
9997,147.001312255859,69.7331390380859,265.76377360026,-1137844.10036088
9998,147.501312255859,70.1625061035156,273.564900716146,-1093175.14945253
9999,147.001312255859,69.7331390380859,251.737737019857,-1124352.81812856
10000,147.501312255859,70.1625061035156,259.463541666667,-1098550.49255771
10001,147.001312255859,69.7331390380859,237.714533487956,-1097223.06297655
10002,147.501312255859,70.1625061035156,245.364069620768,-1099685.92129459
10003,147.001312255859,69.7331390380859,223.686599731445,-1087955.14732729
10004,147.501312255859,70.1625061035156,231.262700398763,-1088858.27098839
10005,147.001312255859,69.7331390380859,209.660573323568,-1075957.783533
10006,147.501312255859,70.1625061035156,217.160405476888,-1078416.51090849
10007,147.001312255859,69.7331390380859,195.633605957031,-1046472.668264
10008,147.501312255859,70.1625061035156,203.059041341146,-1054857.29240794
10009,147.001312255859,69.7331390380859,181.607503255208,-1027435.31927881
10010,147.501312255859,70.1625061035156,188.95757039388,-1013378.8902536
10011,147.001312255859,69.7331390380859,167.582336425781,-1028731.09303537
10012,147.501312255859,70.1625061035156,174.858001708984,-1023267.37229459
10013,147.001312255859,69.7331390380859,153.554672241211,-989792.859684979
10014,147.501312255859,70.1625061035156,160.756673177083,-1033985.59672223
10015,147.001312255859,69.7331390380859,139.532333374023,-922849.026618211
10016,147.501312255859,70.1625061035156,146.655670166016,-1030120.21464608
10017,147.001312255859,69.7331390380859,125.509002685547,-903695.569211171
10018,147.501312255859,70.1625061035156,132.558670043945,-990631.511202223
10019,147.001312255859,69.7331390380859,111.481333414714,-992326.368701749
10020,147.501312255859,70.1625061035156,118.456670125326,-916462.697236227
10021,147.001312255859,69.7331390380859,97.4560038248698,-1193670.2674604
10022,147.501312255859,70.1625061035156,104.355336507161,-1083447.50552008
10023,147.001312255859,69.7331390380859,83.4280039469401,-1133557.23913949
10024,147.501312255859,70.1625061035156,90.253672281901,-1025057.00829987
10025,147.001312255859,69.7331390380859,69.4030049641927,-786232.422989468
10026,147.501312255859,70.1625061035156,76.152338663737,-972289.224035449
10027,147.001312255859,69.7331390380859,55.3766733805339,-1316039.76188081
10028,147.501312255859,70.1625061035156,62.0526733398438,-1506095.28105713
10029,147.001312255859,69.7331390380859,41.3500061035156,-894225.628232108
10030,147.501312255859,70.1625061035156,47.9513397216797,-901023.796318163
10031,148.500345865885,71.0560735066732,560.23134358724,-1001651.44558303
10032,148.500345865885,71.0560735066732,545.980672200521,-1007983.67670838
10033,148.999379475911,71.520273844401,555.431335449219,-966333.835628367
10034,148.500345865885,71.0560735066732,531.73134358724,-1013351.06373654
10035,148.999379475911,71.520273844401,541.106994628906,-971614.660427341
10036,148.500345865885,71.0560735066732,517.47900390625,-1018678.33283157
10037,148.999379475911,71.520273844401,526.780334472656,-978988.578836734
10038,148.500345865885,71.0560735066732,503.227996826172,-1022934.19864521
10039,148.999379475911,71.520273844401,512.452657063802,-987877.387512059
10040,148.500345865885,71.0560735066732,488.979339599609,-1024072.98708828
10041,148.999379475911,71.520273844401,498.127675374349,-995159.805592905
10042,148.500345865885,71.0560735066732,474.728006998698,-1025509.47810143
10043,148.999379475911,71.520273844401,483.803344726562,-997741.557870781
10044,148.500345865885,71.0560735066732,460.474680582682,-1028250.99373377
10045,148.999379475911,71.520273844401,469.474680582682,-996067.477565681
10046,148.500345865885,71.0560735066732,446.22568766276,-1027835.63745067
10047,148.999379475911,71.520273844401,455.150014241536,-995619.158212527
10048,148.500345865885,71.0560735066732,431.974680582682,-1028936.52275524
10049,148.999379475911,71.520273844401,440.82568359375,-994470.134768168
10050,148.500345865885,71.0560735066732,417.723337809245,-1042795.60906525
10051,148.999379475911,71.520273844401,426.500010172526,-992040.063060859
10052,148.500345865885,71.0560735066732,403.472330729167,-1065394.74982973
10053,148.999379475911,71.520273844401,412.173665364583,-998505.767742199
10054,148.500345865885,71.0560735066732,389.221201578776,-1084155.2060477
10055,148.999379475911,71.520273844401,397.847330729167,-1017282.36088623
10056,148.500345865885,71.0560735066732,374.970275878906,-1090574.20601793
10057,148.999379475911,71.520273844401,383.520935058594,-1039561.87711402
10058,148.500345865885,71.0560735066732,360.719217936198,-1085377.2400414
10059,148.999379475911,71.520273844401,369.194549560547,-1054618.11746001
10060,148.500345865885,71.0560735066732,346.470011393229,-1070509.380328
10061,148.999379475911,71.520273844401,354.869079589844,-1054799.93466493
10062,148.500345865885,71.0560735066732,332.218943277995,-1060024.72108165
10063,148.999379475911,71.520273844401,340.544545491536,-1041380.70165232
10064,148.500345865885,71.0560735066732,317.966929117839,-1063955.59310892
10065,148.999379475911,71.520273844401,326.216267903646,-1027331.85902764
10066,148.500345865885,71.0560735066732,303.715840657552,-1077868.04128934
10067,148.999379475911,71.520273844401,311.890797932943,-1023494.54852936
10068,148.500345865885,71.0560735066732,289.463785807292,-1086899.68575898
10069,148.999379475911,71.520273844401,297.56342569987,-1030790.12570158
10070,148.500345865885,71.0560735066732,275.216471354167,-1093175.14945253
10071,148.999379475911,71.520273844401,283.239817301432,-1042315.63245459
10072,148.500345865885,71.0560735066732,260.965372721354,-1098550.49255771
10073,148.999379475911,71.520273844401,268.917175292969,-1046619.92887466
10074,148.500345865885,71.0560735066732,246.713368733724,-1099685.92129459
10075,148.999379475911,71.520273844401,254.5888671875,-1056149.46352103
10076,148.500345865885,71.0560735066732,232.462305704753,-1088858.27098839
10077,148.999379475911,71.520273844401,240.263437906901,-1066333.95685116
10078,148.500345865885,71.0560735066732,218.210271199544,-1078416.51090849
10079,148.999379475911,71.520273844401,225.936070760091,-1060265.24252145
10080,148.500345865885,71.0560735066732,203.959208170573,-1054857.29240794
10081,148.999379475911,71.520273844401,211.610605875651,-1039513.56192615
10082,148.500345865885,71.0560735066732,189.708002726237,-1013378.8902536
10083,148.999379475911,71.520273844401,197.284205118815,-1003973.75575517
10084,148.500345865885,71.0560735066732,175.457672119141,-1023267.37229459
10085,148.999379475911,71.520273844401,182.957605997721,-971201.14873577
10086,148.500345865885,71.0560735066732,161.206675211589,-1033985.59672223
10087,148.999379475911,71.520273844401,168.632008870443,-990235.694332169
10088,148.500345865885,71.0560735066732,146.95600382487,-1030120.21464608
10089,148.999379475911,71.520273844401,154.30500793457,-1008384.14807083
10090,148.500345865885,71.0560735066732,132.708338419596,-990631.511202223
10091,148.999379475911,71.520273844401,139.982335408529,-1027085.48562885
10092,148.500345865885,71.0560735066732,118.456670125326,-916462.697236227
10093,148.999379475911,71.520273844401,125.658671061198,-959518.869083616
10094,148.500345865885,71.0560735066732,104.204671223958,-1083447.50552008
10095,148.999379475911,71.520273844401,111.33066813151,-851081.085928518
10096,148.500345865885,71.0560735066732,89.9533386230469,-1025057.00829987
10097,148.999379475911,71.520273844401,97.0050048828125,-879111.727243154
10098,148.500345865885,71.0560735066732,75.7020060221354,-972289.224035449
10099,148.999379475911,71.520273844401,82.6773376464844,-948443.997559333
10100,148.500345865885,71.0560735066732,61.4530080159505,-1506095.28105713
10101,148.999379475911,71.520273844401,68.3530069986979,-1361838.85337394
10102,148.500345865885,71.0560735066732,47.2010040283203,-901023.796318163
10103,148.999379475911,71.520273844401,54.0266723632812,-920277.152652319
10104,149.998413085938,72.4807052612305,560.157999674479,-966333.835628367
10105,149.998413085938,72.4807052612305,545.681315104167,-971614.660427341
10106,150.498413085938,72.976936340332,555.281656901042,-931469.409184373
10107,149.998413085938,72.4807052612305,531.204996744792,-978988.578836734
10108,150.498413085938,72.976936340332,540.730326334635,-937242.237218725
10109,149.998413085938,72.4807052612305,516.728658040365,-987877.387512059
10110,150.498413085938,72.976936340332,526.179667154948,-945591.372753368
10111,149.998413085938,72.4807052612305,502.252675374349,-995159.805592905
10112,150.498413085938,72.976936340332,511.628997802734,-955287.049780592
10113,149.998413085938,72.4807052612305,487.777689615885,-997741.557870781
10114,150.498413085938,72.976936340332,497.078684488932,-964760.139485913
10115,149.998413085938,72.4807052612305,473.299346923828,-996067.477565681
10116,150.498413085938,72.976936340332,482.527018229167,-970071.605568854
10117,149.998413085938,72.4807052612305,458.825347900391,-995619.158212527
10118,150.498413085938,72.976936340332,467.974680582682,-967716.131868591
10119,149.998413085938,72.4807052612305,444.350016276042,-994470.134768168
10120,150.498413085938,72.976936340332,453.425354003906,-962795.359660845
10121,149.998413085938,72.4807052612305,429.874674479167,-992040.063060859
10122,150.498413085938,72.976936340332,438.873677571615,-961030.492627083
10123,149.998413085938,72.4807052612305,415.400675455729,-998505.767742199
10124,150.498413085938,72.976936340332,424.325012207031,-958550.49023225
10125,149.998413085938,72.4807052612305,400.922668457031,-1017282.36088623
10126,150.498413085938,72.976936340332,409.774678548177,-958714.426424485
10127,149.998413085938,72.4807052612305,386.446400960286,-1039561.87711402
10128,150.498413085938,72.976936340332,395.222005208333,-969077.65191636
10129,149.998413085938,72.4807052612305,371.969441731771,-1054618.11746001
10130,150.498413085938,72.976936340332,380.670633951823,-991895.300377615
10131,149.998413085938,72.4807052612305,357.49424235026,-1054799.93466493
10132,150.498413085938,72.976936340332,366.119272867839,-1015708.80539406
10133,149.998413085938,72.4807052612305,343.017171223958,-1041380.70165232
10134,150.498413085938,72.976936340332,351.567799886068,-1023424.15625683
10135,149.998413085938,72.4807052612305,328.542002360026,-1027331.85902764
10136,150.498413085938,72.976936340332,337.017303466797,-1013454.22756456
10137,149.998413085938,72.4807052612305,314.06586710612,-1023494.54852936
10138,150.498413085938,72.976936340332,322.467732747396,-997265.273326314
10139,149.998413085938,72.4807052612305,299.588785807292,-1030790.12570158
10140,150.498413085938,72.976936340332,307.916269938151,-986447.07621172
10141,149.998413085938,72.4807052612305,285.115488688151,-1042315.63245459
10142,150.498413085938,72.976936340332,293.364817301432,-986775.632279019
10143,149.998413085938,72.4807052612305,270.640299479167,-1046619.92887466
10144,150.498413085938,72.976936340332,278.815266927083,-999756.934212869
10145,149.998413085938,72.4807052612305,256.16416422526,-1056149.46352103
10146,150.498413085938,72.976936340332,264.263793945312,-1006778.58973358
10147,149.998413085938,72.4807052612305,241.687138875326,-1066333.95685116
10148,150.498413085938,72.976936340332,249.712366739909,-1013678.06217914
10149,149.998413085938,72.4807052612305,227.211934407552,-1060265.24252145
10150,150.498413085938,72.976936340332,235.161870320638,-1025717.49941189
10151,149.998413085938,72.4807052612305,212.736735026042,-1039513.56192615
10152,150.498413085938,72.976936340332,220.612263997396,-1028607.18708968
10153,149.998413085938,72.4807052612305,198.259704589844,-1003973.75575517
10154,150.498413085938,72.976936340332,206.060836791992,-1017378.78067248
10155,149.998413085938,72.4807052612305,183.783508300781,-971201.14873577
10156,150.498413085938,72.976936340332,191.509404500326,-984642.550664817
10157,149.998413085938,72.4807052612305,169.305338541667,-990235.694332169
10158,150.498413085938,72.976936340332,176.956904093424,-987864.031921788
10159,149.998413085938,72.4807052612305,154.831339518229,-1008384.14807083
10160,150.498413085938,72.976936340332,162.406336466471,-950450.081603337
10161,149.998413085938,72.4807052612305,140.358001708984,-1027085.48562885
10162,150.498413085938,72.976936340332,147.858001708984,-953794.615797037
10163,149.998413085938,72.4807052612305,125.882670084635,-959518.869083616
10164,150.498413085938,72.976936340332,133.30800374349,-947858.525761131
10165,149.998413085938,72.4807052612305,111.406667073568,-851081.085928518
10166,150.498413085938,72.976936340332,118.75666809082,-878705.630755938
10167,149.998413085938,72.4807052612305,96.9286702473958,-879111.727243154
10168,150.498413085938,72.976936340332,104.204335530599,-970278.887210664
10169,149.998413085938,72.4807052612305,82.4533386230469,-948443.997559333
10170,150.498413085938,72.976936340332,89.6530049641927,-905463.425527671
10171,149.998413085938,72.4807052612305,67.9773406982422,-1361838.85337394
10172,150.498413085938,72.976936340332,75.1023406982422,-1209765.95341127
10173,149.998413085938,72.4807052612305,53.5013376871745,-920277.152652319
10174,150.498413085938,72.976936340332,60.552007039388,-912865.579739946
10175,151.498413085938,74.0042343139648,560.081665039062,-931469.409184373
10176,151.498413085938,74.0042343139648,545.380004882812,-937242.237218725
10177,151.998413085938,74.5353012084961,555.131001790365,-898601.331390672
10178,151.998413085938,74.5353012084961,540.355672200521,-905621.633026513
10179,151.998413085938,74.5353012084961,525.580993652344,-913513.308082893
10180,151.498413085938,74.0042343139648,530.6806640625,-945591.372753368
10181,151.998413085938,74.5353012084961,510.804341634115,-922241.240049584
10182,151.498413085938,74.0042343139648,515.980336507161,-955287.049780592
10183,151.998413085938,74.5353012084961,496.028676350911,-931505.752024133
10184,151.498413085938,74.0042343139648,501.279012044271,-964760.139485913
10185,151.998413085938,74.5353012084961,481.251007080078,-939004.934763561
10186,151.498413085938,74.0042343139648,486.577677408854,-970071.605568854
10187,151.998413085938,74.5353012084961,466.475677490234,-937731.115476179
10188,151.498413085938,74.0042343139648,471.875681559245,-967716.131868591
10189,151.998413085938,74.5353012084961,451.69834391276,-930389.618953031
10190,151.498413085938,74.0042343139648,457.174682617188,-962795.359660845
10191,151.998413085938,74.5353012084961,436.923004150391,-927132.370123746
10192,151.498413085938,74.0042343139648,442.472676595052,-961030.492627083
10193,151.998413085938,74.5353012084961,422.148345947266,-926170.179714161
10194,151.498413085938,74.0042343139648,427.774342854818,-958550.49023225
10195,151.998413085938,74.5353012084961,407.372680664062,-923205.108543406
10196,151.498413085938,74.0042343139648,413.073018391927,-958714.426424485
10197,151.998413085938,74.5353012084961,392.597005208333,-925905.984019203
10198,151.498413085938,74.0042343139648,398.373677571615,-969077.65191636
10199,151.998413085938,74.5353012084961,377.819498697917,-942296.185852136
10200,151.498413085938,74.0042343139648,383.669565836589,-991895.300377615
10201,151.998413085938,74.5353012084961,363.045867919922,-969897.071685026
10202,151.498413085938,74.0042343139648,368.970397949219,-1015708.80539406
10203,151.998413085938,74.5353012084961,348.268463134766,-986094.779961541
10204,151.498413085938,74.0042343139648,354.268300374349,-1023424.15625683
10205,151.998413085938,74.5353012084961,333.494801839193,-981635.255492983
10206,151.498413085938,74.0042343139648,339.568094889323,-1013454.22756456
10207,151.998413085938,74.5353012084961,318.71923828125,-965002.546769519
10208,151.498413085938,74.0042343139648,324.869740804036,-997265.273326314
10209,151.998413085938,74.5353012084961,303.941802978516,-949365.911283208
10210,151.498413085938,74.0042343139648,310.167633056641,-986447.07621172
10211,151.998413085938,74.5353012084961,289.166259765625,-942508.92482846
10212,151.498413085938,74.0042343139648,295.466471354167,-986775.632279019
10213,151.998413085938,74.5353012084961,274.388824462891,-953853.909809006
10214,151.498413085938,74.0042343139648,280.764383951823,-999756.934212869
10215,151.998413085938,74.5353012084961,259.613240559896,-965803.34231294
10216,151.498413085938,74.0042343139648,266.063201904297,-1006778.58973358
10217,151.998413085938,74.5353012084961,244.836771647135,-964405.72853751
10218,151.498413085938,74.0042343139648,251.36203511556,-1013678.06217914
10219,151.998413085938,74.5353012084961,230.06120300293,-964407.449235203
10220,151.498413085938,74.0042343139648,236.661834716797,-1025717.49941189
10221,151.998413085938,74.5353012084961,215.285634358724,-978533.604740378
10222,151.498413085938,74.0042343139648,221.961568196615,-1028607.18708968
10223,151.998413085938,74.5353012084961,200.508265177409,-994567.473257318
10224,151.498413085938,74.0042343139648,207.260431925456,-1017378.78067248
10225,151.998413085938,74.5353012084961,185.732803344727,-980654.259437374
10226,151.498413085938,74.0042343139648,192.558369954427,-984642.550664817
10227,151.998413085938,74.5353012084961,170.955332438151,-947745.622888742
10228,151.498413085938,74.0042343139648,177.857233683268,-987864.031921788
10229,151.998413085938,74.5353012084961,156.180669148763,-902419.160140584
10230,151.498413085938,74.0042343139648,163.156000773112,-950450.081603337
10231,151.998413085938,74.5353012084961,141.404998779297,-841356.950233845
10232,151.498413085938,74.0042343139648,148.457667032878,-953794.615797037
10233,151.998413085938,74.5353012084961,126.629338582357,-768587.151221789
10234,151.498413085938,74.0042343139648,133.755335489909,-947858.525761131
10235,151.998413085938,74.5353012084961,111.856669108073,-818969.533681136
10236,151.498413085938,74.0042343139648,119.056004842122,-878705.630755938
10237,151.998413085938,74.5353012084961,97.079335530599,-1015095.03455386
10238,151.498413085938,74.0042343139648,104.355000813802,-970278.887210664
10239,151.998413085938,74.5353012084961,82.3036702473958,-938761.773214846
10240,151.498413085938,74.0042343139648,89.6530049641927,-905463.425527671
10241,151.998413085938,74.5353012084961,67.527338663737,-921473.936299715
10242,151.498413085938,74.0042343139648,74.9526723225911,-1209765.95341127
10243,151.498413085938,74.0042343139648,60.2516733805339,-912865.579739946
10244,152.998377482096,75.6341349283854,560.007344563802,-898601.331390672
10245,152.998377482096,75.6341349283854,545.08066813151,-905621.633026513
10246,153.498341878255,76.2019017537435,554.98134358724,-868735.668259154
10247,153.498341878255,76.2019017537435,539.980672200521,-875750.73409715
10248,153.498341878255,76.2019017537435,524.981689453125,-883750.206667022
10249,152.998377482096,75.6341349283854,530.156005859375,-913513.308082893
10250,153.498341878255,76.2019017537435,509.980346679688,-891080.520268172
10251,152.998377482096,75.6341349283854,515.230682373047,-922241.240049584
10252,153.498341878255,76.2019017537435,494.980000813802,-898086.542392384
10253,152.998377482096,75.6341349283854,500.303670247396,-931505.752024133
10254,153.498341878255,76.2019017537435,479.977335611979,-903982.272891643
10255,152.998377482096,75.6341349283854,485.378336588542,-939004.934763561
10256,153.498341878255,76.2019017537435,464.975667317708,-905400.113548597
10257,152.998377482096,75.6341349283854,470.450002034505,-937731.115476179
10258,153.498341878255,76.2019017537435,449.974344889323,-900211.923427376
10259,152.998377482096,75.6341349283854,455.52500406901,-930389.618953031
10260,153.498341878255,76.2019017537435,434.97368367513,-894382.651259558
10261,152.998377482096,75.6341349283854,440.598012288411,-927132.370123746
10262,153.498341878255,76.2019017537435,419.972005208333,-893599.677918515
10263,152.998377482096,75.6341349283854,425.672678629557,-926170.179714161
10264,153.498341878255,76.2019017537435,404.973327636719,-891741.710036399
10265,152.998377482096,75.6341349283854,410.747334798177,-923205.108543406
10266,153.498341878255,76.2019017537435,389.969665527344,-888636.534285812
10267,152.998377482096,75.6341349283854,395.822001139323,-925905.984019203
10268,153.498341878255,76.2019017537435,374.971038818359,-895766.794990601
10269,152.998377482096,75.6341349283854,380.894602457682,-942296.185852136
10270,153.498341878255,76.2019017537435,359.96967569987,-917035.950854636
10271,152.998377482096,75.6341349283854,365.971405029297,-969897.071685026
10272,153.498341878255,76.2019017537435,344.969106038411,-940009.917317077
10273,152.998377482096,75.6341349283854,351.044301350911,-986094.779961541
10274,153.498341878255,76.2019017537435,329.970377604167,-942488.730978759
10275,152.998377482096,75.6341349283854,336.119974772135,-981635.255492983
10276,153.498341878255,76.2019017537435,314.967936197917,-929256.317362293
10277,152.998377482096,75.6341349283854,321.194702148438,-965002.546769519
10278,153.498341878255,76.2019017537435,299.96641031901,-911436.397578629
10279,152.998377482096,75.6341349283854,306.266642252604,-949365.911283208
10280,153.498341878255,76.2019017537435,284.964864095052,-898684.373705477
10281,152.998377482096,75.6341349283854,291.34135945638,-942508.92482846
10282,153.498341878255,76.2019017537435,269.96425374349,-900633.069998478
10283,152.998377482096,75.6341349283854,276.414204915365,-953853.909809006
10284,153.498341878255,76.2019017537435,254.962707519531,-912878.513038776
10285,152.998377482096,75.6341349283854,261.488911946615,-965803.34231294
10286,153.498341878255,76.2019017537435,239.962137858073,-905676.145939388
10287,152.998377482096,75.6341349283854,246.561772664388,-964405.72853751
10288,153.498341878255,76.2019017537435,224.960571289062,-889499.492998632
10289,152.998377482096,75.6341349283854,231.636505126953,-964407.449235203
10290,153.498341878255,76.2019017537435,209.959966023763,-908262.462731571
10291,152.998377482096,75.6341349283854,216.709335327148,-978533.604740378
10292,153.498341878255,76.2019017537435,194.958465576172,-955917.834516853
10293,152.998377482096,75.6341349283854,201.784098307292,-994567.473257318
10294,153.498341878255,76.2019017537435,179.957834879557,-956251.485723824
10295,152.998377482096,75.6341349283854,186.857065836589,-980654.259437374
10296,153.498341878255,76.2019017537435,164.955342610677,-901600.466073854
10297,152.998377482096,75.6341349283854,171.931671142578,-947745.622888742
10298,153.498341878255,76.2019017537435,149.954004923503,-815400.403916116
10299,152.998377482096,75.6341349283854,157.003672281901,-902419.160140584
10300,153.498341878255,76.2019017537435,134.952336629232,-664424.926538473
10301,152.998377482096,75.6341349283854,142.078333536784,-841356.950233845
10302,153.498341878255,76.2019017537435,119.953674316406,-427144.035455878
10303,152.998377482096,75.6341349283854,127.153004964193,-768587.151221789
10304,153.498341878255,76.2019017537435,104.955006917318,-727835.672918683
10305,152.998377482096,75.6341349283854,112.230672200521,-818969.533681136
10306,153.498341878255,76.2019017537435,89.9533386230469,-921200.915316535
10307,152.998377482096,75.6341349283854,97.3053385416667,-1015095.03455386
10308,153.498341878255,76.2019017537435,74.9526672363281,-907691.410596407
10309,152.998377482096,75.6341349283854,82.3780008951823,-938761.773214846
10310,152.998377482096,75.6341349283854,67.4530029296875,-921473.936299715
10311,154.498306274414,77.3694686889648,559.932006835938,-868735.668259154
10312,154.498306274414,77.3694686889648,544.780680338542,-875750.73409715
10313,154.998306274414,77.9692687988281,554.831339518229,-842355.306594348
10314,154.998306274414,77.9692687988281,539.60634358724,-847576.985831475
10315,154.998306274414,77.9692687988281,524.381673177083,-854544.327998637
10316,154.498306274414,77.3694686889648,529.632019042969,-883750.206667022
10317,154.998306274414,77.9692687988281,509.154663085938,-860460.807894444
10318,154.498306274414,77.3694686889648,514.48100789388,-891080.520268172
10319,154.998306274414,77.9692687988281,493.929341634115,-865074.425184653
10320,154.498306274414,77.3694686889648,499.330332438151,-898086.542392384
10321,154.998306274414,77.9692687988281,478.701680501302,-868990.466082248
10322,154.498306274414,77.3694686889648,484.178009033203,-903982.272891643
10323,154.998306274414,77.9692687988281,463.477010091146,-871910.561603117
10324,154.498306274414,77.3694686889648,469.026672363281,-905400.113548597
10325,154.998306274414,77.9692687988281,448.249348958333,-871052.718379296
10326,154.498306274414,77.3694686889648,453.875345865885,-900211.923427376
10327,154.998306274414,77.9692687988281,433.023681640625,-866172.527576015
10328,154.498306274414,77.3694686889648,438.72401936849,-894382.651259558
10329,154.998306274414,77.9692687988281,417.796997070312,-863916.806658834
10330,154.498306274414,77.3694686889648,423.572672526042,-893599.677918515
10331,154.998306274414,77.9692687988281,402.572326660156,-864971.640567291
10332,154.498306274414,77.3694686889648,408.422322591146,-891741.710036399
10333,154.998306274414,77.9692687988281,387.344665527344,-860243.819340344
10334,154.498306274414,77.3694686889648,393.27099609375,-888636.534285812
10335,154.998306274414,77.9692687988281,372.120076497396,-858340.307848322
10336,154.498306274414,77.3694686889648,378.119771321615,-895766.794990601
10337,154.998306274414,77.9692687988281,356.893513997396,-870575.44113039
10338,154.498306274414,77.3694686889648,362.969614664714,-917035.950854636
10339,154.998306274414,77.9692687988281,341.667877197266,-894503.492398428
10340,154.498306274414,77.3694686889648,347.818379720052,-940009.917317077
10341,154.998306274414,77.9692687988281,326.442230224609,-903788.907675155
10342,154.498306274414,77.3694686889648,332.669006347656,-942488.730978759
10343,154.998306274414,77.9692687988281,311.214731852214,-898658.713206673
10344,154.498306274414,77.3694686889648,317.516835530599,-929256.317362293
10345,154.998306274414,77.9692687988281,295.990020751953,-884857.922207069
10346,154.498306274414,77.3694686889648,302.365600585938,-911436.397578629
10347,154.998306274414,77.9692687988281,280.762502034505,-869508.166868497
10348,154.498306274414,77.3694686889648,287.214335123698,-898684.373705477
10349,154.998306274414,77.9692687988281,265.536875406901,-857844.550432984
10350,154.498306274414,77.3694686889648,272.063079833984,-900633.069998478
10351,154.998306274414,77.9692687988281,250.310307820638,-860750.297484367
10352,154.498306274414,77.3694686889648,256.911844889323,-912878.513038776
10353,154.998306274414,77.9692687988281,235.085601806641,-856830.494261562
10354,154.498306274414,77.3694686889648,241.761535644531,-905676.145939388
10355,154.998306274414,77.9692687988281,219.858067830404,-834423.096703925
10356,154.498306274414,77.3694686889648,226.610270182292,-889499.492998632
10357,154.998306274414,77.9692687988281,204.633366902669,-857510.800979778
10358,154.498306274414,77.3694686889648,211.458999633789,-908262.462731571
10359,154.998306274414,77.9692687988281,189.406631469727,-934742.88533157
10360,154.498306274414,77.3694686889648,196.308700561523,-955917.834516853
10361,154.998306274414,77.9692687988281,174.180999755859,-1003735.82223788
10362,154.498306274414,77.3694686889648,181.157165527344,-956251.485723824
10363,154.998306274414,77.9692687988281,158.955673217773,-831288.257242349
10364,154.498306274414,77.3694686889648,166.005340576172,-901600.466073854
10365,154.998306274414,77.9692687988281,143.732671101888,-651948.753623259
10366,154.498306274414,77.3694686889648,150.85600789388,-815400.403916116
10367,154.998306274414,77.9692687988281,128.503336588542,-352582.720280283
10368,154.498306274414,77.3694686889648,135.704671223958,-664424.926538473
10369,154.998306274414,77.9692687988281,113.277669270833,227797.929892755
10370,154.498306274414,77.3694686889648,120.551671346029,-427144.035455878
10371,154.998306274414,77.9692687988281,98.0546722412109,-593311.448643137
10372,154.498306274414,77.3694686889648,105.404006958008,-727835.672918683
10373,154.998306274414,77.9692687988281,82.8280029296875,-888676.792560355
10374,154.498306274414,77.3694686889648,90.253672281901,-921200.915316535
10375,154.498306274414,77.3694686889648,75.1023356119792,-907691.410596407
10376,155.998270670573,79.2037022908529,559.857340494792,-842355.306594348
10377,155.998270670573,79.2037022908529,544.480997721354,-847576.985831475
10378,156.498235066732,79.8383356730143,554.681335449219,-817667.268647458
10379,156.498235066732,79.8383356730143,539.230672200521,-821005.434614577
10380,156.498235066732,79.8383356730143,523.779012044271,-825960.033896652
10381,155.998270670573,79.2037022908529,529.105672200521,-854544.327998637
10382,156.498235066732,79.8383356730143,508.328674316406,-830257.096343168
10383,155.998270670573,79.2037022908529,513.728668212891,-860460.807894444
10384,156.498235066732,79.8383356730143,492.877349853516,-832917.326042984
10385,155.998270670573,79.2037022908529,498.353678385417,-865074.425184653
10386,156.498235066732,79.8383356730143,477.426676432292,-835385.769208943
10387,155.998270670573,79.2037022908529,482.976684570312,-868990.466082248
10388,156.498235066732,79.8383356730143,461.975006103516,-839302.740097704
10389,155.998270670573,79.2037022908529,467.602010091146,-871910.561603117
10390,156.498235066732,79.8383356730143,446.523345947266,-842380.834524006
10391,155.998270670573,79.2037022908529,452.224009195964,-871052.718379296
10392,156.498235066732,79.8383356730143,431.072347005208,-840669.392766609
10393,155.998270670573,79.2037022908529,436.848347981771,-866172.527576015
10394,156.498235066732,79.8383356730143,415.621673583984,-837575.276890577
10395,155.998270670573,79.2037022908529,421.472005208333,-863916.806658834
10396,156.498235066732,79.8383356730143,400.170003255208,-838887.211069802
10397,155.998270670573,79.2037022908529,406.096669514974,-864971.640567291
10398,156.498235066732,79.8383356730143,384.719431559245,-837713.032460727
10399,155.998270670573,79.2037022908529,390.719329833984,-860243.819340344
10400,156.498235066732,79.8383356730143,369.26894124349,-830617.436410089
10401,155.998270670573,79.2037022908529,375.345072428385,-858340.307848322
10402,156.498235066732,79.8383356730143,353.817311604818,-830724.861952161
10403,155.998270670573,79.2037022908529,359.967844645182,-870575.44113039
10404,156.498235066732,79.8383356730143,338.366638183594,-848888.264904616
10405,155.998270670573,79.2037022908529,344.592478434245,-894503.492398428
10406,156.498235066732,79.8383356730143,322.915028889974,-866776.512399304
10407,155.998270670573,79.2037022908529,329.215260823568,-903788.907675155
10408,156.498235066732,79.8383356730143,307.464335123698,-871525.142617498
10409,155.998270670573,79.2037022908529,313.83989461263,-898658.713206673
10410,156.498235066732,79.8383356730143,292.013641357422,-864643.066075777
10411,155.998270670573,79.2037022908529,298.463592529297,-884857.922207069
10412,156.498235066732,79.8383356730143,276.56391398112,-849273.362329817
10413,155.998270670573,79.2037022908529,283.088236490885,-869508.166868497
10414,156.498235066732,79.8383356730143,261.112309773763,-826876.792414612
10415,155.998270670573,79.2037022908529,267.711975097656,-857844.550432984
10416,156.498235066732,79.8383356730143,245.660669962565,-817430.536080246
10417,155.998270670573,79.2037022908529,252.335673014323,-860750.297484367
10418,156.498235066732,79.8383356730143,230.209040323893,-827353.043263768
10419,155.998270670573,79.2037022908529,236.95937093099,-856830.494261562
10420,156.498235066732,79.8383356730143,214.759302775065,-813042.715238805
10421,155.998270670573,79.2037022908529,221.583068847656,-834423.096703925
10422,156.498235066732,79.8383356730143,199.3095703125,-814109.646222365
10423,155.998270670573,79.2037022908529,206.208669026693,-857510.800979778
10424,156.498235066732,79.8383356730143,183.856063842773,-905272.993548348
10425,155.998270670573,79.2037022908529,190.83219909668,-934742.88533157
10426,156.498235066732,79.8383356730143,168.404668172201,-986038.627885292
10427,155.998270670573,79.2037022908529,175.454330444336,-1003735.82223788
10428,156.498235066732,79.8383356730143,152.958338419596,-798509.051140694
10429,155.998270670573,79.2037022908529,160.081670125326,-831288.257242349
10430,156.498235066732,79.8383356730143,137.50666809082,-527007.53243617
10431,155.998270670573,79.2037022908529,144.709004720052,-651948.753623259
10432,156.498235066732,79.8383356730143,122.053334554036,542918.420890976
10433,155.998270670573,79.2037022908529,129.32899983724,-352582.720280283
10434,156.498235066732,79.8383356730143,106.603337605794,555991.361859676
10435,155.998270670573,79.2037022908529,113.953669230143,227797.929892755
10436,156.498235066732,79.8383356730143,91.1526692708333,-874578.675192224
10437,155.998270670573,79.2037022908529,98.5780029296875,-593311.448643137
10438,155.998270670573,79.2037022908529,83.2036692301432,-888676.792560355
10439,157.497268676758,81.1424357096354,559.782002766927,-817667.268647458
10440,157.497268676758,81.1424357096354,544.180684407552,-821005.434614577
10441,157.996337890625,81.811902364095,554.531677246094,-792664.829898374
10442,157.996337890625,81.811902364095,538.856018066406,-795172.345740046
10443,157.996337890625,81.811902364095,523.179341634115,-797260.607668141
10444,157.497268676758,81.1424357096354,528.579345703125,-825960.033896652
10445,157.996337890625,81.811902364095,507.504679361979,-798873.520627252
10446,157.497268676758,81.1424357096354,512.979014078776,-830257.096343168
10447,157.996337890625,81.811902364095,491.827341715495,-799864.867334564
10448,157.497268676758,81.1424357096354,497.378011067708,-832917.326042984
10449,157.996337890625,81.811902364095,476.15234375,-802054.571928383
10450,157.497268676758,81.1424357096354,481.776672363281,-835385.769208943
10451,157.996337890625,81.811902364095,460.475006103516,-806535.696567651
10452,157.497268676758,81.1424357096354,466.17534383138,-839302.740097704
10453,157.996337890625,81.811902364095,444.800008138021,-812263.109796047
10454,157.497268676758,81.1424357096354,450.574005126953,-842380.834524006
10455,157.996337890625,81.811902364095,429.123341878255,-814664.313516985
10456,157.497268676758,81.1424357096354,434.973347981771,-840669.392766609
10457,157.996337890625,81.811902364095,413.447672526042,-812718.051992013
10458,157.497268676758,81.1424357096354,419.372009277344,-837575.276890577
10459,157.996337890625,81.811902364095,397.771006266276,-811889.109597835
10460,157.497268676758,81.1424357096354,403.770670572917,-838887.211069802
10461,157.996337890625,81.811902364095,382.096374511719,-813588.403015629
10462,157.497268676758,81.1424357096354,388.170440673828,-837713.032460727
10463,157.996337890625,81.811902364095,366.418701171875,-806584.501954045
10464,157.497268676758,81.1424357096354,372.56923421224,-830617.436410089
10465,157.996337890625,81.811902364095,350.743906656901,-797609.888890962
10466,157.497268676758,81.1424357096354,356.96787516276,-830724.861952161
10467,157.996337890625,81.811902364095,335.067291259766,-805880.674202599
10468,157.497268676758,81.1424357096354,341.367502848307,-848888.264904616
10469,157.996337890625,81.811902364095,319.391560872396,-827484.653739188
10470,157.497268676758,81.1424357096354,325.766194661458,-866776.512399304
10471,157.996337890625,81.811902364095,303.714864095052,-841731.88355118
10472,157.497268676758,81.1424357096354,310.164835611979,-871525.142617498
10473,157.996337890625,81.811902364095,288.040069580078,-840944.872142724
10474,157.497268676758,81.1424357096354,294.564412434896,-864643.066075777
10475,157.996337890625,81.811902364095,272.364400227865,-828799.248555323
10476,157.497268676758,81.1424357096354,278.964975992839,-849273.362329817
10477,157.996337890625,81.811902364095,256.687739054362,-808061.027254852
10478,157.497268676758,81.1424357096354,263.363672892253,-826876.792414612
10479,157.996337890625,81.811902364095,241.011072794596,-791615.827877586
10480,157.497268676758,81.1424357096354,247.761372884115,-817430.536080246
10481,157.996337890625,81.811902364095,225.335337320964,-805852.402459672
10482,157.497268676758,81.1424357096354,232.160039265951,-827353.043263768
10483,157.996337890625,81.811902364095,209.660568237305,-810021.606172794
10484,157.497268676758,81.1424357096354,216.560572306315,-813042.715238805
10485,157.996337890625,81.811902364095,193.984832763672,-780064.79547846
10486,157.497268676758,81.1424357096354,200.960199991862,-814109.646222365
10487,157.996337890625,81.811902364095,178.308334350586,-866641.142749688
10488,157.497268676758,81.1424357096354,185.358067830404,-905272.993548348
10489,157.996337890625,81.811902364095,162.633336385091,-968957.668001222
10490,157.497268676758,81.1424357096354,169.75666809082,-986038.627885292
10491,157.996337890625,81.811902364095,146.958669026693,-830297.541876301
10492,157.497268676758,81.1424357096354,154.158004760742,-798509.051140694
10493,157.996337890625,81.811902364095,131.281000773112,359481.336065833
10494,157.497268676758,81.1424357096354,138.556666056315,-527007.53243617
10495,157.996337890625,81.811902364095,115.606338500977,383125.107309948
10496,157.497268676758,81.1424357096354,122.955337524414,542918.420890976
10497,157.996337890625,81.811902364095,99.9286702473958,-847434.007632104
10498,157.497268676758,81.1424357096354,107.35400390625,555991.361859676
10499,157.497268676758,81.1424357096354,91.7526702880859,-874578.675192224
10500,158.995407104492,83.1847686767578,559.707682291667,-792664.829898374
10501,158.995407104492,83.1847686767578,543.880350748698,-795172.345740046
10502,159.495407104492,83.8881683349609,554.381022135417,-764817.355970099
10503,159.495407104492,83.8881683349609,538.480346679688,-768183.404574244
10504,159.495407104492,83.8881683349609,522.579671223958,-767385.156305433
10505,158.995407104492,83.1847686767578,528.056009928385,-797260.607668141
10506,159.495407104492,83.8881683349609,506.678995768229,-765676.444488127
10507,158.995407104492,83.1847686767578,512.228668212891,-798873.520627252
10508,159.495407104492,83.8881683349609,490.778330485026,-765176.998161442
10509,158.995407104492,83.1847686767578,496.404337565104,-799864.867334564
10510,159.495407104492,83.8881683349609,474.876668294271,-767307.63557612
10511,158.995407104492,83.1847686767578,480.577006022135,-802054.571928383
10512,159.495407104492,83.8881683349609,458.975992838542,-772351.261395852
10513,158.995407104492,83.1847686767578,464.751668294271,-806535.696567651
10514,159.495407104492,83.8881683349609,443.075337727865,-779927.23336805
10515,158.995407104492,83.1847686767578,448.925333658854,-812263.109796047
10516,159.495407104492,83.8881683349609,427.173675537109,-784844.845190242
10517,158.995407104492,83.1847686767578,433.100006103516,-814664.313516985
10518,159.495407104492,83.8881683349609,411.272674560547,-785852.225290584
10519,158.995407104492,83.1847686767578,417.272674560547,-812718.051992013
10520,159.495407104492,83.8881683349609,395.371673583984,-783036.1606841
10521,158.995407104492,83.1847686767578,401.448008219401,-811889.109597835
10522,159.495407104492,83.8881683349609,379.470967610677,-782822.454748771
10523,158.995407104492,83.1847686767578,385.62060546875,-813588.403015629
10524,159.495407104492,83.8881683349609,363.570332845052,-779444.704718879
10525,158.995407104492,83.1847686767578,369.796203613281,-806584.501954045
10526,159.495407104492,83.8881683349609,347.669596354167,-769658.747369529
10527,158.995407104492,83.1847686767578,353.968861897786,-797609.888890962
10528,159.495407104492,83.8881683349609,331.768870035807,-767717.988203164
10529,158.995407104492,83.1847686767578,338.14442952474,-805880.674202599
10530,159.495407104492,83.8881683349609,315.86713663737,-782108.213480737
10531,158.995407104492,83.1847686767578,322.317097981771,-827484.653739188
10532,159.495407104492,83.8881683349609,299.966369628906,-801334.821969216
10533,158.995407104492,83.1847686767578,306.491628011068,-841731.88355118
10534,159.495407104492,83.8881683349609,284.063741048177,-808418.521961712
10535,158.995407104492,83.1847686767578,290.665262858073,-840944.872142724
10536,159.495407104492,83.8881683349609,268.162048339844,-804896.729096848
10537,158.995407104492,83.1847686767578,274.837972005208,-828799.248555323
10538,159.495407104492,83.8881683349609,252.261276245117,-793519.956144179
10539,158.995407104492,83.1847686767578,259.012542724609,-808061.027254852
10540,159.495407104492,83.8881683349609,236.360539754232,-774576.138783831
10541,158.995407104492,83.1847686767578,243.186172485352,-791615.827877586
10542,159.495407104492,83.8881683349609,220.459772745768,-779295.458082165
10543,158.995407104492,83.1847686767578,227.36073811849,-805852.402459672
10544,159.495407104492,83.8881683349609,204.559036254883,-797458.873743901
10545,158.995407104492,83.1847686767578,211.534367879232,-810021.606172794
10546,159.495407104492,83.8881683349609,188.658106486003,-763661.31535621
10547,158.995407104492,83.1847686767578,195.709869384766,-780064.79547846
10548,159.495407104492,83.8881683349609,172.757339477539,-876629.805249985
10549,158.995407104492,83.1847686767578,179.883336385091,-866641.142749688
10550,159.495407104492,83.8881683349609,156.856674194336,-895849.91848056
10551,158.995407104492,83.1847686767578,164.059005737305,-968957.668001222
10552,159.495407104492,83.8881683349609,140.95600382487,-624776.717819914
10553,158.995407104492,83.1847686767578,148.231669108073,-830297.541876301
10554,159.495407104492,83.8881683349609,125.055338541667,-809269.437467135
10555,158.995407104492,83.1847686767578,132.407338460286,359481.336065833
10556,159.495407104492,83.8881683349609,109.153666178385,-819753.405955244
10557,158.995407104492,83.1847686767578,116.580001831055,383125.107309948
10558,158.995407104492,83.1847686767578,100.754669189453,-847434.007632104
10559,160.497273763021,85.3297678629557,559.63134765625,-764817.355970099
10560,160.497273763021,85.3297678629557,543.581013997396,-768183.404574244
10561,160.999140421549,86.0679677327474,554.23134358724,-728423.629938688
10562,160.999140421549,86.0679677327474,538.106669108073,-732087.743071244
10563,160.999140421549,86.0679677327474,521.978983561198,-730904.212394511
10564,160.497273763021,85.3297678629557,527.529663085938,-767385.156305433
10565,160.999140421549,86.0679677327474,505.855326334635,-728209.926568767
10566,160.497273763021,85.3297678629557,511.479319254557,-765676.444488127
10567,160.999140421549,86.0679677327474,489.728668212891,-726761.739221549
10568,160.497273763021,85.3297678629557,495.428995768229,-765176.998161442
10569,160.999140421549,86.0679677327474,473.603668212891,-727724.367916336
10570,160.497273763021,85.3297678629557,479.377665201823,-767307.63557612
10571,160.999140421549,86.0679677327474,457.476674397786,-732381.271747294
10572,160.497273763021,85.3297678629557,463.326995849609,-772351.261395852
10573,160.999140421549,86.0679677327474,441.351013183594,-740026.206858577
10574,160.497273763021,85.3297678629557,447.275675455729,-779927.23336805
10575,160.999140421549,86.0679677327474,425.224344889323,-745886.982531869
10576,160.497273763021,85.3297678629557,431.224344889323,-784844.845190242
10577,160.999140421549,86.0679677327474,409.098337809245,-746436.624057985
10578,160.497273763021,85.3297678629557,415.173675537109,-785852.225290584
10579,160.999140421549,86.0679677327474,392.968668619792,-742098.530374026
10580,160.497273763021,85.3297678629557,399.121002197266,-783036.1606841
10581,160.999140421549,86.0679677327474,376.844004313151,-738393.321240111
10582,160.497273763021,85.3297678629557,383.069702148438,-782822.454748771
10583,160.999140421549,86.0679677327474,360.717264811198,-737215.821956937
10584,160.497273763021,85.3297678629557,367.019399007161,-779444.704718879
10585,160.999140421549,86.0679677327474,344.593404134115,-732375.133125406
10586,160.497273763021,85.3297678629557,350.968933105469,-769658.747369529
10587,160.999140421549,86.0679677327474,328.465708414714,-724124.929479153
10588,160.497273763021,85.3297678629557,334.91850789388,-767717.988203164
10589,160.999140421549,86.0679677327474,312.339904785156,-722900.115169424
10590,160.497273763021,85.3297678629557,318.86610921224,-782108.213480737
10591,160.999140421549,86.0679677327474,296.214131673177,-735534.910105007
10592,160.497273763021,85.3297678629557,302.815673828125,-801334.821969216
10593,160.999140421549,86.0679677327474,280.087371826172,-752863.899478112
10594,160.497273763021,85.3297678629557,286.763305664062,-808418.521961712
10595,160.999140421549,86.0679677327474,263.961578369141,-760329.936219326
10596,160.497273763021,85.3297678629557,270.711883544922,-804896.729096848
10597,160.999140421549,86.0679677327474,247.834838867188,-758904.336438372
10598,160.497273763021,85.3297678629557,254.66047668457,-793519.956144179
10599,160.999140421549,86.0679677327474,231.709971110026,-738539.263973603
10600,160.497273763021,85.3297678629557,238.610005696615,-774576.138783831
10601,160.999140421549,86.0679677327474,215.584167480469,-726558.516642696
10602,160.497273763021,85.3297678629557,222.559539794922,-779295.458082165
10603,160.999140421549,86.0679677327474,199.459299723307,-804287.27329213
10604,160.497273763021,85.3297678629557,206.509068806966,-797458.873743901
10605,160.999140421549,86.0679677327474,183.331405639648,-841129.711592876
10606,160.497273763021,85.3297678629557,190.457504272461,-763661.31535621
10607,160.999140421549,86.0679677327474,167.206675211589,-704386.840678411
10608,160.497273763021,85.3297678629557,174.406010945638,-876629.805249985
10609,160.999140421549,86.0679677327474,151.080001831055,-441159.868122885
10610,160.497273763021,85.3297678629557,158.355672200521,-895849.91848056
10611,160.999140421549,86.0679677327474,134.956339518229,-830256.209931919
10612,160.497273763021,85.3297678629557,142.305338541667,-624776.717819914
10613,160.999140421549,86.0679677327474,118.828669230143,-791760.036139576
10614,160.497273763021,85.3297678629557,126.255004882812,-809269.437467135
10615,160.497273763021,85.3297678629557,110.202667236328,-819753.405955244
10616,162.0009765625,87.5773340861003,559.55800374349,-728423.629938688
10617,162.0009765625,87.5773340861003,543.28065999349,-732087.743071244
10618,162.500946044922,88.3485005696615,554.081665039062,-687862.472239064
10619,162.500946044922,88.3485005696615,537.730000813802,-693514.632307351
10620,162.500946044922,88.3485005696615,521.379333496094,-695312.300275637
10621,162.0009765625,87.5773340861003,527.005330403646,-730904.212394511
10622,162.500946044922,88.3485005696615,505.029327392578,-692917.004614904
10623,162.0009765625,87.5773340861003,510.728993733724,-728209.926568767
10624,162.500946044922,88.3485005696615,488.679341634115,-689854.632979108
10625,162.0009765625,87.5773340861003,494.455332438151,-726761.739221549
10626,162.500946044922,88.3485005696615,472.326344807943,-689743.864759872
10627,162.0009765625,87.5773340861003,478.178680419922,-727724.367916336
10628,162.500946044922,88.3485005696615,455.974680582682,-692278.185946994
10629,162.0009765625,87.5773340861003,461.901011149089,-732381.271747294
10630,162.500946044922,88.3485005696615,439.624013264974,-697868.490295649
10631,162.0009765625,87.5773340861003,445.625681559245,-740026.206858577
10632,162.500946044922,88.3485005696615,423.27333577474,-703377.232363281
10633,162.0009765625,87.5773340861003,429.349344889323,-745886.982531869
10634,162.500946044922,88.3485005696615,406.920664469401,-704951.417883114
10635,162.0009765625,87.5773340861003,413.072998046875,-746436.624057985
10636,162.500946044922,88.3485005696615,390.568674723307,-699149.256431245
10637,162.0009765625,87.5773340861003,396.793670654297,-742098.530374026
10638,162.500946044922,88.3485005696615,374.218739827474,-689807.713146499
10639,162.0009765625,87.5773340861003,380.517974853516,-738393.321240111
10640,162.500946044922,88.3485005696615,357.868967692057,-688165.993395806
10641,162.0009765625,87.5773340861003,364.242635091146,-737215.821956937
10642,162.500946044922,88.3485005696615,341.518137613932,-687098.416277017
10643,162.0009765625,87.5773340861003,347.968068440755,-732375.133125406
10644,162.500946044922,88.3485005696615,325.164438883464,-679308.591488147
10645,162.0009765625,87.5773340861003,331.690673828125,-724124.929479153
10646,162.500946044922,88.3485005696615,308.813639322917,-663932.963342791
10647,162.0009765625,87.5773340861003,315.413269042969,-722900.115169424
10648,162.500946044922,88.3485005696615,292.462799072266,-654663.009514779
10649,162.0009765625,87.5773340861003,299.138732910156,-735534.910105007
10650,162.500946044922,88.3485005696615,276.111938476562,-673806.516542134
10651,162.0009765625,87.5773340861003,282.862263997396,-752863.899478112
10652,162.500946044922,88.3485005696615,259.761103312174,-691364.13806531
10653,162.0009765625,87.5773340861003,266.586741129557,-760329.936219326
10654,162.500946044922,88.3485005696615,243.411198933919,-689369.501721373
10655,162.0009765625,87.5773340861003,250.310302734375,-758904.336438372
10656,162.500946044922,88.3485005696615,227.060333251953,-666378.186113628
10657,162.0009765625,87.5773340861003,234.035700480143,-738539.263973603
10658,162.500946044922,88.3485005696615,210.707600911458,-734870.310911981
10659,162.0009765625,87.5773340861003,217.759231567383,-726558.516642696
10660,162.500946044922,88.3485005696615,194.356770833333,-708953.319671881
10661,162.0009765625,87.5773340861003,201.482767740885,-804287.27329213
10662,162.500946044922,88.3485005696615,178.004806518555,-646958.722897252
10663,162.0009765625,87.5773340861003,185.207204182943,-841129.711592876
10664,162.500946044922,88.3485005696615,161.654001871745,158758.680372744
10665,162.0009765625,87.5773340861003,168.929672241211,-704386.840678411
10666,162.500946044922,88.3485005696615,145.303334554036,-569320.584577896
10667,162.0009765625,87.5773340861003,152.655334472656,-441159.868122885
10668,162.500946044922,88.3485005696615,128.953669230143,-762477.657343411
10669,162.0009765625,87.5773340861003,136.379002888997,-830256.209931919
10670,162.0009765625,87.5773340861003,120.104670206706,-791760.036139576
10671,163.500915527344,89.9256693522135,559.481669108073,-687862.472239064
10672,163.500915527344,89.9256693522135,542.980346679688,-693514.632307351
10673,164.000915527344,90.7316716512044,553.931009928385,-642045.281612685
10674,164.000915527344,90.7316716512044,537.35634358724,-643579.586234539
10675,164.000915527344,90.7316716512044,520.780334472656,-650023.974655253
10676,163.500915527344,89.9256693522135,526.480000813802,-695312.300275637
10677,164.000915527344,90.7316716512044,504.204335530599,-651779.63226819
10678,163.500915527344,89.9256693522135,509.980000813802,-692917.004614904
10679,164.000915527344,90.7316716512044,487.625010172526,-649175.030339582
10680,163.500915527344,89.9256693522135,493.477671305339,-689854.632979108
10681,164.000915527344,90.7316716512044,471.048004150391,-645763.294507204
10682,163.500915527344,89.9256693522135,476.974344889323,-689743.864759872
10683,164.000915527344,90.7316716512044,454.473002115885,-644802.995360477
10684,163.500915527344,89.9256693522135,460.473673502604,-692278.185946994
10685,164.000915527344,90.7316716512044,437.896341959635,-645822.254716869
10686,163.500915527344,89.9256693522135,443.972340901693,-697868.490295649
10687,164.000915527344,90.7316716512044,421.321665445964,-648401.324873682
10688,163.500915527344,89.9256693522135,427.472005208333,-703377.232363281
10689,164.000915527344,90.7316716512044,404.744669596354,-649377.944327725
10690,163.500915527344,89.9256693522135,410.970662434896,-704951.417883114
10691,164.000915527344,90.7316716512044,388.17030843099,-645222.173951107
10692,163.500915527344,89.9256693522135,394.46967569987,-699149.256431245
10693,164.000915527344,90.7316716512044,371.594665527344,-636169.040940107
10694,163.500915527344,89.9256693522135,377.970072428385,-689807.713146499
10695,164.000915527344,90.7316716512044,355.019704182943,-629431.936250063
10696,163.500915527344,89.9256693522135,361.469665527344,-688165.993395806
10697,164.000915527344,90.7316716512044,338.442881266276,-630247.972813047
10698,163.500915527344,89.9256693522135,344.969075520833,-687098.416277017
10699,164.000915527344,90.7316716512044,321.866068522135,-626679.216162174
10700,163.500915527344,89.9256693522135,328.465708414714,-679308.591488147
10701,164.000915527344,90.7316716512044,305.291137695312,-602982.356826443
10702,163.500915527344,89.9256693522135,311.965169270833,-663932.963342791
10703,164.000915527344,90.7316716512044,288.712412516276,-580892.774778551
10704,163.500915527344,89.9256693522135,295.463673909505,-654663.009514779
10705,164.000915527344,90.7316716512044,272.135579427083,-577544.230952031
10706,163.500915527344,89.9256693522135,278.961212158203,-673806.516542134
10707,164.000915527344,90.7316716512044,255.559702555339,-590840.393580005
10708,163.500915527344,89.9256693522135,262.46066792806,-691364.13806531
10709,164.000915527344,90.7316716512044,238.984736124674,-588812.041779827
10710,163.500915527344,89.9256693522135,245.961034138997,-689369.501721373
10711,164.000915527344,90.7316716512044,222.407903035482,-593093.638445614
10712,163.500915527344,89.9256693522135,229.459533691406,-666378.186113628
10713,164.000915527344,90.7316716512044,205.831075032552,-633254.486744664
10714,163.500915527344,89.9256693522135,212.957071940104,-734870.310911981
10715,164.000915527344,90.7316716512044,189.256037394206,-397716.003568699
10716,163.500915527344,89.9256693522135,196.455607096354,-708953.319671881
10717,164.000915527344,90.7316716512044,172.679005940755,243471.283864906
10718,163.500915527344,89.9256693522135,179.954803466797,-646958.722897252
10719,164.000915527344,90.7316716512044,156.104339599609,-398394.523022374
10720,163.500915527344,89.9256693522135,163.453338623047,158758.680372744
10721,164.000915527344,90.7316716512044,139.527669270833,-741484.110408282
10722,163.500915527344,89.9256693522135,146.953002929688,-569320.584577896
10723,163.500915527344,89.9256693522135,130.452667236328,-762477.657343411
10724,165.000915527344,92.3794733683268,559.407348632812,-642045.281612685
10725,165.000915527344,92.3794733683268,542.681009928385,-643579.586234539
10726,165.500915527344,93.2212727864583,553.78135172526,-591573.062806928
10727,165.500915527344,93.2212727864583,536.981669108073,-585451.958295888
10728,165.500915527344,93.2212727864583,520.181681315104,-590929.172157832
10729,165.000915527344,92.3794733683268,525.957336425781,-650023.974655253
10730,165.500915527344,93.2212727864583,503.376342773438,-599375.392161277
10731,165.000915527344,92.3794733683268,509.229014078776,-651779.63226819
10732,165.500915527344,93.2212727864583,486.574330647786,-599749.261451499
10733,165.000915527344,92.3794733683268,492.499003092448,-649175.030339582
10734,165.500915527344,93.2212727864583,469.773996988932,-592891.8346026
10735,165.000915527344,92.3794733683268,475.773996988932,-645763.294507204
10736,165.500915527344,93.2212727864583,452.973002115885,-586796.618958414
10737,165.000915527344,92.3794733683268,459.047332763672,-644802.995360477
10738,165.500915527344,93.2212727864583,436.173014322917,-582296.254247028
10739,165.000915527344,92.3794733683268,442.322672526042,-645822.254716869
10740,165.500915527344,93.2212727864583,419.372344970703,-580475.349223448
10741,165.000915527344,92.3794733683268,425.596343994141,-648401.324873682
10742,165.500915527344,93.2212727864583,402.572347005208,-580305.614566583
10743,165.000915527344,92.3794733683268,408.871673583984,-649377.944327725
10744,165.500915527344,93.2212727864583,385.7705078125,-577318.393312788
10745,165.000915527344,92.3794733683268,392.145975748698,-645222.173951107
10746,165.500915527344,93.2212727864583,368.969502766927,-568838.575855015
10747,165.000915527344,92.3794733683268,375.41943359375,-636169.040940107
10748,165.500915527344,93.2212727864583,352.168538411458,-557605.61198932
10749,165.000915527344,92.3794733683268,358.69477335612,-629431.936250063
10750,165.500915527344,93.2212727864583,335.36669921875,-554496.294097062
10751,165.000915527344,92.3794733683268,341.967274983724,-630247.972813047
10752,165.500915527344,93.2212727864583,318.566731770833,-567711.00243173
10753,165.000915527344,92.3794733683268,325.242665608724,-626679.216162174
10754,165.500915527344,93.2212727864583,301.763905843099,-550662.778607864
10755,165.000915527344,92.3794733683268,308.516103108724,-602982.356826443
10756,165.500915527344,93.2212727864583,284.962036132812,-512932.912329548
10757,165.000915527344,92.3794733683268,291.787679036458,-580892.774778551
10758,165.500915527344,93.2212727864583,268.161092122396,-477268.435046381
10759,165.000915527344,92.3794733683268,275.06113688151,-577544.230952031
10760,165.500915527344,93.2212727864583,251.361068725586,-442594.751803405
10761,165.000915527344,92.3794733683268,258.334569295247,-590840.393580005
10762,165.500915527344,93.2212727864583,234.560170491536,-446143.008805148
10763,165.000915527344,92.3794733683268,241.609903971354,-588812.041779827
10764,165.500915527344,93.2212727864583,217.757339477539,-483996.000505986
10765,165.000915527344,92.3794733683268,224.883371988932,-593093.638445614
10766,165.500915527344,93.2212727864583,200.955505371094,-314477.788716386
10767,165.000915527344,92.3794733683268,208.155873616536,-633254.486744664
10768,165.500915527344,93.2212727864583,184.155568440755,353018.547815216
10769,165.000915527344,92.3794733683268,191.431137084961,-397716.003568699
10770,165.500915527344,93.2212727864583,167.354670206706,-226234.498272014
10771,165.000915527344,92.3794733683268,174.704671223958,243471.283864906
10772,165.500915527344,93.2212727864583,150.554672241211,-710569.406342877
10773,165.000915527344,92.3794733683268,157.980005900065,-398394.523022374
10774,165.000915527344,92.3794733683268,141.253672281901,-741484.110408282
10775,166.500879923503,94.9368718465169,559.332010904948,-591573.062806928
10776,166.500879923503,94.9368718465169,542.381673177083,-585451.958295888
10777,167.000844319661,95.810671488444,553.631673177083,-554294.523356539
10778,167.000844319661,95.810671488444,536.606994628906,-540171.370063925
10779,167.000844319661,95.810671488444,519.580993652344,-537449.113903265
10780,166.500879923503,94.9368718465169,525.431335449219,-590929.172157832
10781,167.000844319661,95.810671488444,502.551991780599,-548117.01744052
10782,166.500879923503,94.9368718465169,508.478668212891,-599375.392161277
10783,167.000844319661,95.810671488444,485.524993896484,-553695.268184343
10784,166.500879923503,94.9368718465169,491.524993896484,-599749.261451499
10785,167.000844319661,95.810671488444,468.498341878255,-547775.277591661
10786,166.500879923503,94.9368718465169,474.574330647786,-592891.8346026
10787,167.000844319661,95.810671488444,451.47401936849,-536624.186227495
10788,166.500879923503,94.9368718465169,457.623677571615,-586796.618958414
10789,167.000844319661,95.810671488444,434.448018391927,-527282.513719856
10790,166.500879923503,94.9368718465169,440.673685709635,-582296.254247028
10791,167.000844319661,95.810671488444,417.42333984375,-519820.112344112
10792,166.500879923503,94.9368718465169,423.723347981771,-580475.349223448
10793,167.000844319661,95.810671488444,400.396341959635,-517008.757519079
10794,166.500879923503,94.9368718465169,406.773010253906,-580305.614566583
10795,167.000844319661,95.810671488444,383.37016805013,-515378.020955374
10796,166.500879923503,94.9368718465169,389.82021077474,-577318.393312788
10797,167.000844319661,95.810671488444,366.344299316406,-508521.670263274
10798,166.500879923503,94.9368718465169,372.870534261068,-568838.575855015
10799,167.000844319661,95.810671488444,349.314534505208,-496826.775441551
10800,166.500879923503,94.9368718465169,355.917032877604,-557605.61198932
10801,167.000844319661,95.810671488444,332.289530436198,-481943.155806391
10802,166.500879923503,94.9368718465169,338.965464274089,-554496.294097062
10803,167.000844319661,95.810671488444,315.26357014974,-510275.013982351
10804,166.500879923503,94.9368718465169,322.014831542969,-567711.00243173
10805,167.000844319661,95.810671488444,298.237620035807,-516722.423471684
10806,166.500879923503,94.9368718465169,305.063273111979,-550662.778607864
10807,167.000844319661,95.810671488444,281.212575276693,-500774.378934029
10808,166.500879923503,94.9368718465169,288.112609863281,-512932.912329548
10809,167.000844319661,95.810671488444,264.185668945312,-454062.44281001
10810,166.500879923503,94.9368718465169,271.161956787109,-477268.435046381
10811,167.000844319661,95.810671488444,247.16157023112,-391693.76359259
10812,166.500879923503,94.9368718465169,254.211303710938,-442594.751803405
10813,167.000844319661,95.810671488444,230.135604858398,-358533.620361008
10814,166.500879923503,94.9368718465169,237.261601765951,-446143.008805148
10815,167.000844319661,95.810671488444,213.107737223307,-301224.676061816
10816,166.500879923503,94.9368718465169,220.308141072591,-483996.000505986
10817,167.000844319661,95.810671488444,196.080866495768,-54745.349248514
10818,166.500879923503,94.9368718465169,203.356567382812,-314477.788716386
10819,167.000844319661,95.810671488444,179.05300394694,-237682.551300843
10820,166.500879923503,94.9368718465169,186.404235839844,353018.547815216
10821,167.000844319661,95.810671488444,162.028671264648,-680438.355822608
10822,166.500879923503,94.9368718465169,169.454335530599,-226234.498272014
10823,166.500879923503,94.9368718465169,152.503672281901,-710569.406342877
10824,167.999872843424,97.5940704345703,559.257670084635,-554294.523356539
10825,167.999872843424,97.5940704345703,542.081319173177,-540171.370063925
10826,168.498936971029,98.5036697387695,553.481994628906,-514981.459524633
10827,168.498936971029,98.5036697387695,536.231323242188,-502511.570307421
10828,168.498936971029,98.5036697387695,518.980997721354,-489532.212332861
10829,167.999872843424,97.5940704345703,524.906656901042,-537449.113903265
10830,168.498936971029,98.5036697387695,501.725992838542,-491653.385339266
10831,167.999872843424,97.5940704345703,507.728658040365,-548117.01744052
10832,168.498936971029,98.5036697387695,484.475331624349,-499184.291931407
10833,167.999872843424,97.5940704345703,490.549326578776,-553695.268184343
10834,168.498936971029,98.5036697387695,467.225341796875,-495933.883993927
10835,167.999872843424,97.5940704345703,473.375010172526,-547775.277591661
10836,168.498936971029,98.5036697387695,449.973002115885,-482673.481153713
10837,167.999872843424,97.5940704345703,456.199015299479,-536624.186227495
10838,168.498936971029,98.5036697387695,432.722330729167,-468885.394597206
10839,167.999872843424,97.5940704345703,439.022338867188,-527282.513719856
10840,168.498936971029,98.5036697387695,415.472330729167,-456638.183583201
10841,167.999872843424,97.5940704345703,421.848002115885,-519820.112344112
10842,168.498936971029,98.5036697387695,398.219004313151,-449645.434115137
10843,167.999872843424,97.5940704345703,404.67100016276,-517008.757519079
10844,168.498936971029,98.5036697387695,380.96913655599,-447296.513792916
10845,167.999872843424,97.5940704345703,387.494303385417,-515378.020955374
10846,168.498936971029,98.5036697387695,363.716267903646,-441061.186630717
10847,167.999872843424,97.5940704345703,370.318766276042,-508521.670263274
10848,168.498936971029,98.5036697387695,346.465270996094,-426913.823165946
10849,167.999872843424,97.5940704345703,353.139302571615,-496826.775441551
10850,168.498936971029,98.5036697387695,329.215199788411,-408159.162721279
10851,167.999872843424,97.5940704345703,335.964569091797,-481943.155806391
10852,168.498936971029,98.5036697387695,311.963267008464,-413810.659088636
10853,167.999872843424,97.5940704345703,318.788899739583,-510275.013982351
10854,168.498936971029,98.5036697387695,294.712249755859,-458033.412645591
10855,167.999872843424,97.5940704345703,301.612284342448,-516722.423471684
10856,168.498936971029,98.5036697387695,277.461263020833,-439798.248137722
10857,167.999872843424,97.5940704345703,284.43755086263,-500774.378934029
10858,168.498936971029,98.5036697387695,260.208368937174,-323398.481495557
10859,167.999872843424,97.5940704345703,267.259999593099,-454062.44281001
10860,168.498936971029,98.5036697387695,242.959233601888,-120241.163381314
10861,167.999872843424,97.5940704345703,250.08430480957,-391693.76359259
10862,168.498936971029,98.5036697387695,225.708236694336,353202.255179012
10863,167.999872843424,97.5940704345703,232.910502115885,-358533.620361008
10864,168.498936971029,98.5036697387695,208.45719909668,297679.623435158
10865,167.999872843424,97.5940704345703,215.732935587565,-301224.676061816
10866,168.498936971029,98.5036697387695,191.205271402995,-308757.358535317
10867,167.999872843424,97.5940704345703,198.556299845378,-54745.349248514
10868,168.498936971029,98.5036697387695,173.953272501628,-649631.239041066
10869,167.999872843424,97.5940704345703,181.378606160482,-237682.551300843
10870,167.999872843424,97.5940704345703,164.202006022135,-680438.355822608
10871,169.497970581055,100.356735229492,559.182332356771,-514981.459524633
10872,169.497970581055,100.356735229492,541.781982421875,-502511.570307421
10873,169.997940063477,101.300201416016,553.332316080729,-471474.418622265
10874,169.997940063477,101.300201416016,535.85732014974,-468336.639982468
10875,169.997940063477,101.300201416016,518.37900797526,-452570.965503964
10876,169.497970581055,100.356735229492,524.381001790365,-489532.212332861
10877,169.997940063477,101.300201416016,500.90033976237,-438838.516277321
10878,169.497970581055,100.356735229492,506.976338704427,-491653.385339266
10879,169.997940063477,101.300201416016,483.426340738932,-439820.308438165
10880,169.497970581055,100.356735229492,489.575998942057,-499184.291931407
10881,169.997940063477,101.300201416016,465.950012207031,-439668.654590856
10882,169.497970581055,100.356735229492,472.176005045573,-495933.883993927
10883,169.997940063477,101.300201416016,448.473337809245,-429161.512831484
10884,169.497970581055,100.356735229492,454.77333577474,-482673.481153713
10885,169.997940063477,101.300201416016,430.999338785807,-413737.975464436
10886,169.497970581055,100.356735229492,437.37299601237,-468885.394597206
10887,169.997940063477,101.300201416016,413.521006266276,-397326.413184128
10888,169.497970581055,100.356735229492,419.973002115885,-456638.183583201
10889,169.997940063477,101.300201416016,396.042338053385,-379540.914294789
10890,169.497970581055,100.356735229492,402.568339029948,-449645.434115137
10891,169.997940063477,101.300201416016,378.568237304688,-368161.104272593
10892,169.497970581055,100.356735229492,385.167836507161,-447296.513792916
10893,169.997940063477,101.300201416016,361.091105143229,-362675.756001129
10894,169.497970581055,100.356735229492,367.76703898112,-441061.186630717
10895,169.997940063477,101.300201416016,343.616943359375,-350796.869915373
10896,169.497970581055,100.356735229492,350.366302490234,-426913.823165946
10897,169.997940063477,101.300201416016,326.140909830729,-322802.017496779
10898,169.497970581055,100.356735229492,332.966542561849,-408159.162721279
10899,169.997940063477,101.300201416016,308.663899739583,-283721.611873949
10900,169.497970581055,100.356735229492,315.563934326172,-413810.659088636
10901,169.997940063477,101.300201416016,291.187856038411,-308442.673036422
10902,169.497970581055,100.356735229492,298.163197835286,-458033.412645591
10903,169.997940063477,101.300201416016,273.708984375,-307413.411791589
10904,169.497970581055,100.356735229492,280.760620117188,-439798.248137722
10905,169.997940063477,101.300201416016,256.232935587565,159184.977906377
10906,169.497970581055,100.356735229492,263.357996622721,-323398.481495557
10907,169.997940063477,101.300201416016,238.758768717448,451724.108363895
10908,169.497970581055,100.356735229492,245.958236694336,-120241.163381314
10909,169.997940063477,101.300201416016,221.281768798828,365701.85213756
10910,169.497970581055,100.356735229492,228.557500203451,353202.255179012
10911,169.997940063477,101.300201416016,203.807601928711,-300567.751949184
10912,169.497970581055,100.356735229492,211.156768798828,297679.623435158
10913,169.997940063477,101.300201416016,186.331670125326,-621826.723781318
10914,169.497970581055,100.356735229492,193.75700378418,-308757.358535317
10915,169.497970581055,100.356735229492,176.354604085286,-649631.239041066
10916,170.997909545898,103.222002665202,559.107991536458,-471474.418622265
10917,170.997909545898,103.222002665202,541.481323242188,-468336.639982468
10918,171.497909545898,104.200337727865,553.181660970052,-429310.943784356
10919,171.497909545898,104.200337727865,535.48134358724,-436158.872601103
10920,171.497909545898,104.200337727865,517.77934773763,-429488.366929229
10921,170.997909545898,103.222002665202,523.855346679688,-452570.965503964
10922,171.497909545898,104.200337727865,500.076670328776,-407254.582345742
10923,170.997909545898,103.222002665202,506.227010091146,-438838.516277321
10924,171.497909545898,104.200337727865,482.374338785807,-393486.921853087
10925,170.997909545898,103.222002665202,488.600341796875,-439820.308438165
10926,171.497909545898,104.200337727865,464.674336751302,-392608.176112813
10927,170.997909545898,103.222002665202,470.974344889323,-439668.654590856
10928,171.497909545898,104.200337727865,446.973663330078,-385508.422328004
10929,170.997909545898,103.222002665202,453.350006103516,-429161.512831484
10930,171.497909545898,104.200337727865,429.27333577474,-371688.315777191
10931,170.997909545898,103.222002665202,435.723337809245,-413737.975464436
10932,171.497909545898,104.200337727865,411.57133992513,-353830.484142452
10933,170.997909545898,103.222002665202,418.097340901693,-397326.413184128
10934,171.497909545898,104.200337727865,393.869333902995,-330587.601052571
10935,170.997909545898,103.222002665202,400.469004313151,-379540.914294789
10936,171.497909545898,104.200337727865,376.167002360026,-308300.42526006
10937,170.997909545898,103.222002665202,382.843068440755,-368161.104272593
10938,171.497909545898,104.200337727865,358.465932210286,-298637.230608171
10939,170.997909545898,103.222002665202,365.216237386068,-362675.756001129
10940,171.497909545898,104.200337727865,340.765808105469,-280052.603515227
10941,170.997909545898,103.222002665202,347.591440836589,-350796.869915373
10942,171.497909545898,104.200337727865,323.063771565755,-216821.326142797
10943,170.997909545898,103.222002665202,329.965677897135,-322802.017496779
10944,171.497909545898,104.200337727865,305.362670898438,-154320.758655068
10945,170.997909545898,103.222002665202,312.33896891276,-283721.611873949
10946,171.497909545898,104.200337727865,287.66064453125,-174312.454875316
10947,170.997909545898,103.222002665202,294.712259928385,-308442.673036422
10948,171.497909545898,104.200337727865,269.958587646484,234356.161635081
10949,170.997909545898,103.222002665202,277.084604899089,-307413.411791589
10950,171.497909545898,104.200337727865,252.258443196615,362153.146414004
10951,170.997909545898,103.222002665202,259.45790608724,159184.977906377
10952,171.497909545898,104.200337727865,234.558268229167,373123.778917999
10953,170.997909545898,103.222002665202,241.834004720052,451724.108363895
10954,171.497909545898,104.200337727865,216.85530090332,370960.615822061
10955,170.997909545898,103.222002665202,224.20730082194,365701.85213756
10956,171.497909545898,104.200337727865,199.15517171224,-597394.702959443
10957,170.997909545898,103.222002665202,206.580602010091,-300567.751949184
10958,170.997909545898,103.222002665202,188.956837972005,-621826.723781318
10959,172.497909545898,106.191805521647,559.031677246094,-429310.943784356
10960,172.497909545898,106.191805521647,541.182006835938,-436158.872601103
10961,172.997909545898,107.204938252767,553.032002766927,-429310.943784356
10962,172.997909545898,107.204938252767,535.107666015625,-394309.496521806
10963,172.997909545898,107.204938252767,517.17866007487,-399992.402034658
10964,172.497909545898,106.191805521647,523.33100382487,-429488.366929229
10965,172.997909545898,107.204938252767,499.251007080078,-389698.204847684
10966,172.497909545898,106.191805521647,505.47666422526,-407254.582345742
10967,172.997909545898,107.204938252767,481.32568359375,-365099.838015304
10968,172.497909545898,106.191805521647,487.625010172526,-393486.921853087
10969,172.997909545898,107.204938252767,463.400675455729,-349002.266964863
10970,172.497909545898,106.191805521647,469.77500406901,-392608.176112813
10971,172.997909545898,107.204938252767,445.473673502604,-338215.895133175
10972,172.497909545898,106.191805521647,451.923665364583,-385508.422328004
10973,172.997909545898,107.204938252767,427.54833984375,-326811.293631775
10974,172.497909545898,106.191805521647,434.073669433594,-371688.315777191
10975,172.997909545898,107.204938252767,409.620340983073,-311304.198465249
10976,172.497909545898,106.191805521647,416.222005208333,-353830.484142452
10977,172.997909545898,107.204938252767,391.694000244141,-287833.332588355
10978,172.497909545898,106.191805521647,398.370005289714,-330587.601052571
10979,172.997909545898,107.204938252767,373.766967773438,-253514.868524894
10980,172.497909545898,106.191805521647,380.517262776693,-308300.42526006
10981,172.997909545898,107.204938252767,355.84267171224,-203699.801183835
10982,172.497909545898,106.191805521647,362.66640218099,-298637.230608171
10983,172.997909545898,107.204938252767,337.914642333984,-137108.31462866
10984,172.497909545898,106.191805521647,344.816569010417,-280052.603515227
10985,172.997909545898,107.204938252767,319.985677083333,111746.529783475
10986,172.497909545898,106.191805521647,326.961975097656,-216821.326142797
10987,172.997909545898,107.204938252767,302.061442057292,250535.087567157
10988,172.497909545898,106.191805521647,309.111175537109,-154320.758655068
10989,172.997909545898,107.204938252767,284.136240641276,210898.582338781
10990,172.497909545898,106.191805521647,291.261322021484,-174312.454875316
10991,172.997909545898,107.204938252767,266.209167480469,310526.03256855
10992,172.497909545898,106.191805521647,273.409545898438,234356.161635081
10993,172.997909545898,107.204938252767,248.284907023112,167787.852955864
10994,172.497909545898,106.191805521647,255.558746337891,362153.146414004
10995,172.997909545898,107.204938252767,230.356897989909,243719.598505728
10996,172.497909545898,106.191805521647,237.708867390951,373123.778917999
10997,172.997909545898,107.204938252767,212.428863525391,-573505.110377612
10998,172.497909545898,106.191805521647,219.854298909505,370960.615822061
10999,172.497909545898,106.191805521647,202.004435221354,-597394.702959443
11000,173.997873942057,109.264203389486,558.958333333333,-389879.42879053
11001,173.997873942057,109.264203389486,540.881652832031,-394309.496521806
11002,174.497838338216,110.310335795085,552.88232421875,-389879.42879053
11003,174.497838338216,110.310335795085,534.729329427083,-352616.318990145
11004,174.497838338216,110.310335795085,516.577331542969,-356253.694993974
11005,173.997873942057,109.264203389486,522.802998860677,-399992.402034658
11006,174.497838338216,110.310335795085,498.427001953125,-362031.402485922
11007,173.997873942057,109.264203389486,504.727335611979,-389698.204847684
11008,174.497838338216,110.310335795085,480.274678548177,-343115.811682451
11009,173.997873942057,109.264203389486,486.651346842448,-365099.838015304
11010,174.497838338216,110.310335795085,462.124674479167,-311870.114183638
11011,173.997873942057,109.264203389486,468.574686686198,-349002.266964863
11012,174.497838338216,110.310335795085,443.975341796875,-288251.249389638
11013,173.997873942057,109.264203389486,450.500671386719,-338215.895133175
11014,174.497838338216,110.310335795085,425.821350097656,-267004.777741692
11015,173.997873942057,109.264203389486,432.423014322917,-326811.293631775
11016,174.497838338216,110.310335795085,407.669006347656,-248474.494805769
11017,173.997873942057,109.264203389486,414.345011393229,-311304.198465249
11018,174.497838338216,110.310335795085,389.517995198568,-218188.530488618
11019,173.997873942057,109.264203389486,396.268330891927,-287833.332588355
11020,174.497838338216,110.310335795085,371.367645263672,-146774.324593235
11021,173.997873942057,109.264203389486,378.193369547526,-253514.868524894
11022,174.497838338216,110.310335795085,353.215606689453,116094.66083031
11023,173.997873942057,109.264203389486,360.117513020833,-203699.801183835
11024,174.497838338216,110.310335795085,335.062540690104,235690.16211272
11025,173.997873942057,109.264203389486,342.038838704427,-137108.31462866
11026,174.497838338216,110.310335795085,316.912312825521,332525.814815989
11027,173.997873942057,109.264203389486,323.962046305339,111746.529783475
11028,174.497838338216,110.310335795085,298.761149088542,381231.660009434
11029,173.997873942057,109.264203389486,305.886210123698,250535.087567157
11030,174.497838338216,110.310335795085,280.611836751302,204361.188681827
11031,173.997873942057,109.264203389486,287.811299641927,210898.582338781
11032,174.497838338216,110.310335795085,262.460678100586,-140108.844336227
11033,173.997873942057,109.264203389486,269.736399332682,310526.03256855
11034,174.497838338216,110.310335795085,244.308532714844,227813.75093364
11035,173.997873942057,109.264203389486,251.659606933594,167787.852955864
11036,174.497838338216,110.310335795085,226.154530843099,-543317.052349432
11037,173.997873942057,109.264203389486,233.58186340332,243719.598505728
11038,173.997873942057,109.264203389486,215.504130045573,-573505.110377612
11039,175.497802734375,112.438369750977,558.881998697917,-358624.368265226
11040,175.497802734375,112.438369750977,540.579671223958,-352616.318990145
11041,175.997802734375,113.52027130127,552.731669108073,-358624.368265226
11042,175.997802734375,113.52027130127,534.353678385417,-318516.48911562
11043,175.997802734375,113.52027130127,515.977335611979,-311221.519678847
11044,175.497802734375,112.438369750977,522.277669270833,-356253.694993974
11045,175.997802734375,113.52027130127,497.601003011068,-316836.56971775
11046,175.497802734375,112.438369750977,503.97666422526,-362031.402485922
11047,175.997802734375,113.52027130127,479.225006103516,-314149.611971543
11048,175.497802734375,112.438369750977,485.674672444661,-343115.811682451
11049,175.997802734375,113.52027130127,460.85166422526,-278586.730896103
11050,175.497802734375,112.438369750977,467.375,-311870.114183638
11051,175.997802734375,113.52027130127,442.473673502604,-242386.979892066
11052,175.497802734375,112.438369750977,449.076009114583,-288251.249389638
11053,175.997802734375,113.52027130127,424.095336914062,-206391.718424955
11054,175.497802734375,112.438369750977,430.771341959635,-267004.777741692
11055,175.997802734375,113.52027130127,405.719004313151,-157764.216201538
11056,175.497802734375,112.438369750977,412.46934000651,-248474.494805769
11057,175.997802734375,113.52027130127,387.344543457031,-92340.6809554621
11058,175.497802734375,112.438369750977,394.168334960938,-218188.530488618
11059,175.997802734375,113.52027130127,368.966644287109,151565.613121459
11060,175.497802734375,112.438369750977,375.868479410807,-146774.324593235
11061,175.997802734375,113.52027130127,350.588531494141,287404.485769034
11062,175.497802734375,112.438369750977,357.563903808594,116094.66083031
11063,175.997802734375,113.52027130127,332.214202880859,397755.129014693
11064,175.497802734375,112.438369750977,339.263936360677,235690.16211272
11065,175.997802734375,113.52027130127,313.838002522786,422969.889105737
11066,175.497802734375,112.438369750977,320.963073730469,332525.814815989
11067,175.997802734375,113.52027130127,295.46083577474,367982.597014547
11068,175.497802734375,112.438369750977,302.662180582682,381231.660009434
11069,175.997802734375,113.52027130127,277.084594726562,117073.55394197
11070,175.497802734375,112.438369750977,284.360341389974,204361.188681827
11071,175.997802734375,113.52027130127,258.708363850911,205055.218741803
11072,175.497802734375,112.438369750977,266.060368855794,-140108.844336227
11073,175.997802734375,113.52027130127,240.332168579102,-506095.798179095
11074,175.497802734375,112.438369750977,247.757598876953,227813.75093364
11075,175.497802734375,112.438369750977,229.455769856771,-543317.052349432
11076,176.996836344401,115.717005411784,558.807678222656,-322289.183516915
11077,176.996836344401,115.717005411784,540.280008951823,-318516.48911562
11078,177.495869954427,116.831837972005,552.582010904948,-322289.183516915
11079,177.495869954427,116.831837972005,533.978678385417,-276067.803829532
11080,177.495869954427,116.831837972005,515.378346761068,-277620.589373116
11081,176.996836344401,115.717005411784,521.752014160156,-311221.519678847
11082,177.495869954427,116.831837972005,496.778004964193,-263543.593066243
11083,176.996836344401,115.717005411784,503.228006998698,-316836.56971775
11084,177.495869954427,116.831837972005,478.174997965495,-266577.369542393
11085,176.996836344401,115.717005411784,484.701334635417,-314149.611971543
11086,177.495869954427,116.831837972005,459.573669433594,-253991.016294943
11087,176.996836344401,115.717005411784,466.175333658854,-278586.730896103
11088,177.495869954427,116.831837972005,440.971659342448,-195794.607399846
11089,176.996836344401,115.717005411784,447.647664388021,-242386.979892066
11090,177.495869954427,116.831837972005,422.372334798177,-159209.325333156
11091,176.996836344401,115.717005411784,429.121663411458,-206391.718424955
11092,177.495869954427,116.831837972005,403.770009358724,-23644.6622045605
11093,176.996836344401,115.717005411784,410.595672607422,-157764.216201538
11094,177.495869954427,116.831837972005,385.167785644531,194725.455233829
11095,176.996836344401,115.717005411784,392.069549560547,-92340.6809554621
11096,177.495869954427,116.831837972005,366.564676920573,313403.285457908
11097,176.996836344401,115.717005411784,373.540944417318,151565.613121459
11098,177.495869954427,116.831837972005,347.965240478516,397951.027402351
11099,176.996836344401,115.717005411784,355.015004475911,287404.485769034
11100,177.495869954427,116.831837972005,329.363037109375,440737.345534203
11101,176.996836344401,115.717005411784,336.489034016927,397755.129014693
11102,177.495869954427,116.831837972005,310.761800130208,398177.000782132
11103,176.996836344401,115.717005411784,317.963134765625,422969.889105737
11104,177.495869954427,116.831837972005,292.159596761068,205854.187495367
11105,176.996836344401,115.717005411784,299.435323079427,367982.597014547
11106,177.495869954427,116.831837972005,273.560201009115,-58109.8288850753
11107,176.996836344401,115.717005411784,280.909362792969,117073.55394197
11108,177.495869954427,116.831837972005,254.957066853841,-473303.797685287
11109,176.996836344401,115.717005411784,262.383427937826,205055.218741803
11110,176.996836344401,115.717005411784,243.856572469076,-506095.798179095
11111,178.494903564453,119.096366882324,558.732340494792,-281946.576168436
11112,178.494903564453,119.096366882324,539.980672200521,-276067.803829532
11113,178.994903564453,120.246063232422,552.432332356771,-281946.576168436
11114,178.994903564453,120.246063232422,533.60400390625,-258001.559223599
11115,178.994903564453,120.246063232422,514.778330485026,-237862.188611692
11116,178.494903564453,119.096366882324,521.228342692057,-277620.589373116
11117,178.994903564453,120.246063232422,495.952331542969,-230520.295645711
11118,178.494903564453,119.096366882324,502.478332519531,-263543.593066243
11119,178.994903564453,120.246063232422,477.126007080078,-218933.382833047
11120,178.494903564453,119.096366882324,483.725667317708,-266577.369542393
11121,178.994903564453,120.246063232422,458.298014322917,-206877.80627795
11122,178.494903564453,119.096366882324,464.973673502604,-253991.016294943
11123,178.994903564453,120.246063232422,439.4716796875,-189068.639287821
11124,178.494903564453,119.096366882324,446.222005208333,-195794.607399846
11125,178.994903564453,120.246063232422,420.646341959635,-87074.8828452337
11126,178.494903564453,119.096366882324,427.472005208333,-159209.325333156
11127,178.994903564453,120.246063232422,401.819010416667,157217.43911653
11128,178.494903564453,119.096366882324,408.721008300781,-23644.6622045605
11129,178.994903564453,120.246063232422,382.989969889323,328547.029613731
11130,178.494903564453,119.096366882324,389.966247558594,194725.455233829
11131,178.994903564453,120.246063232422,364.165466308594,404387.296009065
11132,178.494903564453,119.096366882324,371.215240478516,313403.285457908
11133,178.994903564453,120.246063232422,345.340067545573,424940.069661245
11134,178.494903564453,119.096366882324,352.465138753255,397951.027402351
11135,178.994903564453,120.246063232422,326.512837727865,415126.043762364
11136,178.494903564453,119.096366882324,333.714172363281,440737.345534203
11137,178.994903564453,120.246063232422,307.684631347656,460359.884514419
11138,178.494903564453,119.096366882324,314.960367838542,398177.000782132
11139,178.994903564453,120.246063232422,288.860219319661,479177.839446401
11140,178.494903564453,119.096366882324,296.210337320964,205854.187495367
11141,178.994903564453,120.246063232422,270.034881591797,-451902.833994854
11142,178.494903564453,119.096366882324,277.460316975911,-58109.8288850753
11143,178.494903564453,119.096366882324,258.708404541016,-473303.797685287
11144,179.996770222982,122.579345703125,558.657999674479,-274949.715946898
11145,179.996770222982,122.579345703125,539.680338541667,-258001.559223599
11146,180.49863688151,123.76293182373,552.282674153646,-274949.715946898
11147,180.49863688151,123.76293182373,533.228352864583,-270472.925797053
11148,180.49863688151,123.76293182373,514.176676432292,-244218.386570731
11149,179.996770222982,122.579345703125,520.702006022135,-237862.188611692
11150,180.49863688151,123.76293182373,495.126678466797,-232118.240236309
11151,179.996770222982,122.579345703125,501.72699991862,-230520.295645711
11152,180.49863688151,123.76293182373,476.076354980469,-236972.38853926
11153,179.996770222982,122.579345703125,482.752349853516,-218933.382833047
11154,180.49863688151,123.76293182373,457.022013346354,-219333.810913328
11155,179.996770222982,122.579345703125,463.774353027344,-206877.80627795
11156,180.49863688151,123.76293182373,437.96967569987,-200811.617506482
11157,179.996770222982,122.579345703125,444.795349121094,-189068.639287821
11158,180.49863688151,123.76293182373,418.92133585612,-107238.411258732
11159,179.996770222982,122.579345703125,425.820343017578,-87074.8828452337
11160,180.49863688151,123.76293182373,399.868998209635,250200.519374911
11161,179.996770222982,122.579345703125,406.845336914062,157217.43911653
11162,180.49863688151,123.76293182373,380.816589355469,319053.405056726
11163,179.996770222982,122.579345703125,387.866394042969,328547.029613731
11164,180.49863688151,123.76293182373,361.764363606771,368593.500140584
11165,179.996770222982,122.579345703125,368.890391031901,404387.296009065
11166,180.49863688151,123.76293182373,342.713033040365,385919.486057342
11167,179.996770222982,122.579345703125,349.914367675781,424940.069661245
11168,180.49863688151,123.76293182373,323.661661783854,427301.369008353
11169,179.996770222982,122.579345703125,330.93739827474,415126.043762364
11170,180.49863688151,123.76293182373,304.611267089844,318452.072034166
11171,179.996770222982,122.579345703125,311.961364746094,460359.884514419
11172,180.49863688151,123.76293182373,285.558990478516,-441396.797849834
11173,179.996770222982,122.579345703125,292.984415690104,479177.839446401
11174,179.996770222982,122.579345703125,274.009358723958,-451902.833994854
11175,181.500503540039,126.166829427083,558.582682291667,-293570.853810688
11176,181.500503540039,126.166829427083,539.380696614583,-270472.925797053
11177,182.000503540039,127.387140909831,552.132690429688,-293570.853810688
11178,182.000503540039,127.387140909831,532.854349772135,-311403.297865798
11179,182.000503540039,127.387140909831,513.577006022135,-291006.625937291
11180,181.500503540039,126.166829427083,520.176676432292,-244218.386570731
11181,182.000503540039,127.387140909831,494.30268351237,-269546.107518126
11182,181.500503540039,126.166829427083,500.976684570312,-232118.240236309
11183,182.000503540039,127.387140909831,475.02533976237,-258887.33282118
11184,181.500503540039,126.166829427083,481.776682535807,-236972.38853926
11185,182.000503540039,127.387140909831,455.747009277344,-260584.000845214
11186,181.500503540039,126.166829427083,462.572672526042,-219333.810913328
11187,182.000503540039,127.387140909831,436.471669514974,-222671.854558298
11188,181.500503540039,126.166829427083,443.370676676432,-200811.617506482
11189,182.000503540039,127.387140909831,417.196329752604,-127237.269936463
11190,181.500503540039,126.166829427083,424.171661376953,-107238.411258732
11191,182.000503540039,127.387140909831,397.917999267578,13743.5640126779
11192,181.500503540039,126.166829427083,404.969665527344,250200.519374911
11193,182.000503540039,127.387140909831,378.642567952474,181036.10860135
11194,181.500503540039,126.166829427083,385.76752726237,319053.405056726
11195,182.000503540039,127.387140909831,359.366139729818,230318.084524363
11196,181.500503540039,126.166829427083,366.565602620443,368593.500140584
11197,182.000503540039,127.387140909831,340.087829589844,315211.17139052
11198,181.500503540039,126.166829427083,347.363566080729,385919.486057342
11199,182.000503540039,127.387140909831,320.811462402344,203597.206567268
11200,181.500503540039,126.166829427083,328.161560058594,427301.369008353
11201,182.000503540039,127.387140909831,301.535074869792,-439864.126761013
11202,181.500503540039,126.166829427083,308.961466471354,318452.072034166
11203,181.500503540039,126.166829427083,289.759450276693,-441396.797849834
11204,183.000503540039,129.85883585612,558.508015950521,-332047.381441279
11205,183.000503540039,129.85883585612,539.080342610677,-311403.297865798
11206,183.500503540039,131.110219319661,551.982014973958,-332047.381441279
11207,183.500503540039,131.110219319661,532.47900390625,-328621.930973842
11208,183.500503540039,131.110219319661,512.977345784505,-309795.561012576
11209,183.000503540039,129.85883585612,519.653340657552,-291006.625937291
11210,183.500503540039,131.110219319661,493.476674397786,-295466.707828149
11211,183.000503540039,129.85883585612,500.227010091146,-269546.107518126
11212,183.500503540039,131.110219319661,473.975331624349,-259440.711243543
11213,183.000503540039,129.85883585612,480.801005045573,-258887.33282118
11214,183.500503540039,131.110219319661,454.473999023438,-221177.421558422
11215,183.000503540039,129.85883585612,461.374003092448,-260584.000845214
11216,183.500503540039,131.110219319661,434.971659342448,-207909.45422365
11217,183.000503540039,129.85883585612,441.947998046875,-222671.854558298
11218,183.500503540039,131.110219319661,415.468343098958,-236820.663834907
11219,183.000503540039,129.85883585612,422.519999186198,-127237.269936463
11220,183.500503540039,131.110219319661,395.967010498047,-235302.994564304
11221,183.000503540039,129.85883585612,403.093007405599,13743.5640126779
11222,183.500503540039,131.110219319661,376.466613769531,-186570.245553918
11223,183.000503540039,129.85883585612,383.66704305013,181036.10860135
11224,183.500503540039,131.110219319661,356.966939290365,148563.268716647
11225,183.000503540039,129.85883585612,364.24267578125,230318.084524363
11226,183.500503540039,131.110219319661,337.462666829427,-448802.75698553
11227,183.000503540039,129.85883585612,344.814666748047,315211.17139052
11228,183.500503540039,131.110219319661,317.960306803385,-459089.521212442
11229,183.000503540039,129.85883585612,325.385732014974,203597.206567268
11230,183.000503540039,129.85883585612,305.959645589193,-439864.126761013
11231,184.500473022461,133.648768107096,558.432006835938,-340386.086542891
11232,184.500473022461,133.648768107096,538.781005859375,-328621.930973842
11233,185.000442504883,134.93593343099,551.832336425781,-340386.086542891
11234,185.000442504883,134.93593343099,532.105000813802,-306258.973064866
11235,185.000442504883,134.93593343099,512.376668294271,-277490.709676206
11236,184.500473022461,133.648768107096,519.12700398763,-309795.561012576
11237,185.000442504883,134.93593343099,492.653004964193,-239687.134513701
11238,184.500473022461,133.648768107096,499.476674397786,-295466.707828149
11239,185.000442504883,134.93593343099,472.925323486328,-178645.344360722
11240,184.500473022461,133.648768107096,479.827331542969,-259440.711243543
11241,185.000442504883,134.93593343099,453.197326660156,-108421.367645204
11242,184.500473022461,133.648768107096,460.173319498698,-221177.421558422
11243,185.000442504883,134.93593343099,433.470011393229,-123027.068017698
11244,184.500473022461,133.648768107096,440.521667480469,-207909.45422365
11245,185.000442504883,134.93593343099,413.743347167969,-250814.008646876
11246,184.500473022461,133.648768107096,420.868347167969,-236820.663834907
11247,185.000442504883,134.93593343099,394.017008463542,-204169.781769681
11248,184.500473022461,133.648768107096,401.217346191406,-235302.994564304
11249,185.000442504883,134.93593343099,374.290405273438,42086.9497176239
11250,184.500473022461,133.648768107096,381.566243489583,-186570.245553918
11251,185.000442504883,134.93593343099,354.56396484375,-459981.558759059
11252,184.500473022461,133.648768107096,361.9150390625,148563.268716647
11253,185.000442504883,134.93593343099,334.837463378906,-478699.550587718
11254,184.500473022461,133.648768107096,342.263865152995,-448802.75698553
11255,184.500473022461,133.648768107096,322.61083984375,-459089.521212442
11256,186.000411987305,137.54508972168,558.358337402344,-307314.195506504
11257,186.000411987305,137.54508972168,538.480672200521,-306258.973064866
11258,186.500411987305,138.867080688477,551.682678222656,-307314.195506504
11259,186.500411987305,138.867080688477,531.728678385417,-230558.129745898
11260,186.500411987305,138.867080688477,511.777008056641,-185283.049024608
11261,186.000411987305,137.54508972168,518.602671305339,-277490.709676206
11262,186.500411987305,138.867080688477,491.825327555339,-58225.471881826
11263,186.000411987305,137.54508972168,498.727335611979,-239687.134513701
11264,186.500411987305,138.867080688477,471.87065633138,138575.672036279
11265,186.000411987305,137.54508972168,478.848988850911,-178645.344360722
11266,186.500411987305,138.867080688477,451.92133585612,169013.569533169
11267,186.000411987305,137.54508972168,458.970998128255,-108421.367645204
11268,186.500411987305,138.867080688477,431.969665527344,121614.243926131
11269,186.000411987305,137.54508972168,439.096008300781,-123027.068017698
11270,186.500411987305,138.867080688477,412.019327799479,-62026.3006898822
11271,186.000411987305,137.54508972168,419.218668619792,-250814.008646876
11272,186.500411987305,138.867080688477,392.068003336589,-82340.4761971169
11273,186.000411987305,137.54508972168,399.343668619792,-204169.781769681
11274,186.500411987305,138.867080688477,372.114501953125,-404380.240105276
11275,186.000411987305,137.54508972168,379.465504964193,42086.9497176239
11276,186.500411987305,138.867080688477,352.162892659505,-496114.153513391
11277,186.000411987305,137.54508972168,359.58832804362,-459981.558759059
11278,186.000411987305,137.54508972168,339.712127685547,-568551.357407915
11279,187.500376383464,141.546869913737,558.282348632812,-230144.643637528
11280,187.500376383464,141.546869913737,538.180358886719,-230558.129745898
11281,188.000340779622,142.904668172201,551.532023111979,-230144.643637528
11282,188.000340779622,142.904668172201,531.354675292969,73447.4337458279
11283,188.000340779622,142.904668172201,511.177327473958,134058.995122954
11284,187.500376383464,141.546869913737,518.077331542969,-185283.049024608
11285,188.000340779622,142.904668172201,490.999664306641,193889.1461051
11286,187.500376383464,141.546869913737,497.97499593099,-58225.471881826
11287,188.000340779622,142.904668172201,470.822001139323,227094.808045571
11288,187.500376383464,141.546869913737,477.871663411458,138575.672036279
11289,188.000340779622,142.904668172201,450.64833577474,232007.390730448
11290,187.500376383464,141.546869913737,457.771331787109,169013.569533169
11291,188.000340779622,142.904668172201,430.470662434896,244919.436492488
11292,187.500376383464,141.546869913737,437.671997070312,121614.243926131
11293,188.000340779622,142.904668172201,410.29433186849,107762.580623323
11294,187.500376383464,141.546869913737,417.568990071615,-62026.3006898822
11295,188.000340779622,142.904668172201,390.117004394531,-310777.853340648
11296,187.500376383464,141.546869913737,397.469004313151,-82340.4761971169
11297,188.000340779622,142.904668172201,369.938537597656,-503164.233918249
11298,187.500376383464,141.546869913737,377.365000406901,-404380.240105276
11299,187.500376383464,141.546869913737,357.262603759766,-560179.808577545
11300,188.999374389648,145.651336669922,558.207682291667,-112033.48756246
11301,188.999374389648,145.651336669922,537.880676269531,73447.4337458279
11302,189.498443603516,147.04020690918,551.382019042969,-112033.48756246
11303,189.498443603516,147.04020690918,530.979675292969,237708.237451
11304,189.498443603516,147.04020690918,510.577351888021,274248.435049166
11305,188.999374389648,145.651336669922,517.553670247396,134058.995122954
11306,189.498443603516,147.04020690918,490.174011230469,276049.20531989
11307,188.999374389648,145.651336669922,497.225677490234,193889.1461051
11308,189.498443603516,147.04020690918,469.772328694661,255883.700512061
11309,188.999374389648,145.651336669922,476.89833577474,227094.808045571
11310,189.498443603516,147.04020690918,449.371663411458,252979.158229588
11311,188.999374389648,145.651336669922,456.572998046875,232007.390730448
11312,189.498443603516,147.04020690918,428.967997233073,177118.33729905
11313,188.999374389648,145.651336669922,436.245666503906,244919.436492488
11314,189.498443603516,147.04020690918,408.5693359375,-283439.241348115
11315,188.999374389648,145.651336669922,415.918334960938,107762.580623323
11316,189.498443603516,147.04020690918,388.167002360026,-507405.697109463
11317,188.999374389648,145.651336669922,395.593332926432,-310777.853340648
11318,188.999374389648,145.651336669922,375.26421101888,-573913.401031159
11319,190.497477213542,149.854639689128,558.132344563802,168634.335373665
11320,190.497477213542,149.854639689128,537.579345703125,237708.237451
11321,190.997441609701,151.280202229818,551.230672200521,168634.335373665
11322,190.997441609701,151.280202229818,530.603332519531,263689.883676978
11323,190.997441609701,151.280202229818,509.977671305339,310240.690070551
11324,190.497477213542,149.854639689128,517.02734375,274248.435049166
11325,190.997441609701,151.280202229818,489.351013183594,334153.30628147
11326,190.497477213542,149.854639689128,496.476013183594,276049.20531989
11327,190.997441609701,151.280202229818,468.723337809245,301557.535934652
11328,190.497477213542,149.854639689128,475.923004150391,255883.700512061
11329,190.997441609701,151.280202229818,448.095672607422,134745.458028129
11330,190.497477213542,149.854639689128,455.371327718099,252979.158229588
11331,190.997441609701,151.280202229818,427.468343098958,-72639.1031707929
11332,190.497477213542,149.854639689128,434.818339029948,177118.33729905
11333,190.997441609701,151.280202229818,406.84267171224,-513213.388119296
11334,190.497477213542,149.854639689128,414.269002278646,-283439.241348115
11335,190.497477213542,149.854639689128,393.716674804688,-563621.106874071
11336,191.997406005859,154.163365681966,558.056335449219,215647.331959353
11337,191.997406005859,154.163365681966,537.2783203125,263689.883676978
11338,192.497406005859,155.620966593424,551.079996744792,215647.331959353
11339,192.497406005859,155.620966593424,530.228332519531,229771.177718887
11340,192.497406005859,155.620966593424,509.378346761068,299881.752691608
11341,191.997406005859,154.163365681966,516.503672281901,310240.690070551
11342,192.497406005859,155.620966593424,488.52500406901,313384.757158044
11343,191.997406005859,154.163365681966,495.727345784505,334153.30628147
11344,192.497406005859,155.620966593424,467.673004150391,264410.25339065
11345,191.997406005859,154.163365681966,474.949005126953,301557.535934652
11346,192.497406005859,155.620966593424,446.819681803385,-163983.105063736
11347,191.997406005859,154.163365681966,454.171681722005,134745.458028129
11348,192.497406005859,155.620966593424,425.968007405599,-485360.830155903
11349,191.997406005859,154.163365681966,433.393676757812,-72639.1031707929
11350,191.997406005859,154.163365681966,412.616343180339,-431970.229492182
11351,193.497406005859,158.571935017904,557.981669108073,228262.903360486
11352,193.497406005859,158.571935017904,536.978332519531,229771.177718887
11353,193.997406005859,160.065302530924,550.929992675781,228262.903360486
11354,193.997406005859,160.065302530924,529.853332519531,229771.177718887
11355,193.997406005859,160.065302530924,508.776672363281,191009.655434835
11356,193.497406005859,158.571935017904,515.978006998698,299881.752691608
11357,193.997406005859,160.065302530924,487.699005126953,165851.282883064
11358,193.497406005859,158.571935017904,494.974670410156,313384.757158044
11359,193.997406005859,160.065302530924,466.622344970703,-137410.562576039
11360,193.497406005859,158.571935017904,473.973337809245,264410.25339065
11361,193.997406005859,160.065302530924,445.544677734375,-402039.852972016
11362,193.497406005859,158.571935017904,452.970011393229,-163983.105063736
11363,193.497406005859,158.571935017904,431.968678792318,-549932.368848083
11364,194.997406005859,163.088770548503,557.906331380208,186039.175412071
11365,194.997406005859,163.088770548503,536.678995768229,221942.704895137
11366,195.497406005859,164.61887105306,550.780334472656,186039.175412071
11367,195.497406005859,164.61887105306,529.479675292969,221942.704895137
11368,195.497406005859,164.61887105306,508.177022298177,-196610.828436144
11369,194.997406005859,163.088770548503,515.452677408854,191009.655434835
11370,195.497406005859,164.61887105306,486.875345865885,-360009.990885014
11371,194.997406005859,163.088770548503,494.225351969401,165851.282883064
11372,195.497406005859,164.61887105306,465.571665445964,-346404.936631365
11373,194.997406005859,163.088770548503,472.998006184896,-137410.562576039
11374,194.997406005859,163.088770548503,451.770670572917,-410991.852659365
11375,196.497370402018,167.710138956706,557.832010904948,-84902.4744705423
11376,196.497370402018,167.710138956706,536.379679361979,-199620.56372251
11377,196.997334798177,169.271306355794,550.630676269531,-84902.4744705423
11378,196.997334798177,169.271306355794,529.10400390625,-199620.56372251
11379,196.997334798177,169.271306355794,507.576334635417,-369416.415857985
11380,196.497370402018,167.710138956706,514.928344726562,-196610.828436144
11381,196.997334798177,169.271306355794,486.049672444661,-372166.935087104
11382,196.497370402018,167.710138956706,493.475006103516,-360009.990885014
11383,196.497370402018,167.710138956706,472.023671468099,-432014.078752474
11384,197.999165852865,172.430374145508,557.756673177083,-111847.44978456
11385,197.999165852865,172.430374145508,536.079325358073,-262806.086585261
11386,198.501032511393,174.028274536133,550.480997721354,-111847.44978456
11387,198.501032511393,174.028274536133,528.729329427083,-262806.086585261
11388,198.501032511393,174.028274536133,506.97666422526,-369416.415857985
11389,197.999165852865,172.430374145508,514.401997884115,-369416.415857985
11390,197.999165852865,172.430374145508,492.725667317708,-491594.334705877
11391,199.501968383789,177.255142211914,557.682332356771,-170329.991038042
11392,199.501968383789,177.255142211914,535.778991699219,-327886.60621703
11393,200.001037597656,178.88410949707,550.330322265625,-170329.991038042
11394,200.001037597656,178.88410949707,528.353658040365,-327886.60621703
11395,199.501968383789,177.255142211914,513.878662109375,-399589.835354946
11396,201.000071207682,182.178741455078,557.605997721354,-152903.285096409
11397,201.000071207682,182.178741455078,535.479654947917,-326343.29865809
11398,201.500035603841,183.84440612793,550.1806640625,-152903.285096409
11399,203.65630086263,194.905370076497,564.9580078125,-990036.942660734
11400,53.2850735982259,194.427968343099,564.9580078125,-990036.942660734
11401,203.558364868164,192.514638264974,564.9580078125,-1154539.75437688
11402,203.715637207031,194.427968343099,564.9580078125,-990036.942660734
11403,53.3425076802572,194.905370076497,564.9580078125,-990036.942660734
11404,203.73540242513,193.945871988932,564.9580078125,-990036.942660734
11405,53.2653032938639,193.945871988932,564.9580078125,-990036.942660734
11406,203.715637207031,193.463770548503,564.9580078125,-990036.942660734
11407,53.2850735982259,193.463770548503,564.9580078125,-990036.942660734
11408,53.3425076802572,192.986368815104,564.9580078125,-1154539.75437688
11409,203.65630086263,192.986368815104,564.9580078125,-990036.942660734
11410,53.4404385884603,192.514638264974,564.9580078125,-1154539.75437688
11411,203,190.578704833984,564.9580078125,-1157137.16420738
11412,201.514170328776,185.989374796549,564.9580078125,1700156.57547031
11413,200.029271443685,181.499842325846,564.9580078125,-231018.61474562
11414,202.514134724935,191.022206624349,564.9580078125,-1157137.16420738
11415,198.540598551432,177.105407714844,564.9580078125,-423336.139272858
11416,201.042439778646,186.939442952474,564.9580078125,-160964.424280229
11417,197.05099995931,172.804173787435,564.9580078125,-364523.239362368
11418,199.569768269857,182.948008219401,564.9580078125,-231018.61474562
11419,195.563303629557,168.597101847331,564.9580078125,-382615.34965125
11420,198.092397054036,179.040374755859,564.9580078125,-118688.002939915
11421,194.073669433594,164.484237670898,564.9580078125,-406590.065875114
11422,196.616933186849,175.221237182617,564.9580078125,222049.56450902
11423,192.583104451497,160.469233194987,564.9580078125,-412674.342851835
11424,195.139567057292,171.485936482747,564.9580078125,212978.99678703
11425,191.091608683268,156.548436482747,564.9580078125,-450791.795558323
11426,193.659367879232,167.83913675944,564.9580078125,226763.506231424
11427,189.602940877279,152.722737630208,564.9580078125,-497706.539540253
11428,192.177271525065,164.279866536458,564.9580078125,-138670.399808414
11429,188.109573364258,148.990203857422,564.9580078125,-511199.141963863
11430,190.696141560872,160.805404663086,564.9580078125,-261999.099507132
11431,186.618108113607,145.350947062174,564.9580078125,-511199.141963863
11432,189.213104248047,157.419403076172,564.9580078125,-316157.924422297
11433,185.123809814453,141.807723999023,564.9580078125,-507599.941323808
11434,187.727305094401,154.116271972656,564.9580078125,-330156.330846456
11435,183.630437215169,138.359573364258,564.9580078125,-499448.845025666
11436,186.241475423177,150.900746663411,564.9580078125,-307742.042010133
11437,182.134206136068,135.004679361979,564.9580078125,-491790.926660143
11438,184.753774007161,147.769912719727,564.9580078125,-277797.372847593
11439,180.637069702148,131.742983500163,564.9580078125,-483339.317540366
11440,183.264139811198,144.725728352865,564.9580078125,-265739.672388056
11441,179.138971964518,128.57543182373,564.9580078125,-472211.345132704
11442,181.772638956706,141.764419555664,564.9580078125,-1234134.0482075
11443,177.644673665365,125.503005981445,564.9580078125,-458709.98970468
11444,180.279271443685,138.888765970866,564.9580078125,-1255134.0094401
11445,176.147506713867,122.52476755778,564.9580078125,-1355449.90878524
11446,178.787775675456,136.096903483073,564.9580078125,-1284574.7325575
11447,174.649439493815,119.638737996419,564.9580078125,-1297316.56924643
11448,177.295344034831,133.392669677734,564.9580078125,-1116089.94383999
11449,173.149510701497,116.845962524414,564.9580078125,-1150221.92018855
11450,175.799107869466,130.771268208822,564.9580078125,-1297045.56292119
11451,171.65234375,114.144533793132,564.9580078125,-799216.710857849
11452,174.301076253255,128.233629862467,564.9580078125,-1173058.34406025
11453,170.152374267578,111.539133707682,564.9580078125,448535.609819072
11454,172.803944905599,125.777025858561,564.9580078125,-1204739.13183499
11455,168.651473999023,109.028831481934,564.9580078125,1137991.12603192
11456,171.306777954102,123.405131022135,564.9580078125,-1229406.68980692
11457,167.15244547526,106.608912150065,564.9580078125,1600133.74899257
11458,169.804941813151,121.120829264323,564.9580078125,-1048598.56133779
11459,165.650614420573,104.284100850423,564.9580078125,2017024.49613415
11460,168.304011027018,118.917472839355,564.9580078125,-1238776.79359755
11461,164.148747762044,102.050623575846,564.9580078125,2359528.66040053
11462,166.802179972331,116.797940572103,564.9580078125,-1165716.89440132
11463,162.646911621094,99.9113210042318,564.9580078125,2539461.16794074
11464,165.298446655273,114.761253356934,564.9580078125,-1034908.03495467
11465,161.141306559245,97.8661855061849,564.9580078125,2606764.72466461
11466,163.794713338216,112.807441711426,564.9580078125,-1417480.48790494
11467,159.635706583659,95.9104715983073,564.9580078125,2658126.37850276
11468,162.289108276367,110.938372294108,564.9580078125,-817372.124820926
11469,158.132873535156,94.0498580932617,564.9580078125,2768845.3568467
11470,160.779739379883,109.15028889974,564.9580078125,-859593.582797466
11471,156.630071004232,92.2796681722005,564.9580078125,2930843.33043028
11472,159.27224222819,107.445027669271,564.9580078125,-368953.860731903
11473,155.126373291016,90.6055018107096,564.9580078125,3045209.41559983
11474,157.765640258789,105.821723937988,564.9580078125,-675619.886263004
11475,153.619806925456,89.0227025349935,564.9580078125,3110137.83550211
11476,156.258173624674,104.281267801921,564.9580078125,-480788.921053833
11477,152.11610921224,87.5312347412109,564.9580078125,3086489.78286342
11478,154.747838338216,102.826502482096,564.9580078125,-46277.8314099586
11479,150.610443115234,86.1348037719727,564.9580078125,2862704.74885316
11480,153.237538655599,101.45086924235,564.9580078125,98754.7925503867
11481,149.105779012044,84.8297729492188,564.9580078125,2476155.33696584
11482,151.728139241536,100.15803527832,564.9580078125,190197.233510238
11483,147.599243164062,83.6169713338216,564.9580078125,2141021.26685952
11484,150.216842651367,98.9480717976888,564.9580078125,-354399.785275162
11485,146.092676798503,82.4955368041992,564.9580078125,1910254.24327126
11486,148.704676310221,97.8200378417969,564.9580078125,-751965.303101493
11487,144.587071736654,81.4691696166992,564.9580078125,1699456.43325336
11488,147.190577189128,96.7729695638021,564.9580078125,-1823790.80725482
11489,143.077672322591,80.5332361857096,564.9580078125,1429549.95598576
11490,145.678375244141,95.8087692260742,564.9580078125,-1992486.33365424
11491,141.567372639974,79.6914698282878,564.9580078125,913995.148168845
11492,144.16520690918,94.926503499349,564.9580078125,-1759487.26058955
11493,140.05983988444,78.9401041666667,564.9580078125,-711017.810700795
11494,142.647374471029,94.1271031697591,564.9580078125,-2294591.20421933
11495,138.554229736328,78.2828369140625,564.9580078125,-1363537.97556975
11496,141.131408691406,93.4096374511719,564.9580078125,-2790877.32327706
11497,137.04768371582,77.7169011433919,564.9580078125,-1735454.18788426
11498,139.618240356445,92.7721710205078,564.9580078125,-2917341.36017971
11499,135.540186564128,77.2423680623372,564.9580078125,-1962769.16906106
11500,138.105102539062,92.2184702555339,564.9580078125,-3068534.51662571
11501,134.030807495117,76.862902323405,564.9580078125,-2155175.17730691
11502,136.590067545573,91.743901570638,564.9580078125,-3488973.52876361
11503,132.522364298503,76.5729014078776,564.9580078125,-2294024.72347426
11504,135.07221476237,91.3541030883789,564.9580078125,-3825547.97075812
11505,131.01486714681,76.3798700968425,564.9580078125,-2341696.03825445
11506,133.554361979167,91.0443013509115,564.9580078125,-4331692.21281526
11507,129.507380167643,76.2762705485026,564.9580078125,-1951576.9221762
11508,132.038386027018,90.8164698282878,564.9580078125,-4822153.73227256
11509,127.999880472819,76.264035542806,564.9580078125,-1951576.9221762
11510,130.523361206055,90.6733042399089,564.9580078125,-5145863.57442749
11511,127.49235534668,90.6252695719401,564.9580078125,11396882.1428266
11512,129.007395426432,90.6074040730794,564.9580078125,11396882.1428266
11513,125.975440979004,90.7232386271159,564.9580078125,-5145863.57442749
11514,126.493316650391,76.3440704345703,564.9580078125,-2341696.03825445
11515,124.457588195801,90.9021352132161,564.9580078125,-4822153.73227256
11516,124.983940124512,76.5154698689779,564.9580078125,-2294024.72347426
11517,122.939732869466,91.1639022827148,564.9580078125,-4331692.21281526
11518,123.473617553711,76.7781677246094,564.9580078125,-2155175.17730691
11519,121.42470296224,91.5085016886393,564.9580078125,-3825547.97075812
11520,121.964235941569,77.1369018554688,564.9580078125,-1962769.16906106
11521,119.908732096354,91.9341023763021,564.9580078125,-3488973.52876361
11522,120.456738789876,77.5869674682617,564.9580078125,-1735454.18788426
11523,118.392753601074,92.4397710164388,564.9580078125,-3068534.51662571
11524,118.948287963867,78.1284027099609,564.9580078125,-1363537.97556975
11525,116.878672281901,93.0301717122396,564.9580078125,-2917341.36017971
11526,117.441739400228,78.7621383666992,564.9580078125,-711017.810700795
11527,115.362673441569,93.7015024820964,564.9580078125,-2790877.32327706
11528,115.935173034668,79.4899698893229,564.9580078125,913995.148168845
11529,113.848607381185,94.4529037475586,564.9580078125,-2294591.20421933
11530,114.426740010579,80.3091354370117,564.9580078125,1429549.95598576
11531,112.335441589355,95.2871373494466,564.9580078125,-1759487.26058955
11532,112.921140034993,81.2196706136068,564.9580078125,1699456.43325336
11533,110.819473266602,96.2023696899414,564.9580078125,-1992486.33365424
11534,111.41360727946,82.2234039306641,564.9580078125,1910254.24327126
11535,109.305404663086,97.2023366292318,564.9580078125,-1823790.80725482
11536,109.905204772949,83.3185043334961,564.9580078125,2141021.26685952
11537,107.795038859049,98.2842381795247,564.9580078125,-751965.303101493
11538,108.400505065918,84.5105387369792,564.9580078125,2476155.33696584
11539,106.283805847168,99.4443028767904,564.9580078125,-354399.785275162
11540,106.895838419596,85.7902043660482,564.9580078125,2862704.74885316
11541,104.772539774577,100.689102172852,564.9580078125,190197.233510238
11542,105.39023844401,87.1621017456055,564.9580078125,3086489.78286342
11543,103.258473714193,102.018636067708,564.9580078125,98754.7925503867
11544,103.882738749186,88.6300684611003,564.9580078125,3110137.83550211
11545,101.748140970866,103.42630259196,564.9580078125,-46277.8314099586
11546,102.374305725098,90.1902694702148,564.9580078125,3045209.41559983
11547,100.238774617513,104.915901184082,564.9580078125,-480788.921053833
11548,100.87057240804,91.8399353027344,564.9580078125,2930843.33043028
11549,98.729372660319,106.491190592448,564.9580078125,-675619.886263004
11550,99.3649724324544,93.5837682088216,564.9580078125,2768845.3568467
11551,97.2218704223633,108.148427327474,564.9580078125,-368953.860731903
11552,97.861203511556,95.4227244059245,564.9580078125,2658126.37850276
11553,95.7153396606445,109.888488769531,564.9580078125,-859593.582797466
11554,96.3584391276042,97.3520711263021,564.9580078125,2606764.72466461
11555,94.209706624349,111.709538777669,564.9580078125,-817372.124820926
11556,94.8556416829427,99.3755518595378,564.9580078125,2539461.16794074
11557,92.7060063680013,113.613444010417,564.9580078125,-1417480.48790494
11558,93.3538080851237,101.488489786784,564.9580078125,2359528.66040053
11559,91.2003733317057,115.603052775065,564.9580078125,-1034908.03495467
11560,91.8519744873047,103.698425292969,564.9580078125,2017024.49613415
11561,89.6966069539388,117.67174021403,564.9580078125,-1165716.89440132
11562,90.3482081095378,105.999699910482,564.9580078125,1600133.74899257
11563,88.1947733561198,119.827072143555,564.9580078125,-1238776.79359755
11564,88.8482411702474,108.392311096191,564.9580078125,1137991.12603192
11565,86.6938730875651,122.064295450846,564.9580078125,-1048598.56133779
11566,87.3473409016927,110.881896972656,564.9580078125,448535.609819072
11567,85.1920394897461,124.383466084798,564.9580078125,-1229406.68980692
11568,85.846440633138,113.460934956868,564.9580078125,-799216.710857849
11569,83.6920394897461,126.790158589681,564.9580078125,-1204739.13183499
11570,84.3445739746094,116.136001586914,564.9580078125,-1150221.92018855
11571,82.1949055989583,129.279762268066,564.9580078125,-1173058.34406025
11572,82.844607035319,118.905227661133,564.9580078125,-1297316.56924643
11573,80.6996409098307,131.853169759115,564.9580078125,-1297045.56292119
11574,81.3474731445312,121.766771952311,564.9580078125,-1355449.90878524
11575,79.2034428914388,134.507502237956,564.9580078125,-1116089.94383999
11576,79.849375406901,124.721501668294,564.9580078125,-1394010.55051723
11577,77.7082087198893,137.246599833171,564.9580078125,-1284574.7325575
11578,78.351308186849,127.767534891764,564.9580078125,-472211.345132704
11579,76.2157414754232,140.072352091471,564.9580078125,-328525.25180467
11580,76.8551076253255,130.908714294434,564.9580078125,-483339.317540366
11581,74.7233403523763,142.984731038411,564.9580078125,-286361.793580898
11582,75.3598403930664,134.146881103516,564.9580078125,-491790.926660143
11583,73.2337392171224,145.977111816406,564.9580078125,-265739.672388056
11584,73.8636728922526,137.476374308268,564.9580078125,-499448.845025666
11585,71.7441050211589,149.05707804362,564.9580078125,-307742.042010133
11586,72.3702723185221,140.898122151693,564.9580078125,-507599.941323808
11587,70.2564061482747,152.222737630208,564.9580078125,-330156.330846456
11588,70.8740717569987,144.416880289714,564.9580078125,-511199.141963863
11589,68.7705739339193,155.47407023112,564.9580078125,-316157.924422297
11590,69.3826065063477,148.030736287435,564.9580078125,-511199.141963863
11591,67.2847061157227,158.80827331543,564.9580078125,-261999.099507132
11592,67.8882726033529,151.736872355143,564.9580078125,-497706.539540253
11593,65.8007736206055,162.230967203776,564.9580078125,-138670.399808414
11594,66.3958384195964,155.537170410156,564.9580078125,-450791.795558323
11595,64.3187103271484,165.737467447917,564.9580078125,146917.01445484
11596,64.9034411112467,159.431599934896,564.9580078125,-412674.342851835
11597,62.8385098775228,169.332504272461,564.9580078125,226763.506231424
11598,63.4128761291504,163.420201619466,564.9580078125,-406590.065875114
11599,61.3592720031738,173.016036987305,564.9580078125,222049.56450902
11600,61.923272450765,167.507705688477,564.9580078125,-382615.34965125
11601,59.8800036112467,176.782404581706,564.9580078125,-118688.002939915
11602,60.4336687723796,171.688369750977,564.9580078125,-364523.239362368
11603,58.4026018778483,180.638275146484,564.9580078125,-231018.61474562
11604,58.944034576416,175.963241577148,564.9580078125,-423336.139272858
11605,56.9290046691895,184.576975504557,564.9580078125,-160964.424280229
11606,57.4563026428223,180.332275390625,564.9580078125,-231018.61474562
11607,55.4582354227702,188.605107625326,564.9580078125,-198225.891865892
11608,55.9714037577311,184.794474283854,564.9580078125,-160964.424280229
11609,53.9865709940592,192.723673502604,564.9580078125,-1154539.75437688
11610,54.4865353902181,189.356506347656,564.9580078125,-1060197.57144827
11611,202.5,187.211537679036,557.532674153646,-344732.623104428
11612,54.5006345113119,187.211537679036,557.532674153646,-344732.623104428
