Time_s,Altitude_m,Range_m,Mach,Velocity_ms,DynPressure_Pa,Lift_N,Drag_N,CL,CD,FlightPathAngle_deg,Alpha_deg
0.0,-1.8516968456305525e-22,0.0,7.9999977361683285,2722.351133840404,4539357.430913629,-7680.776135665449,2861.1259597584776,-0.0031974106906150594,0.001191050822123127,18.478398762102668,-0.6304269669946369
2.1440316979075447,1687.7009884965464,5525.784241224008,7.999338578508648,2669.8074744123765,3701053.6499491283,-6467.854642376017,2333.8448326521775,-0.0033023459420292965,0.0011916104239478816,15.455649271886903,-0.6444561697937938
4.288063395815089,3072.441250696057,11028.171399873285,7.9999503154395635,2626.3024848658347,3111997.157587701,-3576.4978657195566,1963.0143654147414,-0.00217173321982155,0.0011919882713254215,12.763748568767866,-0.49420482659800996
6.4320950937226335,4226.708478235975,16495.193602041716,7.999997318230225,2589.3196014752343,2680863.1531513226,-2777.3650001975548,1692.6940835538937,-0.001957699404287249,0.0011931403322135543,11.054726849918303,-0.465934101732464
8.576126791630179,5216.428876089479,21918.344806076148,7.999991871804977,2557.167603817782,2350907.0838889256,-2825.472337405524,1482.3772877381778,-0.002271136782914198,0.0011915464680960911,9.606461084717658,-0.507350338251831
10.720158489537724,6056.4286331631565,27300.3363050605,7.9978180521022955,2528.873009914457,2096261.397764178,-2138.2903136652935,1324.5591838820078,-0.0019275645371637671,0.0011940255698250277,8.111648510538632,-0.4620526894632903
12.864190187445267,6759.387174810798,32643.498823642116,7.991514516116951,2503.5675909198617,1898662.9592474385,-613.7904293924587,1216.4426567425176,-0.0006108856598478268,0.001210685829309424,6.856990361511784,-0.289730944266971
15.008221885352812,7366.246752481857,37945.77814942399,7.982090862631461,2480.3379611517967,1738813.7820311184,1592.750191052421,1167.9419834561463,0.0017309410919287439,0.001269275485578308,6.184018262437189,0.011766630567019987
17.152253583260357,7945.527245547245,43201.64686172328,7.972933681094981,2458.003111406106,1596620.0807795296,4393.210270236344,1199.7511803471127,0.005199578018519398,0.0014199638718157576,6.380943132354921,0.4475968633986555
19.2962852811679,8587.900284850113,48400.39915961109,7.968824923115463,2434.9532793387943,1452429.6640112058,7609.471549993117,1334.7106399182069,0.009900271016220274,0.0017365196750666594,7.695039843763192,1.0200484630729758
21.440316979075448,9398.530241553766,53521.154228691405,7.975421660504184,2409.175886698544,1289583.8608270932,10741.280042620447,1564.9949987301677,0.01573961649097323,0.0022932481969155176,10.2846824755792,1.7058811029202021
23.58434867698299,10480.388098062946,58528.0267940589,7.999999345226769,2378.8846048354976,1099795.2411646107,2726.8228954518163,806.4804066702217,0.0046852502411576825,0.0013857014792354235,14.087994981738284,0.38612027625899
25.728380374890534,11743.81054895087,63440.54471543121,7.999997090697247,2360.555089626082,901701.5864477345,804.2762992575899,602.4104793862924,0.0016855053414091504,0.0012624592837855663,14.712299256093996,0.007236931298371557
27.87241207279808,13019.453806887264,68312.06695275931,7.948870728838866,2345.469259927568,728004.1253061155,93.35827317705254,477.67310741992344,0.00024232971178844882,0.001239894253727641,14.580499609105333,-0.18151672549199913
30.016443770705624,14264.327818565886,73159.53205848418,7.904884627010243,2332.490303139558,591644.753644607,-260.0254464017793,386.5959132075286,-0.0008305055304479916,0.0012347639371853695,14.165045836521337,-0.3228924287519465
32.16047546861317,15461.520109984229,77991.1932545056,7.866443056576738,2321.1473684220505,485108.77077238576,-413.8619745477198,317.9279516803659,-0.0016121449778715219,0.0012384465888334065,13.604326216459253,-0.42651702246713374
34.304507166520715,16603.156275863865,82811.83783624507,7.832454386569626,2311.118348778005,401693.7802659494,-458.7987702537666,264.88213434491945,-0.0021583150241667737,0.0012460780787921216,12.976720625863408,-0.49932586120064854
36.44853886442826,17686.34439470872,87624.24446095298,7.80212916171106,2302.170300038439,336004.72189029,-446.3622989824354,223.14817567516266,-0.0025103242483096883,0.0012549766806929053,12.325880992842526,-0.5465762393399094
38.5925705623358,18710.87595909962,92430.04817054309,7.774872454487453,2294.1276772432443,283884.96905960323,-405.47262986562805,189.85621387162467,-0.0026990245909481857,0.0012637760288620446,11.675451320880201,-0.5722759297441642
40.73660226024335,19677.925349632053,97230.23723495868,7.750222527306055,2286.8542357147935,242190.7241025118,-352.0746845299114,163.01464228401872,-0.0027470400371149535,0.0012719112411847578,11.037654962700733,-0.5794234457329425
42.880633958150895,20589.332178071498,102025.4315812726,7.717323552325351,2280.241800223087,208018.16678412133,-293.7972832416944,141.21090213454048,-0.0026689117077408815,0.0012827873212751405,10.418534396694243,-0.5703661892914274
45.02466565605844,21447.209282815584,106816.03818908283,7.681732110620691,2274.2027296520987,180140.22811223444,-236.43736958698312,123.425064857437,-0.0024802365702200533,0.0012947334005446935,9.8205299679856,-0.5470705637454332
47.16869735396598,22253.707716412933,111602.34280279797,7.648899010105598,2268.6654137455466,157444.06607962452,-182.7176413595296,108.83911054190418,-0.002193016399209513,0.0013063103951966827,9.243719030273983,-0.5110558675538439
49.312729051873525,23010.88480696614,116384.563569722,7.618559080145928,2263.571246555636,138816.976737653,-133.3299564490137,96.82984733789304,-0.0018149842115175812,0.0013181182144099742,8.687099421055569,-0.4634816065005374
51.45676074978107,23720.653256229765,121162.87916080462,7.590488804061661,2258.871822913364,123416.34515398726,-88.30488761082832,86.91901319252335,-0.0013520718067598853,0.0013308521236891362,8.149296214760017,-0.40526954783344477
53.60079244768862,24384.769787382607,125937.44352556688,7.564498362556248,2254.5267652392654,110598.11312145837,-47.337675806530825,78.73585306977184,-0.0008088107397395627,0.0013452794730704097,7.628848616597262,-0.3371566876070251
55.74482414559616,25004.84057455738,130708.39400461782,7.540425242242678,2250.502051286734,99865.46347070485,-9.96837931841536,71.99078988702489,-0.00018862399097905984,0.0013622264631462894,7.124363160335824,-0.259734303493961
57.888855843503706,25582.335042375238,135475.85573283202,7.518129066669211,2246.768707181136,90831.7651195142,24.319966875004656,66.45651337974411,0.0005059561989354732,0.0013825711637246345,6.634591107072694,-0.17347750795469352
60.03288754141125,26118.603359266708,140239.9439661168,7.497487387443511,2243.301772030266,83193.60313852361,56.049628779666804,61.95417099265618,0.0012731234055982504,0.0014072404560474176,6.158463206219442,-0.07876792507122501
62.17691923931879,26614.89507719847,145000.7652436861,7.478392231344432,2240.079467252278,76710.97973395881,85.72272005019305,58.34315250660478,0.0021116702896104064,0.0014372094315050702,5.695100993821276,0.02408864181247153
64.32095093722634,27072.377589291566,149758.4178941253,7.460747243142079,2237.082521725933,71192.65015836962,113.81049197935626,55.5134577855304,0.003020889479955473,0.0014735022905505025,5.243815737410959,0.1348481989303329
66.46498263513388,27492.153772494214,154512.99216593656,7.444465297479138,2234.2936162894316,66485.16472098698,140.7507473826023,53.379953814851696,0.004000494305347565,0.0015171940840608706,4.804101444152445,0.2533172112567998
68.60901433304143,27875.27857528733,159264.57013410464,7.429466479255876,2231.6969199443256,62464.60773107057,166.94956749511257,51.87803442008679,0.005050553515970618,0.001569412805754555,4.375625600342121,0.3793431635566505
70.75304603094898,28222.77452709488,164013.225460494,7.415676352344704,2229.2776965418493,59030.31521165244,192.78515774454115,50.96033457258976,0.006171435421466548,0.0016313414245706995,3.9582196917648638,0.5128064565944402
72.89707772885652,28535.64626007396,168759.02304348833,7.403024452499553,2227.0219654938187,56100.05609094104,218.61254989468003,50.59424519859545,0.007363757708933336,0.0017042194663037828,3.551870597132013,0.6536131794466254
75.04110942676407,28814.894187957732,173502.01856761202,7.391442953075923,2224.9162036615885,53606.30393597942,244.7684310215842,50.76003861151029,0.008628339711154509,0.0017893437281248448,3.1567133773396034,0.8016883769401882
77.1851411246716,29061.52750535584,178242.25794919455,7.380865462483147,2222.9470783850984,51493.326909742405,271.57566738754497,51.44945817724041,0.009966154134442871,0.0018880676433954554,2.7730256398641426,0.9569694784414604
79.32917282257915,29276.57666849409,182979.7766650495,7.371225920849397,2221.101203876856,49714.89528416117,299.34724680388433,52.66465420900986,0.011378275240938544,0.0020017987052059,2.401223443092619,1.1193995735448896
81.4732045204867,29461.105502495255,187714.59894514913,7.362457570795484,2219.364915123168,48232.45725983866,328.38942852876073,54.417364616887575,0.01286582013912731,0.0021319931909588507,2.0418585599127606,1.2889202052200095
83.61723621839424,29616.223054652124,192446.7368060402,7.354491984045962,2217.724055177953,47013.67103630599,359.00388839003006,56.72824457538966,0.014429878831415941,0.0022801471572153993,1.6956168046065514,1.4654632666435454
85.76126791630179,29743.095278628654,197176.1888986568,7.347258132453507,2216.163773474265,46031.20821541827,391.48855429374845,59.62624022747687,0.016071425191003186,0.002447782058316952,1.3633170123201996,1.6489412394365994
87.90529961420933,29842.95658914925,201902.93914228876,7.340681499819804,2214.6683347789535,45261.76364407757,426.13628483800943,63.14783180278264,0.01779117939479704,0.0026364204222197388,1.0459101045010823,1.8392326906102188
90.04933131211688,29917.12125825895,206626.95511741075,7.334683243602559,2213.220941795499,44685.22190369055,463.2251667661177,67.33527752966843,0.019589164957500245,0.00284751769468026,0.7444772696304557,2.0361353410967302
92.19336301002443,29966.994419789935,211348.18620955443,7.329179473487859,2211.8035907771487,44283.943553850324,502.92574444292063,72.22378266750164,0.021460768753204743,0.0030819219644956626,0.46022340816196866,2.238943787543071
94.33739470793196,29994.080699242175,216066.56173143815,7.324081362733592,2210.397166714499,44042.16190919815,544.1278565540531,77.676656114428,0.023346405635721146,0.003332802576141784,0.19442750477887183,2.441087625980866
96.48142640583951,29999.966244642772,220781.99241011278,7.319305822337766,2208.9845966775147,43945.74315331388,569.0300525612048,81.14211934167983,0.024468429016622537,0.003489130632791413,-0.05214967686536,2.5600092670742085
98.62545810374705,29985.956616509196,225494.42083787662,7.3149295055371475,2207.595582623108,43985.99685654827,576.709053603442,82.24166015947003,0.02477593348873554,0.0035331748121216937,-0.28699737610306625,2.5919042467894027
100.7694898016546,29952.716916572896,230203.87442116125,7.311071715330498,2206.2695182558073,44160.34510270283,584.6330001768464,83.38194405136579,0.02501719209103553,0.003568019784422029,-0.5180684033902161,2.6168048663067722
102.91352149956214,29900.587247650394,234910.42498398788,7.307719505553065,2205.004245525159,44468.01172923545,594.1145316054531,84.74784412476714,0.025247022058145777,0.0036013774721457385,-0.7452255768875484,2.6405479885230765
105.05755319746969,29829.942458220274,239614.1402473941,7.3048480142085666,2203.7941297455623,44909.024479434906,605.2839437937187,86.3577475944097,0.02546907828349834,0.0036337528137342866,-0.9677209044231209,2.6635219759450273
107.20158489537724,29741.220017268854,244315.08037174252,7.3024294558699046,2202.632914402339,45484.08011978684,618.1861235762731,88.21793189092963,0.02568310529933972,0.0036650942938307117,-1.184744478979717,2.6856991455656622
109.34561659328477,29634.923553456058,249013.29773644655,7.300433717513619,2201.513923938991,46194.46464664912,632.8620477220593,90.33411225261969,0.025888495347009016,0.0036952986091452417,-1.3954645536841264,2.7070140373889706
111.48964829119232,29511.624654253166,253708.836897866,7.298828321536166,2200.4300677867955,47041.96922846456,649.3544255138593,92.71223714407559,0.026084589542182852,0.003724253745598158,-1.5990297482416536,2.7273953462598133
113.63367998909986,29371.964594794932,258401.7344941246,7.297578342560183,2199.373830767359,48028.79463847106,667.7069842936498,95.35837791528233,0.026270717093509678,0.0037518447876630787,-1.7945686476683935,2.746770027018778
115.77771168700741,29216.65608569735,263092.019072707,7.296646329388861,2198.3372657411164,49157.440641042485,687.9628017109017,98.27848229145494,0.026446206761419323,0.003777955808678309,-1.9811897597506436,2.7650644513392657
117.92174338491496,29046.484987380823,267779.7108329596,7.295992242192554,2197.3119912078982,50430.576970504175,710.1621647032368,101.47806028306522,0.026610393075269155,0.003802471050786911,-2.157982282419681,2.7822050094838713
120.0657750828225,28862.311909897107,272464.82127715705,7.295573411884355,2196.2891954578595,51850.89253057899,734.340000482011,104.96180920682494,0.02676262106895821,0.0038252759275958278,-2.3240179084264065,2.798118558423143
122.20980678073005,28665.073598848994,277147.3527641371,7.295344528880879,2195.2596488242393,53420.91956605657,760.5228727482266,108.73317727516017,0.026902250758955602,0.0038462580228572785,-2.478353872978137,2.8127328482378124
124.35383847863758,28455.783990420765,281827.2979600348,7.295257669083355,2194.213725663041,55142.82991128166,788.7255337714819,112.79386503446895,0.027028661945687725,0.0038653081674511645,-2.620037451896471,2.825976990438873
126.49787017654513,28235.53480085955,286504.6391817254,7.2952623655553035,2193.1414377553156,57018.201086085464,818.9470360079756,117.14326598469287,0.02714125967208419,0.0038823216412442237,-2.7481121201818572,2.8377820057303556
128.64190187445269,28005.49549829746,291179.34763046366,7.295305734865438,2192.0324808527157,59047.75107626746,851.1664305909782,121.77785127327893,0.027239480555254377,0.003897199528317842,-2.8616255761846774,2.84808147641877
130.78593357236022,27766.912488451188,295851.3825161401,7.295332667281667,2190.876296034527,61231.04218942464,885.3381133955164,126.69050827912928,0.02732280013817362,0.003909850242229286,-2.9596398197901004,2.8568123215287935
132.92996527026776,27521.107331766812,300520.69007679354,7.29528608981262,2189.6621473841274,63566.156493379916,921.3869221764317,131.869849116977,0.027390741355422108,0.003920191227817329,-3.041243439494508,2.863915707225507
135.07399696817532,27269.47379966655,305187.20250373805,7.295107310357852,2188.379217194581,66049.34807215592,959.2031397829052,137.29951245646583,0.0274428841551071,0.003928150835440611,-3.1055662085720375,2.869338099700166
137.21802866608286,27013.473573729538,309850.83679004497,7.294736449807139,2187.0167194492456,68674.680673783,998.637616879131,142.95749025974547,0.027478876260079412,0.003933670351388849,-3.1517960107612573,2.8730324613527656
139.3620603639904,26754.630396209006,314511.4935292156,7.294112966696103,2185.5640316719296,71433.66320240272,1039.4972896193028,148.81551956880563,0.027498444981134164,0.003936706154087606,-3.179198008126696,2.87495958339843
141.50609206189796,26494.522495715297,319169.05570158514,7.293176275886136,2184.0108443914246,74314.89975178127,1081.541428101691,154.83858752417697,0.027501409911313064,0.003937231949649122,-3.1871358268425456,2.8750895387034636
143.6501237598055,26234.773140583413,323823.3874979848,7.291866458654251,2182.3473264227955,77303.77519265938,1124.4790028603338,160.98460429702794,0.027487696234241167,0.003935241022775984,-3.175094372193635,2.8734032277359893
145.79415545771303,25977.03921645926,328474.3332428472,7.290125056601834,2180.5643029613416,80382.20127962074,1167.967589950082,167.20430225672882,0.027457348273606522,0.003930748420942563,-3.1427036973518083,2.869893978280453
147.93818715562057,25722.99778533521,333121.71649133455,7.287895936079263,2178.6534421710853,83528.45126859154,1211.6142398787526,173.44141903446092,0.02741054280106618,0.003923792972586304,-3.0897631512257027,2.8645691466029732
150.08221885352813,25474.330660872576,337765.339385926,7.285126203666062,2176.6074446155426,86717.1124666941,1254.978701206389,179.63321579463323,0.02734760151442043,0.003914439025605126,-3.016264833627788,2.8574516549751596
152.22625055143567,25232.707128045397,342404.9823656542,7.28176714707128,2174.420228641734,89919.18526913223,1297.5793072291713,185.71136891852387,0.02726900200776093,0.0039027777829758917,-2.922415210683557,2.8485813890852043
154.3702822493432,24999.76504069534,347040.40432408254,7.277775170176377,2172.087103829686,93102.35343735816,1338.9016988744647,191.60325299154377,0.027175386493222056,0.0038889281100927217,-2.8086536130942874,2.8380163703446595
156.51431394725077,24777.090643153548,351671.34330841736,7.273112686468796,2169.604924010532,96231.4432027629,1378.4103700764033,197.23360594765776,0.027067567513299917,0.003873036695584281,-2.675666279442236,2.8258336140050164
158.6583456451583,24566.197574234997,356297.5178403739,7.2677489324618,2166.9722112797604,99269.07815081175,1415.5627929925072,202.52653509808408,0.026946529915618474,0.0038552774654313513,-2.5243946395073587,2.812129585812717
160.80237734306584,24368.50561450865,360918.62891865853,7.261660662448243,2164.1892429995787,102176.52313854631,1449.8256280633514,207.40778840686022,0.02681342845734076,0.0038358501797014794,-2.3560366762965463,2.7970201788068816
162.9464090409734,24185.319820680117,365534.3627331663,7.254832688504614,2161.258095050987,104914.69466514989,1480.6922750718095,211.80718265875677,0.02666958056741649,0.003814978181338363,-2.1720404681289995,2.7806401483632763
165.09044073888094,24017.810744182527,370144.3940833211,7.247258235192403,2158.1826365407264,107445.29863484012,1507.7008085887471,215.66105356128148,0.026516454017407074,0.003792905314852244,-1.9740893882050323,2.763141967456069
167.23447243678848,23866.996446058747,374748.3904497328,7.238939086708223,2154.968473682,109732.0412232132,1530.4511979665776,218.9145766856428,0.02635564952326873,0.0037698920856328645,-1.7640789076129,2.744694094136432
169.37850413469602,23733.726991109193,379346.01662296784,7.229885514767042,2151.622843456592,111741.84665214829,1548.6206667414192,221.52380590215193,0.026188878600734142,0.003746211182982197,-1.5440854724598458,2.7254786772558153
171.52253583260358,23618.672029185094,383936.9397500075,7.2201159874016225,2148.1544606690873,113446.00900178561,1561.976116135981,223.457289321521,0.026017937299154872,0.0037221425363333158,-1.3163284584093695,2.7056887615578993
173.66656753051112,23522.311953193457,388520.83462246775,7.20965667104233,2144.5733248263036,114821.20512560356,1570.3827236657426,224.69715121018456,0.025844676713212097,0.003697968109233369,-1.0831266917849387,2.685525086056496
175.81059922841865,23444.93296934444,393097.3890051034,7.198540749545869,2140.890495629732,115850.30284178372,1573.8081142163687,225.23956907081197,0.025670971390254458,0.0036739666553626156,-0.8468514124810936,2.6651925967559698
177.95463092632622,23386.626236995788,397666.3087917161,7.186807593200067,2137.117847519659,116522.9124039927,1572.3218548543966,225.094623279001,0.025498686890020664,0.003650408662767023,-0.6098777968377465,2.6448968134144604
180.09866262423375,23347.29104748227,402227.3227799853,7.174501817318266,2133.2678145071045,116835.6483721039,1566.0904025709453,224.28554639634618,0.025329647798914785,0.00362755169642849,-0.3745372317170094,2.624840198297956
182.2426943221413,23326.641828909425,406780.18687676085,7.161672273378975,2129.35313643133,116792.09119490974,1555.3679892434611,222.84744447619306,0.025165607449594087,0.0036056363173327826,-0.14307242856794047,2.6052186720446193
184.38672602004885,23324.21860146192,411324.68757896475,7.148371015692816,2125.3866168524623,116402.46045755348,1540.4842182408656,220.82559820855923,0.025008220456432834,0.0035848827122225238,0.08240279587368637,2.5862184084682704
186.5307577179564,23339.400377093607,415860.6446189168,7.134652283597251,2121.3809011885905,115683.03223945363,1521.8293419581512,218.2734742166431,0.024859018966098153,0.003565488117324576,0.2999376331431699,2.5680130181454874
188.67478941586393,23371.42090638213,420387.9127121363,7.12057153379599,2117.348281653262,114655.34922125618,1499.8382747682576,215.25058495908476,0.024719393264236424,0.003547625066964426,0.5077713180562865,2.550761202555448
190.81882111377146,23419.386127194688,424906.3823956992,7.1061845504597985,2113.3005332854063,113345.28266675351,1474.9743737268855,211.82033034083992,0.024590577101085306,0.0035314404491398107,0.7043526060525666,2.534604929393068
192.96285281167903,23482.29266356509,429415.9799916527,7.091546652925658,2109.248783120285,111782.00966912597,1447.7139063616119,208.04793778667596,0.02447363782661082,0.003517055308780434,0.8883516862799957,2.5196681484498766
195.10688450958656,23559.046754044964,433916.66676928365,7.076712013045653,2105.203412518061,109996.96742357094,1418.5319469987721,203.99859368792633,0.024369471181284724,0.003504565308112046,1.0586649355721558,2.5060560387551534
197.2509162074941,23648.48304934788,438408.4374099069,7.061733087073356,2101.173990980244,108022.8397795976,1387.890230180625,199.73583159436967,0.02427880038748489,0.0034940417333126465,1.214413242509934,2.493854753444125
199.39494790540166,23749.382800538653,442891.3178972692,7.046660160871642,2097.169238515957,105892.62136282092,1356.22727034449,195.32021477214516,0.02420217903745214,0.003485532927197615,1.3549348540562594,2.483131610257196
201.5389796033092,23860.491052305126,447365.36296582024,7.0315410024218306,2093.1970127851696,103638.79270608442,1323.9508544697687,190.80832553352263,0.024139997178945827,0.0034790660276761733,1.479773819549009,2.4739356631057565
203.68301130121674,23980.53255270982,451830.6532390906,7.016420612173303,2089.2643168150535,101292.62756197814,1291.432844998235,186.2520528802308,0.024092489955983582,0.00347464889922667,1.5886651379873236,2.466298583553615
205.82704299912427,24108.226184391475,456287.2921829539,7.001341059621067,2085.3773229982357,98883.64208370434,1259.0061025021241,181.69815437246766,0.024059748162266033,0.003472272157428032,1.6815176710595041,2.460235779668769
207.97107469703184,24242.297807355764,460735.402985636,6.986341393469203,2081.5414092619217,96439.1857025044,1226.9632530509612,177.1880578324359,0.024041730099830617,0.0034719112024976587,1.7583957859211514,2.455747682515476
210.11510639493937,24381.491476951705,465175.1254599896,6.971457612614481,2077.761203665244,93984.16577080432,1195.5569806258054,172.75786302832347,0.024038274195208625,0.003473528194933362,1.8195005582272052,2.4528211364795083
212.2591380928469,24524.57906071262,469606.61304560653,6.956722685737308,2074.040634165143,91540.89252580285,1165.0015136389766,168.4385020282561,0.024049111900386916,0.0034770739232416006,1.8651512152704595,2.4514308375660043
214.40316979075448,24670.36832414761,474030.0299702826,6.942166608299476,2070.382980826292,89129.0275481709,1135.4749885540061,164.25601848407499,0.024073880487935188,0.0034824895292897232,1.895767345934093,2.4515407728117267
216.547201488662,24817.709589015685,478445.5486133232,6.927816487032282,2066.79092828965,86765.61736511948,1107.122404605917,160.2319297324117,0.024112135432124347,0.003489708070386108,1.9118522593906728,2.4531056232160235
218.69123318656955,24965.501089487865,482853.34709793696,6.913696643402795,2063.2666168227383,84465.19380636256,1080.058924391831,156.3836404260416,0.024163362145845954,0.0034986559084523774,1.913977745225022,2.4560721015139886
220.8352648844771,25112.693163659515,487253.6071269261,6.899828728956878,2059.811690730979,82239.92377152,1054.3733197065883,152.72488173647702,0.024226986913417944,0.0035092539255570203,1.902770377821178,2.460380204276589
222.97929658238465,25258.291421998947,491646.51206521876,6.886231846776417,2056.427343301959,80099.79283682624,1030.1314060388015,149.266155481269,0.024302386920113155,0.0035214185717651367,1.8788994187389672,2.4659643649766294
225.12332828029218,25401.359032340337,496032.2452644424,6.872922674505717,2053.114357779983,78052.80929783396,1007.3793496809924,146.01516747602847,0.024388899329791654,0.0035350627559749353,1.843066301831712,2.472754500692976
227.26735997819972,25541.018254614195,500410.9886185365,6.859915585472732,2049.873144128812,76105.21755819634,986.1467667475731,142.97723878318382,0.024485829402513523,0.0035500965934654014,1.7959956352102906,2.4806769500282133
229.41139167610729,25676.451349089766,504782.921335083,6.8472227653465945,2046.7037715418298,74261.71204455534,966.449562811278,140.15568722969238,0.02459245767516847,0.00356642802559105,1.7384276193444361,2.4896553036476923
231.55542337401482,25806.900970659404,509148.21890429663,6.834854322537353,2043.6059968085676,72525.64492724599,948.2924853309811,137.55217457751982,0.02470804625104011,0.003583963327734564,1.6711117588520672,2.499611131717412
233.69945507192236,25931.6701495518,513507.05224616436,6.822818391168987,2040.579288752956,70899.22278079802,931.6713789713406,135.16701709047558,0.024831844260034857,0.003602607521538352,1.5948017341373666,2.510464614553886
235.84348676982992,26050.121946515075,517859.58701577474,6.811121225958099,2037.6228490300625,69383.6888923349,916.5751469805533,132.9994590172795,0.024963092561289025,0.003622264706813128,1.5102512954961176,2.5221350841387298
237.98751846773746,26161.67885845976,522205.98304716876,6.799767288726014,2034.7356296119824,67979.48921476964,902.9874307775568,131.04790978702331,0.025101027765203652,0.0036428383275539746,1.4182110444338818,2.534541484928085
240.131550165645,26265.82203912746,526546.3939168748,6.788759326579081,2031.9163473167819,66686.4209799809,890.8880255924608,129.3101465765569,0.025244885653708166,0.0036642313853287086,1.3194259729235533,2.5476027627249667
242.27558186355256,26362.090388754357,530880.9666094689,6.778098442027324,2029.1634957425365,65503.76376175016,880.2540531361844,127.78348444288686,0.025393904076653182,0.0036863466120514985,1.2146336397079998,2.561238190390336
244.4196135614601,26450.079557029992,535209.8412688969,6.767784155490369,2026.4753549663421,64430.39334221161,871.0609134923126,126.46491649258839,0.02554732539945306,0.003709086612895445,1.1045628724060839,2.575367638937989
246.56364525936763,26529.44089493704,539533.1510207893,6.7578144607748305,2023.8499993593528,63464.87912358916,863.2830382677803,125.35122664926186,0.02570439857307774,0.003732353988886528,0.9899328942701284,2.589911802165766
248.70767695727517,26599.880383272564,543851.0218525178,6.748185874210109,2021.2853038563794,62605.56607278835,856.8944659514219,124.43907753364898,0.02586438089273332,0.003756051447592302,0.8714527843750677,2.604792382482189
250.85170865518273,26661.157558734656,548163.5725392308,6.738893478209006,2018.7789490044822,61850.64232083308,851.8692587599231,123.7250758334937,0.02602653950645517,0.0037800819092910784,0.7498211893952863,2.6199322450406517
252.99574035309027,26713.084452332674,552470.9146055098,6.7299309600830135,2016.3284251008865,61198.1935892833,848.181778268039,123.20581734692898,0.026190152729653072,0.0038043486150890833,0.6257262137000754,2.635255546728672
255.1397720509978,26755.524549453283,556773.1523136091,6.721290646995177,2013.931035717471,60646.24560483922,845.8068350281553,122.87791366202462,0.026354511216596443,0.003828755242643549,0.4998454221472287,2.6506878460028798
257.28380374890537,26788.39177609876,561070.3826704464,6.71296353798039,2011.5839008976666,60192.79561055013,844.7197253336113,122.73800220767552,0.026518919035036847,0.0038532060344418353,0.3728458966411386,2.6661561990286096
259.4278354468129,26811.649511519332,565362.695446611,6.704939334006672,2009.2839603021098,59835.834003141696,844.8961663818819,122.78274119401011,0.0266826946857112,0.0038776059429694223,0.24538429327846908,2.6815892470863574
261.57186714472044,26825.309623608937,569650.1732016525,6.69720646709324,2007.0279765718676,59573.35703355696,846.3121394281524,123.00879076680876,0.026845172104374888,0.0039018607965582196,0.1181068518124241,2.696917299750507
263.715898842628,26829.431519953912,573932.8913108018,6.689752129542591,2004.8125391721755,59403.37141197111,848.9436491472796,123.41278154021253,0.027005701680265552,0.003925877489223742,-0.008350686655730943,2.7120724179280185
265.8599305405355,26824.121204260362,578210.9179890995,6.682562304384177,2002.6340689750327,59323.89156716681,852.7664063863017,123.99127155309465,0.02716365132144882,0.003949564197356076,-0.13336329425566348,2.7269885004621948
268.0039622384431,26809.53032499555,582484.3143096361,6.67562179816531,2000.4888238349827,59332.93022960405,857.7554408258545,124.74069262338476,0.02731840759427257,0.003972830625704356,-0.2563170405177632,2.741601377651527
270.14799393635064,26785.85520043512,586753.1342133082,6.668914277258611,1998.372905408204,59428.48294268193,863.8846498027045,125.65728705630231,0.027469376961061855,0.003995588284665364,-0.376609680507439,2.7558489146959535
272.29202563425815,26753.335801899517,591017.4245081362,6.662422308881676,1996.2822674596944,59608.5070615949,871.1262896986506,126.73703570096474,0.02761598713711293,0.004017750800431486,-0.4936514783828858,2.7696711277507964
274.4360573321657,26712.254674796415,595277.2248568248,6.656127408039992,1994.2127258957503,59870.89577683126,879.4504168853447,127.97557844762606,0.0277576885848689,0.00403923425904838,-0.6068662947424397,2.7830103149285708
276.5800890300733,26662.935775183483,599532.5677518675,6.650010091603974,1992.1599707479456,60213.44770215898,888.8242862361709,129.36812841612635,0.027893956159755363,0.004059957584856302,-0.7156929626395895,2.79581120422666
278.7241207279808,26605.74319796933,603783.4784781396,6.644049940710308,1990.119580319106,60633.832596428016,899.2117166677106,130.9093813039933,0.02802429091839543,0.004079842953120631,-0.8195869730406073,2.8080211199601077
280.86815242588835,26541.079771635912,608029.9750635808,6.638225672630878,1988.0870376800408,61129.55384542353,910.5724350316495,132.59342163649748,0.028148222095683652,0.004098816235878073,-0.9180224855658038,2.8195901688289555
283.0121841237959,26469.38549356874,612272.0682192701,6.632515223173602,1986.0577496767053,61697.90841406853,922.861411899829,134.4136279840393,0.02826530925237059,0.0041168074791216305,-1.0104946743874734,2.8304714462357583
285.1562158217034,26391.13577980843,616509.7612709429,6.626895840562542,1984.0270685698197,62335.94508895544,936.0282052998034,136.36257957357918,0.02837514458929532,0.004133751408410055,-1.0965224119767567,2.8406212628792358
287.300247519611,26306.839503389474,620743.050084792,6.6213441915840825,1981.990316381673,63040.42196340757,950.0163311634037,138.43196710469468,0.028477355418140924,0.0041495879588144945,-1.1756512848578509,2.849999390975964
289.44427921751856,26217.03679651674,624971.9229912412,6.6158364805770455,1979.9428119671647,63807.76426720712,964.7626820084565,140.61251096634774,0.028571606771543818,0.00416426282381294,-1.2474569255568375,2.8585693286982896
291.58831091542606,26122.29659375628,629196.3607112656,6.610348581583642,1977.8799007576602,64634.02380364393,980.1970180040561,142.8938904106275,0.02865760412758335,0.004177728016329363,-1.3115486335151463,2.866298580563334
293.7323426133336,26023.213896290472,633416.3362907409,6.60485618366384,1975.7969870472036,65514.84141847454,996.2415568575534,145.26468754282695,0.028735096215189382,0.0041899424336194376,-1.3675732449614062,2.8731589505715114
295.87637431124114,25920.40674119817,637631.8150492226,6.599334949008588,1973.6895686018158,66445.41407680184,1012.8106906509325,147.71235019596523,0.02880387785798413,0.0042008724161727365,-1.4152191978038327,2.8791268438873785
298.0204060091487,25814.51286473795,641842.7545504307,6.593760683071731,1971.5532732757176,67420.46825090711,1029.8108585683826,150.22317783259788,0.028863792804750123,0.004210492289291891,-1.4542207228563415,2.884183571804087
300.16443770705627,25706.186054768412,646049.1046025215,6.588109515483997,1969.38389721585,68434.24140863534,1047.1406041033283,152.78233451641825,0.028914736485406795,0.004218784874597017,-1.484362077629826,2.888315653667879
302.3084694049638,25596.092194722518,650250.8072969017,6.582358090026901,1967.1774441315122,69480.47342086688,1064.6908435310336,155.373892682359,0.02895665862249266,0.0042257419574772,-1.505481724141426,2.891515108404007
304.45250110287134,25484.90500989167,654447.7970948245,6.576483761445981,1964.9301650036798,70552.40966062545,1082.3453689395499,157.98091087492475,0.028989565620177207,0.004231364695569538,-1.5174763384979955,2.8937797273326535
306.5965328007789,25373.301536033494,658640.000971232,6.57046479639147,1962.638597513822,71642.8174292348,1099.9816037511218,160.5855477992699,0.029013522646324754,0.004235663952795294,-1.5203045282954837,2.8951133191537637
308.7405644986864,25261.9573402828,662827.3386252129,6.564280575314186,1960.2996043905923,72744.01710365398,1117.4716213702955,163.1692139335925,0.02902865531870289,0.004238660543427252,-1.5139901251250472,2.895525917379581
310.884596196594,25151.54153472966,667009.7227659558,6.557911791741253,1957.9104098107994,73847.9290452906,1134.6834284285626,165.71276059992098,0.0290351509046784,0.004240385371198248,-1.498624914695117,2.8950339401717953
313.02862789450154,25042.711633468716,671187.0594821539,6.551340645037723,1955.4686329545416,74946.1368429832,1151.4825032925069,168.19670482298423,0.029033258945243168,0.004240879449665285,-1.474370667221978,2.8936602925620547
315.17265959240905,24936.1083139906,675359.2487014009,6.544551022553099,1952.972317808799,76029.96688851155,1167.73356847292,170.6014865878319,0.029023291219441354,0.004240193791965215,-1.441460336628025,2.8914344014574636
317.3166912903166,24832.35015300172,679526.184744223,6.537528666979906,1950.4199583434322,77090.58361912645,1183.3025629105393,172.90775332556686,0.029005620974556796,0.0042383891607464756,-1.4001983093035686,2.8883921746986663
319.4607229882242,24732.02841461856,683687.7569749958,6.53026132483398,1947.8105182511592,78119.09903550125,1198.058767570292,175.09666472240005,0.028980681360898406,0.0042355356724003215,-1.3509596019983339,2.8845758767687797
321.6047546861317,24635.701974887455,687843.8505491905,6.522738872214241,1945.1434445492373,79106.69435249982,1211.8770262191406,177.15020938371146,0.028948963027569455,0.004231712253655604,-1.2941879336734892,2.880033915541214
323.74878638403925,24543.89247026979,691994.3472532227,6.514953414416311,1942.418674483475,80044.75090948273,1224.6399936107086,179.0515236189072,0.02891101085682881,0.004227005953002955,-1.2303926272684693,2.874820536668142
325.8928180819468,24457.079758721018,696139.1264297982,6.506899356551098,1939.6366353503715,80924.98680694822,1236.2403364389397,180.7852017635189,0.028867419838860254,0.004221511114087747,-1.160144333248193,2.868995424781135
328.0368497798543,24375.697780006645,700278.0659781912,6.498573443038145,1936.7982370537293,81739.59519877337,1246.5828091169112,182.33758712049254,0.02881883011499734,0.004215328422928046,-1.0840696059748103,2.862623213502654
330.1808814777619,24300.13089680864,704411.0434155399,6.489974764674805,1933.904857428838,82481.37980190631,1255.5861272302068,183.69703284770034,0.028765921244518964,0.004208563845321876,-1.0028444044967029,2.855772909226239
332.32491317566945,24230.710790015302,708537.9369821885,6.481104732888682,1930.958320589592,83143.8830274781,1263.184566664158,184.854122966266,0.02870940577668319,0.004201327474849053,-0.9171866291117616,2.8485172365690996
334.46894487357696,24167.71397056558,712658.6267715297,6.471967021718266,1927.9608687700113,83721.50221481173,1269.329225820223,185.80184508837743,0.028650022234295247,0.0041937323152039605,-0.8278478417869005,2.840931916178705
336.6129765714845,24111.35995671534,716772.9958628764,6.462567478988155,1924.9151283301032,84209.58977182323,1273.9889015699832,186.5357083894625,0.028588527636435518,0.0041858930230102035,-0.7356043500257329,2.833094888031535
338.75700826939203,24061.810150141984,720880.9314347521,6.452914009004119,1921.8240707661437,84604.53358210059,1277.1505458624658,187.05380265993998,0.028525689704790375,0.004177924638614333,-0.6412478581595296,2.8250854953583255
340.9010399672996,24019.167427560984,724982.3258357332,6.443016429847039,1918.690969698617,84903.81480168257,1278.8192881449659,187.35679681447544,0.02846227890936711,0.004169941332551065,-0.5455759058123497,2.8169836457520803
343.04507166520716,23983.47644722764,729077.0775906369,6.432886308958134,1915.5193549008807,85106.0410915773,1279.0180277500353,187.44787784101808,0.028399060514605612,0.004162055194410316,-0.44938231954207136,2.8088689667839284
345.18910336311467,23954.724652603752,733165.0923214039,6.422536781155617,1912.3129644749276,85210.9543566257,1277.7866188557905,187.3326336641943,0.028336786785777193,0.004154375088787404,-0.35344790010887756,2.8008199735296007
347.33313506102223,23932.843939322498,737246.2835644071,6.411982353490797,1909.0756962772166,85219.413120996,1275.1806873247726,187.0188856178547,0.028276189508246098,0.004147005600002964,-0.2585315548548629,2.7929132648024386
349.4771667589298,23917.712937053962,741320.573468984,6.401238701437641,1905.811559650285,85133.35069750219,1271.270132631765,186.51647803788617,0.028217972959193854,0.004140046083534991,-0.16536206328935502,2.7852227636455558
351.6211984568373,23909.15984551271,745387.8933655861,6.39032246082277,1902.5246284302061,84955.71123880097,1266.1373784373225,185.8370338057934,0.028162807453637632,0.0041335898378477495,-0.07463063567222859,2.7778190158421716
353.76523015474487,23906.965754065608,749448.184195857,6.379251019661513,1899.2189960832775,84690.36654018557,1259.875441711059,184.9936854476707,0.02811132356511697,0.0041277234057838005,0.013015608953683467,2.770768557974101
355.90926185265243,23910.868367439572,753501.3968009932,6.368042313695859,1895.8987336863333,84342.01705712381,1252.5858925574184,184.00079161884932,0.028064107097537247,0.004122526010156475,0.09697915513823845,2.7641333640276327
358.05329355055994,23920.56605597385,757547.4920687013,6.356714628962759,1892.5678513128473,83916.08098356127,1244.3767752697186,182.87364851999803,0.02802169485964849,0.004118069123869074,0.17671654084541555,2.7579703768553863
360.1973252484675,23935.722147633336,761586.440942777,6.345286414188767,1889.2302632304384,83418.57540379175,1235.360556122195,181.62820506676346,0.02798457126875933,0.00411441617098621,0.2517417278531187,2.752331128090665
362.3413569463751,23955.969380384595,765618.2243026131,6.33377610524186,1885.8897571625428,82855.99349191369,1225.6521556883974,180.2807895666333,0.027953165786663462,0.0041116223518378745,0.32162840918250146,2.7472614475040915
364.4853886442826,23980.914437213054,769642.8327227271,6.322201963302732,1882.549967724562,82235.18151207405,1215.3671138387392,178.84785434962126,0.027927851169323756,0.004109734582543472,0.38601129921969585,2.742801260397808
366.62942034219014,24010.142491631737,773660.2661245631,6.310581927871523,1879.214354017935,81563.21900303364,1204.6199248388368,177.34574336095974,0.027908942493316383,0.004108791537345406,0.44458647637559495,2.738984469533108
368.7734520400977,24043.221698559704,777670.5333343836,6.298933485221716,1875.8861812577477,80847.30505105591,1193.5225689194267,175.7904862543444,0.027896696906841788,0.004108823780838655,0.4971108667779989,2.7358389163393726
370.9174837380052,24079.70757348297,781673.6515619966,6.287273552465622,1872.5685062225689,80094.65300623814,1182.183255989485,174.1976211086652,0.027891314041478134,0.00410985397653392,0.543400970488535,2.733386414785891
373.0615154359128,24119.14721142016,785669.6458154125,6.275618377014538,1869.2641662495882,79312.39541841396,1170.705387356417,172.5820465972646,0.027892937012786733,0.004111897158127432,0.5833309393024769,2.7316428503194765
375.2055471338203,24161.083306005483,789658.5482663703,6.263983450905405,1865.9757714530308,78507.50039431373,1159.1867327826167,170.95790331366393,0.02790165393319972,0.004114961050281269,0.6168301178044499,2.730618335665357
377.34957883172785,24205.057937633155,793640.3975810612,6.25238343922472,1862.705699817555,77686.70003655404,1147.7188131783166,169.33848302944241,0.02791749985901077,0.004119046426544079,0.6438801576833635,2.730317415025898
379.4936105296354,24250.61610780251,797615.2382294307,6.240832121685975,1859.456094808522,76856.43113889713,1136.3864737978267,167.7361639389071,0.027940459094336515,0.004124147493161512,0.6645118101302656,2.7307393082491633
381.6376422275429,24297.30900435017,801583.1197852243,6.229342346303304,1856.2288651450522,76022.78789553128,1125.2676289449396,166.16236942732198,0.027970467778154567,0.00413025228884118,0.6788014932662925,2.73187818682804
383.7816739254505,24344.696989007323,805544.0962275572,6.2179259940437905,1853.0256863967886,75191.48604263505,1114.4331567900954,164.62754756988951,0.028007416685470528,0.004137343091960305,0.6868677217691642,2.733723474078806
385.92570562335806,24392.35230458807,809498.2252533055,6.206593953325945,1849.8480040886043,74367.83759000398,1103.94692178098,163.1411684049449,0.02805115417984856,0.00414539682815989,0.6888674749184805,2.736260162484037
388.06973732126556,24439.861504061606,813445.5676081121,6.195356103253638,1846.6970380265607,73556.73511619675,1093.8659020804992,161.71173600047942,0.028101489261527213,0.004154385472695694,0.6849925678039658,2.7394691419208197
390.2137690191731,24486.82760779316,817386.1864423209,6.184221304525304,1843.5737875910502,72762.6444860826,1084.2404002685487,160.34681242009387,0.028158194662743354,0.004164276443265798,0.6754660789711867,2.7433275332877955
392.3578007170807,24532.871998394457,821320.1466967579,6.173197397029977,1840.4790377773486,71989.60479614402,1075.1143169796185,159.05305086547872,0.028221009949381475,0.004175032980273526,0.660538876737863,2.747809022857055
394.5018324149882,24577.6360649685,825247.5145219814,6.162291203228058,1837.4133657982238,71241.23435051886,1066.5254690181926,157.83623550249098,0.028289644595385705,0.004186614512590608,0.6404862761136416,2.7528841934785304
396.64586411289577,24620.782610144666,829168.3567334658,6.151508536509987,1834.3771480966454,70520.74150919163,1058.5059356233,156.70132574471032,0.0283637810033149,0.004198977007847247,0.6156048489102939,2.7585208495318376
398.78989581080333,24661.99703426876,833082.7403041632,6.140854213825437,1831.3705676480881,69830.93931909896,1051.08241879969,155.6525030538383,0.02844307745084004,0.004212073307089688,0.5862094013646559,2.764684333235617
400.93392750871084,24700.988311530746,836990.731895012,6.130332071975516,1828.3936214608832,69174.26293000927,1044.2766058814184,154.69321860568294,0.02852717094877947,0.004225853444314675,0.5526301264689442,2.771337830575466
403.0779592066184,24737.489772772893,840892.3974232419,6.119944987057755,1825.4461282091215,68552.78890195144,1038.1055246607227,153.8262404528515,0.02861568000138441,0.004240264951921375,0.5152099322121279,2.778442665691052
405.22199090452597,24771.25970931052,844787.8016677304,6.109694896646137,1822.5277359555753,67968.25562293081,1032.5818834416364,153.05369908267124,0.02870820726400506,0.004255253153525175,0.47430194204015697,2.7859585830676874
407.3660226024335,24802.081811397864,848677.007910209,6.099582824374575,1819.6379299419455,67422.08416935234,1027.7143902284806,152.37713051632497,0.028804342096988927,0.004270761445866268,0.43026715997191856,2.7938440173072214
409.51005430034104,24829.76545405669,852560.0776107783,6.089608906670797,1816.776040440462,66915.39905281912,1023.5080469158455,151.79751631987128,0.02890366301771401,0.0042867315717316,0.383472289874214,2.8020563506095284
411.65408599824855,24854.145841920174,856437.0701159508,6.079772421458045,1813.9412506746326,66449.04840279467,1019.9644158047062,151.3153200986897,0.029005740055075814,0.004303103885904145,0.33428769630674554,2.810552158382809
413.7981176961561,24875.084023586976,860308.0423972985,6.070071818703715,1811.132604827838,66023.6232330376,1017.0818570355469,150.93052022431092,0.02911013701257808,0.004319817616170319,0.28308549299922947,2.8192874436232276
415.9421493940637,24892.46678477908,864173.048818712,6.060504752747026,1808.349016166752,65639.47552953697,1014.8557366163335,150.64263869772097,0.02921641364746815,0.0043368111213649245,0.23023774432280056,2.828217860867013
418.0861810919712,24906.206428394,868032.140930279,6.051068116381859,1805.5892753123376,65296.73497841251,1013.2786056487901,150.45076618797233,0.029324127774165442,0.004354022148323505,0.1761147649790766,2.837298930626989
420.23021278987875,24916.240448372737,871885.3672868453,6.041758076706077,1802.8520586946372,64995.32422381251,1012.3403521386376,150.35358340120774,0.02943283730060013,0.004371388089451482,0.12108350347332493,2.8464862452854844
422.3742444877863,24922.53110319884,875732.7732894195,6.0325701127751366,1800.1359372288996,64734.972608649034,1012.0283274346468,150.34937903534905,0.02954210220606131,0.004388846242416034,0.06550599569330794,2.8557356674324197
424.5182761856938,24925.06489382626,879574.4010477158,6.023499055115524,1797.4393852498592,64515.22840551955,1012.3274498945872,150.4360646616104,0.029651486468814266,0.004406334073228868,0.009737876022059985,2.8650035216177905
426.6623078836014,24923.851949924352,883410.2892622962,6.01453912716288,1794.7607897384098,64335.46959215282,1013.2202888529347,150.61118694947578,0.029760559951494014,0.004423789483775461,-0.0458730651803465,2.874246780472609
428.80633958150895,24918.925327545312,887240.4731249516,6.005683988690457,1792.0984598704824,64194.913265799114,1014.6871325724962,150.8719377468669,0.029868900257933862,0.004441151085514931,-0.1009882872211486,2.883423246710175
430.95037127941646,24910.340220681763,891064.9842361582,5.996926781283531,1789.4506369111189,64092.62382480671,1016.7060468801785,151.21516298118465,0.029976094653744203,0.004458358492619012,-0.1552798753050532,2.8924917399794365
433.094402977324,24898.17308879197,894883.8505386385,5.988260175850751,1786.815504454791,64027.52007193536,1019.2529313603859,151.63737151401313,0.030081742140823355,0.004475352651386118,-0.20843189002638016,2.901412286838732
435.2384346752316,24882.52070218978,898697.0962662317,5.979676422157456,1784.1911990096573,63998.38141612488,1022.3015580988726,152.1347414870928,0.030185455122145217,0.004492076115209893,-0.26014169181972174,2.9101462771728026
437.3824663731391,24863.499106791296,902504.7419075312,5.971167400516258,1781.5758209660023,64003.85337422019,1025.8236030401356,152.70312546079657,0.03028686082277653,0.004508473283640344,-0.3101212502027017,2.9186566164794705
439.52649807104666,24841.242509399865,906306.8041839935,5.962724675609308,1778.9674459393962,64042.452588708744,1029.788691956847,153.33805803381367,0.03038560298655798,0.004524490694582704,-0.3580984371590101,2.926907889154622
441.6705297689542,24815.902085016918,910103.2960423975,5.954339552281948,1776.364136439929,64112.57158401542,1034.1644563115417,154.0347650653699,0.03048134357871833,0.004540077323649843,-0.40381829644198547,2.9348665206190985
443.81456146686173,24787.644708183394,913894.2266616868,5.946003133159322,1773.763953824454,64212.483488795064,1038.9166021743367,154.78817494212868,0.030573764456648837,0.004555184883416715,-0.4470442820596283,2.9425009361523204
445.9585931647693,24756.65161089349,917679.601474384,5.937706377891151,1771.1649704772685,64340.346952288295,1044.0089962405775,155.59293247883147,0.030662569000466787,0.004569768120099376,-0.48755945730199496,2.9497817157406425
448.10262486267686,24723.11697030242,921459.4222029019,5.929440163772867,1768.5652821507117,64494.211478511854,1049.4037727391226,156.44341600283684,0.030747483694079706,0.004583785104981855,-0.5251676434049342,2.956681744142849
450.24665656058437,24687.246430278366,925233.6869111864,5.921195347431646,1765.9630203832196,64672.02339265398,1055.0614646253182,157.33375811170333,0.030828259645592916,0.004597197517593904,-0.5596945048177953,2.963176355175676
452.39068825849193,24649.255561809747,929002.3900722021,5.912962827205831,1763.356364898976,64871.632639163545,1060.941161936956,158.25787051357534,0.03090467403408521,0.004609970917351534,-0.590988556141517,2.969243469026849
454.53471995639944,24609.368268353057,932765.5226518193,5.904733605787169,1760.7435558808031,65090.800590481,1067.0006995566246,159.20947326259338,0.03097653146812861,0.004622075000130945,-0.6189220741973669,2.974863721224028
456.678751654307,24567.815143368134,936523.0722096612,5.896498852639406,1758.1229059968377,65327.20901903569,1073.196875871391,160.18212858635675,0.03104366524001251,0.004633483836066818,-0.6433918974457951,2.9800205817314853
458.82278335221457,24524.831788507316,940275.0230174327,5.888249965655987,1755.4928120522645,65578.47035303571,1079.4857029571872,161.16927937089073,0.031105938458510528,0.004644176084759363,-0.6643200941689266,2.9847004625188283
460.9668150501221,24480.657102168825,944021.3561951703,5.879978631476045,1752.8517661304102,65842.13929896426,1085.8226879541112,162.16429222295702,0.03116324504225992,0.004654135184051548,-0.6816544805242738,2.988892811853648
463.11084674802964,24435.531549354702,947762.0498657281,5.871676883843526,1750.1983660832275,66115.72587105614,1092.1631442600842,163.16050487320848,0.031215510555467507,0.004663349508608014,-0.6953689698288977,2.992590193518863
465.2548784459372,24389.69542494895,951497.0793276324,5.86333715937127,1747.531325230035,66396.70982108098,1098.462530079938,164.15127752082736,0.03126269286775978,0.0046718124946970845,-0.7054637352881376,2.9957883491507107
467.3989101438447,24343.387123609362,955226.417246231,5.854952350061688,1744.849481125598,66682.55641163845,1104.6768107598402,165.1300475563657,0.03130478262060445,0.004679522727852333,-0.7119651698711668,2.998486241939652
469.5429418417523,24296.841430403107,958950.0338627922,5.846515851940012,1742.1518032644713,66970.73342408208,1110.762840249589,166.0903869402049,0.031341803483870535,0.0046864839904711105,-0.7149256291674233,3.0006860800367363
471.68697353965985,24250.287847068706,962667.8972209229,5.838021609175829,1739.4373995980766,67258.7292398993,1116.678756013767,167.0260613663441,0.031373812187780924,0.004692705266892214,-0.7144229458210694,3.002393318164088
473.83100523756735,24203.948969315377,966379.9734093437,5.829464153104283,1736.7055217542015,67544.07178353287,1122.384380799656,167.93109021148834,0.031400898317739574,0.004698200704077112,-0.7105597074974765,3.0036166361398866
475.9750369354749,24158.038930838702,970086.2268197145,5.820838635610077,1733.9555688653418,67824.34806731905,1127.841623912613,168.79980616458624,0.031423183862258834,0.004702989526687682,-0.7034622942223757,3.0043678932931295
478.1190686333825,24112.761929709774,973786.6204178482,5.812140856404443,1731.1870899322223,68097.22403737731,1133.014874089751,169.62691335797658,0.03144082250742794,0.004707095906093579,-0.6932796752603337,3.004662058057563
480.26310033129,24068.31085246084,977481.1160262941,5.803367283806516,1728.399784671479,68360.46438490138,1137.8713757376001,170.4075427833374,0.031453998674982345,0.004710548783635225,-0.6801819703496386,3.004517112390551
482.40713202919756,24024.866010531856,981169.6746159253,5.7945150687340545,1725.5935028212593,68611.95196218709,1142.3815802380286,171.13730377748544,0.0314629263049673,0.004713381649290867,-0.6643587849490313,3.0039539310528323
484.5511637271051,23982.59400275661,984852.2566038554,5.785582051712065,1722.7682419047273,68849.70642832326,1146.5194642457802,171.81233040666794,0.031467847388135836,0.0047156322777246705,-0.6460173340252242,3.0029961361987847
486.6951954250126,23941.646716263145,988528.8221547242,5.776566762818491,1719.9241434783266,69071.90174699249,1150.2628074075953,172.42932166367552,0.03146903025746036,0.004717342424499346,-0.6253803736556074,3.001669928151817
488.8392271229202,23902.16047656165,992199.3314821718,5.767468414600832,1717.0614879183572,69276.88216881886,1153.593422716797,172.98557451773382,0.03146676765233825,0.004718557485995726,-0.6026839641719578,3.0000038936630142
490.9832588208277,23864.25535572441,995863.7451471519,5.758286888112785,1714.180687825128,69463.1763532742,1156.4973337564372,173.4790090187665,0.0314613745731072,0.004719326127266547,-0.5781750925675896,2.9980287933597554
493.12729051873526,23828.034645468833,999522.0243496465,5.749022712332357,1711.2822801477957,69629.50931984186,1158.9648943428983,173.90818484942872,0.03145318594722035,0.004719699882638787,-0.5521091852844265,2.9957773304713333
495.27132221664283,23793.58449968549,1003174.1312103234,5.7396770373291535,1708.3669171543393,69774.81196380309,1160.990847511472,174.27230893263828,0.03144255413174532,0.004719732734348345,-0.5247475451614059,2.993283903258234
497.41535391455034,23760.973748565793,1006820.0290387468,5.730251601645428,1705.4353563892223,69898.22792706118,1162.5743223292645,174.57123393052007,0.03142984627963533,0.0047194806748265235,-0.4963547481623374,2.990584343859332
499.5593856124579,23730.253884039037,1010459.682584898,5.720748694440499,1702.4884497757464,69999.11767678481,1163.7187686157204,174.80544770333745,0.03141544159938615,0.00471900125844938,-0.4671960364439062,2.987715646497765
501.70341731036547,23701.459213789985,1014093.0582709853,5.711171113018991,1699.5271320304812,70077.05971186151,1164.431831230939,174.97605402443938,0.031399728539173714,0.004718353148603973,-0.43753474434316725,2.9847156881445303
503.847449008273,23674.607178757797,1017720.1244008266,5.701522116418593,1696.552408563367,70131.84888660385,1164.7251670933565,175.08474506045744,0.03138310192732601,0.004717595665820971,-0.40762979296663254,2.9816229448247804
505.99148070618054,23649.69882677498,1021340.8513444436,5.691805375771569,1693.5653430390537,70163.49191009051,1164.6142094516424,175.1337663166258,0.031365960101006715,0.004716788342478498,-0.37773328729482064,2.9784762067639337
508.1355124040881,23626.719432944145,1024955.2116959306,5.682024922176039,1690.567044772979,70172.2001453363,1164.1178851104914,175.1258749083483,0.031348702054294936,0.004715990489209313,-0.34808824715549924,2.975314295510194
510.2795441019956,23605.639255517635,1028563.1804031093,5.67218509281825,1687.5586561298721,70158.37989277225,1163.2582912570304,175.06429214692506,0.03133172463547949,0.004715260777660449,-0.3189265001734266,2.9721757860414333
512.4235757999031,23586.41441447723,1032164.7348679701,5.6622904760767945,1684.5413400832333,70122.62039517947,1162.0603392263074,174.95265151634038,0.03131541982141229,0.004714656843680887,-0.29046676100461427,2.9690987366735904
514.5676074978107,23568.98787873477,1035759.8550173893,5.652345856315261,1681.5162680824292,70065.67984465053,1160.5513729678034,174.79494316802433,0.03130017209427137,0.004714234914372314,-0.26291291695482405,2.9661204293435515
516.7116391957182,23553.290546906723,1039348.523344106,5.642356159033183,1678.4846083599034,69988.46970527383,1158.7607701311863,174.59545607233972,0.03128635594317207,0.004714049461754962,-0.23645253561847454,2.9632771225520123
518.8556708936258,23539.242405960627,1042930.7249184122,5.632326396998233,1675.447514795304,69892.03768736543,1156.7195335895485,174.35871894136417,0.031274333509842045,0.004714152885098565,-0.21125560560895762,2.960603818931728
520.9997025915334,23526.753751685756,1046506.4473714597,5.622261617927823,1672.4061164366349,69777.54972025103,1154.4598808877588,174.08944098150906,0.03126445239415954,0.004714595223271695,-0.18747351693082928,2.958134049065638
523.1437342894409,23515.726454889333,1050075.6808514884,5.612166854227852,1669.361507761481,69646.27127117719,1152.014838573157,173.7924534514309,0.031257043631858106,0.004715423897792162,-0.1652382832013847,2.9558996728289366
525.2877659873484,23506.055257442284,1053638.4179546407,5.602047075232535,1666.3147397444504,69499.54834879658,1149.4178476747477,173.47265289638545,0.031252419853228484,0.00471668348663516,-0.14466200387856779,2.953930699179905
527.431797685256,23497.629082766234,1057194.6536323258,5.5919071423240245,1663.2668117806777,69338.78851197011,1146.7023857864704,173.13494681064836,0.031250873628304116,0.004718415528290571,-0.12583656098705576,2.952255124986552
529.5758293831635,23490.332346034415,1060744.3850773477,5.581751767246036,1660.2186644999645,69165.44217985374,1143.90161032361,172.78420235109638,0.03125267600087789,0.004720658355067169,-0.1088335416241194,2.950898793157989
531.719861081071,23484.0462502169,1064287.6115911938,5.5715854738631325,1657.1711734921373,68980.98450890284,1141.0480265993276,172.42519859315016,0.03125807521084227,0.004723446954228559,-0.09370437481654542,2.9498852700586697
533.8638927789787,23478.650055099122,1067824.3344350096,5.561412563558318,1654.1251439517373,68786.89806820091,1138.1731834490834,172.06258269031989,0.03126729560182103,0.0047268128552175465,-0.08048066911125855,2.9492357419253556
536.0079244768862,23474.022307504878,1071354.556666854,5.551237084406923,1651.0813062393008,68584.65650803236,1135.307398248178,171.70083017513053,0.03128053670891055,0.004730784040984036,-0.06917473561524914,2.948968929785159
538.1519561747937,23470.042022126134,1074878.282967858,5.541062804215228,1648.040312347311,68375.70937930506,1132.4795123481413,171.3442095257112,0.03129797251959133,0.004735384881274766,-0.0597802800358407,2.949101022190289
540.2959878727013,23466.589803569615,1078395.5194598683,5.530893187468134,1645.002733251354,68161.4682246885,1129.7166772235757,170.99675102170696,0.031319750899515164,0.004740636085667332,-0.05227324657551608,2.949645624942412
542.4400195706088,23463.54890144524,1081906.2735171083,5.520731376191697,1641.969057121018,67943.29402727007,1127.0441709866939,170.66221982717988,0.0313459931739146,0.004746554674130028,-0.04661279625915033,2.9506137268759756
544.5840512685163,23460.806191519376,1085410.553574276,5.510580174703287,1638.9396883605013,67722.48607009581,1124.485244401519,170.34409316790345,0.031376793854799676,0.004753153962955529,-0.04274240235964462,2.9520136807040247
546.7280829664239,23458.25307711574,1088908.3689333762,5.500442038194292,1635.9149474455514,67500.27223076855,1122.0609951158583,170.0455414160274,0.03141222050387905,0.00476044356404191,-0.040591045979397035,2.9538511978992315
548.8721146643314,23455.786306053094,1092399.7295714372,5.490319065067159,1632.8950715211047,67277.80070988703,1119.7902685269469,169.76941285639566,0.03145231372123385,0.00476842939566994,-0.04007449547641111,2.9561293565838644
551.0161463622389,23453.308699449277,1095884.6459511023,5.480212992929673,1629.880215722566,67056.13317063708,1117.6895834983297,169.51822188460548,0.0314970872501427,0.004777113703141573,-0.04109665423218456,2.9588486214311223
553.1601780601466,23450.72978968906,1099363.1288359151,5.4701251981339905,1626.8704551829157,66836.23924946776,1115.7730810446994,169.29414037623172,0.03154652818906582,0.004786495087891896,-0.043550962183959104,2.962006874632709
555.3042097580541,23447.966365744356,1102835.1891119496,5.460056698735511,1623.8657876875116,66618.99238426323,1114.05249408484,169.09899196760682,0.03160059730259984,0.004796568543956751,-0.04732183753129164,2.9655994570591204
557.4482414559616,23444.94292484956,1106300.8376172637,5.450008160736421,1620.8661369384151,66405.16689663153,1112.5371364201274,168.93424899966033,0.03165922942416705,0.0048073255009619025,-0.052286146026983886,2.969619218825395
559.5922731538692,23441.592030274936,1109760.0849804876,5.4399799074701,1617.8713563901174,66195.43625841393,1111.2339092120083,168.80103189545508,0.03172233394426312,0.004818753873089577,-0.058314686233023244,2.9740565785718034
561.7363048517767,23437.854575611327,1113212.9414697092,5.429971931974828,1614.8812336185229,65990.37246889947,1110.1473233936435,168.7001107674192,0.03178979537920943,0.004830838113766811,-0.06527368002896351,2.978899590871766
563.8803365496842,23433.679956587486,1116659.4168526563,5.4199839121979485,1611.895495184866,65790.44646807273,1109.2795366455832,168.63190908007942,0.031861474016502626,0.004843559276100504,-0.0730262584761051,2.9841340212841705
566.0243682475918,23429.02615199404,1120099.5202690545,5.410015228864124,1608.9138119557465,65596.02951192693,1108.630403778227,168.59650922629828,0.03193720663398662,0.004856895079350763,-0.08143393384695599,2.9897434286707147
568.1683999454993,23423.859715794733,1123533.2601158947,5.400064985833438,1605.935804839629,65407.395438069325,1108.1975395847264,168.59365990819614,0.03201680729115507,0.004870819981980808,-0.09035804921441842,2.9957092544972634
570.3124316434069,23418.15568297472,1126960.6439462441,5.390132032766222,1602.9610508988967,65224.72375296046,1107.976393444329,168.62278524631608,0.0321000681918946,0.004885305262043848,-0.09966119745430325,3.00201091892867
572.4564633413145,23411.897392115945,1130381.6783821154,5.380214989901693,1599.9890897948635,65048.103475747615,1107.9603351583528,168.68299557079783,0.03218676061887262,0.004900319105860086,-0.10920860185052549,3.008625923606266
574.600495039222,23405.076228109196,1133796.3690418154,5.370312274746401,1597.0194305210298,64877.537677379594,1108.1407516802867,168.7730998751024,0.03227663594052959,0.0049158267060960634,-0.11886945071300906,3.0155299610639124
576.7445267371295,23397.69128881824,1137204.7204821017,5.360422130456329,1594.0515583773572,64712.94865716158,1108.5071545503524,168.891619935029,0.032369426692238246,0.004931790370480606,-0.1285181785373687,3.022697030790403
578.8885584350371,23389.748979909877,1140606.7361553924,5.350542655683149,1591.084942135478,64554.183701790804,1109.0472979560745,169.0368061123079,0.03246484773361454,0.004948169642472678,-0.13803568627143642,3.0300995619812245
581.0325901329446,23381.262542458382,1144002.4183821806,5.340671835640937,1588.1190413416405,64401.02137406612,1109.7473074109455,169.20665487240447,0.03256259748420051,0.004964921435234292,-0.14731049322881695,3.0377085430404036
583.1766218308521,23372.251518327877,1147391.7683387361,5.330807574134901,1585.1533137009062,64253.17827958044,1110.5918190670186,169.3989280493573,0.032662359239769234,0.004982000180253482,-0.15623981312945848,3.0454936578924126
585.3206535287597,23362.74115873103,1150774.786060076,5.320947726278588,1582.187222482798,64110.316259828716,1111.5641296548777,169.61117388646466,0.03276380257132439,0.004999357991906495,-0.1647305466796042,3.053423429144614
587.4646852266673,23352.761781757763,1154151.4704581157,5.311090131611397,1579.2202438853592,63972.04995913453,1112.6463569731236,169.84074986993107,0.03286658480847622,0.005016944849144124,-0.17270018305768683,3.0614653681027177
589.6087169245748,23342.34808506006,1157521.819354804,5.301232647314156,1576.2518742916034,63837.95471073971,1113.8196107320646,170.0848473534568,0.03297035260827535,0.005034708795333948,-0.18007760267867987,3.0695861315856225
591.7527486224823,23331.538420263903,1160885.8295299597,5.291373181208055,1573.281637349736,63707.57468435176,1115.0641733943542,170.34051794535523,0.03307474360978025,0.005052596157088874,-0.18680377369651321,3.0777516854128875
593.8967803203899,23320.37403605109,1164243.4967834102,5.28150972421164,1570.3090908065035,63580.4312335751,1116.359690453794,170.60470159673812,0.0331793881736401,0.005070551782665339,-0.1928323349003263,3.085927474349698
596.0408120182974,23308.898297204167,1167594.8160109327,5.271640381922711,1567.3338330216984,63456.03137718455,1117.6853693584385,170.87425629045003,0.03328391120480196,0.005088519300223558,-0.19813005799093028,3.094078598191925
598.1848437162049,23297.155887228088,1170939.7812933605,5.26176340498738,1564.3555090914103,63333.87634338391,1119.0201860234565,171.145989186903,0.03338793405513206,0.005106441395913195,-0.20267718271071933,3.1021699935609695
600.3288754141125,23285.192002442498,1174278.3859981045,5.251877217917845,1561.3738165081445,63213.47010128162,1120.3430976010766,171.41668903598537,0.03349107650129344,0.0051242601113849155,-0.20646761896026591,3.1101666208565466
602.47290711202,23273.05154566798,1177610.6228921944,5.241980446024197,1558.3885102876134,63094.32779919983,1121.633259891384,171.68315961562274,0.03359295879168787,0.005141917159939498,-0.2095090108797178,3.1180336556892456
604.6169388099275,23260.778327797663,1180936.4842658085,5.232071940134105,1555.3994074948605,62975.98402537307,1122.8702474986696,171.9422539089484,0.033693203754678845,0.00515935426011881,-0.21182265890759314,3.1257366839866094
606.7609705078352,23248.41428564108,1184255.9620651186,5.222150798788115,1552.4063911065207,62858.000803438044,1124.0342745761377,172.19090868541863,0.03379143895871103,0.005176513485126988,-0.21344329705160783,3.133241899840652
608.9050022057427,23235.998724440862,1187569.0480331369,5.212216387617361,1549.4094131514205,62739.97523320942,1125.1064137695898,172.42617910867727,0.03388729891336921,0.005193337626055416,-0.21441872400593642,3.1405163050447835
611.0490339036502,23223.56759338501,1190875.7338571101,5.202268355635168,1546.4084970784002,62621.54668677357,1126.0688107787764,172.64527295732336,0.03398042729892295,0.005209770566482334,-0.21480928830916934,3.147527909157831
613.1930656015578,23211.15280226176,1194176.0113208804,5.192306648203838,1543.4037393081026,62502.4034712495,1126.9048918162798,172.8455840161884,0.03407047921052635,0.005225757665638841,-0.2146872294321083,3.154245928835989
615.3370972994653,23198.78158712449,1197469.8724605108,5.182331516472801,1540.3953099344221,62382.28887271235,1127.5995611655012,173.02472417667732,0.034157123402028734,0.005241246146988629,-0.21413587848192142,3.160640985093418
617.4811289973728,23186.475932448295,1200757.3097213674,5.172343523123568,1537.3834525512032,62261.00650096174,1128.1393860312846,173.18055377693057,0.034240044513340784,0.005256185488769623,-0.21324872407041712,3.166685297091689
619.6251606952804,23174.25205676729,1204038.3161147689,5.162343544300129,1534.3684831904168,62138.42486193313,1128.5127659418285,173.31120971677362,0.03431894526452777,0.0052705278128024665,-0.212128350775479,3.1723528710200153
621.769192393188,23162.119968185347,1207312.8853722482,5.152332767649528,1531.3507883692132,62014.4810936564,1128.710084103692,173.41513089961714,0.03439354859929708,0.005284228267691737,-0.21088525947840034,3.177619682613814
623.9132240910955,23150.08309545809,1210581.0120954362,5.142312686445615,1528.3308222547075,61889.183812456664,1128.7238383293818,173.49108058338004,0.034463599760328596,0.005297245402438031,-0.20963658063666693,3.1824638518696617
626.0572557890031,23138.137999559207,1213842.691899566,5.1322850898182,1525.3091029668317,61762.61502845721,1128.548749447954,173.5381652651113,0.03452886827898356,0.005309541526448565,-0.2085046932021527,3.186865808550618
628.2012874869106,23126.274169781052,1217097.9215486234,5.12225204915912,1522.2862080508082,61634.93110294855,1128.181845463844,173.55584977797926,0.03458914986231634,0.005321083051982666,-0.2076157633713833,3.190808447136371
630.3453191848181,23114.47390749094,1220346.6990802207,5.112215900824718,1519.2627691615226,61506.3627345485,1127.6225201397317,173.54396834350757,0.03464426816100366,0.005331840815197784,-0.20709821861418445,3.1942772699564856
632.4893508827257,23102.712299687406,1223589.023918353,5.102179225300191,1516.239466012003,61377.21397577165,1126.8725651311797,173.50273139414938,0.03469407640277836,0.005341790372169203,-0.20708117343233134,3.1972605173499797
634.6333825806332,23090.957283491403,1226824.8969723242,5.092144823033751,1513.217019647166,61247.860296298735,1125.9361752814025,173.43272805947112,0.0347384588771867,0.005350912266538093,-0.20769282402106806,3.199749283817762
636.7774142785407,23079.16980168496,1230054.3207202638,5.082115687187076,1510.1961851117342,61118.74572333662,1124.819927176105,173.33492429050563,0.034777332258945214,0.005359192265791222,-0.20905882942280038,3.2017376192725195
638.9214459764484,23067.304048392478,1233277.299275843,5.072094973582034,1507.1777435876456,60990.379102598294,1123.5327315453126,173.2106566786244,0.034810646758814526,0.005366621563582562,-0.21130069686336844,3.2032226146396003
641.0654776743559,23055.307803006865,1236493.8384369835,5.062085968151683,1504.1624940812117,60863.329535201476,1122.0857605650272,173.0616221047794,0.03483838709268937,0.005373196945961625,-0.21453418874669125,3.2042044712180995
643.2095093722634,23043.122849510964,1239703.945715582,5.052092052225717,1501.1512447437358,60738.22105579278,1120.4923515400774,172.88986342937807,0.03486057326147503,0.005378920919863747,-0.2188677682636688,3.204686553369268
645.353541070171,23030.68547745114,1242907.6303474917,5.042116665996479,1498.1448039112236,60615.72662522508,1118.7678888277048,172.6977515000684,0.0348772611362304,0.005383801802730606,-0.2244010997664122,3.2046754242552558
647.4975727680785,23017.92705999828,1246104.9032822542,5.032163270521638,1495.1439709492736,60496.561516899004,1116.9296661767685,172.48796381209343,0.03488854284496295,0.005387853772653074,-0.2312236189987903,3.204180864501565
649.641604465986,23004.77470379382,1249295.7771523118,5.0222353086235785,1492.1495269883267,60381.47617935719,1114.9967319047655,172.26346020252876,0.034894546959413054,0.005391096878965149,-0.23941318699630396,3.203215873806682
651.7856361638936,22991.151964633995,1252480.2662216737,5.0123361650440765,1489.162225632276,60271.248658861216,1112.9897195465949,172.02745600038665,0.034895438483338766,0.0053935570139427924,-0.2490348400138868,3.2017966557788577
653.9296678618011,22976.979622500796,1255658.3863142463,5.0024691262057805,1486.1827837200758,60166.67666453482,1110.9306672577288,171.78339316188766,0.03489141866314431,0.00539526584947216,-0.26013964622865626,3.199942587989145
656.0736995597086,22962.176509063498,1258830.1547222384,4.99263733985609,1483.2118721966879,60068.569353329534,1108.8428579388315,171.53491554107893,0.03488272554681842,0.005396260919819367,-0.272763676271063,3.197676247345995
658.2177312576163,22946.660381314174,1261995.590095018,4.982843774216553,1480.2501069583593,59977.73888342139,1106.7506925044106,171.28585694512861,0.034869635629706075,0.005396586115237323,-0.28692706531926765,3.195023445914312
660.3617629555238,22930.34883548885,1265154.712308843,4.9730911771335435,1477.298039798742,59894.991792651075,1104.679384813123,171.04018705217104,0.03485245985857669,0.005396290847273918,-0.3026331754618226,3.1920129224593747
662.5057946534313,22913.160252407415,1268307.5423186615,4.963382037342395,1474.3561500529452,59821.1203170038,1102.6547316241213,170.80196872571136,0.03483154184558998,0.005395429548663827,-0.31986796272505247,3.1886762357057075
664.6498263513389,22895.01476420645,1271454.1019936062,4.953718547219656,1471.4248367201449,59756.893700127606,1100.7029086826146,170.57532464677024,0.03480725671718192,0.005394061438161218,-0.3385994914577522,3.1850476557558234
666.7938580492464,22875.835234429436,1274594.4139375202,4.944102566978935,1468.5044110253402,59703.04953174282,1098.850269415481,170.36440436678612,0.034780009817875615,0.005392250265038589,-0.35877758688409134,3.181164042805443
668.9378897471539,22855.548243824287,1277728.5012958534,4.9345355905343045,1465.5950894624882,59660.285147845345,1097.1231470798243,170.1733519114172,0.03475023526096706,0.0053900640322911975,-0.3803336256212158,3.1770647128005445
671.0819214450614,22834.08507434371,1280856.3875503098,4.925018713242305,1462.6969873584137,59629.24911709812,1095.5476612724365,170.00627411981662,0.03471839433110545,0.0053875747010389795,-0.4031804633199698,3.1727912903399527
673.225953142969,22811.38268401679,1283978.0963026662,4.915552601718893,1459.8101129935305,59610.532830141805,1094.1495293588714,169.86720984891,0.03468497374387733,0.005384857878618776,-0.42721249794265836,3.1683875491244415
675.3699848408766,22787.384665553083,1287093.651049183,4.906137465915462,1456.934362312789,59604.66220219894,1092.9538830192841,169.76010011489322,0.03465048376684508,0.005381992492710982,-0.4523058667671246,3.1638992401880963
677.5140165387841,22762.042181740628,1290203.0749470212,4.896773033629071,1454.0695142585296,59612.089494600485,1091.9850897618317,169.68875918892323,0.034615456205658986,0.005379060453634864,-0.4783187750138419,3.1593739080718075
679.6580482366917,22735.314870893104,1293306.3905740574,4.887458527616499,1451.2152267561034,59633.18525809103,1091.2665789357618,169.65684661280065,0.03458044225793716,0.005376146306688101,-0.5050919540250546,3.1548606950196763
681.8020799345992,22707.171715777666,1296403.6196834398,4.878192645479721,1448.3710333832034,59668.23040018997,1090.8206714936725,169.66784005464015,0.034546010236624354,0.0053733368761040585,-0.5324492471672403,3.150410133200131
683.9461116325067,22677.591869602693,1299494.7829541997,4.868973542492082,1445.5363407548161,59717.408380781344,1090.6684125153595,169.72500888555493,0.03451274316353962,0.005370720901861771,-0.5601983220590797,3.146073924878365
686.0901433304143,22646.565432755735,1302579.8997391656,4.859798817539433,1442.7104266574804,59780.797544593486,1090.8294053207055,169.8313883271672,0.034481236232841626,0.005368388670214516,-0.5881315083191085,3.141904710398881
688.2341750283218,22614.094174049074,1305658.9878113996,4.850665502358833,1439.8924389690424,59858.363606515915,1091.3216458747129,169.9897539974835,0.0344520941432197,0.005366431638410299,-0.6160267607471835,3.1379558237800222
690.3782067262293,22580.192190249767,1308732.0631103236,4.841570054268428,1437.0813954031894,59949.95231580409,1092.1613561295437,170.20259667001756,0.03442592829679697,0.005364942053668199,-0.6436487486633423,3.134281035680082
692.522238424137,22544.88649764039,1311799.1394886745,4.832508352595491,1434.276184121596,60055.28233816644,1093.3628149630651,170.4720970588057,0.034403353862059005,0.005364012566057023,-0.6707500729828895,3.1309342834711016
694.6662701220445,22508.217549277444,1314860.2284614164,4.823475699024549,1431.4755652603274,60173.9384105015,1094.9381854676035,170.80010045092652,0.03438498669763614,0.005363735834504597,-0.6970726134589234,3.1279693881553654
696.810301819952,22470.23967149003,1317915.3389577437,4.814466822103275,1428.6781734210158,60305.36484142332,1096.8973375207763,171.1880910286845,0.0343714401335207,0.005364204124757184,-0.7223490093193049,3.125439757885275
698.9543335178596,22431.02141299915,1320964.477077328,4.8054758861595,1425.8825211810258,60448.85945155054,1099.2476648399793,171.63716575662457,0.03436332160634266,0.005365508897719265,-0.7463042772058384,3.1233980779038
701.0983652157671,22390.645799848633,1324007.6458520237,4.796496504897034,1423.0870036800495,60603.56807037828,1101.9938960864718,172.14800775421762,0.034361229145707245,0.005367740386245753,-0.7686575708259252,3.1218959868142315
703.2423969136746,22349.21048913564,1327044.845014332,4.787521759949967,1420.2899043430846,60768.479730974745,1105.1379000495403,172.72085913401102,0.03436574770937091,0.00537098715814482,-0.7891240869836229,3.1209837392187216
705.3864286115822,22306.827814330547,1330076.0707740292,4.7785442246831344,1417.489401801131,60942.42272907496,1108.6784855083094,173.35549335748183,0.034377445366252174,0.005375335662894359,-0.8074171225965241,3.1207098549389896
707.5304603094897,22263.624714803394,1333101.315604528,4.769555993529124,1414.6835780709291,61124.06173856415,1112.6111970392983,174.0511872468819,0.03439686932799217,0.005380869759394877,-0.8232502868529074,3.121120755253372
709.6744920073972,22219.74254205328,1336120.5680407153,4.760548717147711,1411.8704280531826,61311.89619978236,1116.9281088085277,174.8066928906358,0.03442454183204677,0.0053876702219937,-0.8363398717448105,3.122260386854874
711.8185237053049,22175.336735096313,1339133.812490235,4.751513643680396,1409.0478704046334,61504.26021943377,1121.617619253828,175.620209792062,0.03446095588215719,0.005395814222039098,-0.8464073827521281,3.1241698345578586
713.9625554032124,22130.576357540056,1342141.0290604362,4.742441666348714,1406.2137598326044,61699.324239571906,1126.6642505113407,176.48935773468395,0.03450657085553613,0.005405374782377222,-0.8531822293794826,3.1268869241568
716.1065871011199,22085.643489093054,1345142.1934034843,4.733323377608437,1403.365900850845,61895.09874663852,1132.0484574542158,177.41115097059355,0.034561807990257175,0.0054164202025107815,-0.8564045724979913,3.1304458172695844
718.2506187990275,22040.73246466458,1348137.276582451,4.724149130020937,1400.5020630222687,62089.44029803714,1137.7464522641826,178.3819744782965,0.03462704577114296,0.00542901345261464,-0.8558283219665012,3.1348766004770616
720.394650496935,21996.04895484158,1351126.244961505,4.714909103935946,1397.6199976971272,62280.06014127393,1143.7300515124548,179.39756317923363,0.0347026152379033,0.005443211535268992,-0.851224273768012,3.1402048715957815
722.5386821948425,21951.808882425248,1354109.0601236706,4.705593381995596,1394.7174562340485,62464.53568740698,1149.9665537413616,180.4529851428086,0.03478879524533254,0.005459064814639929,-0.8423833708874326,3.1464513264842275
724.6827138927501,21908.237170906476,1357085.678819937,4.696192030366612,1391.7922096659631,62640.3250744693,1156.4186564560355,181.54262994171947,0.03488580771195804,0.005476616313921219,-0.8291200663989099,3.1536313503738964
726.8267455906577,21865.566322289847,1360056.0529537983,4.686695186485596,1388.8420697432366,62804.78501597692,1163.0444221915116,182.66020343493534,0.0349938129005278,0.005495900983154316,-0.8112757607861488,3.161754618321011
728.9707772885652,21824.034823567956,1363020.129605572,4.67709315296152,1385.8649112523974,62955.192073270875,1169.797303841218,183.79873034577844,0.035112904780973446,0.0055169449410623055,-0.788722278494866,3.170824709974608
731.1148089864728,21783.885383417728,1365977.851101024,4.667376497120944,1382.8586954710702,63088.76741739783,1176.6262396371608,184.95056605691863,0.035243106533785575,0.005539764696253904,-0.7613653412734243,3.180838744430678
733.2588406843803,21745.36300334502,1368929.1551289433,4.657536155507153,1379.8214945786308,63202.705056457984,1183.475827978572,186.10741905186666,0.03538436625884294,0.0055643663550502594,-0.7291479882137799,3.191787041464957
735.4028723822878,21708.712890532315,1371873.9749122912,4.647563542457578,1376.7515167985675,63294.20339859614,1190.2865916334824,187.26038538236045,0.03553655296135368,0.005590744825220093,-0.6920538848380913,3.203652815880718
737.5469040801954,21674.178223019186,1374812.2394373952,4.637450661689099,1373.64713200371,63360.49990103232,1196.995339617009,188.39999642234545,0.03569945289236908,0.005618883027024989,-0.65011045642314,3.2164119120429135
739.6909357781029,21641.997781517537,1377743.8737453292,4.627190219623816,1370.5068974708022,63398.90842484084,1203.5356332274903,189.51628097270654,0.0358727663259623,0.005648751125106307,-0.6033917744035842,3.230032585864894
741.8349674760104,21612.403466062085,1380668.7992890994,4.6167757389958375,1367.3295834281237,63406.85877796048,1209.8383602680924,190.5988424996267,0.0360561048582596,0.005680305796806277,-0.5520211195758686,3.2444753415390366
743.978999173918,21585.61771972544,1383586.9343595146,4.606201671100638,1364.1141980009513,63381.93779092084,1215.8324184048047,191.63695192056636,0.03624898931470944,0.005713489554412629,-0.49617314239040144,3.25969283013023
746.1230308718256,21561.850885668682,1386498.1945816434,4.595463504891805,1360.8600111268033,63321.93113775502,1221.4455049585479,192.61965589701,0.03645084835094531,0.005748230140444502,-0.43607553932316623,3.2756298167588986
748.2670625697331,21541.29852771256,1389402.4934825606,4.584557871005123,1357.5665769878615,63224.86499627164,1226.6050062959189,193.53590006021864,0.03666101782906346,0.0057844400163485025,-0.37201016558288924,3.292223222472325
750.4110942676406,21524.138748243917,1392299.743129637,4.573482638706404,1354.2337544939458,63089.04654541195,1231.2389755155896,194.37466599972797,0.03687874104490492,0.005822015965740592,-0.30431350859695677,3.309402246033354
752.5551259655482,21510.52954044887,1395189.8548369876,4.562237003726684,1350.8617253479852,62913.10223098188,1235.2771825219925,195.12512020604996,0.037103169872911276,0.005860838833512906,-0.23337645409050178,3.327088569748891
754.6991576634557,21500.60621441451,1398072.7399358628,4.550821564973808,1347.4510092387504,62696.01270203456,1238.6522160729342,195.77677250745933,0.037333366883361134,0.005900773421642141,-0.15964328725658325,3.345196652134437
756.8431893613632,21494.478938398028,1400948.3106028188,4.539238388199186,1344.0024757339247,62437.14333473767,1241.3006132543812,196.3196409105106,0.037568308472470696,0.005941668561328013,-0.08360988547422456,3.3636341086960764
758.9872210592708,21492.230437373357,1403816.4807374927,4.5274910548558776,1340.5173524908798,62136.269322821,1243.163988360047,196.74441918392998,0.03780688902929946,0.00598335737912843,-0.005821076039077734,3.3823021804517106
761.1312527571783,21493.913890705226,1406677.1668798116,4.515584694609184,1336.9972294625682,61793.59442514091,1244.190130614008,197.04264305617025,0.03804792614512073,0.006025657772048674,0.0731328479983861,3.4010962880644477
763.2752844550859,21499.551069380555,1409530.2891545757,4.503526000250249,1333.4440588505734,61409.76262011185,1244.334038822901,197.20685056783904,0.0382901668515179,0.00606837310313233,0.15262043916629583,3.419906667688317
765.4193161529935,21509.130750604512,1412375.772229662,4.491323224109648,1329.8601506445716,60985.86211894698,1243.5588610739082,197.2307319657903,0.03853229485366285,0.006111293125077016,0.23197419654063034,3.438619082900838
767.563347850901,21522.607443755067,1415213.546272696,4.478986155460478,1326.248163684315,60523.42142691224,1241.8367091240746,197.10926457231417,0.0387729387058056,0.0061541951348816,0.31049639576188365,3.4571156054915066
769.7073795488085,21539.90045675319,1418043.5478900145,4.466526078825302,1322.6110922831606,60024.397403406154,1239.1493201794444,196.83882832561153,0.03901068085774442,0.006196845357677141,0.3874655652650009,3.475275456460349
771.8514112467161,21560.893325972615,1420865.721031173,4.453955713541328,1318.9522485568846,59491.15554463733,1235.4885432568806,196.41729816761577,0.03924406748470263,0.006239000552876996,0.4621435055232906,3.492975897418375
773.9954429446236,21585.433626063343,1423680.0178421983,4.441289135375481,1315.2752407035762,58926.4429827381,1230.8566330710094,195.84411013834278,0.0394716189992694,0.006280409830789492,0.5337827306531248,3.510093161722422
776.1394746425311,21613.333168722893,1426486.3994512658,4.428541681396391,1311.5839475752496,58333.35494777753,1225.26634111032,195.12029889328534,0.03969184113337869,0.006320816663054269,0.6016341980984447,3.5265034141544085
778.2835063404387,21644.368591779996,1429284.8366715114,4.415729839685822,1307.8824899651718,57715.29566063006,1218.7408009003263,194.24850534945756,0.039903236471035324,0.006359961065862844,0.664955183043382,3.542083727784759
780.4275380383463,21678.282332238385,1432075.3106072482,4.402871125791538,1304.1751991031274,57075.93480326822,1211.3132119891234,193.23295423362188,0.04010431630877731,0.006397581931050749,0.7230171501797991,3.556713066837188
782.5715697362538,21714.78396944972,1434857.8131518802,4.389983948073643,1300.466582901023,56419.16083978948,1203.0263345051023,192.07940239347818,0.040293612720607976,0.006433419476916533,0.7751134766994586,3.5702732648735704
784.7156014341614,21753.55191761852,1437632.3473682252,4.377087464267927,1296.761290521521,55749.03253089214,1193.9318128202297,190.79505977809742,0.0404696907070537,0.0064672177881033134,0.8205668868112623,3.582649988401486
786.8596331320689,21794.235440635493,1440398.9277446733,4.364201431677506,1293.064075852053,55069.72999488321,1184.0893525477236,189.3884859398701,0.04063116031365696,0.006498727412105065,0.8587364693409282,3.5937336770186716
789.0036648299764,21836.45695699445,1443157.5803234933,4.351346053407639,1289.3797604559206,54385.50662164694,1173.565779528665,187.8694657065417,0.0407766886120098,0.006527707978923041,0.8890241654379748,3.6034204523824833
791.147696527884,21879.814598428293,1445908.3427005564,4.338541822982092,1285.71319654274,53700.643047880454,1162.4340124362031,186.2488682804728,0.04090501144572028,0.006553930810058182,0.9108806322719556,3.6116129895596036
793.2917282257915,21923.884982999123,1448651.2638986255,4.325809369530347,1282.069230454497,53019.404260508905,1150.7719820687184,184.53849441856713,0.04101494485379586,0.006577181483314973,0.9238104098833618,3.618221345602177
795.435759923699,21968.226161736224,1451386.4041190739,4.3131693055245,1278.4526671040364,52346.00072079771,1138.6615303418694,182.750916521455,0.041105396094180666,0.006597262320729806,0.927376341029611,3.623163741447542
797.5797916216067,22012.38069751565,1454113.8343793228,4.300642078785669,1274.8682357333403,51684.554205613254,1126.1873205455715,180.89931642040264,0.041175374200030736,0.006613994768233971,0.9212032168974703,3.626367294394909
799.7238233195142,22055.878835647138,1456833.6360453772,4.288247830186707,1271.3205572831741,51039.068855908954,1113.4357878016933,178.99732541379552,0.041224000010307904,0.006627221637335781,0.9049806439695265,3.627768699431031
801.8678550174217,22098.241727465487,1459545.9002704918,4.276006258165161,1267.8141135871515,50413.407716671674,1100.4941550954616,177.05887070171846,0.041250515624114456,0.006636809181086235,0.8784651482822992,3.6273148585291213
804.0118867153293,22138.984670969134,1462250.727352231,4.263936490841761,1264.3532185253796,49811.27485658793,1087.4495360387846,175.09803183370707,0.041254293234736256,0.006642648978826088,0.8414815521057355,3.62496345771665
806.1559184132368,22177.620336040465,1464948.2260209387,4.25205696622739,1260.9419911984594,49236.20297716231,1074.388140944798,173.12891016173998,0.041234843304614854,0.00664465960666713,0.7939236742001361,3.6206834921972493
808.2999501111443,22213.661945842814,1467638.5126729603,4.240385320706053,1257.5843311140943,48691.54626538979,1061.3945981220184,171.1655136188098,0.041191822046578175,0.0066427880733256044,0.7357544179510273,3.6144557401313167
810.4439818090519,22246.626390438843,1470321.7105618576,4.228938285710828,1254.283895317632,48180.47811465013,1048.5513977738733,169.2216584613041,0.04112503817988345,0.006637011003808831,0.6670053217148182,3.6062731858504473
812.5880135069594,22276.037253344395,1472997.9489603913,4.217731592269935,1251.0440773456296,47705.993236438575,1035.9384617105604,167.31088895424327,0.041034458932304715,0.006627335556577204,0.5877756526652749,3.596141393330841
814.732045204867,22301.42773646553,1475667.3623052614,4.206779882894333,1247.8679878385517,47270.91361026901,1023.6328383915595,165.44641536924294,0.04092021526201953,0.006613800063191428,0.49823112949045134,3.5840788307134344
816.8760769027746,22322.343473530775,1478330.0893355578,4.19609663010802,1244.7584366149383,46877.89766847642,1011.7085197137011,163.64107012579757,0.0407826062758102,0.006596474383136768,0.3986023607380677,3.570117146567685
819.0201086006821,22338.345226613652,1480986.2722346357,4.18569406078686,1241.7179159844736,46529.452083377895,1000.2363734858193,161.90728144946695,0.040622102823465026,0.0065754599705138425,0.2891830848054355,3.5543013984845304
821.1641402985896,22349.011464557814,1483636.0557837689,4.175583085369622,1238.7485850605688,46227.94551230756,989.2841836895027,160.25706355156933,0.040439350252558244,0.006550889653606785,0.17032829492048418,3.5366902344813615
823.3081719964971,22353.94082600477,1486279.5865344815,4.165773230932905,1235.8522548234241,45975.62365690589,978.9167893816369,158.70202205359575,0.04023517031323882,0.006522927132974546,0.04245232837764977,3.517356027631602
825.4522036944047,22352.754473244353,1488917.0120049873,4.1562725770762325,1233.0303736809954,45774.625002055276,969.1963123852106,157.25337318030483,0.04001056220939551,0.0064917662086266545,-0.09397300582376743,3.4963849643103635
827.5962353923122,22345.098346239665,1491548.4799047029,4.147087693541091,1230.2840132768035,45626.9966124657,960.1824636574908,155.92197511918147,0.0397667028006102,0.006457629751984749,-0.23842019257616712,3.473877086484736
829.7402670902197,22330.64532891817,1494174.1373893747,4.13822357848416,1227.6138542990348,45534.70937681792,951.932918322335,154.7183698787096,0.03950494596856494,0.006420768443615509,-0.39030760727309693,3.4499462885732566
831.8842987881274,22309.097342177218,1496794.1303480093,4.129683596336932,1225.02017205401,45499.6720966089,944.5037497005104,153.65283395996354,0.03922682117180481,0.006381459303046374,-0.549000887455774,3.4247202695458823
834.0283304860349,22280.187380042647,1499408.6027215174,4.12146941420861,1222.5028215781126,45523.743816009664,937.9499131614915,152.73543617113992,0.038934031223657836,0.0063400040422225655,-0.7138140296936468,3.3983404411176847
836.1723621839424,22243.68150706406,1502017.6958517912,4.113580935824013,1220.0612220750995,45608.74377708061,932.3257711400506,151.97610094778983,0.038628449339231055,0.006296727279196602,-0.8840101678925412,3.3709617930820697
838.31639388185,22199.380836351316,1504621.5478588236,4.106016232032144,1217.6943404801095,45756.45835921001,927.6856511016098,151.38467557836523,0.03831211550822256,0.006251974653316984,-1.0588019950219558,3.342752717001712
840.4604255797575,22147.123508670746,1507220.2930424414,4.098771466973556,1215.4006739675717,45968.64432072714,924.0844284883137,150.9709997609461,0.037987232260211036,0.0062061108873536774,-1.237351795913294,3.31389478958945
842.604457277665,22086.786693735154,1509814.0613042444,4.091840819056371,1213.1782312378477,46247.02760301164,921.5781266168964,150.7449759188536,0.03765615989744995,0.006159517845519925,-1.418771064451832,3.284582517123318
844.7484889755726,22018.288635236604,1512402.9775843965,4.085216395963893,1211.0245124373769,46593.29688253704,920.2245250073222,150.7166386667856,0.03732141127630072,0.006112592639084418,-1.6021196844085022,3.2550230421005937
846.8925206734801,21941.590761264055,1514987.1613069791,4.078888143004506,1208.9364875902247,47009.090964420444,920.0837665642591,150.89622173139392,0.03698564622155036,0.006065745833084618,-1.786404659675377,3.2254358129912575
849.0365523713876,21856.699881478693,1517566.725826662,4.072843744221891,1206.9105734465124,47495.97900369391,921.218952266225,151.29422047707823,0.03665166565721669,0.006019399808431843,-1.9705783872347271,3.196052217344068
851.1805840692953,21763.67049171997,1520141.7778684308,4.067068515817456,1204.942608686952,48055.432420556004,923.6967093756472,151.92144795432498,0.036322405532275656,0.005973987333328682,-2.153536475383465,3.167115177567345
853.3246157672028,21662.607205484317,1522712.4169510042,4.061545291605904,1203.0278274647658,48688.787248241104,927.5877154853914,152.78908205837752,0.03600093060926367,0.00592995039629044,-2.334115121270658,3.1388787073879016
855.4686474651103,21553.66732981665,1525278.7347833302,4.056254300440418,1201.1608313193808,49397.19552447776,932.9671557646203,153.90870094323955,0.03569042816712593,0.005887739350061549,-2.5110880765600228,3.1116074252206234
857.6126791630179,21437.063600396883,1527840.8146221328,4.051173035819756,1199.3355595637768,50181.56422084919,939.9150843457835,155.2923032611162,0.03539420164620464,0.005847812411217173,-2.683163249048774,3.0855760183932808
859.7567108609254,21313.067086749474,1530398.7305768353,4.046276118242749,1197.5452583332985,51042.4801144289,948.5166526924688,156.9523090705688,0.035115664232101385,0.005810635554083462,-2.8489790125892083,3.061068649304611
861.9007425588329,21182.010273253272,1532952.5468462904,4.041535151326367,1195.7824485929393,51980.118964252586,958.8621578109559,158.90153635751398,0.03485833233556963,0.0057766828296032,-3.0071003290854144,3.038378291096245
864.0447742567405,21044.290314611597,1535502.316869567,4.036918573275737,1194.0388935381793,52994.137390178345,971.0468511861422,161.1531470238474,0.034625818877153235,0.005746437129696568,-3.1560148262568197,3.017805976271605
866.188805954648,20900.37245521667,1538048.0823705508,4.032391506015428,1192.3055659979195,54083.546000623144,985.1704353769552,163.72055491440636,0.03442182622990993,0.005720391405545772,-3.294129024969908,2.99965993709064
868.3328376525556,20750.793589892386,1540589.8722733518,4.027915605191148,1190.5726166638044,55246.56262559661,1001.3361601541862,166.6172870676636,0.03425013863423053,0.0056990503369499295,-3.41976497190138,2.9842546134993744
870.4768693504632,20596.165928258928,1543127.701462508,4.0234489153550586,1188.8293442339059,56480.44503963516,1019.6494210781547,169.85678884723225,0.03411461409473097,0.005682932469835025,-3.531157608034248,2.9719095214204745
872.6209010483707,20437.180705974286,1545661.5693588648,4.018945735918784,1187.0641688575768,57781.30337001092,1040.2158269552092,173.45217320245723,0.03401917829083215,0.005672573183565654,-3.626453285701515,2.9629481881837347
874.7649327462782,20274.61186446063,1548191.4582788285,4.014356504234824,1185.264610409993,59143.893517936114,1063.139490825772,177.41602558347765,0.033967848140393456,0.005668532367291533,-3.7037098734294887,2.9576994841595035
876.9089644441858,20109.319613023647,1550717.3315403766,4.009627695624523,1183.4172711413419,60561.39407342908,1088.5303846287325,181.76151363022393,0.03396506018529907,0.005671445498443516,-3.7608982268130373,2.956524577930716
879.0529961420933,19942.251497199646,1553239.131420765,4.004168938599128,1181.508100637201,62008.61490541488,1116.2527686781445,186.47157733671568,0.034017172673316366,0.005682616001427993,-3.7960080327336048,2.9598361972400022
881.1970278400008,19774.438595766176,1555756.7771092043,3.9974403730817056,1179.5227062179326,63457.594987070865,1146.1101109873066,191.52033025874442,0.03412953972485991,0.00570320482911829,-3.8071558184858656,2.9679640735608412
883.3410595379084,19606.995323926236,1558270.1621639796,3.990401230597359,1177.4456700103383,64926.174042360704,1178.5997801454694,196.96715839791742,0.034303168778300065,0.0057327328514111785,-3.7923090834074356,2.981164945404373
885.485091235816,19441.126893706667,1560779.1511149285,3.982994938100091,1175.2602990343894,66399.59023365803,1213.737051459473,202.8125236420393,0.03454195439837518,0.005771876976680255,-3.7492090846119224,2.999730552690927
887.6291229337235,19278.13349666302,1563283.5757045634,3.9751623049517453,1172.9491279384647,67860.63822235767,1251.4978236225536,209.05206579844534,0.03484976507826169,0.0058213568131608474,-3.675584453021161,3.0239417311997676
889.7731546316311,19119.408749816193,1565783.2309226175,3.9668418431055374,1170.4940134757426,69289.586169686,1291.8058660570966,215.67506790979473,0.035230351869650595,0.005881927564831958,-3.569184099637046,3.054059470683212
891.9171863295386,18966.43615905933,1568277.8706691444,3.9579702261840497,1167.8762699641127,70664.17666381384,1334.5204261640295,222.66295380443302,0.03568729396719305,0.005954377416959546,-3.4278208798507124,3.0903191220915494
894.0612180274461,18820.783107031417,1570767.203113172,3.9484828967635006,1165.0768484772375,71959.73824969256,1379.4233274746755,229.98766030871653,0.036223940108976053,0.006039523231840824,-3.2494256834575594,3.132924335354806
896.2052497253537,18684.091881309163,1573250.8858616722,3.9383148404819166,1162.0765652602588,73149.43512392286,1426.206105454278,237.6099163195199,0.03684334141184286,0.0061382034730604615,-3.0321124085998075,3.182040431279026
898.3492814232612,18558.067266099246,1575728.5211157934,3.9274015434805847,1158.8563842415617,74204.68088081517,1474.4581253338422,245.4775103237612,0.03754817534967457,0.006251267800468188,-2.7742538402708323,3.237787271458086
900.4933131211687,18444.46026255435,1578199.6510651933,3.915680143872193,1155.3977567958962,75095.73700883392,1523.6569254307858,253.52366868775974,0.03834066154190146,0.006379562887012988,-2.474567683786181,3.3002317847038496
902.6373448190762,18345.04759327243,1580663.7538532438,3.903090778666201,1151.6830191809634,75792.50728201128,1573.1622864683527,261.66571003072204,0.03922247079869205,0.006523914130778701,-2.132210988562001,3.3693803845618704
904.7813765169839,18261.60679585299,1583120.2405291456,3.889578114566055,1147.6958442289751,76265.52474932132,1622.2156956720194,269.80418243101167,0.04019462972578899,0.006685103121746839,-1.7468799731786222,3.445171589219008
906.9254082148914,18195.886925252842,1585568.4534773058,3.8750930342954026,1143.4217389300754,76487.10881102746,1669.9468860031193,277.8227221968532,0.041257424086663004,0.006863840980009065,-1.318910901411906,3.5274692264749237
909.0694399127989,18149.575165457427,1588007.66686575,3.859594430228073,1138.848573677831,76432.64693611076,1715.388914397226,285.58888487072323,0.042410304950980596,0.007060738003098201,-0.8493762869175927,3.616056661301554
911.2134716107065,18124.25998871859,1590437.0896673985,3.8430510355118734,1133.9671225780012,76081.9311282208,1757.5027406397908,292.9561791080512,0.043651802289132034,0.007276270422855165,-0.3401695037268539,3.710632508465619
913.357503308614,18121.391874612684,1592855.8717637311,3.825443201917449,1128.7715880375024,75420.45667633867,1795.2114583367832,299.76747133533706,0.04497945094626758,0.007510745438705291,0.20592992287305384,3.810808274173581
915.5015350065215,18142.24297800399,1595263.113525658,3.806764516462225,1123.260077780814,74440.57429831038,1827.443247071091,305.85981770554156,0.04638973369670593,0.007764266011885142,0.7852182328518225,3.9161082978582633
917.6455667044291,18187.867469923982,1597657.8790743544,3.7870231390920805,1117.4349995590342,73142.3809692844,1853.1808696416792,311.0706227230543,0.047878045235040974,0.00803669711359932,1.3930637525295626,4.0259722333609185
919.7895984023367,18259.064516996757,1600039.2131598797,3.7662427448530575,1111.3033391560068,71534.2431780629,1871.5143130401627,315.2448358957215,0.049438679481735325,0.008327635162353346,2.0239431473488927,4.139760122594085
921.9336301002442,18356.34596312393,1602406.161276394,3.7444629685914683,1104.8767916057589,69632.87076513527,1881.6921994222453,318.2427063625602,0.05106484056230879,0.008636382223145476,2.6715204988221517,4.256759890387955
924.0776617981518,18479.91069268214,1604757.7922932352,3.7217392789929287,1098.1717240252603,67462.89865095481,1883.1671095499482,319.94745732884263,0.05274867548216911,0.00896192616810178,3.328768692325066,4.37619685364821
926.2216934960593,18629.627369877537,1607093.222565824,3.6981422499506498,1091.2089606174363,65055.983179801384,1875.6301423410519,320.2721556045303,0.054481324196537353,0.009302927451803285,3.988128797686761,4.497244625830635
928.3657251939668,18805.02677544494,1609411.6402482865,3.6737562464756177,1084.0133949233482,62449.472243560165,1859.0309385783669,319.1650662631803,0.05625298088490926,0.009657712520569024,4.641699426599613,4.619036647049461
930.5097568918744,19005.304341927465,1611712.3284040943,3.6486775931748547,1076.6134493960024,59684.75520475358,1833.5809369785752,316.6129108224299,0.058052959431056865,0.010024273320386357,5.281445010503056,4.740677530733155
932.6537885897819,19229.33279112181,1613994.6855296686,3.6230123382690564,1069.0404156301672,56805.43188976585,1799.7396290552003,312.64168871860653,0.05986975894169331,0.010400272481932881,5.899410048940566,4.861253671363992
934.7978202876894,19475.684087179914,1616258.242273091,3.596873757557156,1061.3277178584608,53855.454053662055,1758.1861557582495,307.3151341384354,0.06169114916862903,0.010783058278453573,6.487926003805716,4.979844352317493
936.941851985597,19742.659331966534,1618502.673421342,3.5703797492314657,1053.5101442407743,50877.38581891544,1709.7844422024245,300.7320566989438,0.0635044660346454,0.011169728890249255,7.0397992167826136,5.095546771573243
939.0858836835046,20028.3234104527,1620727.805007092,3.543419340700499,1045.623292440595,47904.68517313592,1655.3610393383149,292.99450717189325,0.06529838423031402,0.0115576405702585,7.548396907544715,5.207458544805447
941.2299153814121,20330.530670035816,1622933.6200289333,3.514134811836718,1037.7046581424686,44925.271439479766,1594.6510114547384,284.0486062095435,0.06707530233106279,0.011947846896507556,8.00714634994265,5.314506456555609
943.3739470793197,20646.956340143577,1625120.258769769,3.4847959039873913,1029.791099162423,42032.718563267765,1530.3164792697019,274.28024720755025,0.06879889628615146,0.012330899220256365,8.410409823380888,5.415532399316278
945.5179787772272,20975.15512798058,1627288.006635549,3.455539665748999,1021.9164589159766,39252.94558455122,1463.4650561191397,263.8609421776175,0.07045272584149656,0.012702539457153451,8.754173784769263,5.509596355573249
947.6620104751347,21312.61602761322,1629437.277782846,3.4264968394751887,1014.1128971581359,36605.986217260885,1395.1389519159995,252.96058439667326,0.07201998861996725,0.013058354068982786,9.035340666048246,5.595790604258886
949.8060421730423,21656.80004619741,1631568.5996172568,3.397790670645535,1006.4106316365118,34106.273070313975,1326.2776453157323,241.73970660149658,0.07348316958396929,0.013393726357461088,9.251696665409275,5.673211748446288
951.9500738709498,22005.17340390137,1633682.5957538038,3.3695362820624455,998.8378248438656,31763.14474086306,1257.6994534559549,230.34498219375428,0.07482402639807378,0.013703861428077573,9.401846174635578,5.740955595320972
954.0941055688573,22355.235558383825,1635779.9684726892,3.3418404512969384,991.4205685690578,29581.492934298112,1190.0938704692792,218.90651099383763,0.07602366910164815,0.013983834862899927,9.485128697814798,5.798117179219738
956.238137266765,22704.541946489768,1637861.4814903755,3.314801697861129,984.1829404010402,27562.47688863366,1124.0220241729282,207.5365378145543,0.07706270943959992,0.014228660620303826,9.501526856727816,5.843793915577548
958.3821689646725,23050.72165084201,1639927.9436709373,3.2885105968709842,977.1471100341164,25704.246391352553,1059.9231894489062,196.3293401889666,0.07792148388844848,0.014433379390744747,9.451572038180197,5.877091944933097
960.52620066258,23391.490408033296,1641980.194111632,3.263050243879451,970.3334758432698,24002.63015981952,998.1254433434565,185.36201053092762,0.07858035544694113,0.014593168394834535,9.336252740394759,5.897135859442951
962.6702323604876,23724.659501825434,1644019.0888625158,3.2384968063359834,963.7608154027001,22451.761138975446,938.8587670900303,174.69586259702504,0.07902009526128645,0.014703472117490244,9.156929252654773,5.9030818350019585
964.8142640583951,24048.141144280096,1646045.4893930098,3.214920109615012,957.446437152124,21044.622984352052,882.2691983208734,164.3782182693107,0.07922233956933698,0.014760151493804937,8.915256999973487,5.894133965202047
966.9582957563026,24359.950955525048,1648060.2528033366,3.192384218208338,951.4063238874542,19773.512024590626,828.4329617844396,154.444370183844,0.07917011102707602,0.014759646826007576,8.61311977113761,5.869563354052153
969.1023274542102,24658.208123820412,1650064.2236958174,3.1709479843813075,945.6552618918568,18630.416269804962,777.3698174046295,144.91956041839669,0.07884838670359758,0.01469914741343425,8.252573157339425,5.82872929008724
971.2463591521177,24941.13377482961,1652058.2275670765,3.150665546708129,940.2069521808506,17607.317830325297,729.0551355536252,135.8208594118541,0.07824468847116614,0.014576758758439464,7.835797861073387,5.771101611216928
973.3903908500253,25207.048013120064,1654043.0655524724,3.1315867691576305,935.074102458123,16696.42788532263,683.4304299777252,127.1588689085432,0.07734966586636005,0.014391656547017765,7.365062071482445,5.696283195108175
975.5344225479329,25454.366027911714,1656019.510343231,3.1137576177826283,930.2684999784358,15890.36458796279,640.4122476143376,118.93920621678065,0.07615763750101695,0.014144215675855054,6.842691812607457,5.6040313921094445
977.6784542458404,25681.59358457597,1657988.303099507,3.097220476715005,925.8010666392281,15182.284475426028,599.8994360059826,111.16375391231001,0.07466705545068168,0.013836102652034513,6.271048021325487,5.49427717249993
979.8224859437479,25887.32215702098,1659950.1511943021,3.082014408306157,921.6818983401803,14565.977458238802,561.7788903020718,103.83167953499942,0.07288085826568165,0.013470320886583986,5.652509069637048,5.3671407979485055
981.9665176416554,26070.22389601986,1661905.7266399448,3.0681753641310823,917.9202910324093,14035.934599047701,525.9299307863389,96.94024445080609,0.07080668257680243,0.013051200770192322,4.989457482409071,5.222942951963855
984.110549339563,26229.046575782413,1663855.6650676525,3.0557363544460254,914.5247559964922,13587.39688059188,492.2274858556108,90.48543067757836,0.06845691058691777,0.012584329837953767,4.284269692141876,5.06221047076275
986.2545810374705,26362.608615906196,1665800.56514933,3.0447275837897134,911.503026805783,13216.39216218425,460.54426077953656,84.46241994169802,0.06584854055371257,0.012076422525343362,3.539307796619962,4.885676090895188
988.398612735378,26469.79423803485,1667740.9883676926,3.0351765599562777,908.8620602055437,12919.766636445902,430.75206462028024,78.86596136770875,0.06300287883678495,0.011535133587290951,2.7569124271455006,4.69427195259526
990.5426444332857,26549.54878554351,1669677.4590550927,3.027108182724196,906.608032817987,12695.21638839712,402.72245053336326,73.69066379607645,0.05994506412159714,0.010968823716106446,1.939395981467456,4.489116942944574
992.6866761311932,26600.874209616268,1671610.4646326194,3.0205448176486,904.7463352084184,12541.324167945977,376.3268015194441,68.93124652697276,0.056703445858164156,0.010386289760911473,1.0890356162888357,4.271498303569156
994.8307078291007,26622.824705320934,1673540.4559889499,3.015506359030676,903.281564449446,12457.606241837375,351.435966981821,64.58277900707988,0.05330884863792684,0.009796474789625588,0.20806552143540583,4.042848238021875
996.9747395270083,26614.50246580932,1675467.8479431632,3.0120102849524812,902.21751592095,12444.574216000081,327.91952693646056,60.640936264062375,0.04979376126041053,0.009208174734667679,-0.70133189459924,3.804716512340048
999.1187712249158,26575.053510638678,1677393.0197374462,3.010071706062109,901.557174696754,12503.817041815022,305.6447316152377,57.1022933354294,0.04619149301761026,0.008629758379782661,-1.637036194350606,3.5587402323086934
1001.2628029228233,26503.66353448203,1679316.3155045472,3.009703408637517,901.3027065000146,12638.109079299724,284.4751351757698,53.96467904640831,0.04253534003922697,0.00806891601239051,-2.597000706338891,3.3066120931994076
1003.4068346207309,26399.55371423786,1681238.0446511297,3.0109158913455656,901.4554478558266,12851.551144332556,264.2689134771231,51.22760770087556,0.038857801574389526,0.00753244938642248,-3.579266127899035,3.0500484295599724
1005.5508663186384,26261.97640484314,1683158.4820918832,3.013717394019487,902.0158947220306,13149.753000533501,244.87682713555753,48.89280693013802,0.03518988034982723,0.007026112049738043,-4.581976141841313,2.7907583477177758
1007.694898016546,26090.210646027477,1685077.8682602725,3.018113915654596,902.9836885217497,13540.067891560651,226.1397616346569,46.96486142301158,0.03156049339824673,0.006554505002464682,-5.603395288338534,2.530415111081137
1009.8389297144536,25883.55739291454,1686996.4088097753,3.024109217598388,904.3575981116138,14031.892620504295,207.88574499906855,45.45199585598667,0.02799601087986627,0.0061210285029478124,-6.641929402606019,2.270630781182283
1011.9829614123611,25641.334371864363,1688914.2739037685,3.0317048064943446,906.1354957690837,14637.050615844128,189.92630889716074,44.36702641328696,0.02451993132121133,0.0057278870257475335,-7.696149034230963,2.0129349114536814
1014.1269931102686,25362.87044831447,1690831.5969719659,3.040899889808955,908.3143247341313,15370.280724842563,172.05201903457217,43.72851929389632,0.02115269317306991,0.0053761412201189665,-8.764816409091189,1.7587578630034315
1016.2710248081762,25047.499374627776,1692748.4727850552,3.0516912945735504,910.8900551479046,16249.861634322046,154.0269529217032,43.56220718542901,0.01791161528184674,0.005065798427695572,-9.846916685192063,1.5094190792758369
1018.4150565060837,24694.552762033127,1694664.954665109,3.0640733371027333,913.8576243330525,17298.411527871387,135.58184469681916,43.90273175985123,0.014810953205139157,0.004795931985782963,-10.941694497391175,1.2661204356539286
1020.5590882039912,24303.352090510252,1696581.0506048875,3.0780376276351338,917.2108561761851,18543.9158332358,116.40554443826946,44.79580313751148,0.011862054496971867,0.004564819146862659,-12.048697093877882,1.0299445853361662
1022.7031199018988,23873.19953271728,1698496.7180108503,3.0935727887035247,920.942352792604,20021.054106667987,96.1343499005713,46.30089788251339,0.009073594160866597,0.0043700878729004385,-13.167825754110638,0.8018580667593695
1024.8471515998062,23403.367321563437,1700411.8567080116,3.1106640590527936,925.0433495248493,21772.922283044034,74.3386588700762,48.49465818001174,0.0064518712967683535,0.004208863839002557,-14.299397662539896,0.5827188316387161
1026.9911832977139,22893.085334708652,1702326.2997434924,3.1292927453359294,929.5035214357187,23853.281663872895,50.50625966635093,51.47521035772506,0.004001149389576253,0.004077910497861293,-15.444221017877803,0.3732878109345313
1029.1352149956215,22341.526502518333,1704239.8013915115,3.1494354705469356,934.3107254976414,26329.515486461332,24.02143489319852,55.36769656803644,0.0017240258550002294,0.003973756806764683,-16.60368690927675,0.17424420375739305
1031.2792466935289,21747.78956947535,1706152.0215846312,3.1710631496042008,939.450657210098,29286.54418631568,-5.861041107956427,60.33141747210365,-0.00037817632352125805,0.00389280901330883,-17.779882406356105,-0.013795410033100454
1033.4232783914365,21110.878656952926,1708062.5057600504,3.1941395962789567,944.9063927359981,32832.05119280407,-40.04759739039918,66.56912618347587,-0.002304974610378494,0.0038314444732402125,-18.975730344809623,-0.1902517648362099
1035.5673100893441,20429.679005171707,1709970.658800234,3.2186196279706953,950.6577768187047,37103.51677505502,-79.64028009189806,74.33918103229323,-0.0040560696082977635,0.0037860852892894928,-20.195161975220515,-0.3545344426497919
1037.7113417872515,19702.927781189155,1711875.7116284375,3.2422226809281445,956.6810043050915,42218.47990022238,-125.99045552054763,83.9267459169352,-0.005639268200565457,0.003756518122510653,-21.44334745061475,-0.5060390882426061
1039.8553734851591,18929.180735403384,1713776.6795574056,3.2634624009776148,962.9481977423632,48323.99792669875,-180.5729992823313,95.67619304797691,-0.007061185986158225,0.0037413533376772596,-22.726851917043206,-0.6442050819578437
1041.9994051830668,18106.77706321753,1715672.3098358642,3.2854138159907915,969.4253906521087,55757.93349371273,-245.2181917814382,110.14023745361523,-0.008310625498114819,0.0037327339342191567,-24.05381345975685,-0.7684445728490482
1044.1434368809741,17233.80013196449,1717561.0131805658,3.3079334983778095,976.0702619280312,64867.08081355226,-322.1911875916474,127.96306140746823,-0.009385923272518339,0.0037277601695589824,-25.434370028210886,-0.878037171945538
1046.2874685788818,16308.032119571782,1719440.7752378986,3.3308429677188673,982.8301474430588,76105.97225246155,-414.1762179105827,149.97254453297577,-0.010283811690146862,0.0037237517268609924,-26.88108711418288,-0.9721118298187469
1048.4315002767894,15326.905860180272,1721309.0436876942,3.353917484904594,989.6387335420175,90075.3357549802,-524.2832571033314,177.23871782232771,-0.01099886306592898,0.003718265576664019,-28.4094070733952,-1.0495933931040733
1050.5755319746968,14287.459187971686,1723162.5847269215,3.3768706154552355,996.4115021480428,107575.82288986594,-655.9674697061168,211.15339598531102,-0.011522728306525,0.003709121755731079,-30.03811574882127,-1.10912898171308
1052.7195636726044,13186.301166831901,1724997.3028690177,3.399332769473117,1003.039398557222,129683.30893343146,-812.7477958290374,253.5392168441607,-0.011842936840169101,0.0036944411870456113,-31.789740355268602,-1.148972427239808
1054.863595370512,12019.608210697352,1726808.0202062642,3.420821101425501,1009.3799497827666,157854.28621822476,-997.1566436119176,306.7858182794018,-0.011936986544310831,0.003672540526352703,-33.690672484485795,-1.1664102955722786
1057.0076270684194,10783.212448415545,1728588.251022868,3.429589973910334,1015.2530247365323,192798.82827925996,-1205.0986732606125,373.10616044129637,-0.011811523385173116,0.003656922239637621,-35.768348961550274,-1.1574458398970173
1059.151658766327,9473.003747216138,1730330.2182422958,3.3818570117030604,1020.4850716720231,229287.93350845575,-1410.7623989923823,449.803290130003,-0.01162680454517996,0.0037070558031995424,-38.03514274832823,-1.121167529240192
1061.2956904642347,8085.531896047484,1732025.0716333156,3.3307614375031864,1024.8743988291537,273056.3724371895,-1614.6743676502567,542.4382210738427,-0.011174300101094912,0.00375392561498573,-40.49229338567822,-1.0574232228788991
1063.439722162142,6618.522973296584,1733663.019257284,3.2757190761317583,1028.1334599584304,325345.65217846766,-1794.4871442426988,654.3425131359967,-0.010422767258925512,0.0038005620402006687,-43.13540587044598,-0.9638165026265112
1065.5837538600497,5071.5840267718195,1735233.7014406126,3.216049229520386,1029.8997953796538,387381.4879287333,-1912.686192730473,789.669851977569,-0.009330234429025877,0.003852071954347568,-45.936802029136565,-0.8373606845820584
1067.7277855579573,3447.281609957392,1736727.1984401036,3.1509492215989985,1029.7149442289885,460166.24440190993,-1908.8673447152528,953.7343012486357,-0.007838783805822862,0.003916519928104698,-48.82990145494335,-0.6742221006690228
1069.8718172558647,1752.5020682077309,1738135.8616209482,3.0794517200787914,1026.9966660754153,544117.5189122886,-1696.4167954649079,1153.6539961024127,-0.005891522633896324,0.004006549951575803,-51.68544096091866,-0.47158377383007927
1072.0158489537723,1.3963772846250423e-17,1739457.1933634544,3.0003478576689635,1021.0003379517041,638495.5446314716,-2106.826170168919,1398.4668097575504,-0.00623531687866479,0.004138871932863176,-54.284042295872496,-0.47158377383007927
